id	tier	area	julia_or_c_item	rust_entry	state	evidence	tests	result	command	owner	note
F001	scenario-family	parsing	Namelist / indexed-definition closure and C definition order	mvmc_expert_parsers::parse_expert_mode_files	Implemented	C fixture	c_definition_order::every_namelist_permutation_preserves_c_ap_parallel_layout_and_boundary_signs; issue184_original_heisenberg_public_loader::original_heisenberg_namelist_exercises_public_loader_conditions; issue184_original_heisenberg_public_loader::original_fixture_preflight_rejects_each_missing_reference_and_tampering; issue184_original_heisenberg_public_loader::public_loader_missing_optional_overlay_is_not_fixture_integrity_success; (+5 more)	PASS 9/9	cargo nextest run -p mvmc-expert-parsers --cargo-profile test-fast --test c_definition_order -E 'test(every_namelist_permutation_preserves_c_ap_parallel_layout_and_boundary_signs)'	#184/#344	Layout of AP/Parallel/DH/RBM blocks is C's, independent of keyword order.
F002	scenario-family	parsing	ModPara reader: C keyword set, defaults, unknown-keyword error	mvmc_expert_parsers::parse_modpara*	Implemented	C fixture	issue344_c_modpara_reader::c_defaults_apply_to_absent_keys; issue344_c_modpara_reader::rust_only_keywords_are_rejected_naming_the_keyword; issue344_c_modpara_reader::in_memory_parser_agrees_with_file_parser; issue344_c_modpara_reader::modpara_reader_matches_c_oracle_for_accepted_and_rejected_inputs; (+5 more)	PASS 9/9	cargo nextest run -p mvmc-expert-parsers --cargo-profile test-fast --test issue344_c_modpara_reader -E 'test(c_defaults_apply_to_absent_keys)'	#344	Julia `=` syntax and Rust-only keys are rejected as C does.
F003	scenario-family	parsing	Duplicate namelist keyword policy (case-insensitive)	mvmc_expert_parsers namelist loaders	Implemented	C fixture	issue184_namelist_duplicate_policy::case_insensitive_overlay_dispatch_uses_the_same_canonical_identity; issue184_namelist_duplicate_policy::every_public_loader_rejects_same_and_mixed_case_c_keyword_slots; issue184_namelist_duplicate_policy::overlay_reader_rejects_mixed_case_duplicates_before_changing_parameters; issue184_namelist_duplicate_policy::distinct_keywords_parse_case_insensitively_and_preserve_raw_metadata; (+2 more)	PASS 6/6	cargo nextest run -p mvmc-expert-parsers --cargo-profile test-fast --test issue184_namelist_duplicate_policy -E 'test(case_insensitive_overlay_dispatch_uses_the_same_canonical_identity)'	#184	
F004	scenario-family	parsing	Transfer / Coulomb / Hund / Exchange definition boundaries	parse_transfer*, parse_coulomb_*, parse_hund, parse_exchange	Implemented	C fixture + Julia fixture	issue184_transfer_definition_boundary::headerless_julia_helper_remains_distinct_from_c_definition_validation; issue184_transfer_definition_boundary::public_loader_routes_transfer_definition_errors_instead_of_silent_success; issue184_transfer_definition_boundary::transfer_definition_preserves_original_complex_and_spin_coordinates; issue184_transfer_definition_boundary::public_loader_missing_transfer_is_required_not_an_incomplete_success; (+23 more)	PASS 27/27	cargo nextest run -p mvmc-expert-parsers --cargo-profile test-fast --test issue184_transfer_definition_boundary -E 'test(headerless_julia_helper_remains_distinct_from_c_definition_validation)'	#257/#259/#262	
F005	scenario-family	parsing	PairHop definition and directed expansion	parse_pair_hop*	Implemented	C fixture	issue184_pairhop_definition_boundary::pairhop_diagonal_and_duplicate_rows_expand_without_deduplication; issue184_pairhop_definition_boundary::pairhop_invalid_rows_and_input_count_mismatch_return_no_partial_payload; issue184_pairhop_definition_boundary::pairhop_hex_and_signed_zero_are_preserved_in_both_directions; issue184_pairhop_definition_boundary::pairhop_native_expansion_preserves_forward_reverse_order_and_sign; (+6 more)	PASS 10/10	cargo nextest run -p mvmc-expert-parsers --cargo-profile test-fast --test issue184_pairhop_definition_boundary -E 'test(pairhop_diagonal_and_duplicate_rows_expand_without_deduplication)'	#264	
F006	scenario-family	parsing	LocSpin definition boundary	parse_loc_spin*	Implemented	unit test (no external reference)	issue184_locspin_definition_boundary::locspin_complete_permuted_table_is_site_indexed_not_input_order; issue184_locspin_definition_boundary::locspin_complete_negative_and_nonbinary_scalars_are_not_normalized; issue184_locspin_definition_boundary::locspin_bounds_overflow_missing_header_reject_before_partial_publication; issue184_locspin_definition_boundary::locspin_decimal_prefix_and_defined_stale_scalar_site_are_preserved; (+5 more)	PASS 9/9	cargo nextest run -p mvmc-expert-parsers --cargo-profile test-fast --test issue184_locspin_definition_boundary -E 'test(locspin_complete_permuted_table_is_site_indexed_not_input_order)'	#267	
F007	scenario-family	parsing	TransSym / QPTrans file boundary, weights, inverse	parse_qp_trans*, qp_weight	Implemented	C fixture	issue184_qptrans_definition_boundary::public_qptrans_aliases_preserve_raw_signs_and_effective_ap_lifecycle; issue184_qptrans_definition_boundary::public_qptrans_aliases_accept_short_zero_as_empty_parsed_sections; issue184_qptrans_definition_boundary::public_qptrans_missing_or_invalid_section_never_returns_partial_model; issue184_qptrans_definition_boundary::public_qptrans_aliases_reject_malformed_count_and_positive_short_header; (+16 more)	PASS 20/20	cargo nextest run -p mvmc-expert-parsers --cargo-profile test-fast --test issue184_qptrans_definition_boundary -E 'test(public_qptrans_aliases_preserve_raw_signs_and_effective_ap_lifecycle)'	#269/#272	
F008	scenario-family	parsing	Green one-body/two-body direct readers and public bounds	parse_green_*	Implemented	C fixture + same-impl repeatability	issue308_green_direct_readers::direct_green_missing_file_preserves_io_kind; issue308_green_direct_readers::direct_green_invalid_definitions_fail_instead_of_dropping_rows; issue308_green_direct_readers::direct_green_zero_count_ignores_body; issue308_green_direct_readers::direct_green_readers_preserve_declared_duplicate_order; (+16 more)	PASS 20/20	cargo nextest run -p mvmc-expert-parsers --cargo-profile test-fast --test issue308_green_direct_readers -E 'test(direct_green_missing_file_preserves_io_kind)'	#308	
F009	scenario-family	parsing	Gutzwiller / Jastrow index files	parse_gutzwiller*, parse_jastrow*	Implemented	C fixture	c_gutzwiller_contracts::accepted_c_gutzwiller_rows_preserve_declared_slots_maps_and_raw_component_flags; c_gutzwiller_contracts::original_julia_bare_gutzwiller_values_are_not_indexed_definitions; c_gutzwiller_contracts::unsafe_gutzwiller_indices_and_malformed_scans_have_bounded_diagnostics; c_gutzwiller_contracts::complete_gutzwiller_contract_is_enforced_by_namelist_loading; (+6 more)	PASS 10/10	cargo nextest run -p mvmc-expert-parsers --cargo-profile test-fast --test c_gutzwiller_contracts -E 'test(accepted_c_gutzwiller_rows_preserve_declared_slots_maps_and_raw_component_flags)'	#184	
F010	scenario-family	parsing	Orbital families (AP, Parallel, General) and declared widths	parse_orbital*	Implemented	C fixture	c_orbital_contracts::orbital_headers_mapping_rows_and_flag_fields_match_c_acceptance; c_general_orbital::malformed_general_fields_and_unsafe_indices_return_bounded_errors; c_general_orbital::complete_six_column_general_rows_flags_and_matrices_match_c; orbital_layout::empty_positive_width_ap_is_rejected_instead_of_reserving_a_valid_definition; (+5 more)	PASS 9/9	cargo nextest run -p mvmc-expert-parsers --cargo-profile test-fast --test c_orbital_contracts -E 'test(orbital_headers_mapping_rows_and_flag_fields_match_c_acceptance)'	#184	
F011	scenario-family	parsing	Manual orbital mode and orbital flag refresh	apply_orbital_opt_flags_from_files, manual orbital mode	Implemented	C fixture + same-impl repeatability	issue184_manual_orbital_mode::nonbinary_annotations_are_not_new_mandatory_errors_or_metadata_repairs; issue184_manual_orbital_mode::all_eight_binary_cases_separate_original_manual_update_from_c_admission; issue184_manual_orbital_mode::repeated_inferred_general_call_retains_original_conflict_observation; issue184_orbital_flag_refresh::contradictory_families_missing_binding_and_unsupported_files_remain_rejected; (+8 more)	PASS 12/12	cargo nextest run -p mvmc-expert-parsers --cargo-profile test-fast --test issue184_manual_orbital_mode -E 'test(nonbinary_annotations_are_not_new_mandatory_errors_or_metadata_repairs)'	#335/#336	
F012	scenario-family	parsing	DH2 / DH4 tables, signed headers, public boundary	parse_doublon_holon_*	Implemented	C fixture + Julia fixture	dh2::c_reads_modpara_before_a_dh2_definition_listed_first; dh2::combined_validation_reports_dh_table_shapes_and_neighbors_in_source_order; dh2::dh2_reserves_six_dense_parameters_per_index_before_orbital_flags; dh2::historical_julia_diagnostics_except_c_integer_flag_extensions; (+18 more)	PASS 22/22	cargo nextest run -p mvmc-expert-parsers --cargo-profile test-fast --test dh2 -E 'test(c_reads_modpara_before_a_dh2_definition_listed_first)'	#283	
F013	scenario-family	parsing	RBM nine-section layout, flags, validation diagnostics	parse_rbm*, validate_general_rbm*	Implemented	C fixture + Julia fixture	rbm::all_nine_rbm_sections_keep_raw_flags_at_historical_mapped_widths; rbm::rbm_layout_and_values_match_julia_with_full_declared_slater_rng_from_c; c_rbm_contracts::final_rbm_coordinate_assignments_match_all_nine_native_c_arrays; c_rbm_contracts::rbm_unsafe_dimensions_indices_and_scans_receive_bounded_rust_diagnostics; (+18 more)	PASS 22/22	cargo nextest run -p mvmc-expert-parsers --cargo-profile test-fast --test rbm -E 'test(all_nine_rbm_sections_keep_raw_flags_at_historical_mapped_widths)'	#323/#325	
F014	scenario-family	parsing	InterAll reader (listed for completeness; implementation owned elsewhere)	parse_inter_all*	Implemented	C fixture + same-impl repeatability	c_interall_reader::generic_loader_rejects_duplicate_keyword_and_reports_single_entry_errors; c_interall_reader::unsafe_interall_indices_and_dimensions_have_bounded_rust_errors; c_interall_reader::interall_headers_counts_sites_spins_and_scan_values_match_native_c; interall::complex_hamiltonian_coefficients_leave_initialization_mode_values_and_rng_unchanged; (+2 more)	PASS 6/6	cargo nextest run -p mvmc-expert-parsers --cargo-profile test-fast --test c_interall_reader -E 'test(generic_loader_rejects_duplicate_keyword_and_reports_single_entry_errors)'	InterAll owner (outside #184)	InterAll work is excluded from #184; reader controls exist.
F015	scenario-family	parsing	Public file metadata / regular-file predicate / complex utilities	file_modification_time, parse_complex_*	Implemented	unit test (no external reference)	issue255_file_metadata::controlled_modification_time_is_reported_without_content_reads; issue255_file_metadata::metadata_identity_preserves_non_utf8_filename; issue255_file_metadata::metadata_errors_propagate_while_predicate_is_false; issue255_file_metadata::original_m0416_m0420_file_metadata_and_existence; (+12 more)	PASS 16/16	cargo nextest run -p mvmc-expert-parsers --cargo-profile test-fast --test issue255_file_metadata -E 'test(controlled_modification_time_is_reported_without_content_reads)'	#255/#246/#248/#313	
F016	scenario-family	parsing	Public parsing context and typed single-family loading	ParsingContext, load_*_definition	Implemented	C fixture	issue330_parsing_context::a_new_parse_resets_observations_not_caller_filename; issue330_parsing_context::malformed_coefficient_keeps_original_safe_zero_without_new_fatal_rule; issue330_parsing_context::file_payload_returns_path_context_and_io_failure_is_not_hidden; issue330_parsing_context::empty_and_terminal_newline_follow_original_split_line_accounting; (+10 more)	PASS 14/14	cargo nextest run -p mvmc-expert-parsers --cargo-profile test-fast --test issue330_parsing_context -E 'test(a_new_parse_resets_observations_not_caller_filename)'	#330/#332	
F017	scenario-family	parsing	Validation structs (valid/errors/warnings)	validate_expert_mode_data*	Implemented	Julia fixture + C fixture	validation::combined_validation_preserves_family_order_and_does_not_mutate_data; validation::duplicate_and_nonfinite_coefficients_follow_existing_julia_checks; validation::invalid_counts_produce_ordered_errors_and_warnings; validation::odd_cond_and_inconsistent_electron_counts_keep_upstream_severity; (+23 more)	PASS 27/27	cargo nextest run -p mvmc-expert-parsers --cargo-profile test-fast --test validation -E 'test(combined_validation_preserves_family_order_and_does_not_mutate_data)'	#184	
F018	scenario-family	overlays	InGutzwiller/InJastrow/InOrbital/InDH/InRBM overlays (last value wins, atomic failure)	load_initial_parameters / overlay loaders	Implemented	C fixture + Julia fixture	input_overlays::duplicate_c_overlay_keywords_are_rejected_before_mutation; input_overlays::malformed_parallel_overlay_is_atomic; input_overlays::orbital_overlay_preserves_unmapped_internal_and_trailing_declared_slots; input_overlays::overlays_follow_c_keyword_order_and_exact_declared_parallel_offset; (+21 more)	PASS 25/25	cargo nextest run -p mvmc-expert-parsers --cargo-profile test-fast --test input_overlays -E 'test(duplicate_c_overlay_keywords_are_rejected_before_mutation)'	#184	
F019	scenario-family	overlays	Strict initial-parameter loader (complete records, verbatim values)	read_initial_def / read_opt_para_file	Implemented	C fixture	initial_params::declared_sparse_blocks_and_reserved_orbitals_keep_their_offsets; initial_params::full_declared_slater_load_and_sync_match_c_without_consuming_rng; initial_params::incomplete_or_non_numeric_records_are_rejected_before_mutation; initial_params::errors_report_the_first_bad_field_even_in_unused_diagnostics_and_gradients; (+5 more)	PASS 9/9	cargo nextest run -p mvmc-core --cargo-profile test-fast --test initial_params -E 'test(declared_sparse_blocks_and_reserved_orbitals_keep_their_offsets)'	#184	
F020	scenario-family	initialization	Parameter initialization / normalization / RNG draws	init_parameter, normalize	Implemented	C fixture	issue184_initialization_contract::empty_initialization_and_normalization_consume_zero_words; issue184_initialization_contract::literal_seed_pair_initializes_then_normalizes_without_extra_draws; issue184_initialization_contract::literal_normalization_scales_both_large_and_small_blocks; issue184_initialization_contract::literal_basic_and_ten_slot_workflow_zero_both_projections; (+4 more)	PASS 8/8	cargo nextest run -p mvmc-expert-parsers --cargo-profile test-fast --test issue184_initialization_contract -E 'test(empty_initialization_and_normalization_consume_zero_words)'	#184/#274	
F021	scenario-family	seeds	Seed resolution (positive/zero/negative clock, group offset, broadcast)	resolve_seed*	Implemented	Julia fixture	issue184_public_seed_resolution::public_seed_resolution_matches_original_literal_integer_policy; issue184_public_seed_resolution::public_seed_resolution_returns_integer_before_sfmt_conversion; core::run::seed_tests::broadcast_base_seed_precedes_group_offset; core::run::seed_tests::clock_is_only_read_for_negative_modpara_without_override; (+7 more)	PASS 10; NotRun-ignored 1	cargo nextest run -p mvmc-core --cargo-profile test-fast --test issue184_public_seed_resolution -E 'test(public_seed_resolution_matches_original_literal_integer_policy)'	#177	
F022	scenario-family	sampler	Normal real/complex initial sample, retry and 101-attempt failure	make_initial_sample*	Implemented	C fixture	native274_boundaries::native274_burn_complex; native274_boundaries::native274_burn_real; native274_boundaries::native274_first_complex; native274_boundaries::native274_first_real; (+30 more)	PASS 34/34	cargo nextest run -p mvmc-core --cargo-profile test-fast --test native274_boundaries -E 'test(native274_burn_complex)'	#274/#342	
F023	scenario-family	sampler	Real FSZ setup, retry, failure, zero, localspin, magnetized (native C + Julia)	calc_m_all_fsz_real, make_initial_sample_fsz_real	Implemented	Julia fixture	real_fsz_setup::real_fsz_calculation_and_initial_retries_match_julia; real_fsz_setup::real_fsz_later_qp_failure_publishes_no_partial_results; real_fsz_sampling::failed_real_fsz_initialization_preserves_saved_samples_and_counters; real_fsz_sampling::real_fsz_proposals_use_julia_scalar_arithmetic_on_shared_bilinear_inputs; (+2 more)	PASS 6/6	cargo nextest run -p mvmc-core --cargo-profile test-fast --test real_fsz_setup -E 'test(real_fsz_calculation_and_initial_retries_match_julia)'	#176/#388	
F024	scenario-family	sampler	Complex FSZ sampler	vmc_make_sample_fsz*	Implemented	Julia fixture	complex_fsz_sampling::complex_fsz_proposals_burn_reuse_inverse_pfaffian_counters_and_rng_match_julia	PASS 1/1	cargo nextest run -p mvmc-core --cargo-profile test-fast --test complex_fsz_sampling -E 'test(complex_fsz_proposals_burn_reuse_inverse_pfaffian_counters_and_rng_match_julia)'	#184	
F025	scenario-family	sampler	Candidate generation, Metropolis decisions, one-move loops	sampling::candidate/metropolis/one_move	Implemented	Julia fixture	candidate_vs_julia::exchange_candidates_match_julia_sfmt_sequence; candidate_vs_julia::fsz_exchange_candidates_match_julia_sfmt_sequence; candidate_vs_julia::fsz_local_spin_flip_localspin_matches_julia_sfmt_sequence; candidate_vs_julia::fsz_hopping_candidates_match_julia_sfmt_sequence; (+8 more)	PASS 12/12	cargo nextest run -p mvmc-core --cargo-profile test-fast --test candidate_vs_julia -E 'test(exchange_candidates_match_julia_sfmt_sequence)'	#184	
F026	scenario-family	sampler	Pfaffian/inverse construction, rank-2 updates, rsbOld	calc_m_all_*, pf update kernels	Implemented	Julia fixture + C fixture	calc_m_all_vs_julia::complex_ns4_ne2_nqp1; calc_m_all_vs_julia::complex_ns4_ne2_nqp3; calc_m_all_vs_julia::complex_ns2_ne1_nqp1; calc_m_all_vs_julia::complex_ns8_ne4_nqp2; (+9 more)	PASS 13/13	cargo nextest run -p mvmc-core --cargo-profile test-fast --test calc_m_all_vs_julia -E 'test(complex_ns4_ne2_nqp1)'	#358/#365	
F027	scenario-family	sampler	Projection counts, Gutzwiller/Jastrow ratios, DH counts	sampling::projection, dh*_projection	Implemented	Julia fixture	projection_vs_julia::heisenberg_chain_fsz; projection_vs_julia::heisenberg_chain_cmp; projection_vs_julia::heisenberg_chain_real; projection_vs_julia::hubbard_chain_real; (+26 more)	PASS 30/30	cargo nextest run -p mvmc-core --cargo-profile test-fast --test projection_vs_julia -E 'test(heisenberg_chain_fsz)'	#184	
F028	scenario-family	sampler	PairHop real/FSZ sampler and Hamiltonian	pair-hop kernels	Implemented	C fixture + Julia fixture	pairhop_reference::real_and_fsz_pairhop_match_the_canonical_one_step_c_reference; core::run::callback_tests::pairhop_real_and_fsz_direct_prefixes_match_julia_updates_samples_energy_and_rng	PASS 2/2	cargo nextest run -p mvmc-core --cargo-profile test-fast --test pairhop_reference -E 'test(real_and_fsz_pairhop_match_the_canonical_one_step_c_reference)'	#184	
F029	scenario-family	optimization	Real direct SR prefixes (1/2/3/20 steps, configs, RNG, parameters)	run_para_opt_from_namelist (real, direct)	Implemented	Julia fixture	core::run::callback_tests::real_direct_sr_prefixes_match_julia_parameters_samples_energy_and_rng; core::run::callback_tests::hubbard_direct_sr_prefixes_match_julia_parameters_samples_energy_and_rng	PASS 2/2	cargo nextest run -p mvmc-core --cargo-profile test-fast -E 'test(real_direct_sr_prefixes_match_julia_parameters_samples_energy_and_rng)'	#358/#180	
F030	scenario-family	optimization	Complex direct SR prefixes	run_para_opt_from_namelist (cmp, direct)	Implemented	Julia fixture	core::run::callback_tests::cmp_direct_sr_prefixes_match_julia_parameters_samples_energy_and_rng; core::run::callback_tests::general_direct_sr_prefixes_match_julia_parameters_samples_energy_and_rng	PASS 2/2	cargo nextest run -p mvmc-core --cargo-profile test-fast -E 'test(cmp_direct_sr_prefixes_match_julia_parameters_samples_energy_and_rng)'	#180	
F031	scenario-family	optimization	FSZ direct SR prefixes	run_para_opt_from_namelist (fsz, direct)	Implemented	Julia fixture	core::run::callback_tests::fsz_direct_sr_prefixes_match_julia_parameters_samples_energy_and_rng	PASS 1/1	cargo nextest run -p mvmc-core --cargo-profile test-fast -E 'test(fsz_direct_sr_prefixes_match_julia_parameters_samples_energy_and_rng)'	#186/#180	
F032	scenario-family	optimization	Real/complex/FSZ SR-CG prefixes	run_para_opt_from_namelist (CG)	Implemented	Julia fixture	core::run::callback_tests::real_cg_prefixes_match_julia_parameters_samples_energy_and_full_rng_blocks; core::run::callback_tests::complex_cg_prefixes_match_julia_parameters_samples_energy_and_full_rng_blocks; core::run::callback_tests::fsz_cg_prefixes_match_julia_parameters_samples_energy_and_full_rng_blocks; core::run::callback_tests::general_cg_prefixes_match_julia_parameters_samples_energy_and_full_rng_blocks	PASS 4/4	cargo nextest run -p mvmc-core --cargo-profile test-fast -E 'test(real_cg_prefixes_match_julia_parameters_samples_energy_and_full_rng_blocks)'	#180/#345	
F033	scenario-family	optimization	NStore / NSRCG controls (C NSRCG semantics and store contract)	NSROptCGMaxIter, NStoreO	Implemented	C fixture	core::run::callback_tests::nstore_controls_production_buffers_without_changing_sampling; core::run::callback_tests::nstore_preserves_three_step_optimization_trajectory; core::run::callback_tests::nsrcg_two_with_store_follows_nsrcg_one_control_path; core::validation::nsrcg_contract_tests::nsrcg_two_or_more_without_store_is_rejected_as_c_undefined; (+2 more)	PASS 6/6	cargo nextest run -p mvmc-core --cargo-profile test-fast -E 'test(nstore_controls_production_buffers_without_changing_sampling)'	#345	
F034	scenario-family	optimization	Negative DSROptStepDt follows C	sr::negative_stepdt	Implemented	C fixture	core::sr::negative_stepdt_tests::negative_step_dt_sets_sr_flag_and_keeps_magnitude; core::sr::negative_stepdt_tests::negative_step_dt_update_matches_c_stcoptinit_dposv; issue367_negative_step_dt::negative_step_dt_runs_like_the_positive_step_and_reports_diagonalization_mode; issue367_negative_step_dt::srinfo_header_spelling_follows_sr_flag	PASS 4/4	cargo nextest run -p mvmc-core --cargo-profile test-fast -E 'test(negative_step_dt_sets_sr_flag_and_keeps_magnitude)'	#367	
F035	scenario-family	optimization	Component flags / correlation gauge / fixed parameters	optimization flags	Implemented	C fixture + same-impl repeatability	optimization_flags::declared_projection_widths_determine_slater_flag_and_rng_offsets; optimization_flags::fixed_correlation_blocks_disable_gauge_shift_but_not_slater_normalization; optimization_flags::real_projection_and_orbital_imaginary_flags_are_deterministic_zero; optimization_flags::fixed_slater_slots_skip_rng_draws_including_shared_and_reserved_slots; (+7 more)	PASS 11/11	cargo nextest run -p mvmc-expert-parsers --cargo-profile test-fast --test optimization_flags -E 'test(declared_projection_widths_determine_slater_flag_and_rng_offsets)'	#184	
F036	scenario-family	optimization	SR failure boundaries (nonfinite, indefinite, singular) without parameter mutation	SR solve	Implemented	same-impl repeatability	core::sr::tests::singular_direct_sr_stops_before_substitution_and_parameter_mutation; core::sr::tests::real_nonfinite_update_preserves_all_parameters; core::sr::tests::complex_nonfinite_update_preserves_all_parameters; core::sr::tests::non_positive_definite_factorization_preserves_nonzero_rhs; (+5 more)	PASS 9/9	cargo nextest run -p mvmc-core --cargo-profile test-fast -E 'test(singular_direct_sr_stops_before_substitution_and_parameter_mutation)'	#178/#234	
F037	scenario-family	optimization	Measurement store, Gram, CG operator and finalization	sample store, sr_cg	Implemented	same-impl repeatability + C fixture	sample_store::cg_finalization_materializes_only_mean_and_diagonal_blocks; sample_store::stored_samples_use_sqrt_weight_and_accumulate_weighted_ho; sample_store::real_gram_uses_active_sample_range_and_preserves_extra_slots; sample_store::complex_gram_honors_sample_start_and_legacy_flat_order; (+16 more)	PASS 20/20	cargo nextest run -p mvmc-core --cargo-profile test-fast --test sample_store -E 'test(cg_finalization_materializes_only_mean_and_diagonal_blocks)'	#184/#179	
F038	scenario-family	projection	DH2/DH4 runtime: loaded values, direct/CG prefixes	run_para_opt (DH)	Implemented	Julia fixture	dh2_runtime::dh2_runtime_mode_uses_declarations_and_ignores_loaded_imaginary_values; dh2_runtime::supported_dh2_sections_pass_runtime_validation_with_or_without_namelist; dh2_runtime::public_dh2_runners_load_nonzero_overlays_and_match_original_direct_store_output; dh4_runtime::dh4_runtime_mode_uses_declarations_and_ignores_loaded_imaginary_values; (+4 more)	PASS 8/8	cargo nextest run -p mvmc-core --cargo-profile test-fast --test dh2_runtime -E 'test(dh2_runtime_mode_uses_declarations_and_ignores_loaded_imaginary_values)'	#283/#180	
F039	scenario-family	projection	RBM runtime: real/complex/FSZ, direct and CG	run_para_opt (RBM)	Implemented	C fixture + Julia fixture	rbm_production::full_initial_and_strict_optimized_records_scatter_rbm_before_slater; rbm_production::nine_optional_overlays_share_indices_follow_last_values_and_ignore_unknown_names; rbm_production::rbm_initial_overlays_sync_and_rng_follow_source_phase_order; rbm_production::parsed_rbm_counter_incremental_ratios_and_all_derivatives_match_original_julia; (+7 more)	PASS 11/11	cargo nextest run -p mvmc-core --cargo-profile test-fast --test rbm_production -E 'test(full_initial_and_strict_optimized_records_scatter_rbm_before_slater)'	#379/#184	Real-mode C ignores the RBM factor (Julia-mVMC#59 C defect); Rust follows the Julia/C complex contract here, see defect rows.
F040	scenario-family	projection	OptTrans: layout, weights, derivatives, SR sync (multi-sector)	OptTrans in optimizer and PhysCal	Implemented	Julia fixture + C fixture	opttrans::data_weight_initialization_and_refresh_include_opttrans_sectors; opttrans::full_record_loads_opttrans_after_all_other_factors; opttrans::c_normal_slater_preserves_subthreshold_coefficients; opttrans::opttrans_derivative_bounds_empty_inputs_and_partial_pfaffians_match_julia; (+19 more)	PASS 23/23	cargo nextest run -p mvmc-core --cargo-profile test-fast --test opttrans -E 'test(data_weight_initialization_and_refresh_include_opttrans_sectors)'	#368/#370	
F041	scenario-family	ctest	Upstream ctest rule at upstream length, all 13 models (3 sigma and 1e-8)	rust_ctest_upstream_rule_selected_models	Implemented	statistical ctest	ctest_equivalent::rust_ctest_upstream_rule_selected_models; ctest_equivalent::upstream_references_cover_every_model_with_well_formed_values; ctest_equivalent::ctest_failure_requires_both_thresholds	PASS 2; NotRun-ignored 1	cargo nextest run -p mvmc-core --cargo-profile test-fast --test ctest_equivalent -E 'test(rust_ctest_upstream_rule_selected_models)'	#180/#375	Long gate is opt-in; PASS for all 13 models recorded in docs/ISSUE180_UPSTREAM_CTEST_RULE.md (PR #375), not re-run for this matrix.
F042	scenario-family	ctest	Deterministic prefixes 1/2/3/50 for 13 models (short gates) and 20-step references (missing)	ctest_model_prefixes	Implemented	statistical ctest + same-impl repeatability	ctest_model_prefixes::canonical_models_match_independent_prefix_oracles; ctest_model_prefixes::fixture_status::tests::malformed_duplicate_and_escaping_manifests_are_failure; ctest_model_prefixes::fixture_status::tests::missing_metadata_precedes_verifier_and_corruption_is_failure; ctest_model_prefixes::general_rbm_ctest_short_prefix_and_twenty_step_discrete_trajectory; (+30 more)	PASS 30; NotRun-ignored 4	cargo nextest run -p mvmc-core --cargo-profile test-fast --test ctest_model_prefixes -E 'test(canonical_models_match_independent_prefix_oracles)'	#180/#185	Independent 20-step references do not exist; 50-step prefixes are not truncated.
F043	scenario-family	ctest	First-10 zvo_out gates (real/cmp/fsz/Hubbard)	phase4/phase5 zvo gates	Implemented	unit test (no external reference)	phase4_zvo_gate::heisenberg_chain_real_zvo_out_first10_matches_reference; phase4_zvo_gate::support::tests::missing_fixture_cannot_return_success; phase4_zvo_gate::support::tests::absent_gate_is_not_run; phase4_zvo_gate::support::tests::any_other_value_selects_gate; (+24 more)	PASS 24; NotRun-ignored 4	cargo nextest run -p mvmc-core --cargo-profile test-fast --test phase4_zvo_gate -E 'test(heisenberg_chain_real_zvo_out_first10_matches_reference)'	#183	
F044	scenario-family	ctest	Optional gate classification (missing coverage is never a pass)	ctest harness / support	Implemented	statistical ctest	ctest_equivalent::classified_reporting_keeps_terminal_aggregate_failure; ctest_equivalent::transitive_inputs_preserve_missing_and_changed_hash_classification	PASS 2/2	cargo nextest run -p mvmc-core --cargo-profile test-fast --test ctest_equivalent -E 'test(classified_reporting_keeps_terminal_aggregate_failure)'	#183	
F045	scenario-family	physcal	Serial PhysCal: indexed outputs, fixed parameters, overlays (real/complex/FSZ)	run_phys_cal_from_namelist, mvmc CLI --physcal	Implemented	C fixture + same-impl repeatability	physcal_reference::complex_cli_matches_independent_indexed_outputs; physcal_reference::real_cli_matches_independent_indexed_outputs; physcal_reference::fsz_cli_matches_independent_indexed_outputs; physcal_issue181::both_measurement_frames_normalize_independent_accumulators_in_order; (+48 more)	PASS 49; NotRun-ignored 3	cargo nextest run -p mvmc-cli --cargo-profile test-fast --test physcal_reference -E 'test(complex_cli_matches_independent_indexed_outputs)'	#174/#181	
F046	scenario-family	physcal	PhysCal callback API	run_phys_cal with callback	Implemented	unit test (no external reference)	physcal_callback::callback_reducer_signed_comm1_info_does_not_consume_failure_ordinals; physcal_callback::absent_callback_still_participates_in_remote_failure_agreement; physcal_callback::reducer_callback_runs_on_local_rank_and_reports_remote_failure; physcal_callback::in_place_callback_error_retains_actual_completed_sample_rng_and_state; (+19 more)	PASS 23/23	cargo nextest run -p mvmc-core --cargo-profile test-fast --test physcal_callback -E 'test(callback_reducer_signed_comm1_info_does_not_consume_failure_ordinals)'	#175	
F047	scenario-family	physcal	PhysCal admission and unsupported-section rejection	CLI admission	Rejected-with-C-reason	unit test (no external reference)	issue366_physcal_admission::physcal_rejects_unsupported_sections_before_output; issue366_physcal_admission::physcal_still_accepts_the_supported_fixture; issue184_fixed_file_boundaries::actual_cli_missing_and_malformed_fixed_records_never_create_requested_output_directory	PASS 3/3	cargo nextest run -p mvmc-cli --cargo-profile test-fast --test issue366_physcal_admission -E 'test(physcal_rejects_unsupported_sections_before_output)'	#366	
F048	scenario-family	physcal	Green function kernels: one-body/two-body, FSZ and InterAll normal	observables::green*	Implemented	Julia fixture + C fixture	two_body_green::complete_real_fsz_hamiltonians_match_native_c_values; two_body_green::complete_fsz_hamiltonians_match_native_c_values; two_body_green::exhaustive_dh24_normal_two_body_ratios_match_original_julia; two_body_green::exhaustive_dh2_normal_two_body_ratios_match_original_julia; (+20 more)	PASS 23; NotRun-ignored 1	cargo nextest run -p mvmc-core --cargo-profile test-fast --test two_body_green -E 'test(complete_real_fsz_hamiltonians_match_native_c_values)'	#186/#181	
F049	scenario-family	lanczos	Serial Lanczos modes (hopping, exchange, pair-hop; real/complex)	mvmc --physcal Lanczos	Implemented	C fixture + Julia fixture	physcal_reference::empty_lanczos_gex_requires_exact_c_lf; physcal_reference::all_hamiltonian_terms_cli_lanczos_matches_independent_base_and_corrected_outputs; physcal_reference::complex_hopping_intra_cli_lanczos_modes_match_native_c_reference; physcal_reference::hopping_intra_cli_lanczos_modes_match_native_c_reference; (+15 more)	PASS 18; NotRun-ignored 1	cargo nextest run -p mvmc-cli --cargo-profile test-fast --test physcal_reference -E 'test(empty_lanczos_gex_requires_exact_c_lf)'	#181	Lanczos PhysCal gate `lanczos_transfer_physcal` is opt-in (NotRun here); CLI native-C references PASS.
F050	scenario-family	mpi	Grouped NSplitSize runs (C-supported combinations admitted)	group communicators	Implemented	same-impl repeatability + C fixture	grouped_nsplit_349::c_grouped_fixtures_equal_c_ungrouped_chains; grouped_nsplit_349::grouped_runs_match_c_fixtures_and_serial_chain; core::parallel::tests::assigns_group_width_including_uneven_and_oversized_widths; core::parallel::tests::partitions_cover_range_without_overlap; (+13 more)	PASS 16; NotRun-gated 1	cargo nextest run -p mvmc-core --cargo-profile test-fast --test grouped_nsplit_349 -E 'test(c_grouped_fixtures_equal_c_ungrouped_chains)'	#349/#178	
F051	scenario-family	mpi	Grouped/MPI runtime rejection and failure boundaries before output	validators and CLI	Rejected-with-C-reason	C fixture + same-impl repeatability	issue178_support_matrix::signed_projection_physcal_with_cg_metadata_is_not_overrejected_by_cli; issue178_support_matrix::parse_fixed_initial_and_overlay_failures_reach_cli_status_without_output; issue178_support_matrix::grouped_matrix_rejections_reach_actual_cli_before_output_creation; runtime_contract::grouped_invalid_rank_rejects_before_rng_use; (+8 more)	PASS 9; NotRun-gated 3	cargo nextest run -p mvmc-cli --cargo-profile test-fast --test issue178_support_matrix -E 'test(signed_projection_physcal_with_cg_metadata_is_not_overrejected_by_cli)'	#178	
F052	scenario-family	mpi	MPI collectives, QP/world mapping, SR-CG operator literals	ParallelContext / reducers	Implemented	unit test (no external reference)	mpi_issue179_collectives::issue179_collectives; mpi_issue179_mapping::issue179_group_width_endpoints; mpi_issue179_parallel_literals::m0518_serial_qp4_is_full; mpi_issue179_parallel_literals::m0520_qp4_local_rank1_width2; (+19 more)	PASS 18; NotRun-gated 5	cargo nextest run -p mvmc-core --cargo-profile test-fast --test mpi_issue179_collectives -E 'test(issue179_collectives)'	#179	Multi-rank tests are feature/launcher gated; only the single-process literals run in the default build.
F053	scenario-family	mpi	MPI PhysCal (reduction, singleton group, callback)	MPI PhysCal	Implemented	same-impl repeatability	mpi_physcal::mpi_physcal_requires_feature; mpi_physcal::support::tests::absent_gate_is_not_run; mpi_physcal::support::tests::any_other_value_selects_gate; mpi_physcal::selected_mpi_gate_without_launcher_fails_as_unsupported; (+8 more)	PASS 7; NotRun-ignored 1; NotRun-gated 4	cargo nextest run -p mvmc-core --cargo-profile test-fast --test mpi_physcal -E 'test(mpi_physcal_requires_feature)'	#179/#181	
F054	scenario-family	mpi	MPI normal initialization and genuine-world run	initial sampling under MPI	Implemented	C fixture	mpi_issue274_normal_initialization::normal_initializer_signed_max_and_peer_preflight; mpi_issue196_world::issue196_genuine_world; mpi_issue234_summary::public_rank_local_summary_and_root_readback_failure	NotRun-ignored 1; NotRun-gated 2	cargo nextest run -p mvmc-core --cargo-profile test-fast --test mpi_issue274_normal_initialization -E 'test(normal_initializer_signed_max_and_peer_preflight)'	#274/#196/#234	
F055	scenario-family	mpi	Explicit MPI gate mpi_issue178_support_matrix	mpi_issue178_support_matrix	Implemented	unit test (no external reference)	mpi_issue178_support_matrix::signed_projection_and_physcal_cg_metadata_reach_actual_sampling; mpi_issue178_support_matrix::shared_public_guards_reject_invalid_values_without_mutation; mpi_issue178_support_matrix::public_grouped_matrix_and_paraopt_callback_output_failures	PASS 2; NotRun-gated 1	cargo nextest run -p mvmc-core --cargo-profile test-fast --test mpi_issue178_support_matrix -E 'test(signed_projection_and_physcal_cg_metadata_reach_actual_sampling)'	#392	Open issue: the gate fails on normal initialization exhaustion (#392).
F056	scenario-family	threading	Inner QP/Green/measurement threading: worker counts preserve RNG/configs/outputs	MVMC_RS_INNER_THREADS	Implemented	same-impl repeatability	threaded_issue182::case_observation::recorder::tests::completion_follows_assertions_and_duplicate_file_rejected; threaded_issue182::case_observation::recorder::tests::assertion_panic_never_completes; threaded_issue182::case_observation::recorder::tests::existing_directory_and_invalid_atom_rejected; threaded_issue182::case_observation::recorder::tests::disabled_calls_original_once; (+53 more)	PASS 46; NotRun-ignored 11	cargo nextest run -p mvmc-core --cargo-profile test-fast --test threaded_issue182 -E 'test(case_observation::recorder::tests::completion_follows_assertions_and_duplicate_file_rejected)'	#182	Performance and C-only OpenMP regions are separate: #360/#361.
F057	scenario-family	timers	C section timers, enable semantics, zvo_time output	c_timer	Implemented	C fixture	c_timer::both_writers_use_original_prefix_and_propagate_directory_errors; c_timer::disabled_operations_do_not_access_slots_or_read_the_clock; c_timer::environment_semantics_enable_every_value_except_literal_zero; c_timer::every_diagnostic_environment_value_and_legacy_precedence_are_explicit; (+16 more)	PASS 20/20	cargo nextest run -p mvmc-core --cargo-profile test-fast --test c_timer -E 'test(both_writers_use_original_prefix_and_propagate_directory_errors)'	#346	
F058	scenario-family	diagnostics	Run diagnostics: SRinfo rows, CLI timer environment, PhysCal trace	run_log_files, trace	Implemented	C fixture + same-impl repeatability	run_log_files::ctime_has_c_layout; run_log_files::flush_file_flushes_only_every_interval_steps; run_log_files::flush_interval_must_be_a_natural_number; run_log_files::init_creates_c_named_files_and_header; (+9 more)	PASS 13/13	cargo nextest run -p mvmc-core --cargo-profile test-fast --test run_log_files -E 'test(ctime_has_c_layout)'	#346/#184	
F059	scenario-family	history	Optimization history windows and final-window averaging	ParaOpt summary	Implemented	C fixture	ctest_window_fixtures::standalone_c_window_fixtures_preserve_effective_window_and_aggregation; runner_config::explicit_missing_initial_file_fails_instead_of_falling_back; runner_config::final_window_must_fit_effective_steps; runner_config::broken_auto_file_can_be_explicitly_skipped_and_custom_heads_are_read_back; (+4 more)	PASS 8/8	cargo nextest run -p mvmc-core --cargo-profile test-fast --test ctest_window_fixtures -E 'test(standalone_c_window_fixtures_preserve_effective_window_and_aggregation)'	#180	
F060	scenario-family	output	zvo_out / zqp_opt / zvo_var block writers and complete C storage	io writers	Implemented	C fixture	output_blocks::block_files_keep_declared_slater_order_and_unmapped_slots_with_existing_headers; output_blocks::empty_blocks_are_skipped_and_no_directory_uses_the_given_prefix; output_blocks::optimization_var_full_declared_storage_matches_fixed_c_bytes; output_blocks::single_record_uses_c_real_zero_pairs_and_incomplete_windows_create_no_files; (+14 more)	PASS 18/18	cargo nextest run -p mvmc-core --cargo-profile test-fast --test output_blocks -E 'test(block_files_keep_declared_slater_order_and_unmapped_slots_with_existing_headers)'	#184/#346	
F061	scenario-family	output	PhysCal output files (zvo_cisajs, QQQQ, indexed names)	PhysCal writers	Implemented	C fixture + same-impl repeatability	core::io::tests::physcal_indexed_out_var_truncate_each_sample_and_keep_empty_green_contract; core::io::tests::phys_data_uses_c_indexed_green_file_names_and_rows; core::io::tests::physcal_preserves_signed_c_index_and_rejects_overflow_before_writes; physcal_issue181::fixed_records_overlays_and_normalization_follow_native_c_stages; (+12 more)	PASS 16/16	cargo nextest run -p mvmc-core --cargo-profile test-fast -E 'test(physcal_indexed_out_var_truncate_each_sample_and_keep_empty_green_contract)'	#181	
F062	scenario-family	failure	Public rejection boundaries leave state, RNG and files unchanged	validators before mutation	Rejected-with-C-reason	same-impl repeatability	issue184_public_rejection_boundaries::missing_and_malformed_fixed_records_reject_public_preparation_before_seed_and_output; issue184_public_rejection_boundaries::s197_grouped_physcal_general_and_lanczos_need_communicator_before_mutation; issue184_public_rejection_boundaries::s195_s196_grouped_opttrans_public_entries_need_communicator_before_mutation; issue184_public_rejection_boundaries::s198_grouped_general_standard_projection_needs_communicator_for_each_combination; (+14 more)	PASS 17; NotRun-gated 1	cargo nextest run -p mvmc-core --cargo-profile test-fast --test issue184_public_rejection_boundaries -E 'test(missing_and_malformed_fixed_records_reject_public_preparation_before_seed_and_output)'	#178/#184	
F063	scenario-family	failure	Runtime contract: unsupported solver controls, Lanczos combinations	mvmc_core::validation	Rejected-with-C-reason	unit test (no external reference)	runtime_contract::rejects_modpara_solver_controls_instead_of_discarding_them; runtime_contract::rejects_spin_changing_lanczos_operators_before_sampling; runtime_contract::rejects_duplicate_mode2_one_body_entries_without_factored_green; runtime_contract::rejects_unsupported_lanczos_physcal_combinations_before_sampling; (+1 more)	PASS 5/5	cargo nextest run -p mvmc-core --cargo-profile test-fast --test runtime_contract -E 'test(rejects_modpara_solver_controls_instead_of_discarding_them)'	#184	
F064	scenario-family	failure	Nonfinite local energy / invalid saved walkers do not poison store	run optimization	Implemented	same-impl repeatability	core::run::callback_tests::nonfinite_local_energy_skips_energy_sr_and_sample_store; core::run::callback_tests::invalid_saved_walkers_clear_previous_sample_store; core::run::callback_tests::oversized_optimization_window_rejects_before_mutation_output_or_rng	PASS 3/3	cargo nextest run -p mvmc-core --cargo-profile test-fast -E 'test(nonfinite_local_energy_skips_energy_sr_and_sample_store)'	#184	
F065	scenario-family	complex-mode	Global complex-mode inference (C header) and allocated-mode guards	all_complex_flag, state_from_data	Implemented	C fixture + same-impl repeatability	core::run::mode_tests::all_real_parameters_allocate_real_state; core::run::mode_tests::complex_gutzwiller_with_real_orbitals_allocates_complex_state; core::run::mode_tests::complex_jastrow_with_real_orbitals_allocates_complex_state; core::run::mode_tests::explicit_nonzero_complex_flags_select_complex_state; (+23 more)	PASS 26; NotRun-gated 1	cargo nextest run -p mvmc-core --cargo-profile test-fast -E 'test(all_real_parameters_allocate_real_state)'	#283	
F066	scenario-family	parameters	Public parameter pack/unpack and slot layout	pack_parameters, unpack_parameters	Implemented	same-impl repeatability	issue290_public_parameters::complete_declared_block_order_matches_independent_literal_positions; issue290_public_parameters::declared_rbm_holes_and_duplicate_mappings_are_preserved_and_repaired; issue290_public_parameters::invalid_declared_storage_is_rejected_before_writes; issue290_public_parameters::malformed_mapping_and_declared_overflow_fail_before_mutation; (+8 more)	PASS 12/12	cargo nextest run -p mvmc-core --cargo-profile test-fast --test issue290_public_parameters -E 'test(complete_declared_block_order_matches_independent_literal_positions)'	#290	
F067	scenario-family	slater	Slater element helpers, zero-QP contract, QP sync	slater_update, init_qp_weight	Implemented	same-impl repeatability	issue184_slater_contracts::declared_slater_slots_and_duplicate_mapping_preserve_coefficients; issue184_slater_contracts::original_s104_sixteen_site_seeded_input_wires_all_slater_planes; issue184_slater_contracts::supplied_orbital_cache_is_preserved_and_missing_weights_leave_state_unchanged; issue184_slater_contracts::public_slater_update_composes_opttrans_before_fixed_translation_in_each_plane; (+8 more)	PASS 12/12	cargo nextest run -p mvmc-core --cargo-profile test-fast --test issue184_slater_contracts -E 'test(declared_slater_slots_and_duplicate_mapping_preserve_coefficients)'	#252	
F068	scenario-family	rng	SFMT19937: C streams, snapshots, words consumed	sfmt19937::Sfmt19937Rng	Implemented	C fixture + Julia fixture	golden_vs_c::first8_u64_matches_c; golden_vs_c::boundary_indices_match_c_refill_path; golden_vs_c::first8_u32_matches_c_for_every_seed; golden_vs_c::genrand_real2_matches_c_bit_pattern; (+11 more)	PASS 15/15	cargo nextest run -p sfmt19937 --cargo-profile test-fast --test golden_vs_c -E 'test(first8_u64_matches_c)'	#184	
F069	scenario-family	linear-algebra	PfaPack: ltl/utu2 kernels, ordinary real panel, inverse contracts	pfapack crate	Implemented	Julia fixture + C fixture	golden_vs_julia::complex_n128_seed42_large; golden_vs_julia::complex_n256_seed42_large; golden_vs_julia::complex_n32_seed42_large; golden_vs_julia::complex_n64_seed42_large; (+22 more)	PASS 18; NotRun-ignored 8	cargo nextest run -p pfapack --cargo-profile test-fast --test golden_vs_julia -E 'test(complex_n128_seed42_large)'	#176/#184	
F070	scenario-family	c-only	vmc.out -s StdFace standard-mode: keyword reader, ModelUtil, writers, CLI -s/dry-run	mvmc-stdface, mvmc -s	Implemented	C fixture	stdface_c_fixtures::fixtures_cover_the_required_cases; stdface_c_fixtures::rust_output_is_byte_identical_to_c; issue353_standard_mode::standard_mode_failure_prints_the_c_message_and_exits_255; issue353_standard_mode::dry_run_generates_the_c_files_and_prints_the_c_log; (+3 more)	PASS 7/7	cargo nextest run -p mvmc-stdface --cargo-profile test-fast --test stdface_c_fixtures -E 'test(fixtures_cover_the_required_cases)'	#353	
F071	scenario-family	c-only	ComplexUHF initial-orbital tool	mvmc-uhf	Implemented	unit test (no external reference)	definition_contract::c_number_formats; definition_contract::c_crashes_become_errors; definition_contract::defaults_and_modpara_keys_follow_c; definition_contract::ncond_rule_and_orbital_mode_judgement_follow_c; (+5 more)	PASS 9/9	cargo nextest run -p mvmc-uhf --cargo-profile test-fast --test definition_contract -E 'test(c_number_formats)'	#350	
F072	scenario-family	c-only	zvo_time / SRinfo / NFileFlushInterval	run_log_files	Implemented	C fixture	run_log_files::ctime_has_c_layout; run_log_files::flush_file_flushes_only_every_interval_steps; run_log_files::flush_interval_must_be_a_natural_number; run_log_files::init_creates_c_named_files_and_header; (+4 more)	PASS 8/8	cargo nextest run -p mvmc-core --cargo-profile test-fast --test run_log_files -E 'test(ctime_has_c_layout)'	#346	
F073	scenario-family	c-only	NSRCG / NStore contract (C-only semantics)	validation	Implemented	C fixture	core::validation::nsrcg_contract_tests::nsrcg_two_or_more_without_store_is_rejected_as_c_undefined; core::validation::nsrcg_contract_tests::nonzero_nsrcg_is_accepted_when_c_allocates_o_storage	PASS 2/2	cargo nextest run -p mvmc-core --cargo-profile test-fast -E 'test(nsrcg_two_or_more_without_store_is_rejected_as_c_undefined)'	#345	
F074	scenario-family	c-only	Negative DSROptStepDt (C-only)	sr negative step	Implemented	C fixture	core::sr::negative_stepdt_tests::negative_step_dt_sets_sr_flag_and_keeps_magnitude; core::sr::negative_stepdt_tests::negative_step_dt_update_matches_c_stcoptinit_dposv	PASS 2/2	cargo nextest run -p mvmc-core --cargo-profile test-fast -E 'test(negative_step_dt_sets_sr_flag_and_keeps_magnitude)'	#367	
F075	scenario-family	c-only	C ModPara reader	modpara	Implemented	C fixture	issue344_c_modpara_reader::c_defaults_apply_to_absent_keys; issue344_c_modpara_reader::rust_only_keywords_are_rejected_naming_the_keyword; issue344_c_modpara_reader::in_memory_parser_agrees_with_file_parser; issue344_c_modpara_reader::modpara_reader_matches_c_oracle_for_accepted_and_rejected_inputs	PASS 4/4	cargo nextest run -p mvmc-expert-parsers --cargo-profile test-fast --test issue344_c_modpara_reader -E 'test(c_defaults_apply_to_absent_keys)'	#344	
F076	scenario-family	c-only	Grouped NSplitSize admission (C-supported)	grouped runs	Implemented	C fixture	grouped_nsplit_349::c_grouped_fixtures_equal_c_ungrouped_chains; grouped_nsplit_349::grouped_runs_match_c_fixtures_and_serial_chain	PASS 1; NotRun-gated 1	cargo nextest run -p mvmc-core --cargo-profile test-fast --test grouped_nsplit_349 -E 'test(c_grouped_fixtures_equal_c_ungrouped_chains)'	#349	
F077	scenario-family	c-only	vmc.out -b (varbin), -F, -v, -e, -h options	none	Missing	none		no test	n/a	#347	Not ported.
F078	scenario-family	c-only	MultiDef mode (vmc.out -m N)	none	Missing	none		no test	n/a	#348	Not ported.
F079	scenario-family	c-only	Post-processing tools (greenr2k and converters)	none	Missing	none		no test	n/a	#351	Not ported.
F080	scenario-family	c-only	StdFace 1D lattices (chain, ladder)	none	Missing	none		no test	n/a	#354	Not ported; part of #352 umbrella.
F081	scenario-family	c-only	StdFace 2D lattices (square, triangular, honeycomb, kagome)	none	Missing	none		no test	n/a	#355	Not ported.
F082	scenario-family	c-only	StdFace 3D lattices (orthorhombic, fcc, pyrochlore)	none	Missing	none		no test	n/a	#356	Not ported.
F083	scenario-family	c-only	StdFace Wannier90 input/export	none	Missing	none		no test	n/a	#357	Not ported.
F084	scenario-family	threading	C-only OpenMP parallel regions in Rust inner threading	none	Missing	none		no test	n/a	#360	Inventory/port pending.
F085	scenario-family	optimization	CalHamiltonian1 / ReturnSlaterElmDiff on the Hubbard real path	none	Missing	none		no test	n/a	#207	Gap documented in issue.
F086	scenario-family	ctest	Deterministic 20-step references for all 13 ctest models	none	Missing	none		no test	n/a	#185	No independent step-20 references; never generated from Rust.
F087	scenario-family	mpi	MPI multi-rank scenario matrix execution (optimization and measurement)	mvmc-core mpi_* gates	Missing	none		no test	n/a	#179	Gated tests exist; full matrix not executed in the default build.
F088	scenario-family	physcal	PhysCal outputData section cost (performance, not numerics)	io::write_phys_cal	Missing	none		no test	n/a	#337	Output bytes already match; speed open.
D001	c-defect	c-defect	Julia-mVMC#55: real-mode OptTrans derivatives stored in wrong SR slots (NQPOptTrans > 1)	see tests	Implemented	C fixture	core::run::callback_tests::real_mode_opttrans_derivatives_use_their_own_slots; core::run::callback_tests::opttrans_real_direct_prefixes_match_c_kernel_reference_parameters_samples_and_rng	PASS 2/2	cargo nextest run -p mvmc-core --cargo-profile test-fast -E 'test(real_mode_opttrans_derivatives_use_their_own_slots)'	#370/#368	Rust writes the correct slots (not C's); difference from C is intentional and tested.
D002	c-defect	c-defect	Julia-mVMC#56: NSRCG >= 2 with NStore = 0 writes unallocated SROptO_Store	see tests	Rejected-with-C-reason	C fixture	core::run::callback_tests::nsrcg_two_with_store_follows_nsrcg_one_control_path; core::run::callback_tests::cg_accumulation_forces_store_even_when_nstore_is_zero; core::validation::nsrcg_contract_tests::nsrcg_two_or_more_without_store_is_rejected_as_c_undefined; core::validation::nsrcg_contract_tests::nonzero_nsrcg_is_accepted_when_c_allocates_o_storage	PASS 4/4	cargo nextest run -p mvmc-core --cargo-profile test-fast -E 'test(nsrcg_two_with_store_follows_nsrcg_one_control_path)'	#345	Rust treats any nonzero NSRCG as CG, stores O when NStore != 0 or NSRCG == 1, and rejects NSRCG >= 2 with NStore == 0 as C-undefined (PR #362).
D003	c-defect	c-defect	Julia-mVMC#57: Ne = 0 admitted, fails at run time (XERBLA INFO=-5, SIGFPE)	see tests	Implemented	C fixture	native342_negative_info::native342_positive_electron_counts_never_report_negative_info; native342_negative_info::native342_sampler_ne0_negative_info_complex; native342_negative_info::native342_shared_ne0_negative_info_complex; native342_negative_info::native342_sampler_ne0_negative_info_real; (+3 more)	PASS 7/7	cargo nextest run -p mvmc-core --cargo-profile test-fast --test native342_negative_info -E 'test(native342_positive_electron_counts_never_report_negative_info)'	#342	Native negative INFO (-5) from the C kernels is covered by the #342 fixtures; C's later run-time SIGFPE is not a reference.
D004	c-defect	c-defect	Julia-mVMC#58: rsbOld typo in two-electron updates (no observable effect)	see tests	Implemented	unit test (no external reference)	two_electron_rsbold::complex_two_electron_update_is_independent_of_old_ab_element	PASS 1/1	cargo nextest run -p mvmc-core --cargo-profile test-fast --test two_electron_rsbold -E 'test(complex_two_electron_update_is_independent_of_old_ab_element)'	#365	Rust matches the C definition; no observable difference.
D005	c-defect	c-defect	Julia-mVMC#59: real-mode runs silently ignore the RBM factor	see tests	Intentional difference	unit test (no external reference)	core::run::callback_tests::rbm_real_and_general_complex_direct_prefixes_match_explicit_kernel_references	PASS 1/1	cargo nextest run -p mvmc-core --cargo-profile test-fast -E 'test(rbm_real_and_general_complex_direct_prefixes_match_explicit_kernel_references)'	#184	Rust applies the RBM factor in real mode like Julia; C silently ignores it (defect, not copied).
D006	c-defect	c-defect	Julia-mVMC#60: ComplexUHF input-handling defects (NULL fclose, out-of-range writes, ignored errors)	see tests	Intentional difference	unit test (no external reference)	definition_contract::c_crashes_become_errors; issue350_complex_uhf::usage_and_missing_files_are_errors_not_crashes	PASS 2/2	cargo nextest run -p mvmc-uhf --cargo-profile test-fast --test definition_contract -E 'test(c_crashes_become_errors)'	#350	C crashes become Rust errors.
D007	c-defect	c-defect	Julia-mVMC#61: grouped runs with stored O read uninitialized SROptO_Store columns	see tests	Intentional difference	C fixture	grouped_nsplit_349::c_grouped_fixtures_equal_c_ungrouped_chains; grouped_nsplit_349::grouped_runs_match_c_fixtures_and_serial_chain; core::validation::tests::grouped_matrix_rejects_only_the_c_undefined_sr_cg_combination	PASS 2; NotRun-gated 1	cargo nextest run -p mvmc-core --cargo-profile test-fast --test grouped_nsplit_349 -E 'test(c_grouped_fixtures_equal_c_ungrouped_chains)'	#349/#178	Rust computes grouped direct-SR NStore=1 correctly (equals serial) and rejects grouped SR-CG citing the C defect; other grouped cases follow C.
D008	c-defect	c-defect	Julia-mVMC#62: -b binary parameter output (varbin) writes only half of the complex parameters	see tests	Missing	none		no test	n/a	#347	-b not ported (see #347), so the defect is not reachable.
D009	c-defect	c-defect	Julia-mVMC#63: tool/greenr2k: exit status, invalid input format, namelist path truncation	see tests	Missing	none		no test	n/a	#351	greenr2k not ported (see #351).
A001	julia-api	export+function	MVMCExpertModeParsers.parse_expert_mode_files	crates/mvmc-expert-parsers/src/lib.rs::parse_expert_mode_files; crates/mvmc-expert-parsers/tests/issue184_original_heisenberg_public_loader.rs::original_heisenberg_namelist_exercises_public_loader_conditions (81-117)	Implemented	unit test (no external reference)	issue350_complex_uhf::uhf_orbitals_feed_the_optimizer; issue350_complex_uhf::unconverged_run_exits_255_after_writing_files_like_c; issue350_complex_uhf::usage_and_missing_files_are_errors_not_crashes; (+125 referencing tests)	PASS 3/3	cargo nextest run -p mvmc-cli --cargo-profile test-fast --test issue350_complex_uhf -E 'test(uhf_orbitals_feed_the_optimizer)'	#184 Chandra ledger; Pauli public parser/fixture implementation; parent independent review and execution	explicit Julia export
A002	julia-api	export+function	MVMCExpertModeParsers.init_qp_weight!	crates/mvmc-expert-parsers/src/utils/qp_weight.rs::init_qp_weight_inplace; crates/mvmc-expert-parsers/src/utils/qp_weight.rs::init_qp_weight	Implemented	unit test (no external reference)	issue350_complex_uhf::uhf_orbitals_feed_the_optimizer; issue350_complex_uhf::unconverged_run_exits_255_after_writing_files_like_c; issue350_complex_uhf::usage_and_missing_files_are_errors_not_crashes; (+79 referencing tests)	PASS 3/3	cargo nextest run -p mvmc-cli --cargo-profile test-fast --test issue350_complex_uhf -E 'test(uhf_orbitals_feed_the_optimizer)'	#178/#180/#181	explicit Julia export
A003	julia-api	export+function	MVMCExpertModeParsers.update_qp_weight!	crates/mvmc-expert-parsers/src/utils/qp_weight.rs::update_qp_weight	Implemented	unit test (no external reference)	issue350_complex_uhf::uhf_orbitals_feed_the_optimizer; issue350_complex_uhf::unconverged_run_exits_255_after_writing_files_like_c; issue350_complex_uhf::usage_and_missing_files_are_errors_not_crashes; (+54 referencing tests)	PASS 3/3	cargo nextest run -p mvmc-cli --cargo-profile test-fast --test issue350_complex_uhf -E 'test(uhf_orbitals_feed_the_optimizer)'	#178/#180/#181	explicit Julia export
A004	julia-api	function	MVMCExpertModeParsers.apply_orbital_opt_flags_from_files!	crates/mvmc-expert-parsers/src/utils/opt_flag.rs::set_orbital_opt_flags	Implemented	unit test (no external reference)	issue350_complex_uhf::uhf_orbitals_feed_the_optimizer; issue350_complex_uhf::unconverged_run_exits_255_after_writing_files_like_c; issue350_complex_uhf::usage_and_missing_files_are_errors_not_crashes; (+53 referencing tests)	PASS 3/3	cargo nextest run -p mvmc-cli --cargo-profile test-fast --test issue350_complex_uhf -E 'test(uhf_orbitals_feed_the_optimizer)'	#184/#178	public Julia name (not exported)
A005	julia-api	function	MVMCExpertModeParsers.apply_rbm_opt_flags_from_files!	crates/mvmc-expert-parsers/src/utils/opt_flag.rs::set_rbm_opt_flags	Implemented	unit test (no external reference)	issue350_complex_uhf::uhf_orbitals_feed_the_optimizer; issue350_complex_uhf::unconverged_run_exits_255_after_writing_files_like_c; issue350_complex_uhf::usage_and_missing_files_are_errors_not_crashes; (+53 referencing tests)	PASS 3/3	cargo nextest run -p mvmc-cli --cargo-profile test-fast --test issue350_complex_uhf -E 'test(uhf_orbitals_feed_the_optimizer)'	#184/#178	public Julia name (not exported)
A006	julia-api	function	MVMCExpertModeParsers.judge_orbital_mode!	crates/mvmc-expert-parsers/src/lib.rs::parse_expert_mode_files_mode	Implemented	unit test (no external reference)	issue350_complex_uhf::uhf_orbitals_feed_the_optimizer; issue350_complex_uhf::unconverged_run_exits_255_after_writing_files_like_c; issue350_complex_uhf::usage_and_missing_files_are_errors_not_crashes; (+52 referencing tests)	PASS 3/3	cargo nextest run -p mvmc-cli --cargo-profile test-fast --test issue350_complex_uhf -E 'test(uhf_orbitals_feed_the_optimizer)'	#184/#178	public Julia name (not exported)
A007	julia-api	function	MVMCExpertModeParsers.parse_file_by_type!	crates/mvmc-expert-parsers/src/lib.rs::parse_expert_mode_files_mode	Implemented	unit test (no external reference)	issue350_complex_uhf::uhf_orbitals_feed_the_optimizer; issue350_complex_uhf::unconverged_run_exits_255_after_writing_files_like_c; issue350_complex_uhf::usage_and_missing_files_are_errors_not_crashes; (+52 referencing tests)	PASS 3/3	cargo nextest run -p mvmc-cli --cargo-profile test-fast --test issue350_complex_uhf -E 'test(uhf_orbitals_feed_the_optimizer)'	#184/#178	public Julia name (not exported)
A008	julia-api	function	MVMCExpertModeParsers.parse_coulomb_intra_def	crates/mvmc-expert-parsers/src/parsers/coulomb.rs::parse_coulomb_intra_def	Implemented	unit test (no external reference)	issue350_complex_uhf::uhf_orbitals_feed_the_optimizer; issue350_complex_uhf::unconverged_run_exits_255_after_writing_files_like_c; issue350_complex_uhf::usage_and_missing_files_are_errors_not_crashes; (+55 referencing tests)	PASS 3/3	cargo nextest run -p mvmc-cli --cargo-profile test-fast --test issue350_complex_uhf -E 'test(uhf_orbitals_feed_the_optimizer)'	#184/#178	public Julia name (not exported)
A009	julia-api	function	MVMCExpertModeParsers.parse_coulomb_intra_content	crates/mvmc-expert-parsers/src/parsers/coulomb.rs::parse_coulomb_intra_content; crates/mvmc-expert-parsers/tests/issue184_literal_hamiltonian_parsers.rs::original_coulomb_payload_preserves_both_sites_and_couplings (44-54)	Implemented	unit test (no external reference)	issue350_complex_uhf::uhf_orbitals_feed_the_optimizer; issue350_complex_uhf::unconverged_run_exits_255_after_writing_files_like_c; issue350_complex_uhf::usage_and_missing_files_are_errors_not_crashes; (+59 referencing tests)	PASS 3/3	cargo nextest run -p mvmc-cli --cargo-profile test-fast --test issue350_complex_uhf -E 'test(uhf_orbitals_feed_the_optimizer)'	#184 Chandra ledger; Pauli parser implementation; parent independent source review and fresh execution	public Julia name (not exported)
A010	julia-api	function	MVMCExpertModeParsers.parse_coulomb_intra_term	crates/mvmc-expert-parsers/src/parsers/coulomb.rs::parse_coulomb_intra_content	Implemented	unit test (no external reference)	issue350_complex_uhf::uhf_orbitals_feed_the_optimizer; issue350_complex_uhf::unconverged_run_exits_255_after_writing_files_like_c; issue350_complex_uhf::usage_and_missing_files_are_errors_not_crashes; (+59 referencing tests)	PASS 3/3	cargo nextest run -p mvmc-cli --cargo-profile test-fast --test issue350_complex_uhf -E 'test(uhf_orbitals_feed_the_optimizer)'	#184/#178	public Julia name (not exported)
A011	julia-api	function	MVMCExpertModeParsers.parse_coulomb_inter_def	crates/mvmc-expert-parsers/src/parsers/coulomb.rs::parse_coulomb_inter_def	Implemented	unit test (no external reference)	issue350_complex_uhf::uhf_orbitals_feed_the_optimizer; issue350_complex_uhf::unconverged_run_exits_255_after_writing_files_like_c; issue350_complex_uhf::usage_and_missing_files_are_errors_not_crashes; (+53 referencing tests)	PASS 3/3	cargo nextest run -p mvmc-cli --cargo-profile test-fast --test issue350_complex_uhf -E 'test(uhf_orbitals_feed_the_optimizer)'	#184/#178	public Julia name (not exported)
A012	julia-api	function	MVMCExpertModeParsers.parse_coulomb_inter_content	crates/mvmc-expert-parsers/src/parsers/coulomb.rs::parse_coulomb_inter_content	Implemented	unit test (no external reference)	issue350_complex_uhf::uhf_orbitals_feed_the_optimizer; issue350_complex_uhf::unconverged_run_exits_255_after_writing_files_like_c; issue350_complex_uhf::usage_and_missing_files_are_errors_not_crashes; (+54 referencing tests)	PASS 3/3	cargo nextest run -p mvmc-cli --cargo-profile test-fast --test issue350_complex_uhf -E 'test(uhf_orbitals_feed_the_optimizer)'	#184/#178	public Julia name (not exported)
A013	julia-api	function	MVMCExpertModeParsers.parse_coulomb_inter_term	crates/mvmc-expert-parsers/src/parsers/coulomb.rs::parse_coulomb_inter_content	Implemented	unit test (no external reference)	issue350_complex_uhf::uhf_orbitals_feed_the_optimizer; issue350_complex_uhf::unconverged_run_exits_255_after_writing_files_like_c; issue350_complex_uhf::usage_and_missing_files_are_errors_not_crashes; (+54 referencing tests)	PASS 3/3	cargo nextest run -p mvmc-cli --cargo-profile test-fast --test issue350_complex_uhf -E 'test(uhf_orbitals_feed_the_optimizer)'	#184/#178	public Julia name (not exported)
A014	julia-api	function	MVMCExpertModeParsers.parse_doublon_holon_2site_def	crates/mvmc-expert-parsers/src/parsers/doublon_holon.rs::parse_doublon_holon_2site_def	Implemented	unit test (no external reference)	issue350_complex_uhf::uhf_orbitals_feed_the_optimizer; issue350_complex_uhf::unconverged_run_exits_255_after_writing_files_like_c; issue350_complex_uhf::usage_and_missing_files_are_errors_not_crashes; (+53 referencing tests)	PASS 3/3	cargo nextest run -p mvmc-cli --cargo-profile test-fast --test issue350_complex_uhf -E 'test(uhf_orbitals_feed_the_optimizer)'	#184/#178	public Julia name (not exported)
A015	julia-api	function	MVMCExpertModeParsers.parse_doublon_holon_2site_content	crates/mvmc-expert-parsers/src/parsers/doublon_holon.rs::parse_doublon_holon_2site_content	Implemented	unit test (no external reference)	issue350_complex_uhf::uhf_orbitals_feed_the_optimizer; issue350_complex_uhf::unconverged_run_exits_255_after_writing_files_like_c; issue350_complex_uhf::usage_and_missing_files_are_errors_not_crashes; (+58 referencing tests)	PASS 3/3	cargo nextest run -p mvmc-cli --cargo-profile test-fast --test issue350_complex_uhf -E 'test(uhf_orbitals_feed_the_optimizer)'	#184/#178	public Julia name (not exported)
A016	julia-api	function	MVMCExpertModeParsers.parse_doublon_holon_4site_def	crates/mvmc-expert-parsers/src/parsers/doublon_holon.rs::parse_doublon_holon_4site_def	Implemented	unit test (no external reference)	issue350_complex_uhf::uhf_orbitals_feed_the_optimizer; issue350_complex_uhf::unconverged_run_exits_255_after_writing_files_like_c; issue350_complex_uhf::usage_and_missing_files_are_errors_not_crashes; (+53 referencing tests)	PASS 3/3	cargo nextest run -p mvmc-cli --cargo-profile test-fast --test issue350_complex_uhf -E 'test(uhf_orbitals_feed_the_optimizer)'	#184/#178	public Julia name (not exported)
A017	julia-api	function	MVMCExpertModeParsers.parse_doublon_holon_4site_content	crates/mvmc-expert-parsers/src/parsers/doublon_holon.rs::parse_doublon_holon_4site_content	Implemented	unit test (no external reference)	issue350_complex_uhf::uhf_orbitals_feed_the_optimizer; issue350_complex_uhf::unconverged_run_exits_255_after_writing_files_like_c; issue350_complex_uhf::usage_and_missing_files_are_errors_not_crashes; (+58 referencing tests)	PASS 3/3	cargo nextest run -p mvmc-cli --cargo-profile test-fast --test issue350_complex_uhf -E 'test(uhf_orbitals_feed_the_optimizer)'	#184/#178	public Julia name (not exported)
A018	julia-api	function	MVMCExpertModeParsers.parse_exchange_def	crates/mvmc-expert-parsers/src/parsers/exchange.rs::parse_exchange_def	Implemented	unit test (no external reference)	issue350_complex_uhf::uhf_orbitals_feed_the_optimizer; issue350_complex_uhf::unconverged_run_exits_255_after_writing_files_like_c; issue350_complex_uhf::usage_and_missing_files_are_errors_not_crashes; (+52 referencing tests)	PASS 3/3	cargo nextest run -p mvmc-cli --cargo-profile test-fast --test issue350_complex_uhf -E 'test(uhf_orbitals_feed_the_optimizer)'	#184/#178	public Julia name (not exported)
A019	julia-api	function	MVMCExpertModeParsers.parse_exchange_content	crates/mvmc-expert-parsers/src/parsers/exchange.rs::parse_exchange_content	Implemented	unit test (no external reference)	issue350_complex_uhf::uhf_orbitals_feed_the_optimizer; issue350_complex_uhf::unconverged_run_exits_255_after_writing_files_like_c; issue350_complex_uhf::usage_and_missing_files_are_errors_not_crashes; (+53 referencing tests)	PASS 3/3	cargo nextest run -p mvmc-cli --cargo-profile test-fast --test issue350_complex_uhf -E 'test(uhf_orbitals_feed_the_optimizer)'	#184/#178	public Julia name (not exported)
A020	julia-api	function	MVMCExpertModeParsers.parse_green_one_def	crates/mvmc-expert-parsers/src/parsers/green.rs::parse_green_one_def	Implemented	unit test (no external reference)	issue350_complex_uhf::uhf_orbitals_feed_the_optimizer; issue350_complex_uhf::unconverged_run_exits_255_after_writing_files_like_c; issue350_complex_uhf::usage_and_missing_files_are_errors_not_crashes; (+60 referencing tests)	PASS 3/3	cargo nextest run -p mvmc-cli --cargo-profile test-fast --test issue350_complex_uhf -E 'test(uhf_orbitals_feed_the_optimizer)'	#184/#178	public Julia name (not exported)
A021	julia-api	function	MVMCExpertModeParsers.parse_green_one_content	crates/mvmc-expert-parsers/src/parsers/green.rs::parse_green_one_content	Implemented	unit test (no external reference)	issue350_complex_uhf::uhf_orbitals_feed_the_optimizer; issue350_complex_uhf::unconverged_run_exits_255_after_writing_files_like_c; issue350_complex_uhf::usage_and_missing_files_are_errors_not_crashes; (+58 referencing tests)	PASS 3/3	cargo nextest run -p mvmc-cli --cargo-profile test-fast --test issue350_complex_uhf -E 'test(uhf_orbitals_feed_the_optimizer)'	#184/#178	public Julia name (not exported)
A022	julia-api	function	MVMCExpertModeParsers.parse_green_one_term	crates/mvmc-expert-parsers/src/parsers/green.rs::parse_green_one_content	Implemented	unit test (no external reference)	issue350_complex_uhf::uhf_orbitals_feed_the_optimizer; issue350_complex_uhf::unconverged_run_exits_255_after_writing_files_like_c; issue350_complex_uhf::usage_and_missing_files_are_errors_not_crashes; (+58 referencing tests)	PASS 3/3	cargo nextest run -p mvmc-cli --cargo-profile test-fast --test issue350_complex_uhf -E 'test(uhf_orbitals_feed_the_optimizer)'	#184/#178	public Julia name (not exported)
A023	julia-api	function	MVMCExpertModeParsers.parse_green_two_def	crates/mvmc-expert-parsers/src/parsers/green.rs::parse_green_two_def	Implemented	unit test (no external reference)	issue350_complex_uhf::uhf_orbitals_feed_the_optimizer; issue350_complex_uhf::unconverged_run_exits_255_after_writing_files_like_c; issue350_complex_uhf::usage_and_missing_files_are_errors_not_crashes; (+60 referencing tests)	PASS 3/3	cargo nextest run -p mvmc-cli --cargo-profile test-fast --test issue350_complex_uhf -E 'test(uhf_orbitals_feed_the_optimizer)'	#184/#178	public Julia name (not exported)
A024	julia-api	function	MVMCExpertModeParsers.parse_green_two_content	crates/mvmc-expert-parsers/src/parsers/green.rs::parse_green_two_content	Implemented	unit test (no external reference)	issue350_complex_uhf::uhf_orbitals_feed_the_optimizer; issue350_complex_uhf::unconverged_run_exits_255_after_writing_files_like_c; issue350_complex_uhf::usage_and_missing_files_are_errors_not_crashes; (+58 referencing tests)	PASS 3/3	cargo nextest run -p mvmc-cli --cargo-profile test-fast --test issue350_complex_uhf -E 'test(uhf_orbitals_feed_the_optimizer)'	#184/#178	public Julia name (not exported)
A025	julia-api	function	MVMCExpertModeParsers.parse_green_two_term	crates/mvmc-expert-parsers/src/parsers/green.rs::parse_green_two_content	Implemented	unit test (no external reference)	issue350_complex_uhf::uhf_orbitals_feed_the_optimizer; issue350_complex_uhf::unconverged_run_exits_255_after_writing_files_like_c; issue350_complex_uhf::usage_and_missing_files_are_errors_not_crashes; (+58 referencing tests)	PASS 3/3	cargo nextest run -p mvmc-cli --cargo-profile test-fast --test issue350_complex_uhf -E 'test(uhf_orbitals_feed_the_optimizer)'	#184/#178	public Julia name (not exported)
A026	julia-api	function	MVMCExpertModeParsers.parse_green_two_ex_def	crates/mvmc-expert-parsers/src/parsers/green.rs::parse_green_two_ex_def	Implemented	unit test (no external reference)	issue350_complex_uhf::uhf_orbitals_feed_the_optimizer; issue350_complex_uhf::unconverged_run_exits_255_after_writing_files_like_c; issue350_complex_uhf::usage_and_missing_files_are_errors_not_crashes; (+60 referencing tests)	PASS 3/3	cargo nextest run -p mvmc-cli --cargo-profile test-fast --test issue350_complex_uhf -E 'test(uhf_orbitals_feed_the_optimizer)'	#184/#178	public Julia name (not exported)
A027	julia-api	function	MVMCExpertModeParsers.parse_green_two_ex_content	crates/mvmc-expert-parsers/src/parsers/green.rs::parse_green_two_ex_content	Implemented	unit test (no external reference)	issue350_complex_uhf::uhf_orbitals_feed_the_optimizer; issue350_complex_uhf::unconverged_run_exits_255_after_writing_files_like_c; issue350_complex_uhf::usage_and_missing_files_are_errors_not_crashes; (+61 referencing tests)	PASS 3/3	cargo nextest run -p mvmc-cli --cargo-profile test-fast --test issue350_complex_uhf -E 'test(uhf_orbitals_feed_the_optimizer)'	#184/#178	public Julia name (not exported)
A028	julia-api	function	MVMCExpertModeParsers.parse_gutzwiller_def	crates/mvmc-expert-parsers/src/parsers/gutzwiller.rs::parse_gutzwiller_def	Implemented	unit test (no external reference)	issue350_complex_uhf::uhf_orbitals_feed_the_optimizer; issue350_complex_uhf::unconverged_run_exits_255_after_writing_files_like_c; issue350_complex_uhf::usage_and_missing_files_are_errors_not_crashes; (+52 referencing tests)	PASS 3/3	cargo nextest run -p mvmc-cli --cargo-profile test-fast --test issue350_complex_uhf -E 'test(uhf_orbitals_feed_the_optimizer)'	#184/#178	public Julia name (not exported)
A029	julia-api	type	MVMCExpertModeParsers.GutzwillerParseResult	crates/mvmc-expert-parsers/src/parsers/gutzwiller.rs::GutzwillerSection	Implemented	unit test (no external reference)	issue350_complex_uhf::uhf_orbitals_feed_the_optimizer; issue350_complex_uhf::unconverged_run_exits_255_after_writing_files_like_c; issue350_complex_uhf::usage_and_missing_files_are_errors_not_crashes; (+52 referencing tests)	PASS 3/3	cargo nextest run -p mvmc-cli --cargo-profile test-fast --test issue350_complex_uhf -E 'test(uhf_orbitals_feed_the_optimizer)'	#184/#178	public Julia name (not exported)
A030	julia-api	function	MVMCExpertModeParsers.parse_gutzwiller_content	crates/mvmc-expert-parsers/src/parsers/gutzwiller.rs::parse_gutzwiller_content	Implemented	unit test (no external reference)	issue350_complex_uhf::uhf_orbitals_feed_the_optimizer; issue350_complex_uhf::unconverged_run_exits_255_after_writing_files_like_c; issue350_complex_uhf::usage_and_missing_files_are_errors_not_crashes; (+56 referencing tests)	PASS 3/3	cargo nextest run -p mvmc-cli --cargo-profile test-fast --test issue350_complex_uhf -E 'test(uhf_orbitals_feed_the_optimizer)'	#184/#178	public Julia name (not exported)
A031	julia-api	function	MVMCExpertModeParsers.parse_gutzwiller_content_extended	crates/mvmc-expert-parsers/src/parsers/gutzwiller.rs::parse_gutzwiller_content	Implemented	unit test (no external reference)	issue350_complex_uhf::uhf_orbitals_feed_the_optimizer; issue350_complex_uhf::unconverged_run_exits_255_after_writing_files_like_c; issue350_complex_uhf::usage_and_missing_files_are_errors_not_crashes; (+56 referencing tests)	PASS 3/3	cargo nextest run -p mvmc-cli --cargo-profile test-fast --test issue350_complex_uhf -E 'test(uhf_orbitals_feed_the_optimizer)'	#184/#178	public Julia name (not exported)
A032	julia-api	function	MVMCExpertModeParsers.parse_gutzwiller_term	crates/mvmc-expert-parsers/src/parsers/gutzwiller.rs::parse_gutzwiller_content	Implemented	unit test (no external reference)	issue350_complex_uhf::uhf_orbitals_feed_the_optimizer; issue350_complex_uhf::unconverged_run_exits_255_after_writing_files_like_c; issue350_complex_uhf::usage_and_missing_files_are_errors_not_crashes; (+56 referencing tests)	PASS 3/3	cargo nextest run -p mvmc-cli --cargo-profile test-fast --test issue350_complex_uhf -E 'test(uhf_orbitals_feed_the_optimizer)'	#184/#178	public Julia name (not exported)
A033	julia-api	function	MVMCExpertModeParsers.parse_hund_def	crates/mvmc-expert-parsers/src/parsers/hund.rs::parse_hund_def	Implemented	unit test (no external reference)	issue350_complex_uhf::uhf_orbitals_feed_the_optimizer; issue350_complex_uhf::unconverged_run_exits_255_after_writing_files_like_c; issue350_complex_uhf::usage_and_missing_files_are_errors_not_crashes; (+52 referencing tests)	PASS 3/3	cargo nextest run -p mvmc-cli --cargo-profile test-fast --test issue350_complex_uhf -E 'test(uhf_orbitals_feed_the_optimizer)'	#184/#178	public Julia name (not exported)
A034	julia-api	function	MVMCExpertModeParsers.parse_hund_content	crates/mvmc-expert-parsers/src/parsers/hund.rs::parse_hund_content	Implemented	unit test (no external reference)	issue350_complex_uhf::uhf_orbitals_feed_the_optimizer; issue350_complex_uhf::unconverged_run_exits_255_after_writing_files_like_c; issue350_complex_uhf::usage_and_missing_files_are_errors_not_crashes; (+53 referencing tests)	PASS 3/3	cargo nextest run -p mvmc-cli --cargo-profile test-fast --test issue350_complex_uhf -E 'test(uhf_orbitals_feed_the_optimizer)'	#184/#178	public Julia name (not exported)
A035	julia-api	function	MVMCExpertModeParsers.parse_interall_def	crates/mvmc-expert-parsers/src/parsers/interall.rs::parse_interall_def	Excluded (InterAll, separately owned)	unit test (no external reference)	issue350_complex_uhf::uhf_orbitals_feed_the_optimizer; issue350_complex_uhf::unconverged_run_exits_255_after_writing_files_like_c; issue350_complex_uhf::usage_and_missing_files_are_errors_not_crashes; (+54 referencing tests)	PASS 3/3	cargo nextest run -p mvmc-cli --cargo-profile test-fast --test issue350_complex_uhf -E 'test(uhf_orbitals_feed_the_optimizer)'	OUT_OF_SCOPE separate InterAll owner	public Julia name (not exported)
A036	julia-api	function	MVMCExpertModeParsers.parse_interall_content	crates/mvmc-expert-parsers/src/parsers/interall.rs::parse_interall_content	Excluded (InterAll, separately owned)	unit test (no external reference)	issue350_complex_uhf::uhf_orbitals_feed_the_optimizer; issue350_complex_uhf::unconverged_run_exits_255_after_writing_files_like_c; issue350_complex_uhf::usage_and_missing_files_are_errors_not_crashes; (+55 referencing tests)	PASS 3/3	cargo nextest run -p mvmc-cli --cargo-profile test-fast --test issue350_complex_uhf -E 'test(uhf_orbitals_feed_the_optimizer)'	OUT_OF_SCOPE separate InterAll owner	public Julia name (not exported)
A037	julia-api	function	MVMCExpertModeParsers.parse_jastrow_def	crates/mvmc-expert-parsers/src/parsers/jastrow.rs::parse_jastrow_def	Implemented	unit test (no external reference)	issue350_complex_uhf::uhf_orbitals_feed_the_optimizer; issue350_complex_uhf::unconverged_run_exits_255_after_writing_files_like_c; issue350_complex_uhf::usage_and_missing_files_are_errors_not_crashes; (+52 referencing tests)	PASS 3/3	cargo nextest run -p mvmc-cli --cargo-profile test-fast --test issue350_complex_uhf -E 'test(uhf_orbitals_feed_the_optimizer)'	#184/#178	public Julia name (not exported)
A038	julia-api	function	MVMCExpertModeParsers.parse_jastrow_content	crates/mvmc-expert-parsers/src/parsers/jastrow.rs::parse_jastrow_content	Implemented	unit test (no external reference)	issue350_complex_uhf::uhf_orbitals_feed_the_optimizer; issue350_complex_uhf::unconverged_run_exits_255_after_writing_files_like_c; issue350_complex_uhf::usage_and_missing_files_are_errors_not_crashes; (+58 referencing tests)	PASS 3/3	cargo nextest run -p mvmc-cli --cargo-profile test-fast --test issue350_complex_uhf -E 'test(uhf_orbitals_feed_the_optimizer)'	#184/#178	public Julia name (not exported)
A039	julia-api	type	MVMCExpertModeParsers.JastrowParseResult	crates/mvmc-expert-parsers/src/parsers/jastrow.rs::JastrowSection	Implemented	unit test (no external reference)	issue350_complex_uhf::uhf_orbitals_feed_the_optimizer; issue350_complex_uhf::unconverged_run_exits_255_after_writing_files_like_c; issue350_complex_uhf::usage_and_missing_files_are_errors_not_crashes; (+52 referencing tests)	PASS 3/3	cargo nextest run -p mvmc-cli --cargo-profile test-fast --test issue350_complex_uhf -E 'test(uhf_orbitals_feed_the_optimizer)'	#184/#178	public Julia name (not exported)
A040	julia-api	function	MVMCExpertModeParsers.parse_jastrow_content_extended	crates/mvmc-expert-parsers/src/parsers/jastrow.rs::parse_jastrow_content	Implemented	unit test (no external reference)	issue350_complex_uhf::uhf_orbitals_feed_the_optimizer; issue350_complex_uhf::unconverged_run_exits_255_after_writing_files_like_c; issue350_complex_uhf::usage_and_missing_files_are_errors_not_crashes; (+58 referencing tests)	PASS 3/3	cargo nextest run -p mvmc-cli --cargo-profile test-fast --test issue350_complex_uhf -E 'test(uhf_orbitals_feed_the_optimizer)'	#184/#178	public Julia name (not exported)
A041	julia-api	function	MVMCExpertModeParsers.parse_jastrow_term	crates/mvmc-expert-parsers/src/parsers/jastrow.rs::parse_jastrow_content	Implemented	unit test (no external reference)	issue350_complex_uhf::uhf_orbitals_feed_the_optimizer; issue350_complex_uhf::unconverged_run_exits_255_after_writing_files_like_c; issue350_complex_uhf::usage_and_missing_files_are_errors_not_crashes; (+58 referencing tests)	PASS 3/3	cargo nextest run -p mvmc-cli --cargo-profile test-fast --test issue350_complex_uhf -E 'test(uhf_orbitals_feed_the_optimizer)'	#184/#178	public Julia name (not exported)
A042	julia-api	function	MVMCExpertModeParsers.build_jastrow_idx_matrix	crates/mvmc-expert-parsers/src/parsers/jastrow.rs::parse_jastrow_content	Implemented	unit test (no external reference)	issue350_complex_uhf::uhf_orbitals_feed_the_optimizer; issue350_complex_uhf::unconverged_run_exits_255_after_writing_files_like_c; issue350_complex_uhf::usage_and_missing_files_are_errors_not_crashes; (+58 referencing tests)	PASS 3/3	cargo nextest run -p mvmc-cli --cargo-profile test-fast --test issue350_complex_uhf -E 'test(uhf_orbitals_feed_the_optimizer)'	#184/#178	public Julia name (not exported)
A043	julia-api	function	MVMCExpertModeParsers.parse_locspin_def	crates/mvmc-expert-parsers/src/parsers/locspin.rs::parse_locspin_def	Implemented	unit test (no external reference)	issue350_complex_uhf::uhf_orbitals_feed_the_optimizer; issue350_complex_uhf::unconverged_run_exits_255_after_writing_files_like_c; issue350_complex_uhf::usage_and_missing_files_are_errors_not_crashes; (+52 referencing tests)	PASS 3/3	cargo nextest run -p mvmc-cli --cargo-profile test-fast --test issue350_complex_uhf -E 'test(uhf_orbitals_feed_the_optimizer)'	#184/#178	public Julia name (not exported)
A044	julia-api	function	MVMCExpertModeParsers.parse_locspin_content	crates/mvmc-expert-parsers/src/parsers/locspin.rs::parse_locspin_content	Implemented	unit test (no external reference)	issue350_complex_uhf::uhf_orbitals_feed_the_optimizer; issue350_complex_uhf::unconverged_run_exits_255_after_writing_files_like_c; issue350_complex_uhf::usage_and_missing_files_are_errors_not_crashes; (+53 referencing tests)	PASS 3/3	cargo nextest run -p mvmc-cli --cargo-profile test-fast --test issue350_complex_uhf -E 'test(uhf_orbitals_feed_the_optimizer)'	#184/#178	public Julia name (not exported)
A045	julia-api	function	MVMCExpertModeParsers.parse_modpara_def	crates/mvmc-expert-parsers/src/parsers/modpara.rs::parse_modpara_def	Implemented	unit test (no external reference)	issue350_complex_uhf::uhf_orbitals_feed_the_optimizer; issue350_complex_uhf::unconverged_run_exits_255_after_writing_files_like_c; issue350_complex_uhf::usage_and_missing_files_are_errors_not_crashes; (+298 referencing tests)	PASS 3/3	cargo nextest run -p mvmc-cli --cargo-profile test-fast --test issue350_complex_uhf -E 'test(uhf_orbitals_feed_the_optimizer)'	#184/#178	public Julia name (not exported)
A046	julia-api	function	MVMCExpertModeParsers.parse_modpara_content	crates/mvmc-expert-parsers/src/parsers/modpara.rs::parse_modpara_content; crates/mvmc-expert-parsers/tests/issue184_modpara_semantics.rs::empty_public_modpara_parser_retains_c_solver_control_defaults (6-17)	Implemented	unit test (no external reference)	issue350_complex_uhf::uhf_orbitals_feed_the_optimizer; issue350_complex_uhf::unconverged_run_exits_255_after_writing_files_like_c; issue350_complex_uhf::usage_and_missing_files_are_errors_not_crashes; (+302 referencing tests)	PASS 3/3	cargo nextest run -p mvmc-cli --cargo-profile test-fast --test issue350_complex_uhf -E 'test(uhf_orbitals_feed_the_optimizer)'	#184 Chandra ledger; Pauli parser implementation; parent historical proof and fresh-run owner	public Julia name (not exported)
A047	julia-api	function	MVMCExpertModeParsers.parse_modpara_parameter!	crates/mvmc-expert-parsers/src/parsers/modpara.rs::parse_modpara_content	Implemented	unit test (no external reference)	issue350_complex_uhf::uhf_orbitals_feed_the_optimizer; issue350_complex_uhf::unconverged_run_exits_255_after_writing_files_like_c; issue350_complex_uhf::usage_and_missing_files_are_errors_not_crashes; (+302 referencing tests)	PASS 3/3	cargo nextest run -p mvmc-cli --cargo-profile test-fast --test issue350_complex_uhf -E 'test(uhf_orbitals_feed_the_optimizer)'	#184/#178	public Julia name (not exported)
A048	julia-api	function	MVMCExpertModeParsers.parse_orbital_def	crates/mvmc-expert-parsers/src/parsers/orbital.rs::parse_orbital_def	Implemented	unit test (no external reference)	issue350_complex_uhf::uhf_orbitals_feed_the_optimizer; issue350_complex_uhf::unconverged_run_exits_255_after_writing_files_like_c; issue350_complex_uhf::usage_and_missing_files_are_errors_not_crashes; (+71 referencing tests)	PASS 3/3	cargo nextest run -p mvmc-cli --cargo-profile test-fast --test issue350_complex_uhf -E 'test(uhf_orbitals_feed_the_optimizer)'	#184/#178	public Julia name (not exported)
A049	julia-api	function	MVMCExpertModeParsers.parse_orbital_content	crates/mvmc-expert-parsers/src/parsers/orbital.rs::parse_orbital_content	Implemented	unit test (no external reference)	issue350_complex_uhf::uhf_orbitals_feed_the_optimizer; issue350_complex_uhf::unconverged_run_exits_255_after_writing_files_like_c; issue350_complex_uhf::usage_and_missing_files_are_errors_not_crashes; (+73 referencing tests)	PASS 3/3	cargo nextest run -p mvmc-cli --cargo-profile test-fast --test issue350_complex_uhf -E 'test(uhf_orbitals_feed_the_optimizer)'	#184/#178	public Julia name (not exported)
A050	julia-api	function	MVMCExpertModeParsers.parse_orbital_term	crates/mvmc-expert-parsers/src/parsers/orbital.rs::parse_orbital_content	Implemented	unit test (no external reference)	issue350_complex_uhf::uhf_orbitals_feed_the_optimizer; issue350_complex_uhf::unconverged_run_exits_255_after_writing_files_like_c; issue350_complex_uhf::usage_and_missing_files_are_errors_not_crashes; (+73 referencing tests)	PASS 3/3	cargo nextest run -p mvmc-cli --cargo-profile test-fast --test issue350_complex_uhf -E 'test(uhf_orbitals_feed_the_optimizer)'	#184/#178	public Julia name (not exported)
A051	julia-api	function	MVMCExpertModeParsers.parse_pairhop_def	crates/mvmc-expert-parsers/src/parsers/pairhop.rs::parse_pairhop_def	Implemented	unit test (no external reference)	issue350_complex_uhf::uhf_orbitals_feed_the_optimizer; issue350_complex_uhf::unconverged_run_exits_255_after_writing_files_like_c; issue350_complex_uhf::usage_and_missing_files_are_errors_not_crashes; (+55 referencing tests)	PASS 3/3	cargo nextest run -p mvmc-cli --cargo-profile test-fast --test issue350_complex_uhf -E 'test(uhf_orbitals_feed_the_optimizer)'	#184/#178	public Julia name (not exported)
A052	julia-api	function	MVMCExpertModeParsers.parse_pairhop_content	crates/mvmc-expert-parsers/src/parsers/pairhop.rs::parse_pairhop_content; crates/mvmc-expert-parsers/tests/issue184_literal_hamiltonian_parsers.rs::original_pairhop_payloads_expand_every_directed_row_in_c_order (57-81)	Implemented	unit test (no external reference)	issue350_complex_uhf::uhf_orbitals_feed_the_optimizer; issue350_complex_uhf::unconverged_run_exits_255_after_writing_files_like_c; issue350_complex_uhf::usage_and_missing_files_are_errors_not_crashes; (+55 referencing tests)	PASS 3/3	cargo nextest run -p mvmc-cli --cargo-profile test-fast --test issue350_complex_uhf -E 'test(uhf_orbitals_feed_the_optimizer)'	#184 Chandra ledger; Pauli parser implementation; parent independent FULL81 review and fresh execution	public Julia name (not exported)
A053	julia-api	function	MVMCExpertModeParsers.parse_qptrans_def	crates/mvmc-expert-parsers/src/parsers/qptrans.rs::parse_qptrans_def	Implemented	unit test (no external reference)	issue350_complex_uhf::uhf_orbitals_feed_the_optimizer; issue350_complex_uhf::unconverged_run_exits_255_after_writing_files_like_c; issue350_complex_uhf::usage_and_missing_files_are_errors_not_crashes; (+62 referencing tests)	PASS 3/3	cargo nextest run -p mvmc-cli --cargo-profile test-fast --test issue350_complex_uhf -E 'test(uhf_orbitals_feed_the_optimizer)'	#184/#178	public Julia name (not exported)
A054	julia-api	function	MVMCExpertModeParsers.parse_qptrans_content	crates/mvmc-expert-parsers/src/parsers/qptrans.rs::parse_qptrans_content	Implemented	unit test (no external reference)	issue350_complex_uhf::uhf_orbitals_feed_the_optimizer; issue350_complex_uhf::unconverged_run_exits_255_after_writing_files_like_c; issue350_complex_uhf::usage_and_missing_files_are_errors_not_crashes; (+56 referencing tests)	PASS 3/3	cargo nextest run -p mvmc-cli --cargo-profile test-fast --test issue350_complex_uhf -E 'test(uhf_orbitals_feed_the_optimizer)'	#184/#178	public Julia name (not exported)
A055	julia-api	function	MVMCExpertModeParsers.parse_qptrans_term	crates/mvmc-expert-parsers/src/parsers/qptrans.rs::parse_qptrans_content	Implemented	unit test (no external reference)	issue350_complex_uhf::uhf_orbitals_feed_the_optimizer; issue350_complex_uhf::unconverged_run_exits_255_after_writing_files_like_c; issue350_complex_uhf::usage_and_missing_files_are_errors_not_crashes; (+56 referencing tests)	PASS 3/3	cargo nextest run -p mvmc-cli --cargo-profile test-fast --test issue350_complex_uhf -E 'test(uhf_orbitals_feed_the_optimizer)'	#184/#178	public Julia name (not exported)
A056	julia-api	function	MVMCExpertModeParsers.parse_qptransidx_def	crates/mvmc-expert-parsers/src/parsers/qptrans.rs::parse_qptrans_def	Implemented	unit test (no external reference)	issue350_complex_uhf::uhf_orbitals_feed_the_optimizer; issue350_complex_uhf::unconverged_run_exits_255_after_writing_files_like_c; issue350_complex_uhf::usage_and_missing_files_are_errors_not_crashes; (+62 referencing tests)	PASS 3/3	cargo nextest run -p mvmc-cli --cargo-profile test-fast --test issue350_complex_uhf -E 'test(uhf_orbitals_feed_the_optimizer)'	#184/#178	public Julia name (not exported)
A057	julia-api	function	MVMCExpertModeParsers.parse_qptransidx_content	crates/mvmc-expert-parsers/src/parsers/qptrans.rs::parse_qptrans_content	Implemented	unit test (no external reference)	issue350_complex_uhf::uhf_orbitals_feed_the_optimizer; issue350_complex_uhf::unconverged_run_exits_255_after_writing_files_like_c; issue350_complex_uhf::usage_and_missing_files_are_errors_not_crashes; (+56 referencing tests)	PASS 3/3	cargo nextest run -p mvmc-cli --cargo-profile test-fast --test issue350_complex_uhf -E 'test(uhf_orbitals_feed_the_optimizer)'	#184/#178	public Julia name (not exported)
A058	julia-api	function	MVMCExpertModeParsers.parse_opttrans_def!	crates/mvmc-expert-parsers/src/parsers/opttrans.rs::parse_opttrans_def	Implemented	unit test (no external reference)	issue350_complex_uhf::uhf_orbitals_feed_the_optimizer; issue350_complex_uhf::unconverged_run_exits_255_after_writing_files_like_c; issue350_complex_uhf::usage_and_missing_files_are_errors_not_crashes; (+53 referencing tests)	PASS 3/3	cargo nextest run -p mvmc-cli --cargo-profile test-fast --test issue350_complex_uhf -E 'test(uhf_orbitals_feed_the_optimizer)'	#184/#178	public Julia name (not exported)
A059	julia-api	type	MVMCExpertModeParsers.RBMParseResult	crates/mvmc-expert-parsers/src/parsers/rbm.rs::RbmSection	Implemented	unit test (no external reference)	issue350_complex_uhf::uhf_orbitals_feed_the_optimizer; issue350_complex_uhf::unconverged_run_exits_255_after_writing_files_like_c; issue350_complex_uhf::usage_and_missing_files_are_errors_not_crashes; (+52 referencing tests)	PASS 3/3	cargo nextest run -p mvmc-cli --cargo-profile test-fast --test issue350_complex_uhf -E 'test(uhf_orbitals_feed_the_optimizer)'	#184/#178	public Julia name (not exported)
A060	julia-api	function	MVMCExpertModeParsers.parse_charge_rbm_phys_layer_content_extended	crates/mvmc-expert-parsers/src/parsers/rbm.rs::parse_rbm_content	Implemented	unit test (no external reference)	issue350_complex_uhf::uhf_orbitals_feed_the_optimizer; issue350_complex_uhf::unconverged_run_exits_255_after_writing_files_like_c; issue350_complex_uhf::usage_and_missing_files_are_errors_not_crashes; (+54 referencing tests)	PASS 3/3	cargo nextest run -p mvmc-cli --cargo-profile test-fast --test issue350_complex_uhf -E 'test(uhf_orbitals_feed_the_optimizer)'	#184/#178	public Julia name (not exported)
A061	julia-api	function	MVMCExpertModeParsers.parse_charge_rbm_phys_layer_content	crates/mvmc-expert-parsers/src/parsers/rbm.rs::parse_rbm_content	Implemented	unit test (no external reference)	issue350_complex_uhf::uhf_orbitals_feed_the_optimizer; issue350_complex_uhf::unconverged_run_exits_255_after_writing_files_like_c; issue350_complex_uhf::usage_and_missing_files_are_errors_not_crashes; (+54 referencing tests)	PASS 3/3	cargo nextest run -p mvmc-cli --cargo-profile test-fast --test issue350_complex_uhf -E 'test(uhf_orbitals_feed_the_optimizer)'	#184/#178	public Julia name (not exported)
A062	julia-api	function	MVMCExpertModeParsers.parse_charge_rbm_phys_layer_def	crates/mvmc-expert-parsers/src/parsers/rbm.rs::parse_rbm_content	Implemented	unit test (no external reference)	issue350_complex_uhf::uhf_orbitals_feed_the_optimizer; issue350_complex_uhf::unconverged_run_exits_255_after_writing_files_like_c; issue350_complex_uhf::usage_and_missing_files_are_errors_not_crashes; (+54 referencing tests)	PASS 3/3	cargo nextest run -p mvmc-cli --cargo-profile test-fast --test issue350_complex_uhf -E 'test(uhf_orbitals_feed_the_optimizer)'	#184/#178	public Julia name (not exported)
A063	julia-api	function	MVMCExpertModeParsers.parse_spin_rbm_phys_layer_content_extended	crates/mvmc-expert-parsers/src/parsers/rbm.rs::parse_rbm_content	Implemented	unit test (no external reference)	issue350_complex_uhf::uhf_orbitals_feed_the_optimizer; issue350_complex_uhf::unconverged_run_exits_255_after_writing_files_like_c; issue350_complex_uhf::usage_and_missing_files_are_errors_not_crashes; (+54 referencing tests)	PASS 3/3	cargo nextest run -p mvmc-cli --cargo-profile test-fast --test issue350_complex_uhf -E 'test(uhf_orbitals_feed_the_optimizer)'	#184/#178	public Julia name (not exported)
A064	julia-api	function	MVMCExpertModeParsers.parse_spin_rbm_phys_layer_content	crates/mvmc-expert-parsers/src/parsers/rbm.rs::parse_rbm_content	Implemented	unit test (no external reference)	issue350_complex_uhf::uhf_orbitals_feed_the_optimizer; issue350_complex_uhf::unconverged_run_exits_255_after_writing_files_like_c; issue350_complex_uhf::usage_and_missing_files_are_errors_not_crashes; (+54 referencing tests)	PASS 3/3	cargo nextest run -p mvmc-cli --cargo-profile test-fast --test issue350_complex_uhf -E 'test(uhf_orbitals_feed_the_optimizer)'	#184/#178	public Julia name (not exported)
A065	julia-api	function	MVMCExpertModeParsers.parse_spin_rbm_phys_layer_def	crates/mvmc-expert-parsers/src/parsers/rbm.rs::parse_rbm_content	Implemented	unit test (no external reference)	issue350_complex_uhf::uhf_orbitals_feed_the_optimizer; issue350_complex_uhf::unconverged_run_exits_255_after_writing_files_like_c; issue350_complex_uhf::usage_and_missing_files_are_errors_not_crashes; (+54 referencing tests)	PASS 3/3	cargo nextest run -p mvmc-cli --cargo-profile test-fast --test issue350_complex_uhf -E 'test(uhf_orbitals_feed_the_optimizer)'	#184/#178	public Julia name (not exported)
A066	julia-api	function	MVMCExpertModeParsers.parse_general_rbm_phys_layer_content_extended	crates/mvmc-expert-parsers/src/parsers/rbm.rs::parse_rbm_content	Implemented	unit test (no external reference)	issue350_complex_uhf::uhf_orbitals_feed_the_optimizer; issue350_complex_uhf::unconverged_run_exits_255_after_writing_files_like_c; issue350_complex_uhf::usage_and_missing_files_are_errors_not_crashes; (+54 referencing tests)	PASS 3/3	cargo nextest run -p mvmc-cli --cargo-profile test-fast --test issue350_complex_uhf -E 'test(uhf_orbitals_feed_the_optimizer)'	#184/#178	public Julia name (not exported)
A067	julia-api	function	MVMCExpertModeParsers.parse_general_rbm_phys_layer_content	crates/mvmc-expert-parsers/src/parsers/rbm.rs::parse_rbm_content	Implemented	unit test (no external reference)	issue350_complex_uhf::uhf_orbitals_feed_the_optimizer; issue350_complex_uhf::unconverged_run_exits_255_after_writing_files_like_c; issue350_complex_uhf::usage_and_missing_files_are_errors_not_crashes; (+54 referencing tests)	PASS 3/3	cargo nextest run -p mvmc-cli --cargo-profile test-fast --test issue350_complex_uhf -E 'test(uhf_orbitals_feed_the_optimizer)'	#184/#178	public Julia name (not exported)
A068	julia-api	function	MVMCExpertModeParsers.parse_general_rbm_phys_layer_def	crates/mvmc-expert-parsers/src/parsers/rbm.rs::parse_rbm_content	Implemented	unit test (no external reference)	issue350_complex_uhf::uhf_orbitals_feed_the_optimizer; issue350_complex_uhf::unconverged_run_exits_255_after_writing_files_like_c; issue350_complex_uhf::usage_and_missing_files_are_errors_not_crashes; (+54 referencing tests)	PASS 3/3	cargo nextest run -p mvmc-cli --cargo-profile test-fast --test issue350_complex_uhf -E 'test(uhf_orbitals_feed_the_optimizer)'	#184/#178	public Julia name (not exported)
A069	julia-api	function	MVMCExpertModeParsers.parse_charge_rbm_hidden_layer_content_extended	crates/mvmc-expert-parsers/src/parsers/rbm.rs::parse_rbm_content	Implemented	unit test (no external reference)	issue350_complex_uhf::uhf_orbitals_feed_the_optimizer; issue350_complex_uhf::unconverged_run_exits_255_after_writing_files_like_c; issue350_complex_uhf::usage_and_missing_files_are_errors_not_crashes; (+54 referencing tests)	PASS 3/3	cargo nextest run -p mvmc-cli --cargo-profile test-fast --test issue350_complex_uhf -E 'test(uhf_orbitals_feed_the_optimizer)'	#184/#178	public Julia name (not exported)
A070	julia-api	function	MVMCExpertModeParsers.parse_charge_rbm_hidden_layer_content	crates/mvmc-expert-parsers/src/parsers/rbm.rs::parse_rbm_content	Implemented	unit test (no external reference)	issue350_complex_uhf::uhf_orbitals_feed_the_optimizer; issue350_complex_uhf::unconverged_run_exits_255_after_writing_files_like_c; issue350_complex_uhf::usage_and_missing_files_are_errors_not_crashes; (+54 referencing tests)	PASS 3/3	cargo nextest run -p mvmc-cli --cargo-profile test-fast --test issue350_complex_uhf -E 'test(uhf_orbitals_feed_the_optimizer)'	#184/#178	public Julia name (not exported)
A071	julia-api	function	MVMCExpertModeParsers.parse_charge_rbm_hidden_layer_def	crates/mvmc-expert-parsers/src/parsers/rbm.rs::parse_rbm_content	Implemented	unit test (no external reference)	issue350_complex_uhf::uhf_orbitals_feed_the_optimizer; issue350_complex_uhf::unconverged_run_exits_255_after_writing_files_like_c; issue350_complex_uhf::usage_and_missing_files_are_errors_not_crashes; (+54 referencing tests)	PASS 3/3	cargo nextest run -p mvmc-cli --cargo-profile test-fast --test issue350_complex_uhf -E 'test(uhf_orbitals_feed_the_optimizer)'	#184/#178	public Julia name (not exported)
A072	julia-api	function	MVMCExpertModeParsers.parse_spin_rbm_hidden_layer_content_extended	crates/mvmc-expert-parsers/src/parsers/rbm.rs::parse_rbm_content	Implemented	unit test (no external reference)	issue350_complex_uhf::uhf_orbitals_feed_the_optimizer; issue350_complex_uhf::unconverged_run_exits_255_after_writing_files_like_c; issue350_complex_uhf::usage_and_missing_files_are_errors_not_crashes; (+54 referencing tests)	PASS 3/3	cargo nextest run -p mvmc-cli --cargo-profile test-fast --test issue350_complex_uhf -E 'test(uhf_orbitals_feed_the_optimizer)'	#184/#178	public Julia name (not exported)
A073	julia-api	function	MVMCExpertModeParsers.parse_spin_rbm_hidden_layer_content	crates/mvmc-expert-parsers/src/parsers/rbm.rs::parse_rbm_content	Implemented	unit test (no external reference)	issue350_complex_uhf::uhf_orbitals_feed_the_optimizer; issue350_complex_uhf::unconverged_run_exits_255_after_writing_files_like_c; issue350_complex_uhf::usage_and_missing_files_are_errors_not_crashes; (+54 referencing tests)	PASS 3/3	cargo nextest run -p mvmc-cli --cargo-profile test-fast --test issue350_complex_uhf -E 'test(uhf_orbitals_feed_the_optimizer)'	#184/#178	public Julia name (not exported)
A074	julia-api	function	MVMCExpertModeParsers.parse_spin_rbm_hidden_layer_def	crates/mvmc-expert-parsers/src/parsers/rbm.rs::parse_rbm_content	Implemented	unit test (no external reference)	issue350_complex_uhf::uhf_orbitals_feed_the_optimizer; issue350_complex_uhf::unconverged_run_exits_255_after_writing_files_like_c; issue350_complex_uhf::usage_and_missing_files_are_errors_not_crashes; (+54 referencing tests)	PASS 3/3	cargo nextest run -p mvmc-cli --cargo-profile test-fast --test issue350_complex_uhf -E 'test(uhf_orbitals_feed_the_optimizer)'	#184/#178	public Julia name (not exported)
A075	julia-api	function	MVMCExpertModeParsers.parse_general_rbm_hidden_layer_content_extended	crates/mvmc-expert-parsers/src/parsers/rbm.rs::parse_rbm_content	Implemented	unit test (no external reference)	issue350_complex_uhf::uhf_orbitals_feed_the_optimizer; issue350_complex_uhf::unconverged_run_exits_255_after_writing_files_like_c; issue350_complex_uhf::usage_and_missing_files_are_errors_not_crashes; (+54 referencing tests)	PASS 3/3	cargo nextest run -p mvmc-cli --cargo-profile test-fast --test issue350_complex_uhf -E 'test(uhf_orbitals_feed_the_optimizer)'	#184/#178	public Julia name (not exported)
A076	julia-api	function	MVMCExpertModeParsers.parse_general_rbm_hidden_layer_content	crates/mvmc-expert-parsers/src/parsers/rbm.rs::parse_rbm_content	Implemented	unit test (no external reference)	issue350_complex_uhf::uhf_orbitals_feed_the_optimizer; issue350_complex_uhf::unconverged_run_exits_255_after_writing_files_like_c; issue350_complex_uhf::usage_and_missing_files_are_errors_not_crashes; (+54 referencing tests)	PASS 3/3	cargo nextest run -p mvmc-cli --cargo-profile test-fast --test issue350_complex_uhf -E 'test(uhf_orbitals_feed_the_optimizer)'	#184/#178	public Julia name (not exported)
A077	julia-api	function	MVMCExpertModeParsers.parse_general_rbm_hidden_layer_def	crates/mvmc-expert-parsers/src/parsers/rbm.rs::parse_rbm_content	Implemented	unit test (no external reference)	issue350_complex_uhf::uhf_orbitals_feed_the_optimizer; issue350_complex_uhf::unconverged_run_exits_255_after_writing_files_like_c; issue350_complex_uhf::usage_and_missing_files_are_errors_not_crashes; (+54 referencing tests)	PASS 3/3	cargo nextest run -p mvmc-cli --cargo-profile test-fast --test issue350_complex_uhf -E 'test(uhf_orbitals_feed_the_optimizer)'	#184/#178	public Julia name (not exported)
A078	julia-api	function	MVMCExpertModeParsers.parse_charge_rbm_phys_hidden_content_extended	crates/mvmc-expert-parsers/src/parsers/rbm.rs::parse_rbm_content	Implemented	unit test (no external reference)	issue350_complex_uhf::uhf_orbitals_feed_the_optimizer; issue350_complex_uhf::unconverged_run_exits_255_after_writing_files_like_c; issue350_complex_uhf::usage_and_missing_files_are_errors_not_crashes; (+54 referencing tests)	PASS 3/3	cargo nextest run -p mvmc-cli --cargo-profile test-fast --test issue350_complex_uhf -E 'test(uhf_orbitals_feed_the_optimizer)'	#184/#178	public Julia name (not exported)
A079	julia-api	function	MVMCExpertModeParsers.parse_charge_rbm_phys_hidden_content	crates/mvmc-expert-parsers/src/parsers/rbm.rs::parse_rbm_content	Implemented	unit test (no external reference)	issue350_complex_uhf::uhf_orbitals_feed_the_optimizer; issue350_complex_uhf::unconverged_run_exits_255_after_writing_files_like_c; issue350_complex_uhf::usage_and_missing_files_are_errors_not_crashes; (+54 referencing tests)	PASS 3/3	cargo nextest run -p mvmc-cli --cargo-profile test-fast --test issue350_complex_uhf -E 'test(uhf_orbitals_feed_the_optimizer)'	#184/#178	public Julia name (not exported)
A080	julia-api	function	MVMCExpertModeParsers.parse_charge_rbm_phys_hidden_def	crates/mvmc-expert-parsers/src/parsers/rbm.rs::parse_rbm_content	Implemented	unit test (no external reference)	issue350_complex_uhf::uhf_orbitals_feed_the_optimizer; issue350_complex_uhf::unconverged_run_exits_255_after_writing_files_like_c; issue350_complex_uhf::usage_and_missing_files_are_errors_not_crashes; (+54 referencing tests)	PASS 3/3	cargo nextest run -p mvmc-cli --cargo-profile test-fast --test issue350_complex_uhf -E 'test(uhf_orbitals_feed_the_optimizer)'	#184/#178	public Julia name (not exported)
A081	julia-api	function	MVMCExpertModeParsers.parse_spin_rbm_phys_hidden_content_extended	crates/mvmc-expert-parsers/src/parsers/rbm.rs::parse_rbm_content	Implemented	unit test (no external reference)	issue350_complex_uhf::uhf_orbitals_feed_the_optimizer; issue350_complex_uhf::unconverged_run_exits_255_after_writing_files_like_c; issue350_complex_uhf::usage_and_missing_files_are_errors_not_crashes; (+54 referencing tests)	PASS 3/3	cargo nextest run -p mvmc-cli --cargo-profile test-fast --test issue350_complex_uhf -E 'test(uhf_orbitals_feed_the_optimizer)'	#184/#178	public Julia name (not exported)
A082	julia-api	function	MVMCExpertModeParsers.parse_spin_rbm_phys_hidden_content	crates/mvmc-expert-parsers/src/parsers/rbm.rs::parse_rbm_content	Implemented	unit test (no external reference)	issue350_complex_uhf::uhf_orbitals_feed_the_optimizer; issue350_complex_uhf::unconverged_run_exits_255_after_writing_files_like_c; issue350_complex_uhf::usage_and_missing_files_are_errors_not_crashes; (+54 referencing tests)	PASS 3/3	cargo nextest run -p mvmc-cli --cargo-profile test-fast --test issue350_complex_uhf -E 'test(uhf_orbitals_feed_the_optimizer)'	#184/#178	public Julia name (not exported)
A083	julia-api	function	MVMCExpertModeParsers.parse_spin_rbm_phys_hidden_def	crates/mvmc-expert-parsers/src/parsers/rbm.rs::parse_rbm_content	Implemented	unit test (no external reference)	issue350_complex_uhf::uhf_orbitals_feed_the_optimizer; issue350_complex_uhf::unconverged_run_exits_255_after_writing_files_like_c; issue350_complex_uhf::usage_and_missing_files_are_errors_not_crashes; (+54 referencing tests)	PASS 3/3	cargo nextest run -p mvmc-cli --cargo-profile test-fast --test issue350_complex_uhf -E 'test(uhf_orbitals_feed_the_optimizer)'	#184/#178	public Julia name (not exported)
A084	julia-api	function	MVMCExpertModeParsers.parse_general_rbm_phys_hidden_content_extended	crates/mvmc-expert-parsers/src/parsers/rbm.rs::parse_rbm_content	Implemented	unit test (no external reference)	issue350_complex_uhf::uhf_orbitals_feed_the_optimizer; issue350_complex_uhf::unconverged_run_exits_255_after_writing_files_like_c; issue350_complex_uhf::usage_and_missing_files_are_errors_not_crashes; (+54 referencing tests)	PASS 3/3	cargo nextest run -p mvmc-cli --cargo-profile test-fast --test issue350_complex_uhf -E 'test(uhf_orbitals_feed_the_optimizer)'	#184/#178	public Julia name (not exported)
A085	julia-api	function	MVMCExpertModeParsers.parse_general_rbm_phys_hidden_content	crates/mvmc-expert-parsers/src/parsers/rbm.rs::parse_rbm_content	Implemented	unit test (no external reference)	issue350_complex_uhf::uhf_orbitals_feed_the_optimizer; issue350_complex_uhf::unconverged_run_exits_255_after_writing_files_like_c; issue350_complex_uhf::usage_and_missing_files_are_errors_not_crashes; (+54 referencing tests)	PASS 3/3	cargo nextest run -p mvmc-cli --cargo-profile test-fast --test issue350_complex_uhf -E 'test(uhf_orbitals_feed_the_optimizer)'	#184/#178	public Julia name (not exported)
A086	julia-api	function	MVMCExpertModeParsers.parse_general_rbm_phys_hidden_def	crates/mvmc-expert-parsers/src/parsers/rbm.rs::parse_rbm_content	Implemented	unit test (no external reference)	issue350_complex_uhf::uhf_orbitals_feed_the_optimizer; issue350_complex_uhf::unconverged_run_exits_255_after_writing_files_like_c; issue350_complex_uhf::usage_and_missing_files_are_errors_not_crashes; (+54 referencing tests)	PASS 3/3	cargo nextest run -p mvmc-cli --cargo-profile test-fast --test issue350_complex_uhf -E 'test(uhf_orbitals_feed_the_optimizer)'	#184/#178	public Julia name (not exported)
A087	julia-api	function	MVMCExpertModeParsers.parse_trans_def	crates/mvmc-expert-parsers/src/parsers/trans.rs::parse_trans_def	Implemented	unit test (no external reference)	issue350_complex_uhf::uhf_orbitals_feed_the_optimizer; issue350_complex_uhf::unconverged_run_exits_255_after_writing_files_like_c; issue350_complex_uhf::usage_and_missing_files_are_errors_not_crashes; (+67 referencing tests)	PASS 3/3	cargo nextest run -p mvmc-cli --cargo-profile test-fast --test issue350_complex_uhf -E 'test(uhf_orbitals_feed_the_optimizer)'	#184/#178	public Julia name (not exported)
A088	julia-api	function	MVMCExpertModeParsers.parse_trans_content	crates/mvmc-expert-parsers/src/parsers/trans.rs::parse_trans_content; crates/mvmc-expert-parsers/tests/issue184_literal_hamiltonian_parsers.rs::original_transfer_payload_preserves_all_sites_spin_codes_and_values (13-41)	Implemented	unit test (no external reference)	issue350_complex_uhf::uhf_orbitals_feed_the_optimizer; issue350_complex_uhf::unconverged_run_exits_255_after_writing_files_like_c; issue350_complex_uhf::usage_and_missing_files_are_errors_not_crashes; (+69 referencing tests)	PASS 3/3	cargo nextest run -p mvmc-cli --cargo-profile test-fast --test issue350_complex_uhf -E 'test(uhf_orbitals_feed_the_optimizer)'	#184 Chandra ledger; Pauli parser implementation; parent historical execution/fresh-run owner	public Julia name (not exported)
A089	julia-api	function	MVMCExpertModeParsers.parse_transfer_term	crates/mvmc-expert-parsers/src/parsers/trans.rs::parse_trans_content	Implemented	unit test (no external reference)	issue350_complex_uhf::uhf_orbitals_feed_the_optimizer; issue350_complex_uhf::unconverged_run_exits_255_after_writing_files_like_c; issue350_complex_uhf::usage_and_missing_files_are_errors_not_crashes; (+69 referencing tests)	PASS 3/3	cargo nextest run -p mvmc-cli --cargo-profile test-fast --test issue350_complex_uhf -E 'test(uhf_orbitals_feed_the_optimizer)'	#184/#178	public Julia name (not exported)
A090	julia-api	type	MVMCExpertModeParsers.ParseResult	crates/mvmc-expert-parsers/src/lib.rs::ParseError	Implemented	unit test (no external reference)	issue350_complex_uhf::uhf_orbitals_feed_the_optimizer; issue350_complex_uhf::unconverged_run_exits_255_after_writing_files_like_c; issue350_complex_uhf::usage_and_missing_files_are_errors_not_crashes; (+62 referencing tests)	PASS 3/3	cargo nextest run -p mvmc-cli --cargo-profile test-fast --test issue350_complex_uhf -E 'test(uhf_orbitals_feed_the_optimizer)'	#184/#178	public Julia name (not exported)
A091	julia-api	type	MVMCExpertModeParsers.ValidationResult	crates/mvmc-expert-parsers/src/types.rs::ValidationResult	Implemented	unit test (no external reference)	issue350_complex_uhf::uhf_orbitals_feed_the_optimizer; issue350_complex_uhf::unconverged_run_exits_255_after_writing_files_like_c; issue350_complex_uhf::usage_and_missing_files_are_errors_not_crashes; (+52 referencing tests)	PASS 3/3	cargo nextest run -p mvmc-cli --cargo-profile test-fast --test issue350_complex_uhf -E 'test(uhf_orbitals_feed_the_optimizer)'	#184/#178	public Julia name (not exported)
A092	julia-api	type	MVMCExpertModeParsers.FileInfo	std::fs::metadata and mvmc_expert_parsers::ParseError in parse_expert_mode_files	Intentional difference	C fixture	physcal_reference::all_hamiltonian_terms_cli_lanczos_matches_independent_base_and_corrected_outputs; physcal_reference::empty_lanczos_gex_requires_exact_c_lf; runtime_contract::normal_interall_scientific_coefficients_and_c_counts_agree_in_cli_and_library; (+90 referencing tests)	PASS 3/3	cargo nextest run -p mvmc-cli --cargo-profile test-fast --test physcal_reference -E 'test(all_hamiltonian_terms_cli_lanczos_matches_independent_base_and_corrected_outputs)'	#184/#178	public Julia name (not exported); no Rust counterpart by design: Julia metadata/context object API; std::fs::metadata and mvmc_expert_parsers::ParseError in parse_expert_mode_files
A093	julia-api	type+function	MVMCExpertModeParsers.ParsingContext	std::fs::metadata and mvmc_expert_parsers::ParseError in parse_expert_mode_files	Intentional difference	C fixture	physcal_reference::all_hamiltonian_terms_cli_lanczos_matches_independent_base_and_corrected_outputs; physcal_reference::empty_lanczos_gex_requires_exact_c_lf; runtime_contract::normal_interall_scientific_coefficients_and_c_counts_agree_in_cli_and_library; (+90 referencing tests)	PASS 3/3	cargo nextest run -p mvmc-cli --cargo-profile test-fast --test physcal_reference -E 'test(all_hamiltonian_terms_cli_lanczos_matches_independent_base_and_corrected_outputs)'	#184/#178	public Julia name (not exported); no Rust counterpart by design: Julia metadata/context object API; std::fs::metadata and mvmc_expert_parsers::ParseError in parse_expert_mode_files
A094	julia-api	type+function	MVMCExpertModeParsers.ModParaParameters	crates/mvmc-expert-parsers/src/types.rs::ModParaParameters; crates/mvmc-expert-parsers/tests/constructor_contracts.rs::original_modpara_constructor_preserves_three_explicit_fields (9-19)	Implemented	unit test (no external reference)	issue350_complex_uhf::uhf_orbitals_feed_the_optimizer; issue350_complex_uhf::unconverged_run_exits_255_after_writing_files_like_c; issue350_complex_uhf::usage_and_missing_files_are_errors_not_crashes; (+58 referencing tests)	PASS 3/3	cargo nextest run -p mvmc-cli --cargo-profile test-fast --test issue350_complex_uhf -E 'test(uhf_orbitals_feed_the_optimizer)'	#184 Chandra constructor test/ledger; parent independent FULL source review and fresh execution	public Julia name (not exported)
A095	julia-api	type+constructor-shortform	MVMCExpertModeParsers.TransferTerm	crates/mvmc-expert-parsers/src/types.rs::TransferTerm; crates/mvmc-expert-parsers/tests/constructor_contracts.rs::original_transfer_constructor_fields_use_explicit_up_spin_coordinates (24-39)	Implemented	unit test (no external reference)	issue350_complex_uhf::uhf_orbitals_feed_the_optimizer; issue350_complex_uhf::unconverged_run_exits_255_after_writing_files_like_c; issue350_complex_uhf::usage_and_missing_files_are_errors_not_crashes; (+67 referencing tests)	PASS 3/3	cargo nextest run -p mvmc-cli --cargo-profile test-fast --test issue350_complex_uhf -E 'test(uhf_orbitals_feed_the_optimizer)'	#184 Chandra constructor implementation/ledger; parent independent FULL source review and fresh execution	public Julia name (not exported)
A096	julia-api	type	MVMCExpertModeParsers.CoulombIntraTerm	crates/mvmc-expert-parsers/src/types.rs::CoulombIntraTerm; crates/mvmc-expert-parsers/tests/constructor_contracts.rs::original_coulomb_constructor_preserves_site_and_coupling (42-49)	Implemented	unit test (no external reference)	issue350_complex_uhf::uhf_orbitals_feed_the_optimizer; issue350_complex_uhf::unconverged_run_exits_255_after_writing_files_like_c; issue350_complex_uhf::usage_and_missing_files_are_errors_not_crashes; (+65 referencing tests)	PASS 3/3	cargo nextest run -p mvmc-cli --cargo-profile test-fast --test issue350_complex_uhf -E 'test(uhf_orbitals_feed_the_optimizer)'	#184 Chandra constructor implementation/ledger; parent independent FULL source review and fresh execution	public Julia name (not exported)
A097	julia-api	type	MVMCExpertModeParsers.CoulombInterTerm	crates/mvmc-expert-parsers/src/types.rs::CoulombInterTerm	Implemented	unit test (no external reference)	issue350_complex_uhf::uhf_orbitals_feed_the_optimizer; issue350_complex_uhf::unconverged_run_exits_255_after_writing_files_like_c; issue350_complex_uhf::usage_and_missing_files_are_errors_not_crashes; (+57 referencing tests)	PASS 3/3	cargo nextest run -p mvmc-cli --cargo-profile test-fast --test issue350_complex_uhf -E 'test(uhf_orbitals_feed_the_optimizer)'	#184/#178	public Julia name (not exported)
A098	julia-api	type	MVMCExpertModeParsers.HundTerm	crates/mvmc-expert-parsers/src/types.rs::HundTerm	Implemented	unit test (no external reference)	issue350_complex_uhf::uhf_orbitals_feed_the_optimizer; issue350_complex_uhf::unconverged_run_exits_255_after_writing_files_like_c; issue350_complex_uhf::usage_and_missing_files_are_errors_not_crashes; (+55 referencing tests)	PASS 3/3	cargo nextest run -p mvmc-cli --cargo-profile test-fast --test issue350_complex_uhf -E 'test(uhf_orbitals_feed_the_optimizer)'	#184/#178	public Julia name (not exported)
A099	julia-api	type	MVMCExpertModeParsers.ExchangeTerm	crates/mvmc-expert-parsers/src/types.rs::ExchangeTerm	Implemented	unit test (no external reference)	issue350_complex_uhf::uhf_orbitals_feed_the_optimizer; issue350_complex_uhf::unconverged_run_exits_255_after_writing_files_like_c; issue350_complex_uhf::usage_and_missing_files_are_errors_not_crashes; (+55 referencing tests)	PASS 3/3	cargo nextest run -p mvmc-cli --cargo-profile test-fast --test issue350_complex_uhf -E 'test(uhf_orbitals_feed_the_optimizer)'	#184/#178	public Julia name (not exported)
A100	julia-api	type	MVMCExpertModeParsers.PairHopTerm	crates/mvmc-expert-parsers/src/types.rs::PairHopTerm; crates/mvmc-expert-parsers/tests/constructor_contracts.rs::original_pairhop_constructor_preserves_one_directed_term (52-62)	Implemented	unit test (no external reference)	issue350_complex_uhf::uhf_orbitals_feed_the_optimizer; issue350_complex_uhf::unconverged_run_exits_255_after_writing_files_like_c; issue350_complex_uhf::usage_and_missing_files_are_errors_not_crashes; (+56 referencing tests)	PASS 3/3	cargo nextest run -p mvmc-cli --cargo-profile test-fast --test issue350_complex_uhf -E 'test(uhf_orbitals_feed_the_optimizer)'	#184 Chandra constructor implementation/ledger; parent independent FULL source review and fresh execution	public Julia name (not exported)
A101	julia-api	type	MVMCExpertModeParsers.GutzwillerTerm	crates/mvmc-expert-parsers/src/types.rs::GutzwillerTerm; crates/mvmc-expert-parsers/tests/constructor_contracts.rs::original_gutzwiller_constructor_preserves_literal_coefficient_fields (69-78)	Implemented	unit test (no external reference)	issue350_complex_uhf::uhf_orbitals_feed_the_optimizer; issue350_complex_uhf::unconverged_run_exits_255_after_writing_files_like_c; issue350_complex_uhf::usage_and_missing_files_are_errors_not_crashes; (+80 referencing tests)	PASS 3/3	cargo nextest run -p mvmc-cli --cargo-profile test-fast --test issue350_complex_uhf -E 'test(uhf_orbitals_feed_the_optimizer)'	#184 Chandra constructor/rejection tests and ledger; Pauli ownership ACK; parent independent FULL source review and fresh execution	public Julia name (not exported)
A102	julia-api	type	MVMCExpertModeParsers.JastrowTerm	crates/mvmc-expert-parsers/src/types.rs::JastrowTerm; crates/mvmc-expert-parsers/tests/constructor_contracts.rs::original_jastrow_constructor_preserves_literal_coefficient_fields (81-92)	Implemented	unit test (no external reference)	issue350_complex_uhf::uhf_orbitals_feed_the_optimizer; issue350_complex_uhf::unconverged_run_exits_255_after_writing_files_like_c; issue350_complex_uhf::usage_and_missing_files_are_errors_not_crashes; (+77 referencing tests)	PASS 3/3	cargo nextest run -p mvmc-cli --cargo-profile test-fast --test issue350_complex_uhf -E 'test(uhf_orbitals_feed_the_optimizer)'	#184 Chandra constructor/rejection tests and ledger; Pauli ownership ACK; parent independent FULL source review and fresh execution	public Julia name (not exported)
A103	julia-api	type+constructor-shortform	MVMCExpertModeParsers.OrbitalTerm	crates/mvmc-expert-parsers/src/types.rs::OrbitalTerm	Implemented	unit test (no external reference)	issue350_complex_uhf::uhf_orbitals_feed_the_optimizer; issue350_complex_uhf::unconverged_run_exits_255_after_writing_files_like_c; issue350_complex_uhf::usage_and_missing_files_are_errors_not_crashes; (+75 referencing tests)	PASS 3/3	cargo nextest run -p mvmc-cli --cargo-profile test-fast --test issue350_complex_uhf -E 'test(uhf_orbitals_feed_the_optimizer)'	#184/#178	public Julia name (not exported)
A104	julia-api	type	MVMCExpertModeParsers.GreenOneTerm	crates/mvmc-expert-parsers/src/types.rs::GreenOneTerm	Implemented	unit test (no external reference)	issue350_complex_uhf::uhf_orbitals_feed_the_optimizer; issue350_complex_uhf::unconverged_run_exits_255_after_writing_files_like_c; issue350_complex_uhf::usage_and_missing_files_are_errors_not_crashes; (+71 referencing tests)	PASS 3/3	cargo nextest run -p mvmc-cli --cargo-profile test-fast --test issue350_complex_uhf -E 'test(uhf_orbitals_feed_the_optimizer)'	#184/#178	public Julia name (not exported)
A105	julia-api	type	MVMCExpertModeParsers.GreenTwoTerm	crates/mvmc-expert-parsers/src/types.rs::GreenTwoTerm	Implemented	unit test (no external reference)	issue350_complex_uhf::uhf_orbitals_feed_the_optimizer; issue350_complex_uhf::unconverged_run_exits_255_after_writing_files_like_c; issue350_complex_uhf::usage_and_missing_files_are_errors_not_crashes; (+59 referencing tests)	PASS 3/3	cargo nextest run -p mvmc-cli --cargo-profile test-fast --test issue350_complex_uhf -E 'test(uhf_orbitals_feed_the_optimizer)'	#184/#178	public Julia name (not exported)
A106	julia-api	type	MVMCExpertModeParsers.GreenTwoExTerm	crates/mvmc-expert-parsers/src/types.rs::GreenTwoExTerm	Implemented	unit test (no external reference)	issue350_complex_uhf::uhf_orbitals_feed_the_optimizer; issue350_complex_uhf::unconverged_run_exits_255_after_writing_files_like_c; issue350_complex_uhf::usage_and_missing_files_are_errors_not_crashes; (+63 referencing tests)	PASS 3/3	cargo nextest run -p mvmc-cli --cargo-profile test-fast --test issue350_complex_uhf -E 'test(uhf_orbitals_feed_the_optimizer)'	#184/#178	public Julia name (not exported)
A107	julia-api	type	MVMCExpertModeParsers.QPTransTerm	crates/mvmc-expert-parsers/src/types.rs::QPTransEntry	Implemented	unit test (no external reference)	issue350_complex_uhf::uhf_orbitals_feed_the_optimizer; issue350_complex_uhf::unconverged_run_exits_255_after_writing_files_like_c; issue350_complex_uhf::usage_and_missing_files_are_errors_not_crashes; (+57 referencing tests)	PASS 3/3	cargo nextest run -p mvmc-cli --cargo-profile test-fast --test issue350_complex_uhf -E 'test(uhf_orbitals_feed_the_optimizer)'	#184/#178	public Julia name (not exported)
A108	julia-api	type	MVMCExpertModeParsers.InterAllTerm	crates/mvmc-expert-parsers/src/types.rs::InterAllTerm	Excluded (InterAll, separately owned)	unit test (no external reference)	issue350_complex_uhf::uhf_orbitals_feed_the_optimizer; issue350_complex_uhf::unconverged_run_exits_255_after_writing_files_like_c; issue350_complex_uhf::usage_and_missing_files_are_errors_not_crashes; (+60 referencing tests)	PASS 3/3	cargo nextest run -p mvmc-cli --cargo-profile test-fast --test issue350_complex_uhf -E 'test(uhf_orbitals_feed_the_optimizer)'	OUT_OF_SCOPE separate InterAll owner	public Julia name (not exported)
A109	julia-api	type	MVMCExpertModeParsers.LocSpinTerm	crates/mvmc-expert-parsers/src/types.rs::LocSpinTerm	Implemented	unit test (no external reference)	issue350_complex_uhf::uhf_orbitals_feed_the_optimizer; issue350_complex_uhf::unconverged_run_exits_255_after_writing_files_like_c; issue350_complex_uhf::usage_and_missing_files_are_errors_not_crashes; (+55 referencing tests)	PASS 3/3	cargo nextest run -p mvmc-cli --cargo-profile test-fast --test issue350_complex_uhf -E 'test(uhf_orbitals_feed_the_optimizer)'	#184/#178	public Julia name (not exported)
A110	julia-api	type	MVMCExpertModeParsers.RBMTerm	NO abstract Julia term superclass; nine concrete Rust RBM term structs + ExpertModeData::visit_rbm_terms	Intentional difference	same-impl repeatability	core::accumulator_reduction_selects_only_active_sr_branch_in_exact_order; core::actual_cg_sampling_observer_preserves_configs_rng_count_and_next624; core::both_normal_callers_reject_overflow_and_burn_shape_without_rng_draws; (+241 referencing tests)	PASS 3/3	cargo nextest run -p mvmc-core --cargo-profile test-fast -E 'test(accumulator_reduction_selects_only_active_sr_branch_in_exact_order)'	#184/#178	public Julia name (not exported); no Rust counterpart by design: abstract Julia term superclass; nine concrete Rust RBM term structs + ExpertModeData::visit_rbm_terms
A111	julia-api	type+constructor-shortform	MVMCExpertModeParsers.ChargeRBMPhysLayerTerm	crates/mvmc-expert-parsers/src/types.rs::ChargeRBMPhysLayerTerm	Implemented	unit test (no external reference)	issue350_complex_uhf::uhf_orbitals_feed_the_optimizer; issue350_complex_uhf::unconverged_run_exits_255_after_writing_files_like_c; issue350_complex_uhf::usage_and_missing_files_are_errors_not_crashes; (+63 referencing tests)	PASS 3/3	cargo nextest run -p mvmc-cli --cargo-profile test-fast --test issue350_complex_uhf -E 'test(uhf_orbitals_feed_the_optimizer)'	#184/#178	public Julia name (not exported)
A112	julia-api	type+constructor-shortform	MVMCExpertModeParsers.SpinRBMPhysLayerTerm	crates/mvmc-expert-parsers/src/types.rs::SpinRBMPhysLayerTerm	Implemented	unit test (no external reference)	issue350_complex_uhf::uhf_orbitals_feed_the_optimizer; issue350_complex_uhf::unconverged_run_exits_255_after_writing_files_like_c; issue350_complex_uhf::usage_and_missing_files_are_errors_not_crashes; (+54 referencing tests)	PASS 3/3	cargo nextest run -p mvmc-cli --cargo-profile test-fast --test issue350_complex_uhf -E 'test(uhf_orbitals_feed_the_optimizer)'	#184/#178	public Julia name (not exported)
A113	julia-api	type+constructor-shortform	MVMCExpertModeParsers.GeneralRBMPhysLayerTerm	crates/mvmc-expert-parsers/src/types.rs::GeneralRBMPhysLayerTerm	Implemented	unit test (no external reference)	issue350_complex_uhf::uhf_orbitals_feed_the_optimizer; issue350_complex_uhf::unconverged_run_exits_255_after_writing_files_like_c; issue350_complex_uhf::usage_and_missing_files_are_errors_not_crashes; (+55 referencing tests)	PASS 3/3	cargo nextest run -p mvmc-cli --cargo-profile test-fast --test issue350_complex_uhf -E 'test(uhf_orbitals_feed_the_optimizer)'	#184/#178	public Julia name (not exported)
A114	julia-api	type+constructor-shortform	MVMCExpertModeParsers.ChargeRBMHiddenLayerTerm	crates/mvmc-expert-parsers/src/types.rs::ChargeRBMHiddenLayerTerm	Implemented	unit test (no external reference)	issue350_complex_uhf::uhf_orbitals_feed_the_optimizer; issue350_complex_uhf::unconverged_run_exits_255_after_writing_files_like_c; issue350_complex_uhf::usage_and_missing_files_are_errors_not_crashes; (+53 referencing tests)	PASS 3/3	cargo nextest run -p mvmc-cli --cargo-profile test-fast --test issue350_complex_uhf -E 'test(uhf_orbitals_feed_the_optimizer)'	#184/#178	public Julia name (not exported)
A115	julia-api	type+constructor-shortform	MVMCExpertModeParsers.SpinRBMHiddenLayerTerm	crates/mvmc-expert-parsers/src/types.rs::SpinRBMHiddenLayerTerm	Implemented	unit test (no external reference)	issue350_complex_uhf::uhf_orbitals_feed_the_optimizer; issue350_complex_uhf::unconverged_run_exits_255_after_writing_files_like_c; issue350_complex_uhf::usage_and_missing_files_are_errors_not_crashes; (+53 referencing tests)	PASS 3/3	cargo nextest run -p mvmc-cli --cargo-profile test-fast --test issue350_complex_uhf -E 'test(uhf_orbitals_feed_the_optimizer)'	#184/#178	public Julia name (not exported)
A116	julia-api	type+constructor-shortform	MVMCExpertModeParsers.GeneralRBMHiddenLayerTerm	crates/mvmc-expert-parsers/src/types.rs::GeneralRBMHiddenLayerTerm	Implemented	unit test (no external reference)	issue350_complex_uhf::uhf_orbitals_feed_the_optimizer; issue350_complex_uhf::unconverged_run_exits_255_after_writing_files_like_c; issue350_complex_uhf::usage_and_missing_files_are_errors_not_crashes; (+54 referencing tests)	PASS 3/3	cargo nextest run -p mvmc-cli --cargo-profile test-fast --test issue350_complex_uhf -E 'test(uhf_orbitals_feed_the_optimizer)'	#184/#178	public Julia name (not exported)
A117	julia-api	type+constructor-shortform	MVMCExpertModeParsers.ChargeRBMPhysHiddenTerm	crates/mvmc-expert-parsers/src/types.rs::ChargeRBMPhysHiddenTerm	Implemented	unit test (no external reference)	issue350_complex_uhf::uhf_orbitals_feed_the_optimizer; issue350_complex_uhf::unconverged_run_exits_255_after_writing_files_like_c; issue350_complex_uhf::usage_and_missing_files_are_errors_not_crashes; (+54 referencing tests)	PASS 3/3	cargo nextest run -p mvmc-cli --cargo-profile test-fast --test issue350_complex_uhf -E 'test(uhf_orbitals_feed_the_optimizer)'	#184/#178	public Julia name (not exported)
A118	julia-api	type+constructor-shortform	MVMCExpertModeParsers.SpinRBMPhysHiddenTerm	crates/mvmc-expert-parsers/src/types.rs::SpinRBMPhysHiddenTerm	Implemented	unit test (no external reference)	issue350_complex_uhf::uhf_orbitals_feed_the_optimizer; issue350_complex_uhf::unconverged_run_exits_255_after_writing_files_like_c; issue350_complex_uhf::usage_and_missing_files_are_errors_not_crashes; (+53 referencing tests)	PASS 3/3	cargo nextest run -p mvmc-cli --cargo-profile test-fast --test issue350_complex_uhf -E 'test(uhf_orbitals_feed_the_optimizer)'	#184/#178	public Julia name (not exported)
A119	julia-api	type+constructor-shortform	MVMCExpertModeParsers.GeneralRBMPhysHiddenTerm	crates/mvmc-expert-parsers/src/types.rs::GeneralRBMPhysHiddenTerm	Implemented	unit test (no external reference)	issue350_complex_uhf::uhf_orbitals_feed_the_optimizer; issue350_complex_uhf::unconverged_run_exits_255_after_writing_files_like_c; issue350_complex_uhf::usage_and_missing_files_are_errors_not_crashes; (+55 referencing tests)	PASS 3/3	cargo nextest run -p mvmc-cli --cargo-profile test-fast --test issue350_complex_uhf -E 'test(uhf_orbitals_feed_the_optimizer)'	#184/#178	public Julia name (not exported)
A120	julia-api	type	MVMCExpertModeParsers.DoublonHolon2SiteTerm	NO deprecated value-term shim; DoublonHolon2SiteDefinition/DoublonHolon4SiteDefinition store C indices	Intentional difference	C fixture	physcal_reference::all_hamiltonian_terms_cli_lanczos_matches_independent_base_and_corrected_outputs; physcal_reference::empty_lanczos_gex_requires_exact_c_lf; runtime_contract::normal_interall_scientific_coefficients_and_c_counts_agree_in_cli_and_library; (+268 referencing tests)	PASS 3/3	cargo nextest run -p mvmc-cli --cargo-profile test-fast --test physcal_reference -E 'test(all_hamiltonian_terms_cli_lanczos_matches_independent_base_and_corrected_outputs)'	#184/#178	public Julia name (not exported); no Rust counterpart by design: deprecated value-term shim; DoublonHolon2SiteDefinition/DoublonHolon4SiteDefinition store C indices
A121	julia-api	type	MVMCExpertModeParsers.DoublonHolon4SiteTerm	NO deprecated value-term shim; DoublonHolon2SiteDefinition/DoublonHolon4SiteDefinition store C indices	Intentional difference	C fixture	physcal_reference::all_hamiltonian_terms_cli_lanczos_matches_independent_base_and_corrected_outputs; physcal_reference::empty_lanczos_gex_requires_exact_c_lf; runtime_contract::normal_interall_scientific_coefficients_and_c_counts_agree_in_cli_and_library; (+268 referencing tests)	PASS 3/3	cargo nextest run -p mvmc-cli --cargo-profile test-fast --test physcal_reference -E 'test(all_hamiltonian_terms_cli_lanczos_matches_independent_base_and_corrected_outputs)'	#184/#178	public Julia name (not exported); no Rust counterpart by design: deprecated value-term shim; DoublonHolon2SiteDefinition/DoublonHolon4SiteDefinition store C indices
A122	julia-api	type+function	MVMCExpertModeParsers.DoublonHolon2SiteIndex	crates/mvmc-expert-parsers/src/types.rs::DoublonHolon2SiteIndex	Implemented	unit test (no external reference)	issue350_complex_uhf::uhf_orbitals_feed_the_optimizer; issue350_complex_uhf::unconverged_run_exits_255_after_writing_files_like_c; issue350_complex_uhf::usage_and_missing_files_are_errors_not_crashes; (+64 referencing tests)	PASS 3/3	cargo nextest run -p mvmc-cli --cargo-profile test-fast --test issue350_complex_uhf -E 'test(uhf_orbitals_feed_the_optimizer)'	#184/#178	public Julia name (not exported)
A123	julia-api	type+function	MVMCExpertModeParsers.DoublonHolon4SiteIndex	crates/mvmc-expert-parsers/src/types.rs::DoublonHolon4SiteIndex	Implemented	unit test (no external reference)	issue350_complex_uhf::uhf_orbitals_feed_the_optimizer; issue350_complex_uhf::unconverged_run_exits_255_after_writing_files_like_c; issue350_complex_uhf::usage_and_missing_files_are_errors_not_crashes; (+63 referencing tests)	PASS 3/3	cargo nextest run -p mvmc-cli --cargo-profile test-fast --test issue350_complex_uhf -E 'test(uhf_orbitals_feed_the_optimizer)'	#184/#178	public Julia name (not exported)
A124	julia-api	type	MVMCExpertModeParsers.DoublonHolon2SiteDefinition	crates/mvmc-expert-parsers/src/types.rs::DoublonHolon2SiteDefinition	Implemented	unit test (no external reference)	issue350_complex_uhf::uhf_orbitals_feed_the_optimizer; issue350_complex_uhf::unconverged_run_exits_255_after_writing_files_like_c; issue350_complex_uhf::usage_and_missing_files_are_errors_not_crashes; (+52 referencing tests)	PASS 3/3	cargo nextest run -p mvmc-cli --cargo-profile test-fast --test issue350_complex_uhf -E 'test(uhf_orbitals_feed_the_optimizer)'	#184/#178	public Julia name (not exported)
A125	julia-api	type	MVMCExpertModeParsers.DoublonHolon4SiteDefinition	crates/mvmc-expert-parsers/src/types.rs::DoublonHolon4SiteDefinition	Implemented	unit test (no external reference)	issue350_complex_uhf::uhf_orbitals_feed_the_optimizer; issue350_complex_uhf::unconverged_run_exits_255_after_writing_files_like_c; issue350_complex_uhf::usage_and_missing_files_are_errors_not_crashes; (+52 referencing tests)	PASS 3/3	cargo nextest run -p mvmc-cli --cargo-profile test-fast --test issue350_complex_uhf -E 'test(uhf_orbitals_feed_the_optimizer)'	#184/#178	public Julia name (not exported)
A126	julia-api	type	MVMCExpertModeParsers.ProjectionLayout	crates/mvmc-expert-parsers/src/types.rs::ProjectionLayout	Implemented	unit test (no external reference)	issue350_complex_uhf::uhf_orbitals_feed_the_optimizer; issue350_complex_uhf::unconverged_run_exits_255_after_writing_files_like_c; issue350_complex_uhf::usage_and_missing_files_are_errors_not_crashes; (+52 referencing tests)	PASS 3/3	cargo nextest run -p mvmc-cli --cargo-profile test-fast --test issue350_complex_uhf -E 'test(uhf_orbitals_feed_the_optimizer)'	#184/#178	public Julia name (not exported)
A127	julia-api	type+function	MVMCExpertModeParsers.ExpertModeData	crates/mvmc-expert-parsers/src/types.rs::ExpertModeData	Implemented	unit test (no external reference)	issue350_complex_uhf::uhf_orbitals_feed_the_optimizer; issue350_complex_uhf::unconverged_run_exits_255_after_writing_files_like_c; issue350_complex_uhf::usage_and_missing_files_are_errors_not_crashes; (+235 referencing tests)	PASS 3/3	cargo nextest run -p mvmc-cli --cargo-profile test-fast --test issue350_complex_uhf -E 'test(uhf_orbitals_feed_the_optimizer)'	#184/#178	public Julia name (not exported)
A128	julia-api	function	MVMCExpertModeParsers.projection_layout	crates/mvmc-expert-parsers/src/types.rs::projection_layout	Implemented	unit test (no external reference)	issue350_complex_uhf::uhf_orbitals_feed_the_optimizer; issue350_complex_uhf::unconverged_run_exits_255_after_writing_files_like_c; issue350_complex_uhf::usage_and_missing_files_are_errors_not_crashes; (+102 referencing tests)	PASS 3/3	cargo nextest run -p mvmc-cli --cargo-profile test-fast --test issue350_complex_uhf -E 'test(uhf_orbitals_feed_the_optimizer)'	#184/#178	public Julia name (not exported)
A129	julia-api	function	MVMCExpertModeParsers.projection_parameters	crates/mvmc-expert-parsers/src/types.rs::projection_parameters	Implemented	unit test (no external reference)	issue350_complex_uhf::uhf_orbitals_feed_the_optimizer; issue350_complex_uhf::unconverged_run_exits_255_after_writing_files_like_c; issue350_complex_uhf::usage_and_missing_files_are_errors_not_crashes; (+93 referencing tests)	PASS 3/3	cargo nextest run -p mvmc-cli --cargo-profile test-fast --test issue350_complex_uhf -E 'test(uhf_orbitals_feed_the_optimizer)'	#184/#178	public Julia name (not exported)
A130	julia-api	function	MVMCExpertModeParsers.read_def_file	crates/mvmc-expert-parsers/src/utils/file.rs::read_def_file	Implemented	unit test (no external reference)	issue174_physcal_dispatch::physcal_missing_fixed_file_with_mode_one_is_rejected_before_output; issue174_physcal_dispatch::physcal_mode_without_fixed_parameter_file_is_rejected_before_output; issue178_support_matrix::parse_fixed_initial_and_overlay_failures_reach_cli_status_without_output; (+118 referencing tests)	PASS 3/3	cargo nextest run -p mvmc-cli --cargo-profile test-fast --test issue174_physcal_dispatch -E 'test(physcal_missing_fixed_file_with_mode_one_is_rejected_before_output)'	#184/#178	public Julia name (not exported)
A131	julia-api	function	MVMCExpertModeParsers.get_file_info	crates/mvmc-expert-parsers/src/utils/file.rs::read_def_file	Implemented	unit test (no external reference)	issue174_physcal_dispatch::physcal_missing_fixed_file_with_mode_one_is_rejected_before_output; issue174_physcal_dispatch::physcal_mode_without_fixed_parameter_file_is_rejected_before_output; issue178_support_matrix::parse_fixed_initial_and_overlay_failures_reach_cli_status_without_output; (+118 referencing tests)	PASS 3/3	cargo nextest run -p mvmc-cli --cargo-profile test-fast --test issue174_physcal_dispatch -E 'test(physcal_missing_fixed_file_with_mode_one_is_rejected_before_output)'	#184/#178	public Julia name (not exported)
A132	julia-api	function	MVMCExpertModeParsers.validate_file_exists	crates/mvmc-expert-parsers/src/utils/file.rs::read_def_file	Implemented	unit test (no external reference)	issue174_physcal_dispatch::physcal_missing_fixed_file_with_mode_one_is_rejected_before_output; issue174_physcal_dispatch::physcal_mode_without_fixed_parameter_file_is_rejected_before_output; issue178_support_matrix::parse_fixed_initial_and_overlay_failures_reach_cli_status_without_output; (+118 referencing tests)	PASS 3/3	cargo nextest run -p mvmc-cli --cargo-profile test-fast --test issue174_physcal_dispatch -E 'test(physcal_missing_fixed_file_with_mode_one_is_rejected_before_output)'	#184/#178	public Julia name (not exported)
A133	julia-api	function	MVMCExpertModeParsers.clean_line	crates/mvmc-expert-parsers/src/utils/file.rs::clean_line	Implemented	unit test (no external reference)	issue174_physcal_dispatch::physcal_missing_fixed_file_with_mode_one_is_rejected_before_output; issue174_physcal_dispatch::physcal_mode_without_fixed_parameter_file_is_rejected_before_output; issue178_support_matrix::parse_fixed_initial_and_overlay_failures_reach_cli_status_without_output; (+116 referencing tests)	PASS 3/3	cargo nextest run -p mvmc-cli --cargo-profile test-fast --test issue174_physcal_dispatch -E 'test(physcal_missing_fixed_file_with_mode_one_is_rejected_before_output)'	#184/#178	public Julia name (not exported)
A134	julia-api	function	MVMCExpertModeParsers.split_def_line	crates/mvmc-expert-parsers/src/utils/file.rs::split_def_line	Implemented	unit test (no external reference)	issue174_physcal_dispatch::physcal_missing_fixed_file_with_mode_one_is_rejected_before_output; issue174_physcal_dispatch::physcal_mode_without_fixed_parameter_file_is_rejected_before_output; issue178_support_matrix::parse_fixed_initial_and_overlay_failures_reach_cli_status_without_output; (+116 referencing tests)	PASS 3/3	cargo nextest run -p mvmc-cli --cargo-profile test-fast --test issue174_physcal_dispatch -E 'test(physcal_missing_fixed_file_with_mode_one_is_rejected_before_output)'	#184/#178	public Julia name (not exported)
A135	julia-api	function	MVMCExpertModeParsers.parse_complex_value	crates/mvmc-expert-parsers/src/utils/file.rs::safe_parse_complex	Implemented	unit test (no external reference)	issue174_physcal_dispatch::physcal_missing_fixed_file_with_mode_one_is_rejected_before_output; issue174_physcal_dispatch::physcal_mode_without_fixed_parameter_file_is_rejected_before_output; issue178_support_matrix::parse_fixed_initial_and_overlay_failures_reach_cli_status_without_output; (+122 referencing tests)	PASS 3/3	cargo nextest run -p mvmc-cli --cargo-profile test-fast --test issue174_physcal_dispatch -E 'test(physcal_missing_fixed_file_with_mode_one_is_rejected_before_output)'	#184/#178	public Julia name (not exported)
A136	julia-api	function	MVMCExpertModeParsers.safe_parse_int	crates/mvmc-expert-parsers/src/utils/file.rs::safe_parse_int	Implemented	unit test (no external reference)	issue174_physcal_dispatch::physcal_missing_fixed_file_with_mode_one_is_rejected_before_output; issue174_physcal_dispatch::physcal_mode_without_fixed_parameter_file_is_rejected_before_output; issue178_support_matrix::parse_fixed_initial_and_overlay_failures_reach_cli_status_without_output; (+116 referencing tests)	PASS 3/3	cargo nextest run -p mvmc-cli --cargo-profile test-fast --test issue174_physcal_dispatch -E 'test(physcal_missing_fixed_file_with_mode_one_is_rejected_before_output)'	#184/#178	public Julia name (not exported)
A137	julia-api	function	MVMCExpertModeParsers.parse_namelist_content	crates/mvmc-expert-parsers/src/utils/file.rs::parse_namelist_content	Implemented	unit test (no external reference)	issue174_physcal_dispatch::physcal_missing_fixed_file_with_mode_one_is_rejected_before_output; issue174_physcal_dispatch::physcal_mode_without_fixed_parameter_file_is_rejected_before_output; issue178_support_matrix::parse_fixed_initial_and_overlay_failures_reach_cli_status_without_output; (+118 referencing tests)	PASS 3/3	cargo nextest run -p mvmc-cli --cargo-profile test-fast --test issue174_physcal_dispatch -E 'test(physcal_missing_fixed_file_with_mode_one_is_rejected_before_output)'	#184/#178	public Julia name (not exported)
A138	julia-api	function	MVMCExpertModeParsers.safe_parse_float	crates/mvmc-expert-parsers/src/utils/file.rs::safe_parse_float	Implemented	unit test (no external reference)	issue174_physcal_dispatch::physcal_missing_fixed_file_with_mode_one_is_rejected_before_output; issue174_physcal_dispatch::physcal_mode_without_fixed_parameter_file_is_rejected_before_output; issue178_support_matrix::parse_fixed_initial_and_overlay_failures_reach_cli_status_without_output; (+115 referencing tests)	PASS 3/3	cargo nextest run -p mvmc-cli --cargo-profile test-fast --test issue174_physcal_dispatch -E 'test(physcal_missing_fixed_file_with_mode_one_is_rejected_before_output)'	#184/#178	public Julia name (not exported)
A139	julia-api	function	MVMCExpertModeParsers.safe_parse_complex	crates/mvmc-expert-parsers/src/utils/file.rs::safe_parse_complex	Implemented	unit test (no external reference)	issue174_physcal_dispatch::physcal_missing_fixed_file_with_mode_one_is_rejected_before_output; issue174_physcal_dispatch::physcal_mode_without_fixed_parameter_file_is_rejected_before_output; issue178_support_matrix::parse_fixed_initial_and_overlay_failures_reach_cli_status_without_output; (+122 referencing tests)	PASS 3/3	cargo nextest run -p mvmc-cli --cargo-profile test-fast --test issue174_physcal_dispatch -E 'test(physcal_missing_fixed_file_with_mode_one_is_rejected_before_output)'	#184/#178	public Julia name (not exported)
A140	julia-api	function	MVMCExpertModeParsers.is_slater_optimized	crates/mvmc-expert-parsers/src/utils/opt_flag.rs::is_slater_optimized	Implemented	unit test (no external reference)	issue350_complex_uhf::uhf_orbitals_feed_the_optimizer; issue350_complex_uhf::unconverged_run_exits_255_after_writing_files_like_c; issue350_complex_uhf::usage_and_missing_files_are_errors_not_crashes; (+52 referencing tests)	PASS 3/3	cargo nextest run -p mvmc-cli --cargo-profile test-fast --test issue350_complex_uhf -E 'test(uhf_orbitals_feed_the_optimizer)'	#184/#178	public Julia name (not exported)
A141	julia-api	function	MVMCExpertModeParsers.is_gutzwiller_optimized	crates/mvmc-expert-parsers/src/utils/opt_flag.rs::is_gutzwiller_optimized	Implemented	unit test (no external reference)	issue350_complex_uhf::uhf_orbitals_feed_the_optimizer; issue350_complex_uhf::unconverged_run_exits_255_after_writing_files_like_c; issue350_complex_uhf::usage_and_missing_files_are_errors_not_crashes; (+52 referencing tests)	PASS 3/3	cargo nextest run -p mvmc-cli --cargo-profile test-fast --test issue350_complex_uhf -E 'test(uhf_orbitals_feed_the_optimizer)'	#184/#178	public Julia name (not exported)
A142	julia-api	function	MVMCExpertModeParsers.is_jastrow_optimized	crates/mvmc-expert-parsers/src/utils/opt_flag.rs::is_jastrow_optimized	Implemented	unit test (no external reference)	issue350_complex_uhf::uhf_orbitals_feed_the_optimizer; issue350_complex_uhf::unconverged_run_exits_255_after_writing_files_like_c; issue350_complex_uhf::usage_and_missing_files_are_errors_not_crashes; (+52 referencing tests)	PASS 3/3	cargo nextest run -p mvmc-cli --cargo-profile test-fast --test issue350_complex_uhf -E 'test(uhf_orbitals_feed_the_optimizer)'	#184/#178	public Julia name (not exported)
A143	julia-api	function	MVMCExpertModeParsers.get_slater_opt_flag_index	crates/mvmc-expert-parsers/src/utils/opt_flag.rs::get_slater_opt_flag_index	Implemented	unit test (no external reference)	issue350_complex_uhf::uhf_orbitals_feed_the_optimizer; issue350_complex_uhf::unconverged_run_exits_255_after_writing_files_like_c; issue350_complex_uhf::usage_and_missing_files_are_errors_not_crashes; (+54 referencing tests)	PASS 3/3	cargo nextest run -p mvmc-cli --cargo-profile test-fast --test issue350_complex_uhf -E 'test(uhf_orbitals_feed_the_optimizer)'	#184/#178	public Julia name (not exported)
A144	julia-api	function	MVMCExpertModeParsers.set_dh_opt_flags!	crates/mvmc-expert-parsers/src/utils/opt_flag.rs::set_dh_opt_flags	Implemented	unit test (no external reference)	issue350_complex_uhf::uhf_orbitals_feed_the_optimizer; issue350_complex_uhf::unconverged_run_exits_255_after_writing_files_like_c; issue350_complex_uhf::usage_and_missing_files_are_errors_not_crashes; (+54 referencing tests)	PASS 3/3	cargo nextest run -p mvmc-cli --cargo-profile test-fast --test issue350_complex_uhf -E 'test(uhf_orbitals_feed_the_optimizer)'	#184/#178	public Julia name (not exported)
A145	julia-api	function	MVMCExpertModeParsers.print_optimization_status	crates/mvmc-expert-parsers/src/utils/opt_flag.rs::is_slater_optimized; crates/mvmc-expert-parsers/src/utils/opt_flag.rs::is_gutzwiller_optimized; crates/mvmc-expert-parsers/src/utils/opt_flag.rs::is_jastrow_optimized	Implemented	unit test (no external reference)	issue350_complex_uhf::uhf_orbitals_feed_the_optimizer; issue350_complex_uhf::unconverged_run_exits_255_after_writing_files_like_c; issue350_complex_uhf::usage_and_missing_files_are_errors_not_crashes; (+52 referencing tests)	PASS 3/3	cargo nextest run -p mvmc-cli --cargo-profile test-fast --test issue350_complex_uhf -E 'test(uhf_orbitals_feed_the_optimizer)'	#184/#178	public Julia name (not exported)
A146	julia-api	function	MVMCExpertModeParsers.build_orbital_sgn_matrix!	ExpertModeData::build_orbital_matrices (types.rs1262–1315); parse_expert_mode_files	Implemented	C fixture	physcal_reference::all_hamiltonian_terms_cli_lanczos_matches_independent_base_and_corrected_outputs; physcal_reference::empty_lanczos_gex_requires_exact_c_lf; runtime_contract::normal_interall_scientific_coefficients_and_c_counts_agree_in_cli_and_library; (+279 referencing tests)	PASS 3/3	cargo nextest run -p mvmc-cli --cargo-profile test-fast --test physcal_reference -E 'test(all_hamiltonian_terms_cli_lanczos_matches_independent_base_and_corrected_outputs)'	#184 Chandra mapping; Pauli parser implementation; parent independent source/run	public Julia name (not exported)
A147	julia-api	function	MVMCExpertModeParsers.build_qp_trans_mappings!	parse_expert_mode_files -> qp_trans_entries(site_map/site_sign/weight),qp_opt_trans/qp_opt_trans_sgn	Implemented	C fixture	physcal_reference::all_hamiltonian_terms_cli_lanczos_matches_independent_base_and_corrected_outputs; physcal_reference::empty_lanczos_gex_requires_exact_c_lf; runtime_contract::normal_interall_scientific_coefficients_and_c_counts_agree_in_cli_and_library; (+90 referencing tests)	PASS 3/3	cargo nextest run -p mvmc-cli --cargo-profile test-fast --test physcal_reference -E 'test(all_hamiltonian_terms_cli_lanczos_matches_independent_base_and_corrected_outputs)'	#184 Chandra mapping; Pauli parser implementation; parent independent source/run	public Julia name (not exported)
A148	julia-api	function	MVMCExpertModeParsers.init_parameter!	crates/mvmc-expert-parsers/src/utils/parameter_init.rs::init_parameter; crates/mvmc-expert-parsers/tests/issue184_initialization_contract.rs::literal_five_slots_respect_real_and_complex_conditional_draws (42-77); literal_basic_and_ten_slot_workflow_zero_both_projections (128-174)	Implemented	unit test (no external reference)	issue350_complex_uhf::uhf_orbitals_feed_the_optimizer; issue350_complex_uhf::unconverged_run_exits_255_after_writing_files_like_c; issue350_complex_uhf::usage_and_missing_files_are_errors_not_crashes; (+81 referencing tests)	PASS 3/3	cargo nextest run -p mvmc-cli --cargo-profile test-fast --test issue350_complex_uhf -E 'test(uhf_orbitals_feed_the_optimizer)'	#184 Chandra ledger; Ramanujan initialization implementation; parent reviewed focused execution	public Julia name (not exported)
A149	julia-api	function	MVMCExpertModeParsers.sync_modified_parameter!	crates/mvmc-expert-parsers/src/utils/parameter_init.rs::sync_modified_parameter; crates/mvmc-expert-parsers/tests/issue184_initialization_contract.rs::literal_normalization_scales_both_large_and_small_blocks (80-93)	Implemented	unit test (no external reference)	issue350_complex_uhf::uhf_orbitals_feed_the_optimizer; issue350_complex_uhf::unconverged_run_exits_255_after_writing_files_like_c; issue350_complex_uhf::usage_and_missing_files_are_errors_not_crashes; (+72 referencing tests)	PASS 3/3	cargo nextest run -p mvmc-cli --cargo-profile test-fast --test issue350_complex_uhf -E 'test(uhf_orbitals_feed_the_optimizer)'	#184 Chandra ledger; Ramanujan initialization implementation; parent reviewed focused execution	public Julia name (not exported)
A150	julia-api	function	MVMCExpertModeParsers.initialize_parameters!	crates/mvmc-expert-parsers/src/utils/parameter_init.rs::initialize_parameters; crates/mvmc-expert-parsers/tests/issue184_initialization_contract.rs::literal_basic_and_ten_slot_workflow_zero_both_projections (128-174); literal_seed_pair_initializes_then_normalizes_without_extra_draws (96-114); empty_	Implemented	unit test (no external reference)	issue350_complex_uhf::uhf_orbitals_feed_the_optimizer; issue350_complex_uhf::unconverged_run_exits_255_after_writing_files_like_c; issue350_complex_uhf::usage_and_missing_files_are_errors_not_crashes; (+56 referencing tests)	PASS 3/3	cargo nextest run -p mvmc-cli --cargo-profile test-fast --test issue350_complex_uhf -E 'test(uhf_orbitals_feed_the_optimizer)'	#184 Chandra ledger; Ramanujan initialization implementation; parent reviewed focused execution	public Julia name (not exported)
A151	julia-api	function	MVMCExpertModeParsers.gauss_legendre	crates/mvmc-expert-parsers/src/utils/qp_weight.rs::gauss_legendre	Implemented	unit test (no external reference)	issue350_complex_uhf::uhf_orbitals_feed_the_optimizer; issue350_complex_uhf::unconverged_run_exits_255_after_writing_files_like_c; issue350_complex_uhf::usage_and_missing_files_are_errors_not_crashes; (+58 referencing tests)	PASS 3/3	cargo nextest run -p mvmc-cli --cargo-profile test-fast --test issue350_complex_uhf -E 'test(uhf_orbitals_feed_the_optimizer)'	#178/#180/#181	public Julia name (not exported)
A152	julia-api	function	MVMCExpertModeParsers.legendre_poly	crates/mvmc-expert-parsers/src/utils/qp_weight.rs::legendre_poly	Implemented	unit test (no external reference)	issue350_complex_uhf::uhf_orbitals_feed_the_optimizer; issue350_complex_uhf::unconverged_run_exits_255_after_writing_files_like_c; issue350_complex_uhf::usage_and_missing_files_are_errors_not_crashes; (+56 referencing tests)	PASS 3/3	cargo nextest run -p mvmc-cli --cargo-profile test-fast --test issue350_complex_uhf -E 'test(uhf_orbitals_feed_the_optimizer)'	#178/#180/#181	public Julia name (not exported)
A153	julia-api	type+function	MVMCExpertModeParsers.QuantumProjectionWeights	crates/mvmc-expert-parsers/src/types.rs::QuantumProjectionWeights	Implemented	unit test (no external reference)	issue350_complex_uhf::uhf_orbitals_feed_the_optimizer; issue350_complex_uhf::unconverged_run_exits_255_after_writing_files_like_c; issue350_complex_uhf::usage_and_missing_files_are_errors_not_crashes; (+61 referencing tests)	PASS 3/3	cargo nextest run -p mvmc-cli --cargo-profile test-fast --test issue350_complex_uhf -E 'test(uhf_orbitals_feed_the_optimizer)'	#178/#180/#181	public Julia name (not exported)
A154	julia-api	function	MVMCExpertModeParsers.parse_input_parameter_file	crates/mvmc-expert-parsers/src/utils/read_input_parameters.rs::parse_input_parameter_file	Implemented	unit test (no external reference)	issue350_complex_uhf::uhf_orbitals_feed_the_optimizer; issue350_complex_uhf::unconverged_run_exits_255_after_writing_files_like_c; issue350_complex_uhf::usage_and_missing_files_are_errors_not_crashes; (+91 referencing tests)	PASS 3/3	cargo nextest run -p mvmc-cli --cargo-profile test-fast --test issue350_complex_uhf -E 'test(uhf_orbitals_feed_the_optimizer)'	#180/#181/#184	public Julia name (not exported)
A155	julia-api	function	MVMCExpertModeParsers.parse_indexed_input_parameter_file_strict	crates/mvmc-expert-parsers/src/utils/read_input_parameters.rs::parse_indexed_input_parameter_file_strict	Implemented	unit test (no external reference)	issue350_complex_uhf::uhf_orbitals_feed_the_optimizer; issue350_complex_uhf::unconverged_run_exits_255_after_writing_files_like_c; issue350_complex_uhf::usage_and_missing_files_are_errors_not_crashes; (+90 referencing tests)	PASS 3/3	cargo nextest run -p mvmc-cli --cargo-profile test-fast --test issue350_complex_uhf -E 'test(uhf_orbitals_feed_the_optimizer)'	#180/#181/#184	public Julia name (not exported)
A156	julia-api	function	MVMCExpertModeParsers.count_rbm_parameters	crates/mvmc-expert-parsers/src/types.rs::count_rbm_parameters	Implemented	unit test (no external reference)	issue350_complex_uhf::uhf_orbitals_feed_the_optimizer; issue350_complex_uhf::unconverged_run_exits_255_after_writing_files_like_c; issue350_complex_uhf::usage_and_missing_files_are_errors_not_crashes; (+64 referencing tests)	PASS 3/3	cargo nextest run -p mvmc-cli --cargo-profile test-fast --test issue350_complex_uhf -E 'test(uhf_orbitals_feed_the_optimizer)'	#180/#181/#184	public Julia name (not exported)
A157	julia-api	function	MVMCExpertModeParsers.count_orbital_parameters	crates/mvmc-expert-parsers/src/utils/parameter_init.rs::n_slater	Implemented	unit test (no external reference)	issue350_complex_uhf::uhf_orbitals_feed_the_optimizer; issue350_complex_uhf::unconverged_run_exits_255_after_writing_files_like_c; issue350_complex_uhf::usage_and_missing_files_are_errors_not_crashes; (+60 referencing tests)	PASS 3/3	cargo nextest run -p mvmc-cli --cargo-profile test-fast --test issue350_complex_uhf -E 'test(uhf_orbitals_feed_the_optimizer)'	#180/#181/#184	public Julia name (not exported)
A158	julia-api	function	MVMCExpertModeParsers.count_variational_parameters	crates/mvmc-expert-parsers/src/types.rs::count_variational_parameters	Implemented	unit test (no external reference)	issue350_complex_uhf::uhf_orbitals_feed_the_optimizer; issue350_complex_uhf::unconverged_run_exits_255_after_writing_files_like_c; issue350_complex_uhf::usage_and_missing_files_are_errors_not_crashes; (+71 referencing tests)	PASS 3/3	cargo nextest run -p mvmc-cli --cargo-profile test-fast --test issue350_complex_uhf -E 'test(uhf_orbitals_feed_the_optimizer)'	#180/#181/#184	public Julia name (not exported)
A159	julia-api	function	MVMCExpertModeParsers.read_input_parameters!	crates/mvmc-expert-parsers/src/utils/read_input_parameters.rs::read_input_parameters	Implemented	unit test (no external reference)	issue350_complex_uhf::uhf_orbitals_feed_the_optimizer; issue350_complex_uhf::unconverged_run_exits_255_after_writing_files_like_c; issue350_complex_uhf::usage_and_missing_files_are_errors_not_crashes; (+90 referencing tests)	PASS 3/3	cargo nextest run -p mvmc-cli --cargo-profile test-fast --test issue350_complex_uhf -E 'test(uhf_orbitals_feed_the_optimizer)'	#180/#181/#184	public Julia name (not exported)
A160	julia-api	function	MVMCExpertModeParsers.ensure_optimization_flags_size!	crates/mvmc-expert-parsers/src/utils/opt_flag.rs::ensure_optimization_flags_size	Implemented	unit test (no external reference)	issue350_complex_uhf::uhf_orbitals_feed_the_optimizer; issue350_complex_uhf::unconverged_run_exits_255_after_writing_files_like_c; issue350_complex_uhf::usage_and_missing_files_are_errors_not_crashes; (+52 referencing tests)	PASS 3/3	cargo nextest run -p mvmc-cli --cargo-profile test-fast --test issue350_complex_uhf -E 'test(uhf_orbitals_feed_the_optimizer)'	#180/#181/#184	public Julia name (not exported)
A161	julia-api	function	MVMCExpertModeParsers.set_projection_opt_flags!	crates/mvmc-expert-parsers/src/utils/opt_flag.rs::set_projection_opt_flags	Implemented	unit test (no external reference)	issue350_complex_uhf::uhf_orbitals_feed_the_optimizer; issue350_complex_uhf::unconverged_run_exits_255_after_writing_files_like_c; issue350_complex_uhf::usage_and_missing_files_are_errors_not_crashes; (+56 referencing tests)	PASS 3/3	cargo nextest run -p mvmc-cli --cargo-profile test-fast --test issue350_complex_uhf -E 'test(uhf_orbitals_feed_the_optimizer)'	#180/#181/#184	public Julia name (not exported)
A162	julia-api	function	MVMCExpertModeParsers.set_orbital_opt_flags!	crates/mvmc-expert-parsers/src/utils/opt_flag.rs::set_orbital_opt_flags	Implemented	unit test (no external reference)	issue350_complex_uhf::uhf_orbitals_feed_the_optimizer; issue350_complex_uhf::unconverged_run_exits_255_after_writing_files_like_c; issue350_complex_uhf::usage_and_missing_files_are_errors_not_crashes; (+53 referencing tests)	PASS 3/3	cargo nextest run -p mvmc-cli --cargo-profile test-fast --test issue350_complex_uhf -E 'test(uhf_orbitals_feed_the_optimizer)'	#180/#181/#184	public Julia name (not exported)
A163	julia-api	function	MVMCExpertModeParsers.set_opt_trans_opt_flags!	crates/mvmc-expert-parsers/src/utils/opt_flag.rs::set_opt_trans_opt_flags	Implemented	unit test (no external reference)	issue350_complex_uhf::uhf_orbitals_feed_the_optimizer; issue350_complex_uhf::unconverged_run_exits_255_after_writing_files_like_c; issue350_complex_uhf::usage_and_missing_files_are_errors_not_crashes; (+52 referencing tests)	PASS 3/3	cargo nextest run -p mvmc-cli --cargo-profile test-fast --test issue350_complex_uhf -E 'test(uhf_orbitals_feed_the_optimizer)'	#180/#181/#184	public Julia name (not exported)
A164	julia-api	function	MVMCExpertModeParsers.set_rbm_opt_flags!	crates/mvmc-expert-parsers/src/utils/opt_flag.rs::set_rbm_opt_flags	Implemented	unit test (no external reference)	issue350_complex_uhf::uhf_orbitals_feed_the_optimizer; issue350_complex_uhf::unconverged_run_exits_255_after_writing_files_like_c; issue350_complex_uhf::usage_and_missing_files_are_errors_not_crashes; (+53 referencing tests)	PASS 3/3	cargo nextest run -p mvmc-cli --cargo-profile test-fast --test issue350_complex_uhf -E 'test(uhf_orbitals_feed_the_optimizer)'	#180/#181/#184	public Julia name (not exported)
A165	julia-api	function	MVMCExpertModeParsers.validate_modpara_params	crates/mvmc-expert-parsers/src/utils/validation.rs::validate_modpara_params	Implemented	unit test (no external reference)	issue350_complex_uhf::uhf_orbitals_feed_the_optimizer; issue350_complex_uhf::unconverged_run_exits_255_after_writing_files_like_c; issue350_complex_uhf::usage_and_missing_files_are_errors_not_crashes; (+57 referencing tests)	PASS 3/3	cargo nextest run -p mvmc-cli --cargo-profile test-fast --test issue350_complex_uhf -E 'test(uhf_orbitals_feed_the_optimizer)'	#184/#178	public Julia name (not exported)
A166	julia-api	function	MVMCExpertModeParsers.validate_transfer_terms	crates/mvmc-expert-parsers/src/utils/validation.rs::validate_transfer_terms	Implemented	unit test (no external reference)	issue350_complex_uhf::uhf_orbitals_feed_the_optimizer; issue350_complex_uhf::unconverged_run_exits_255_after_writing_files_like_c; issue350_complex_uhf::usage_and_missing_files_are_errors_not_crashes; (+54 referencing tests)	PASS 3/3	cargo nextest run -p mvmc-cli --cargo-profile test-fast --test issue350_complex_uhf -E 'test(uhf_orbitals_feed_the_optimizer)'	#184/#178	public Julia name (not exported)
A167	julia-api	function	MVMCExpertModeParsers.validate_coulomb_intra_terms	crates/mvmc-expert-parsers/src/utils/validation.rs::validate_coulomb_intra_terms	Implemented	unit test (no external reference)	issue350_complex_uhf::uhf_orbitals_feed_the_optimizer; issue350_complex_uhf::unconverged_run_exits_255_after_writing_files_like_c; issue350_complex_uhf::usage_and_missing_files_are_errors_not_crashes; (+53 referencing tests)	PASS 3/3	cargo nextest run -p mvmc-cli --cargo-profile test-fast --test issue350_complex_uhf -E 'test(uhf_orbitals_feed_the_optimizer)'	#184/#178	public Julia name (not exported)
A168	julia-api	function	MVMCExpertModeParsers.validate_coulomb_inter_terms	crates/mvmc-expert-parsers/src/utils/validation.rs::validate_coulomb_inter_terms	Implemented	unit test (no external reference)	issue350_complex_uhf::uhf_orbitals_feed_the_optimizer; issue350_complex_uhf::unconverged_run_exits_255_after_writing_files_like_c; issue350_complex_uhf::usage_and_missing_files_are_errors_not_crashes; (+53 referencing tests)	PASS 3/3	cargo nextest run -p mvmc-cli --cargo-profile test-fast --test issue350_complex_uhf -E 'test(uhf_orbitals_feed_the_optimizer)'	#184/#178	public Julia name (not exported)
A169	julia-api	function	MVMCExpertModeParsers.validate_gutzwiller_terms	crates/mvmc-expert-parsers/src/utils/validation.rs::validate_gutzwiller_terms	Implemented	unit test (no external reference)	issue350_complex_uhf::uhf_orbitals_feed_the_optimizer; issue350_complex_uhf::unconverged_run_exits_255_after_writing_files_like_c; issue350_complex_uhf::usage_and_missing_files_are_errors_not_crashes; (+53 referencing tests)	PASS 3/3	cargo nextest run -p mvmc-cli --cargo-profile test-fast --test issue350_complex_uhf -E 'test(uhf_orbitals_feed_the_optimizer)'	#184/#178	public Julia name (not exported)
A170	julia-api	function	MVMCExpertModeParsers.validate_jastrow_terms	crates/mvmc-expert-parsers/src/utils/validation.rs::validate_jastrow_terms	Implemented	unit test (no external reference)	issue350_complex_uhf::uhf_orbitals_feed_the_optimizer; issue350_complex_uhf::unconverged_run_exits_255_after_writing_files_like_c; issue350_complex_uhf::usage_and_missing_files_are_errors_not_crashes; (+53 referencing tests)	PASS 3/3	cargo nextest run -p mvmc-cli --cargo-profile test-fast --test issue350_complex_uhf -E 'test(uhf_orbitals_feed_the_optimizer)'	#184/#178	public Julia name (not exported)
A171	julia-api	function	MVMCExpertModeParsers.validate_orbital_terms	crates/mvmc-expert-parsers/src/utils/validation.rs::validate_orbital_terms	Implemented	unit test (no external reference)	issue350_complex_uhf::uhf_orbitals_feed_the_optimizer; issue350_complex_uhf::unconverged_run_exits_255_after_writing_files_like_c; issue350_complex_uhf::usage_and_missing_files_are_errors_not_crashes; (+53 referencing tests)	PASS 3/3	cargo nextest run -p mvmc-cli --cargo-profile test-fast --test issue350_complex_uhf -E 'test(uhf_orbitals_feed_the_optimizer)'	#184/#178	public Julia name (not exported)
A172	julia-api	function	MVMCExpertModeParsers.validate_charge_rbm_phys_layer_terms	crates/mvmc-expert-parsers/src/utils/validation.rs::validate_rbm_parameters	Implemented	unit test (no external reference)	issue350_complex_uhf::uhf_orbitals_feed_the_optimizer; issue350_complex_uhf::unconverged_run_exits_255_after_writing_files_like_c; issue350_complex_uhf::usage_and_missing_files_are_errors_not_crashes; (+54 referencing tests)	PASS 3/3	cargo nextest run -p mvmc-cli --cargo-profile test-fast --test issue350_complex_uhf -E 'test(uhf_orbitals_feed_the_optimizer)'	#184/#178	public Julia name (not exported)
A173	julia-api	function	MVMCExpertModeParsers.validate_spin_rbm_phys_layer_terms	crates/mvmc-expert-parsers/src/utils/validation.rs::validate_rbm_parameters	Implemented	unit test (no external reference)	issue350_complex_uhf::uhf_orbitals_feed_the_optimizer; issue350_complex_uhf::unconverged_run_exits_255_after_writing_files_like_c; issue350_complex_uhf::usage_and_missing_files_are_errors_not_crashes; (+54 referencing tests)	PASS 3/3	cargo nextest run -p mvmc-cli --cargo-profile test-fast --test issue350_complex_uhf -E 'test(uhf_orbitals_feed_the_optimizer)'	#184/#178	public Julia name (not exported)
A174	julia-api	function	MVMCExpertModeParsers.validate_general_rbm_phys_layer_terms	crates/mvmc-expert-parsers/src/utils/validation.rs::validate_rbm_parameters	Implemented	unit test (no external reference)	issue350_complex_uhf::uhf_orbitals_feed_the_optimizer; issue350_complex_uhf::unconverged_run_exits_255_after_writing_files_like_c; issue350_complex_uhf::usage_and_missing_files_are_errors_not_crashes; (+54 referencing tests)	PASS 3/3	cargo nextest run -p mvmc-cli --cargo-profile test-fast --test issue350_complex_uhf -E 'test(uhf_orbitals_feed_the_optimizer)'	#184/#178	public Julia name (not exported)
A175	julia-api	function	MVMCExpertModeParsers.validate_charge_rbm_hidden_layer_terms	crates/mvmc-expert-parsers/src/utils/validation.rs::validate_rbm_parameters	Implemented	unit test (no external reference)	issue350_complex_uhf::uhf_orbitals_feed_the_optimizer; issue350_complex_uhf::unconverged_run_exits_255_after_writing_files_like_c; issue350_complex_uhf::usage_and_missing_files_are_errors_not_crashes; (+54 referencing tests)	PASS 3/3	cargo nextest run -p mvmc-cli --cargo-profile test-fast --test issue350_complex_uhf -E 'test(uhf_orbitals_feed_the_optimizer)'	#184/#178	public Julia name (not exported)
A176	julia-api	function	MVMCExpertModeParsers.validate_spin_rbm_hidden_layer_terms	crates/mvmc-expert-parsers/src/utils/validation.rs::validate_rbm_parameters	Implemented	unit test (no external reference)	issue350_complex_uhf::uhf_orbitals_feed_the_optimizer; issue350_complex_uhf::unconverged_run_exits_255_after_writing_files_like_c; issue350_complex_uhf::usage_and_missing_files_are_errors_not_crashes; (+54 referencing tests)	PASS 3/3	cargo nextest run -p mvmc-cli --cargo-profile test-fast --test issue350_complex_uhf -E 'test(uhf_orbitals_feed_the_optimizer)'	#184/#178	public Julia name (not exported)
A177	julia-api	function	MVMCExpertModeParsers.validate_general_rbm_hidden_layer_terms	crates/mvmc-expert-parsers/src/utils/validation.rs::validate_rbm_parameters	Implemented	unit test (no external reference)	issue350_complex_uhf::uhf_orbitals_feed_the_optimizer; issue350_complex_uhf::unconverged_run_exits_255_after_writing_files_like_c; issue350_complex_uhf::usage_and_missing_files_are_errors_not_crashes; (+54 referencing tests)	PASS 3/3	cargo nextest run -p mvmc-cli --cargo-profile test-fast --test issue350_complex_uhf -E 'test(uhf_orbitals_feed_the_optimizer)'	#184/#178	public Julia name (not exported)
A178	julia-api	function	MVMCExpertModeParsers.validate_charge_rbm_phys_hidden_terms	crates/mvmc-expert-parsers/src/utils/validation.rs::validate_rbm_parameters	Implemented	unit test (no external reference)	issue350_complex_uhf::uhf_orbitals_feed_the_optimizer; issue350_complex_uhf::unconverged_run_exits_255_after_writing_files_like_c; issue350_complex_uhf::usage_and_missing_files_are_errors_not_crashes; (+54 referencing tests)	PASS 3/3	cargo nextest run -p mvmc-cli --cargo-profile test-fast --test issue350_complex_uhf -E 'test(uhf_orbitals_feed_the_optimizer)'	#184/#178	public Julia name (not exported)
A179	julia-api	function	MVMCExpertModeParsers.validate_spin_rbm_phys_hidden_terms	crates/mvmc-expert-parsers/src/utils/validation.rs::validate_rbm_parameters	Implemented	unit test (no external reference)	issue350_complex_uhf::uhf_orbitals_feed_the_optimizer; issue350_complex_uhf::unconverged_run_exits_255_after_writing_files_like_c; issue350_complex_uhf::usage_and_missing_files_are_errors_not_crashes; (+54 referencing tests)	PASS 3/3	cargo nextest run -p mvmc-cli --cargo-profile test-fast --test issue350_complex_uhf -E 'test(uhf_orbitals_feed_the_optimizer)'	#184/#178	public Julia name (not exported)
A180	julia-api	function	MVMCExpertModeParsers.validate_general_rbm_phys_hidden_terms	crates/mvmc-expert-parsers/src/utils/validation.rs::validate_rbm_parameters	Implemented	unit test (no external reference)	issue350_complex_uhf::uhf_orbitals_feed_the_optimizer; issue350_complex_uhf::unconverged_run_exits_255_after_writing_files_like_c; issue350_complex_uhf::usage_and_missing_files_are_errors_not_crashes; (+54 referencing tests)	PASS 3/3	cargo nextest run -p mvmc-cli --cargo-profile test-fast --test issue350_complex_uhf -E 'test(uhf_orbitals_feed_the_optimizer)'	#184/#178	public Julia name (not exported)
A181	julia-api	function	MVMCExpertModeParsers.validate_doublon_holon_2site_terms	crates/mvmc-expert-parsers/src/utils/validation.rs::validate_doublon_holon_2site_indices	Implemented	unit test (no external reference)	issue350_complex_uhf::uhf_orbitals_feed_the_optimizer; issue350_complex_uhf::unconverged_run_exits_255_after_writing_files_like_c; issue350_complex_uhf::usage_and_missing_files_are_errors_not_crashes; (+52 referencing tests)	PASS 3/3	cargo nextest run -p mvmc-cli --cargo-profile test-fast --test issue350_complex_uhf -E 'test(uhf_orbitals_feed_the_optimizer)'	#184/#178	public Julia name (not exported)
A182	julia-api	function	MVMCExpertModeParsers.validate_doublon_holon_4site_terms	crates/mvmc-expert-parsers/src/utils/validation.rs::validate_doublon_holon_4site_indices	Implemented	unit test (no external reference)	issue350_complex_uhf::uhf_orbitals_feed_the_optimizer; issue350_complex_uhf::unconverged_run_exits_255_after_writing_files_like_c; issue350_complex_uhf::usage_and_missing_files_are_errors_not_crashes; (+52 referencing tests)	PASS 3/3	cargo nextest run -p mvmc-cli --cargo-profile test-fast --test issue350_complex_uhf -E 'test(uhf_orbitals_feed_the_optimizer)'	#184/#178	public Julia name (not exported)
A183	julia-api	function	MVMCExpertModeParsers.validate_doublon_holon_2site_indices	crates/mvmc-expert-parsers/src/utils/validation.rs::validate_doublon_holon_2site_indices	Implemented	unit test (no external reference)	issue350_complex_uhf::uhf_orbitals_feed_the_optimizer; issue350_complex_uhf::unconverged_run_exits_255_after_writing_files_like_c; issue350_complex_uhf::usage_and_missing_files_are_errors_not_crashes; (+52 referencing tests)	PASS 3/3	cargo nextest run -p mvmc-cli --cargo-profile test-fast --test issue350_complex_uhf -E 'test(uhf_orbitals_feed_the_optimizer)'	#184/#178	public Julia name (not exported)
A184	julia-api	function	MVMCExpertModeParsers.validate_doublon_holon_4site_indices	crates/mvmc-expert-parsers/src/utils/validation.rs::validate_doublon_holon_4site_indices	Implemented	unit test (no external reference)	issue350_complex_uhf::uhf_orbitals_feed_the_optimizer; issue350_complex_uhf::unconverged_run_exits_255_after_writing_files_like_c; issue350_complex_uhf::usage_and_missing_files_are_errors_not_crashes; (+52 referencing tests)	PASS 3/3	cargo nextest run -p mvmc-cli --cargo-profile test-fast --test issue350_complex_uhf -E 'test(uhf_orbitals_feed_the_optimizer)'	#184/#178	public Julia name (not exported)
A185	julia-api	function	MVMCExpertModeParsers.validate_expert_mode_data	crates/mvmc-expert-parsers/src/utils/validation.rs::validate_expert_mode_data	Implemented	unit test (no external reference)	issue350_complex_uhf::uhf_orbitals_feed_the_optimizer; issue350_complex_uhf::unconverged_run_exits_255_after_writing_files_like_c; issue350_complex_uhf::usage_and_missing_files_are_errors_not_crashes; (+59 referencing tests)	PASS 3/3	cargo nextest run -p mvmc-cli --cargo-profile test-fast --test issue350_complex_uhf -E 'test(uhf_orbitals_feed_the_optimizer)'	#184/#178	public Julia name (not exported)
A186	julia-api	export	MVMCOptimizers.ParallelContext	crates/mvmc-core/src/mpi.rs::MpiContext; crates/mvmc-core/src/mpi.rs::MpiGroupContext; crates/mvmc-core/src/reducer.rs::SingleProcessReducer	Implemented	unit test (no external reference)	issue350_complex_uhf::uhf_orbitals_feed_the_optimizer; issue350_complex_uhf::unconverged_run_exits_255_after_writing_files_like_c; issue350_complex_uhf::usage_and_missing_files_are_errors_not_crashes; (+131 referencing tests)	PASS 3/3	cargo nextest run -p mvmc-cli --cargo-profile test-fast --test issue350_complex_uhf -E 'test(uhf_orbitals_feed_the_optimizer)'	#177/#178/#179	explicit Julia export
A187	julia-api	export	MVMCOptimizers.serial_context	crates/mvmc-core/src/reducer.rs::SingleProcessReducer	Implemented	unit test (no external reference)	issue350_complex_uhf::uhf_orbitals_feed_the_optimizer; issue350_complex_uhf::unconverged_run_exits_255_after_writing_files_like_c; issue350_complex_uhf::usage_and_missing_files_are_errors_not_crashes; (+111 referencing tests)	PASS 3/3	cargo nextest run -p mvmc-cli --cargo-profile test-fast --test issue350_complex_uhf -E 'test(uhf_orbitals_feed_the_optimizer)'	#180/#179	explicit Julia export
A188	julia-api	export	MVMCOptimizers.build_parallel_context	crates/mvmc-core/src/mpi.rs::initialize; crates/mvmc-core/src/mpi.rs::split_groups; crates/mvmc-core/src/parallel.rs::assign_group	Implemented	unit test (no external reference)	issue350_complex_uhf::uhf_orbitals_feed_the_optimizer; issue350_complex_uhf::unconverged_run_exits_255_after_writing_files_like_c; issue350_complex_uhf::usage_and_missing_files_are_errors_not_crashes; (+91 referencing tests)	PASS 3/3	cargo nextest run -p mvmc-cli --cargo-profile test-fast --test issue350_complex_uhf -E 'test(uhf_orbitals_feed_the_optimizer)'	#177/#178/#179	explicit Julia export
A189	julia-api	export	MVMCOptimizers.is_output_rank	crates/mvmc-core/src/mpi.rs::is_output_root; crates/mvmc-core/src/reducer.rs::is_output_root; crates/mvmc-core/src/run.rs::is_output_root	Implemented	unit test (no external reference)	issue350_complex_uhf::uhf_orbitals_feed_the_optimizer; issue350_complex_uhf::unconverged_run_exits_255_after_writing_files_like_c; issue350_complex_uhf::usage_and_missing_files_are_errors_not_crashes; (+58 referencing tests)	PASS 3/3	cargo nextest run -p mvmc-cli --cargo-profile test-fast --test issue350_complex_uhf -E 'test(uhf_orbitals_feed_the_optimizer)'	#180/#179	explicit Julia export
A190	julia-api	export	MVMCOptimizers.bcast!	crates/mvmc-core/src/mpi.rs::broadcast_c64; crates/mvmc-core/src/mpi.rs::broadcast_c64; crates/mvmc-core/src/reducer.rs::broadcast_c64; crates/mvmc-core/src/mpi.rs::broadcast_i64; crates/mvmc-core/src/mpi.rs::broadcast_i64; crates/mvmc-core/src/mpi.rs::broadcast_i64	Implemented	unit test (no external reference)	issue350_complex_uhf::uhf_orbitals_feed_the_optimizer; issue350_complex_uhf::unconverged_run_exits_255_after_writing_files_like_c; issue350_complex_uhf::usage_and_missing_files_are_errors_not_crashes; (+59 referencing tests)	PASS 3/3	cargo nextest run -p mvmc-cli --cargo-profile test-fast --test issue350_complex_uhf -E 'test(uhf_orbitals_feed_the_optimizer)'	#180/#179	explicit Julia export
A191	julia-api	export	MVMCOptimizers.bcast_scalar	crates/mvmc-core/src/mpi.rs::broadcast_i64; crates/mvmc-core/src/mpi.rs::broadcast_i64; crates/mvmc-core/src/mpi.rs::broadcast_i64	Implemented	unit test (no external reference)	issue350_complex_uhf::uhf_orbitals_feed_the_optimizer; issue350_complex_uhf::unconverged_run_exits_255_after_writing_files_like_c; issue350_complex_uhf::usage_and_missing_files_are_errors_not_crashes; (+59 referencing tests)	PASS 3/3	cargo nextest run -p mvmc-cli --cargo-profile test-fast --test issue350_complex_uhf -E 'test(uhf_orbitals_feed_the_optimizer)'	#180/#179	explicit Julia export
A192	julia-api	export	MVMCOptimizers.allreduce_sum!	crates/mvmc-core/src/mpi.rs::allreduce_sum_f64; crates/mvmc-core/src/mpi.rs::allreduce_sum_f64; crates/mvmc-core/src/reducer.rs::allreduce_sum_f64; crates/mvmc-core/src/mpi.rs::allreduce_sum_c64; crates/mvmc-core/src/mpi.rs::allreduce_sum_c64; crates/mvmc-core/src/reducer.rs::allreduce_sum_c64; crat	Implemented	unit test (no external reference)	issue350_complex_uhf::uhf_orbitals_feed_the_optimizer; issue350_complex_uhf::unconverged_run_exits_255_after_writing_files_like_c; issue350_complex_uhf::usage_and_missing_files_are_errors_not_crashes; (+69 referencing tests)	PASS 3/3	cargo nextest run -p mvmc-cli --cargo-profile test-fast --test issue350_complex_uhf -E 'test(uhf_orbitals_feed_the_optimizer)'	#180/#179	explicit Julia export
A193	julia-api	export	MVMCOptimizers.reduce_sum_to_root!	crates/mvmc-core/src/run.rs::reduce_accumulators; crates/mvmc-core/src/mpi.rs::is_output_root; crates/mvmc-core/src/reducer.rs::is_output_root; crates/mvmc-core/src/run.rs::is_output_root	Implemented	unit test (no external reference)	issue350_complex_uhf::uhf_orbitals_feed_the_optimizer; issue350_complex_uhf::unconverged_run_exits_255_after_writing_files_like_c; issue350_complex_uhf::usage_and_missing_files_are_errors_not_crashes; (+60 referencing tests)	PASS 3/3	cargo nextest run -p mvmc-cli --cargo-profile test-fast --test issue350_complex_uhf -E 'test(uhf_orbitals_feed_the_optimizer)'	#180/#179	explicit Julia export
A194	julia-api	export	MVMCOptimizers.barrier	mpi::traits::CommunicatorCollectives::barrier via MpiContext::world(); no Reducer barrier API	Implemented	C fixture	core::accumulator_reduction_selects_only_active_sr_branch_in_exact_order; core::imaginary_projection_values_do_not_change_c_header_mode; core::make_initial_sample_respects_n_elec_and_loc_spn; (+38 referencing tests)	PASS 3/3	cargo nextest run -p mvmc-core --cargo-profile test-fast -E 'test(accumulator_reduction_selects_only_active_sr_branch_in_exact_order)'	#180/#179	explicit Julia export
A195	julia-api	export	MVMCOptimizers.reduce_counter!	crates/mvmc-core/src/counter.rs::reduce_counter	Implemented	unit test (no external reference)	issue350_complex_uhf::uhf_orbitals_feed_the_optimizer; issue350_complex_uhf::unconverged_run_exits_255_after_writing_files_like_c; issue350_complex_uhf::usage_and_missing_files_are_errors_not_crashes; (+53 referencing tests)	PASS 3/3	cargo nextest run -p mvmc-cli --cargo-profile test-fast --test issue350_complex_uhf -E 'test(uhf_orbitals_feed_the_optimizer)'	#180/#179	explicit Julia export
A196	julia-api	export	MVMCOptimizers.abort_parallel	crates/mvmc-core/src/run.rs::collective_result	Implemented	unit test (no external reference)	issue350_complex_uhf::uhf_orbitals_feed_the_optimizer; issue350_complex_uhf::unconverged_run_exits_255_after_writing_files_like_c; issue350_complex_uhf::usage_and_missing_files_are_errors_not_crashes; (+53 referencing tests)	PASS 3/3	cargo nextest run -p mvmc-cli --cargo-profile test-fast --test issue350_complex_uhf -E 'test(uhf_orbitals_feed_the_optimizer)'	#177/#178/#179	explicit Julia export
A197	julia-api	export	MVMCOptimizers.split_loop	crates/mvmc-core/src/parallel.rs::partition_range; tests/issue184_assertion_contracts.rs::original_julia_splitloop_eight_cases_match_c_for_every_rank	Implemented	unit test (no external reference)	issue350_complex_uhf::uhf_orbitals_feed_the_optimizer; issue350_complex_uhf::unconverged_run_exits_255_after_writing_files_like_c; issue350_complex_uhf::usage_and_missing_files_are_errors_not_crashes; (+69 referencing tests)	PASS 3/3	cargo nextest run -p mvmc-cli --cargo-profile test-fast --test issue350_complex_uhf -E 'test(uhf_orbitals_feed_the_optimizer)'	#180/#179	explicit Julia export
A198	julia-api	export	MVMCOptimizers.split_range	crates/mvmc-core/src/parallel.rs::partition_range; tests/issue184_assertion_contracts.rs::original_julia_splitloop_eight_cases_match_c_for_every_rank	Implemented	unit test (no external reference)	issue350_complex_uhf::uhf_orbitals_feed_the_optimizer; issue350_complex_uhf::unconverged_run_exits_255_after_writing_files_like_c; issue350_complex_uhf::usage_and_missing_files_are_errors_not_crashes; (+69 referencing tests)	PASS 3/3	cargo nextest run -p mvmc-cli --cargo-profile test-fast --test issue350_complex_uhf -E 'test(uhf_orbitals_feed_the_optimizer)'	#180/#179	explicit Julia export
A199	julia-api	export	MVMCOptimizers.qp_split_range	crates/mvmc-core/src/parallel.rs::group_range; crates/mvmc-core/src/parallel.rs::local_range	Implemented	unit test (no external reference)	issue350_complex_uhf::uhf_orbitals_feed_the_optimizer; issue350_complex_uhf::unconverged_run_exits_255_after_writing_files_like_c; issue350_complex_uhf::usage_and_missing_files_are_errors_not_crashes; (+70 referencing tests)	PASS 3/3	cargo nextest run -p mvmc-cli --cargo-profile test-fast --test issue350_complex_uhf -E 'test(uhf_orbitals_feed_the_optimizer)'	#177/#178/#179	explicit Julia export
A200	julia-api	export	MVMCOptimizers.allreduce_sum_scalar	crates/mvmc-core/src/mpi.rs::allreduce_sum_f64; crates/mvmc-core/src/mpi.rs::allreduce_sum_f64; crates/mvmc-core/src/reducer.rs::allreduce_sum_f64	Implemented	unit test (no external reference)	issue350_complex_uhf::uhf_orbitals_feed_the_optimizer; issue350_complex_uhf::unconverged_run_exits_255_after_writing_files_like_c; issue350_complex_uhf::usage_and_missing_files_are_errors_not_crashes; (+66 referencing tests)	PASS 3/3	cargo nextest run -p mvmc-cli --cargo-profile test-fast --test issue350_complex_uhf -E 'test(uhf_orbitals_feed_the_optimizer)'	#180/#179	explicit Julia export
A201	julia-api	export	MVMCOptimizers.allreduce_max_scalar	Reducer::any_failure uses summed integer status, not max-value semantics	Missing	C fixture	runtime_contract::malformed_runner_options_are_not_silently_ignored; runtime_contract::normal_interall_scientific_coefficients_and_c_counts_agree_in_cli_and_library; runtime_contract::paired_zero_translation_cli_rejects_and_signed_units_remain_valid; (+258 referencing tests)	PASS 3/3	cargo nextest run -p mvmc-cli --cargo-profile test-fast --test runtime_contract -E 'test(malformed_runner_options_are_not_silently_ignored)'	#180/#179	explicit Julia export; NO standalone max-reduction API; Reducer::any_failure uses summed integer status, not max-value semantics
A202	julia-api	export	MVMCOptimizers.resolve_rnd_seed	prepare_phys_cal_from_namelist/_with_reducer -> resolve_seed_with_reducer; MpiGroupContext::seed_offset	Implemented	unit test (no external reference)	issue174_physcal_dispatch::physcal_mode_one_with_fixed_file_matches_direct_library_call; core::accumulator_reduction_selects_only_active_sr_branch_in_exact_order; core::broadcast_base_seed_precedes_group_offset; (+39 referencing tests)	PASS 3/3	cargo nextest run -p mvmc-cli --cargo-profile test-fast --test issue174_physcal_dispatch -E 'test(physcal_mode_one_with_fixed_file_matches_direct_library_call)'	#177/#184 mapping Chandra; Wegener literaltests/evidence; otherseed/failurematrix owners separate	explicit Julia export
A203	julia-api	export	MVMCOptimizers.count_total_parameters	crates/mvmc-expert-parsers/src/types.rs::count_variational_parameters	Implemented	unit test (no external reference)	issue350_complex_uhf::uhf_orbitals_feed_the_optimizer; issue350_complex_uhf::unconverged_run_exits_255_after_writing_files_like_c; issue350_complex_uhf::usage_and_missing_files_are_errors_not_crashes; (+71 referencing tests)	PASS 3/3	cargo nextest run -p mvmc-cli --cargo-profile test-fast --test issue350_complex_uhf -E 'test(uhf_orbitals_feed_the_optimizer)'	#180/#179	explicit Julia export
A204	julia-api	export	MVMCOptimizers.pack_parameters	crates/mvmc-core/src/parameters.rs::pack_parameters	Implemented	unit test (no external reference)	issue350_complex_uhf::uhf_orbitals_feed_the_optimizer; issue350_complex_uhf::unconverged_run_exits_255_after_writing_files_like_c; issue350_complex_uhf::usage_and_missing_files_are_errors_not_crashes; (+104 referencing tests)	PASS 3/3	cargo nextest run -p mvmc-cli --cargo-profile test-fast --test issue350_complex_uhf -E 'test(uhf_orbitals_feed_the_optimizer)'	#180/#179	explicit Julia export
A205	julia-api	export	MVMCOptimizers.unpack_parameters!	crates/mvmc-core/src/parameters.rs::unpack_parameters	Implemented	unit test (no external reference)	issue350_complex_uhf::uhf_orbitals_feed_the_optimizer; issue350_complex_uhf::unconverged_run_exits_255_after_writing_files_like_c; issue350_complex_uhf::usage_and_missing_files_are_errors_not_crashes; (+100 referencing tests)	PASS 3/3	cargo nextest run -p mvmc-cli --cargo-profile test-fast --test issue350_complex_uhf -E 'test(uhf_orbitals_feed_the_optimizer)'	#180/#179	explicit Julia export
A206	julia-api	export	MVMCOptimizers.set_parameter_value!	crates/mvmc-core/src/parameters.rs::set_parameter_value	Implemented	unit test (no external reference)	issue350_complex_uhf::uhf_orbitals_feed_the_optimizer; issue350_complex_uhf::unconverged_run_exits_255_after_writing_files_like_c; issue350_complex_uhf::usage_and_missing_files_are_errors_not_crashes; (+97 referencing tests)	PASS 3/3	cargo nextest run -p mvmc-cli --cargo-profile test-fast --test issue350_complex_uhf -E 'test(uhf_orbitals_feed_the_optimizer)'	#180/#179	explicit Julia export
A207	julia-api	export	MVMCOptimizers.get_parameter_value	crates/mvmc-core/src/parameters.rs::get_parameter_value	Implemented	unit test (no external reference)	issue350_complex_uhf::uhf_orbitals_feed_the_optimizer; issue350_complex_uhf::unconverged_run_exits_255_after_writing_files_like_c; issue350_complex_uhf::usage_and_missing_files_are_errors_not_crashes; (+95 referencing tests)	PASS 3/3	cargo nextest run -p mvmc-cli --cargo-profile test-fast --test issue350_complex_uhf -E 'test(uhf_orbitals_feed_the_optimizer)'	#180/#179	explicit Julia export
A208	julia-api	export	MVMCOptimizers.vmc_para_opt!	crates/mvmc-core/src/run.rs::vmc_para_opt	Implemented	unit test (no external reference)	issue350_complex_uhf::uhf_orbitals_feed_the_optimizer; issue350_complex_uhf::unconverged_run_exits_255_after_writing_files_like_c; issue350_complex_uhf::usage_and_missing_files_are_errors_not_crashes; (+85 referencing tests)	PASS 3/3	cargo nextest run -p mvmc-cli --cargo-profile test-fast --test issue350_complex_uhf -E 'test(uhf_orbitals_feed_the_optimizer)'	#180/#179	explicit Julia export
A209	julia-api	export	MVMCOptimizers.vmc_phys_cal!	crates/mvmc-core/src/run.rs::vmc_phys_cal; crates/mvmc-core/src/run.rs::vmc_phys_cal_in_place (single borrowed production core; retains state/RNG on Err)	Implemented	unit test (no external reference)	issue178_support_matrix::signed_projection_physcal_with_cg_metadata_is_not_overrejected_by_cli; issue350_complex_uhf::uhf_orbitals_feed_the_optimizer; issue350_complex_uhf::unconverged_run_exits_255_after_writing_files_like_c; (+238 referencing tests)	PASS 3/3	cargo nextest run -p mvmc-cli --cargo-profile test-fast --test issue178_support_matrix -E 'test(signed_projection_physcal_with_cg_metadata_is_not_overrejected_by_cli)'	#174/#175/#178/#181/#179	explicit Julia export
A210	julia-api	export	MVMCOptimizers.run_para_opt_from_namelist	crates/mvmc-core/src/run.rs::run_para_opt_from_namelist	Implemented	unit test (no external reference)	issue350_complex_uhf::uhf_orbitals_feed_the_optimizer; issue350_complex_uhf::unconverged_run_exits_255_after_writing_files_like_c; issue350_complex_uhf::usage_and_missing_files_are_errors_not_crashes; (+67 referencing tests)	PASS 3/3	cargo nextest run -p mvmc-cli --cargo-profile test-fast --test issue350_complex_uhf -E 'test(uhf_orbitals_feed_the_optimizer)'	#180/#179	explicit Julia export
A211	julia-api	export	MVMCOptimizers.run_phys_cal_from_namelist	crates/mvmc-core/src/run.rs::prepare_phys_cal_from_namelist; crates/mvmc-core/src/run.rs::vmc_phys_cal_with_reducer; crates/mvmc-core/src/run.rs::vmc_phys_cal_in_place (single borrowed production core; retains state/RNG on Err)	Implemented	unit test (no external reference)	issue174_physcal_dispatch::physcal_mode_one_with_fixed_file_matches_direct_library_call; issue178_support_matrix::signed_projection_physcal_with_cg_metadata_is_not_overrejected_by_cli; issue350_complex_uhf::uhf_orbitals_feed_the_optimizer; (+249 referencing tests)	PASS 3/3	cargo nextest run -p mvmc-cli --cargo-profile test-fast --test issue174_physcal_dispatch -E 'test(physcal_mode_one_with_fixed_file_matches_direct_library_call)'	#174/#175/#178/#181/#179	explicit Julia export
A212	julia-api	export	MVMCOptimizers.read_initial_def!	crates/mvmc-core/src/initial_params.rs::read_initial_def	Implemented	unit test (no external reference)	issue350_complex_uhf::uhf_orbitals_feed_the_optimizer; issue350_complex_uhf::unconverged_run_exits_255_after_writing_files_like_c; issue350_complex_uhf::usage_and_missing_files_are_errors_not_crashes; (+65 referencing tests)	PASS 3/3	cargo nextest run -p mvmc-cli --cargo-profile test-fast --test issue350_complex_uhf -E 'test(uhf_orbitals_feed_the_optimizer)'	#180/#179	explicit Julia export
A213	julia-api	export	MVMCOptimizers.read_opt_para_file!	crates/mvmc-core/src/initial_params.rs::read_opt_para_file	Implemented	unit test (no external reference)	issue350_complex_uhf::uhf_orbitals_feed_the_optimizer; issue350_complex_uhf::unconverged_run_exits_255_after_writing_files_like_c; issue350_complex_uhf::usage_and_missing_files_are_errors_not_crashes; (+64 referencing tests)	PASS 3/3	cargo nextest run -p mvmc-cli --cargo-profile test-fast --test issue350_complex_uhf -E 'test(uhf_orbitals_feed_the_optimizer)'	#180/#181/#184	explicit Julia export
A214	julia-api	export	PfaPack.pfaffian_ltl!	crates/pfapack/src/pfaffian.rs::pfaffian_ltl_real; crates/pfapack/src/pfaffian.rs::pfaffian_ltl_complex	Implemented	unit test (no external reference)	pfapack::dsktf2_then_utu2pfa_matches_parlett_reid_real; pfapack::four_by_four_real_against_known; pfapack::odd_returns_zero; (+9 referencing tests)	PASS 3/3	cargo nextest run -p pfapack --cargo-profile test-fast -E 'test(dsktf2_then_utu2pfa_matches_parlett_reid_real)'	#176/#182/#184	explicit Julia export
A215	julia-api	export	PfaPack.julia_zsktf2!	crates/pfapack/src/ltl.rs::zsktf2	Implemented	unit test (no external reference)	pfapack::utu2inv_complex_round_trip	PASS 1/1	cargo nextest run -p pfapack --cargo-profile test-fast -E 'test(utu2inv_complex_round_trip)'	#176/#182/#184	explicit Julia export
A216	julia-api	export	PfaPack.julia_dsktf2!	crates/pfapack/src/ltl.rs::dsktf2	Implemented	Julia fixture	pfaffian_cg::real_slater_pfaffians_and_inverses_match_julia_numerical_values; pfapack::dsktf2_then_utu2pfa_matches_parlett_reid_real; pfapack::real_factor_hand_dyadic_first_pivot_has_strict_margin; (+2 referencing tests)	PASS 3/3	cargo nextest run -p mvmc-core --cargo-profile test-fast --test pfaffian_cg -E 'test(real_slater_pfaffians_and_inverses_match_julia_numerical_values)'	#176/#182/#184	explicit Julia export
A217	julia-api	export	PfaPack.julia_zsktf2_turbo!	crates/pfapack/src/ltl.rs::zsktf2_turbo	Implemented	Julia fixture	pfaffian_cg::complex_slater_pfaffians_and_inverses_match_julia_turbo_values	PASS 1/1	cargo nextest run -p mvmc-core --cargo-profile test-fast --test pfaffian_cg -E 'test(complex_slater_pfaffians_and_inverses_match_julia_turbo_values)'	#176/#182/#184	explicit Julia export
A218	julia-api	export	PfaPack.utu2pfa	crates/pfapack/src/utu2.rs::utu2pfa_real; crates/pfapack/src/utu2.rs::utu2pfa_complex	Implemented	Julia fixture	pfaffian_cg::complex_slater_pfaffians_and_inverses_match_julia_turbo_values; pfaffian_cg::real_slater_pfaffians_and_inverses_match_julia_numerical_values; pfapack::dsktf2_then_utu2pfa_matches_parlett_reid_real	PASS 3/3	cargo nextest run -p mvmc-core --cargo-profile test-fast --test pfaffian_cg -E 'test(complex_slater_pfaffians_and_inverses_match_julia_turbo_values)'	#176/#182/#184	explicit Julia export
A219	julia-api	export	PfaPack.utu2inv!	crates/pfapack/src/utu2.rs::utu2inv_real; crates/pfapack/src/utu2.rs::utu2inv_complex	Implemented	Julia fixture	pfaffian_cg::complex_slater_pfaffians_and_inverses_match_julia_turbo_values; pfaffian_cg::real_slater_pfaffians_and_inverses_match_julia_numerical_values; pfapack::utu2inv_complex_round_trip; (+4 referencing tests)	PASS 3/3	cargo nextest run -p mvmc-core --cargo-profile test-fast --test pfaffian_cg -E 'test(complex_slater_pfaffians_and_inverses_match_julia_turbo_values)'	#176/#182/#184	explicit Julia export
A220	julia-api	export	PfaPack.fimpl_zsktf2!	pure Rust pfapack::{dsktf2,zsktf2,utu2inv_real,utu2inv_complex}	Intentional difference	Julia fixture	pfaffian_cg::complex_slater_pfaffians_and_inverses_match_julia_turbo_values; pfaffian_cg::real_slater_pfaffians_and_inverses_match_julia_numerical_values; pfapack::dsktf2_then_utu2pfa_matches_parlett_reid_real; (+7 referencing tests)	PASS 3/3	cargo nextest run -p mvmc-core --cargo-profile test-fast --test pfaffian_cg -E 'test(complex_slater_pfaffians_and_inverses_match_julia_turbo_values)'	#176/#182/#184	explicit Julia export; no Rust counterpart by design: FFI adapter by design; pure Rust pfapack::{dsktf2,zsktf2,utu2inv_real,utu2inv_complex}
A221	julia-api	export	PfaPack.fimpl_dsktf2!	pure Rust pfapack::{dsktf2,zsktf2,utu2inv_real,utu2inv_complex}	Intentional difference	Julia fixture	pfaffian_cg::complex_slater_pfaffians_and_inverses_match_julia_turbo_values; pfaffian_cg::real_slater_pfaffians_and_inverses_match_julia_numerical_values; pfapack::dsktf2_then_utu2pfa_matches_parlett_reid_real; (+7 referencing tests)	PASS 3/3	cargo nextest run -p mvmc-core --cargo-profile test-fast --test pfaffian_cg -E 'test(complex_slater_pfaffians_and_inverses_match_julia_turbo_values)'	#176/#182/#184	explicit Julia export; no Rust counterpart by design: FFI adapter by design; pure Rust pfapack::{dsktf2,zsktf2,utu2inv_real,utu2inv_complex}
A222	julia-api	export	PfaPack.cimpl_utu2inv!	pure Rust pfapack::{dsktf2,zsktf2,utu2inv_real,utu2inv_complex}	Intentional difference	Julia fixture	pfaffian_cg::complex_slater_pfaffians_and_inverses_match_julia_turbo_values; pfaffian_cg::real_slater_pfaffians_and_inverses_match_julia_numerical_values; pfapack::dsktf2_then_utu2pfa_matches_parlett_reid_real; (+7 referencing tests)	PASS 3/3	cargo nextest run -p mvmc-core --cargo-profile test-fast --test pfaffian_cg -E 'test(complex_slater_pfaffians_and_inverses_match_julia_turbo_values)'	#176/#182/#184	explicit Julia export; no Rust counterpart by design: FFI adapter by design; pure Rust pfapack::{dsktf2,zsktf2,utu2inv_real,utu2inv_complex}
A223	julia-api	export	PfaPack.LTLDecomposition.julia_zsktf2!	crates/pfapack/src/ltl.rs::zsktf2	Implemented	unit test (no external reference)	pfapack::utu2inv_complex_round_trip	PASS 1/1	cargo nextest run -p pfapack --cargo-profile test-fast -E 'test(utu2inv_complex_round_trip)'	#176/#182/#184	explicit Julia export
A224	julia-api	export	PfaPack.LTLDecomposition.julia_dsktf2!	crates/pfapack/src/ltl.rs::dsktf2	Implemented	Julia fixture	pfaffian_cg::real_slater_pfaffians_and_inverses_match_julia_numerical_values; pfapack::dsktf2_then_utu2pfa_matches_parlett_reid_real; pfapack::real_factor_hand_dyadic_first_pivot_has_strict_margin; (+2 referencing tests)	PASS 3/3	cargo nextest run -p mvmc-core --cargo-profile test-fast --test pfaffian_cg -E 'test(real_slater_pfaffians_and_inverses_match_julia_numerical_values)'	#176/#182/#184	explicit Julia export
A225	julia-api	export	PfaPack.LTLDecomposition.julia_zsktf2_turbo!	crates/pfapack/src/ltl.rs::zsktf2_turbo	Implemented	Julia fixture	pfaffian_cg::complex_slater_pfaffians_and_inverses_match_julia_turbo_values	PASS 1/1	cargo nextest run -p mvmc-core --cargo-profile test-fast --test pfaffian_cg -E 'test(complex_slater_pfaffians_and_inverses_match_julia_turbo_values)'	#176/#182/#184	explicit Julia export
A226	julia-api	export	PfaPack.Pfaffian.pfaffian_ltl!	crates/pfapack/src/pfaffian.rs::pfaffian_ltl_real; crates/pfapack/src/pfaffian.rs::pfaffian_ltl_complex	Implemented	unit test (no external reference)	pfapack::dsktf2_then_utu2pfa_matches_parlett_reid_real; pfapack::four_by_four_real_against_known; pfapack::odd_returns_zero; (+9 referencing tests)	PASS 3/3	cargo nextest run -p pfapack --cargo-profile test-fast -E 'test(dsktf2_then_utu2pfa_matches_parlett_reid_real)'	#176/#182/#184	explicit Julia export
A227	julia-api	export	PfaPack.Utu2.utu2pfa	crates/pfapack/src/utu2.rs::utu2pfa_real; crates/pfapack/src/utu2.rs::utu2pfa_complex	Implemented	Julia fixture	pfaffian_cg::complex_slater_pfaffians_and_inverses_match_julia_turbo_values; pfaffian_cg::real_slater_pfaffians_and_inverses_match_julia_numerical_values; pfapack::dsktf2_then_utu2pfa_matches_parlett_reid_real	PASS 3/3	cargo nextest run -p mvmc-core --cargo-profile test-fast --test pfaffian_cg -E 'test(complex_slater_pfaffians_and_inverses_match_julia_turbo_values)'	#176/#182/#184	explicit Julia export
A228	julia-api	export	PfaPack.Utu2.utu2inv!	crates/pfapack/src/utu2.rs::utu2inv_real; crates/pfapack/src/utu2.rs::utu2inv_complex	Implemented	Julia fixture	pfaffian_cg::complex_slater_pfaffians_and_inverses_match_julia_turbo_values; pfaffian_cg::real_slater_pfaffians_and_inverses_match_julia_numerical_values; pfapack::utu2inv_complex_round_trip; (+4 referencing tests)	PASS 3/3	cargo nextest run -p mvmc-core --cargo-profile test-fast --test pfaffian_cg -E 'test(complex_slater_pfaffians_and_inverses_match_julia_turbo_values)'	#176/#182/#184	explicit Julia export
A229	julia-api	export	SFMT.init_gen_rand	crates/sfmt19937/src/lib.rs::seed	Implemented	unit test (no external reference)	issue174_physcal_dispatch::physcal_mode_one_with_fixed_file_matches_direct_library_call; issue184_fixed_file_boundaries::actual_cli_missing_and_malformed_fixed_records_never_create_requested_output_directory; issue350_complex_uhf::uhf_orbitals_feed_the_optimizer; (+85 referencing tests)	PASS 3/3	cargo nextest run -p mvmc-cli --cargo-profile test-fast --test issue174_physcal_dispatch -E 'test(physcal_mode_one_with_fixed_file_matches_direct_library_call)'	#177/#184	explicit Julia export
A230	julia-api	export	SFMT.genrand_real2	crates/sfmt19937/src/lib.rs::genrand_real2	Implemented	Julia fixture	parsers::real_slater_initial_values_match_julia_for_seed_one; issue184_initialization_contract::literal_basic_and_ten_slot_workflow_zero_both_projections; issue184_initialization_contract::literal_five_slots_respect_real_and_complex_conditional_draws; (+9 referencing tests)	PASS 3/3	cargo nextest run -p mvmc-expert-parsers --cargo-profile test-fast -E 'test(real_slater_initial_values_match_julia_for_seed_one)'	#177/#184	explicit Julia export
A231	julia-api	export	SFMT.gen_rand32	crates/sfmt19937/src/lib.rs::gen_rand32	Implemented	same-impl repeatability	core::actual_cg_sampling_observer_preserves_configs_rng_count_and_next624; core::callbacks_observe_post_sync_parameters_and_do_not_change_rng_trajectory; core::canonical_cg_fixed_seed_same_configuration_is_repeatable; (+86 referencing tests)	PASS 3/3	cargo nextest run -p mvmc-core --cargo-profile test-fast -E 'test(actual_cg_sampling_observer_preserves_configs_rng_count_and_next624)'	#177/#184	explicit Julia export
A232	julia-api	export	SFMT.sfmt_dump_rand32	crates/sfmt19937/src/lib.rs::dump_rand32	Implemented	unit test (no external reference)	core::both_normal_callers_reject_overflow_and_burn_shape_without_rng_draws; core::malformed_shared_pool_is_rejected_before_rng_or_configuration_mutation; core::observation_preserves_actual_candidate_decision_and_next624; (+8 referencing tests)	PASS 3/3	cargo nextest run -p mvmc-core --cargo-profile test-fast -E 'test(both_normal_callers_reject_overflow_and_burn_shape_without_rng_draws)'	#177/#184	explicit Julia export
A233	julia-api	export	SFMT.SFMT19937RNG	crates/sfmt19937/src/lib.rs::Sfmt19937Rng	Implemented	unit test (no external reference)	core::accepted_move_commits_electron_and_proj_buffers; core::accumulator_reduction_selects_only_active_sr_branch_in_exact_order; core::both_normal_callers_reject_overflow_and_burn_shape_without_rng_draws; (+131 referencing tests)	PASS 3/3	cargo nextest run -p mvmc-core --cargo-profile test-fast -E 'test(accepted_move_commits_electron_and_proj_buffers)'	#177/#184	explicit Julia export
A234	julia-api	constant	MVMCExpertModeParsers.D_FILENAME_MAX	std::fs + crates/mvmc-expert-parsers/src/utils/file.rs::read_def_file/parse_namelist_content	Implemented	unit test (no external reference)	issue174_physcal_dispatch::physcal_missing_fixed_file_with_mode_one_is_rejected_before_output; issue174_physcal_dispatch::physcal_mode_without_fixed_parameter_file_is_rejected_before_output; issue178_support_matrix::parse_fixed_initial_and_overlay_failures_reach_cli_status_without_output; (+121 referencing tests)	PASS 3/3	cargo nextest run -p mvmc-cli --cargo-profile test-fast --test issue174_physcal_dispatch -E 'test(physcal_missing_fixed_file_with_mode_one_is_rejected_before_output)'	#184/#178	public Julia name (not exported)
A235	julia-api	constant	MVMCExpertModeParsers.MAX_LINE_LENGTH	std::fs + crates/mvmc-expert-parsers/src/utils/file.rs::read_def_file/parse_namelist_content	Implemented	unit test (no external reference)	issue174_physcal_dispatch::physcal_missing_fixed_file_with_mode_one_is_rejected_before_output; issue174_physcal_dispatch::physcal_mode_without_fixed_parameter_file_is_rejected_before_output; issue178_support_matrix::parse_fixed_initial_and_overlay_failures_reach_cli_status_without_output; (+121 referencing tests)	PASS 3/3	cargo nextest run -p mvmc-cli --cargo-profile test-fast --test issue174_physcal_dispatch -E 'test(physcal_missing_fixed_file_with_mode_one_is_rejected_before_output)'	#184/#178	public Julia name (not exported)
A236	julia-api	constant	MVMCExpertModeParsers.C_FLOAT_PRECISION	crates/mvmc-core/src/io.rs::format_c_double; C output format authoritative, Julia format constant not promised	Implemented	unit test (no external reference)	issue174_physcal_dispatch::physcal_mode_one_with_fixed_file_matches_direct_library_call; issue178_support_matrix::grouped_matrix_rejections_reach_actual_cli_before_output_creation; issue178_support_matrix::parse_fixed_initial_and_overlay_failures_reach_cli_status_without_output; (+138 referencing tests)	PASS 3/3	cargo nextest run -p mvmc-cli --cargo-profile test-fast --test issue174_physcal_dispatch -E 'test(physcal_mode_one_with_fixed_file_matches_direct_library_call)'	#184/#178	public Julia name (not exported)
A237	julia-api	constant	MVMCExpertModeParsers.C_COMPLEX_FORMAT	crates/mvmc-core/src/io.rs::format_c_double; C output format authoritative, Julia format constant not promised	Implemented	unit test (no external reference)	issue174_physcal_dispatch::physcal_mode_one_with_fixed_file_matches_direct_library_call; issue178_support_matrix::grouped_matrix_rejections_reach_actual_cli_before_output_creation; issue178_support_matrix::parse_fixed_initial_and_overlay_failures_reach_cli_status_without_output; (+138 referencing tests)	PASS 3/3	cargo nextest run -p mvmc-cli --cargo-profile test-fast --test issue174_physcal_dispatch -E 'test(physcal_mode_one_with_fixed_file_matches_direct_library_call)'	#184/#178	public Julia name (not exported)
A238	julia-api	constant	MVMCExpertModeParsers.C_INT_FORMAT	crates/mvmc-core/src/io.rs::format_c_double; C output format authoritative, Julia format constant not promised	Implemented	unit test (no external reference)	issue174_physcal_dispatch::physcal_mode_one_with_fixed_file_matches_direct_library_call; issue178_support_matrix::grouped_matrix_rejections_reach_actual_cli_before_output_creation; issue178_support_matrix::parse_fixed_initial_and_overlay_failures_reach_cli_status_without_output; (+138 referencing tests)	PASS 3/3	cargo nextest run -p mvmc-cli --cargo-profile test-fast --test issue174_physcal_dispatch -E 'test(physcal_mode_one_with_fixed_file_matches_direct_library_call)'	#184/#178	public Julia name (not exported)
A239	julia-api	constant	MVMCExpertModeParsers.DEF_EXTENSION	std::fs + crates/mvmc-expert-parsers/src/utils/file.rs::read_def_file/parse_namelist_content	Implemented	unit test (no external reference)	issue174_physcal_dispatch::physcal_missing_fixed_file_with_mode_one_is_rejected_before_output; issue174_physcal_dispatch::physcal_mode_without_fixed_parameter_file_is_rejected_before_output; issue178_support_matrix::parse_fixed_initial_and_overlay_failures_reach_cli_status_without_output; (+121 referencing tests)	PASS 3/3	cargo nextest run -p mvmc-cli --cargo-profile test-fast --test issue174_physcal_dispatch -E 'test(physcal_missing_fixed_file_with_mode_one_is_rejected_before_output)'	#184/#178	public Julia name (not exported)
A240	julia-api	constant	MVMCExpertModeParsers.NAMELIST_FILE	std::fs + crates/mvmc-expert-parsers/src/utils/file.rs::read_def_file/parse_namelist_content	Implemented	unit test (no external reference)	issue174_physcal_dispatch::physcal_missing_fixed_file_with_mode_one_is_rejected_before_output; issue174_physcal_dispatch::physcal_mode_without_fixed_parameter_file_is_rejected_before_output; issue178_support_matrix::parse_fixed_initial_and_overlay_failures_reach_cli_status_without_output; (+121 referencing tests)	PASS 3/3	cargo nextest run -p mvmc-cli --cargo-profile test-fast --test issue174_physcal_dispatch -E 'test(physcal_missing_fixed_file_with_mode_one_is_rejected_before_output)'	#184/#178	public Julia name (not exported)
A241	julia-api	constant	MVMCExpertModeParsers.MVMC_KEYWORDS	crates/mvmc-expert-parsers/src/lib.rs::parse_expert_mode_files_mode dispatch (no Julia enum ABI)	Implemented	unit test (no external reference)	issue350_complex_uhf::uhf_orbitals_feed_the_optimizer; issue350_complex_uhf::unconverged_run_exits_255_after_writing_files_like_c; issue350_complex_uhf::usage_and_missing_files_are_errors_not_crashes; (+52 referencing tests)	PASS 3/3	cargo nextest run -p mvmc-cli --cargo-profile test-fast --test issue350_complex_uhf -E 'test(uhf_orbitals_feed_the_optimizer)'	#184/#178	public Julia name (not exported)
A242	julia-api	constant	MVMCExpertModeParsers.KW_IDX_INT	crates/mvmc-expert-parsers/src/lib.rs::parse_expert_mode_files_mode dispatch (no Julia enum ABI)	Implemented	unit test (no external reference)	issue350_complex_uhf::uhf_orbitals_feed_the_optimizer; issue350_complex_uhf::unconverged_run_exits_255_after_writing_files_like_c; issue350_complex_uhf::usage_and_missing_files_are_errors_not_crashes; (+52 referencing tests)	PASS 3/3	cargo nextest run -p mvmc-cli --cargo-profile test-fast --test issue350_complex_uhf -E 'test(uhf_orbitals_feed_the_optimizer)'	#184/#178	public Julia name (not exported)
A243	julia-api	constant	MVMCExpertModeParsers.SPIN_UP	crates/mvmc-expert-parsers/src/types.rs::Spin/ModParaParameters; crates/mvmc-core/src/validation.rs::validate_supported_modpara	Implemented	unit test (no external reference)	issue350_complex_uhf::uhf_orbitals_feed_the_optimizer; issue350_complex_uhf::unconverged_run_exits_255_after_writing_files_like_c; issue350_complex_uhf::usage_and_missing_files_are_errors_not_crashes; (+100 referencing tests)	PASS 3/3	cargo nextest run -p mvmc-cli --cargo-profile test-fast --test issue350_complex_uhf -E 'test(uhf_orbitals_feed_the_optimizer)'	#184/#178	public Julia name (not exported)
A244	julia-api	constant	MVMCExpertModeParsers.SPIN_DOWN	crates/mvmc-expert-parsers/src/types.rs::Spin/ModParaParameters; crates/mvmc-core/src/validation.rs::validate_supported_modpara	Implemented	unit test (no external reference)	issue350_complex_uhf::uhf_orbitals_feed_the_optimizer; issue350_complex_uhf::unconverged_run_exits_255_after_writing_files_like_c; issue350_complex_uhf::usage_and_missing_files_are_errors_not_crashes; (+100 referencing tests)	PASS 3/3	cargo nextest run -p mvmc-cli --cargo-profile test-fast --test issue350_complex_uhf -E 'test(uhf_orbitals_feed_the_optimizer)'	#184/#178	public Julia name (not exported)
A245	julia-api	constant	MVMCExpertModeParsers.SPIN_BOTH	crates/mvmc-expert-parsers/src/types.rs::Spin/ModParaParameters; crates/mvmc-core/src/validation.rs::validate_supported_modpara	Implemented	unit test (no external reference)	issue350_complex_uhf::uhf_orbitals_feed_the_optimizer; issue350_complex_uhf::unconverged_run_exits_255_after_writing_files_like_c; issue350_complex_uhf::usage_and_missing_files_are_errors_not_crashes; (+100 referencing tests)	PASS 3/3	cargo nextest run -p mvmc-cli --cargo-profile test-fast --test issue350_complex_uhf -E 'test(uhf_orbitals_feed_the_optimizer)'	#184/#178	public Julia name (not exported)
A246	julia-api	constant	MVMCExpertModeParsers.REAL_FLAG	crates/mvmc-expert-parsers/src/types.rs::Spin/ModParaParameters; crates/mvmc-core/src/validation.rs::validate_supported_modpara	Implemented	unit test (no external reference)	issue350_complex_uhf::uhf_orbitals_feed_the_optimizer; issue350_complex_uhf::unconverged_run_exits_255_after_writing_files_like_c; issue350_complex_uhf::usage_and_missing_files_are_errors_not_crashes; (+100 referencing tests)	PASS 3/3	cargo nextest run -p mvmc-cli --cargo-profile test-fast --test issue350_complex_uhf -E 'test(uhf_orbitals_feed_the_optimizer)'	#184/#178	public Julia name (not exported)
A247	julia-api	constant	MVMCExpertModeParsers.COMPLEX_FLAG	crates/mvmc-expert-parsers/src/types.rs::Spin/ModParaParameters; crates/mvmc-core/src/validation.rs::validate_supported_modpara	Implemented	unit test (no external reference)	issue350_complex_uhf::uhf_orbitals_feed_the_optimizer; issue350_complex_uhf::unconverged_run_exits_255_after_writing_files_like_c; issue350_complex_uhf::usage_and_missing_files_are_errors_not_crashes; (+100 referencing tests)	PASS 3/3	cargo nextest run -p mvmc-cli --cargo-profile test-fast --test issue350_complex_uhf -E 'test(uhf_orbitals_feed_the_optimizer)'	#184/#178	public Julia name (not exported)
A248	julia-api	constant	MVMCExpertModeParsers.PARAMETER_OPTIMIZATION	crates/mvmc-expert-parsers/src/types.rs::Spin/ModParaParameters; crates/mvmc-core/src/validation.rs::validate_supported_modpara	Implemented	unit test (no external reference)	issue350_complex_uhf::uhf_orbitals_feed_the_optimizer; issue350_complex_uhf::unconverged_run_exits_255_after_writing_files_like_c; issue350_complex_uhf::usage_and_missing_files_are_errors_not_crashes; (+100 referencing tests)	PASS 3/3	cargo nextest run -p mvmc-cli --cargo-profile test-fast --test issue350_complex_uhf -E 'test(uhf_orbitals_feed_the_optimizer)'	#184/#178	public Julia name (not exported)
A249	julia-api	constant	MVMCExpertModeParsers.PHYSICS_CALCULATION	crates/mvmc-expert-parsers/src/types.rs::Spin/ModParaParameters; crates/mvmc-core/src/validation.rs::validate_supported_modpara	Implemented	unit test (no external reference)	issue350_complex_uhf::uhf_orbitals_feed_the_optimizer; issue350_complex_uhf::unconverged_run_exits_255_after_writing_files_like_c; issue350_complex_uhf::usage_and_missing_files_are_errors_not_crashes; (+100 referencing tests)	PASS 3/3	cargo nextest run -p mvmc-cli --cargo-profile test-fast --test issue350_complex_uhf -E 'test(uhf_orbitals_feed_the_optimizer)'	#184/#178	public Julia name (not exported)
A250	julia-api	constant	MVMCExpertModeParsers.LANCZOS_NONE	crates/mvmc-expert-parsers/src/types.rs::Spin/ModParaParameters; crates/mvmc-core/src/validation.rs::validate_supported_modpara	Implemented	unit test (no external reference)	issue350_complex_uhf::uhf_orbitals_feed_the_optimizer; issue350_complex_uhf::unconverged_run_exits_255_after_writing_files_like_c; issue350_complex_uhf::usage_and_missing_files_are_errors_not_crashes; (+100 referencing tests)	PASS 3/3	cargo nextest run -p mvmc-cli --cargo-profile test-fast --test issue350_complex_uhf -E 'test(uhf_orbitals_feed_the_optimizer)'	#181/#178	public Julia name (not exported)
A251	julia-api	constant	MVMCExpertModeParsers.LANCZOS_ENERGY_ONLY	crates/mvmc-expert-parsers/src/types.rs::Spin/ModParaParameters; crates/mvmc-core/src/validation.rs::validate_supported_modpara	Implemented	unit test (no external reference)	issue350_complex_uhf::uhf_orbitals_feed_the_optimizer; issue350_complex_uhf::unconverged_run_exits_255_after_writing_files_like_c; issue350_complex_uhf::usage_and_missing_files_are_errors_not_crashes; (+100 referencing tests)	PASS 3/3	cargo nextest run -p mvmc-cli --cargo-profile test-fast --test issue350_complex_uhf -E 'test(uhf_orbitals_feed_the_optimizer)'	#181/#178	public Julia name (not exported)
A252	julia-api	constant	MVMCExpertModeParsers.LANCZOS_GREEN_FUNCTIONS	crates/mvmc-expert-parsers/src/types.rs::Spin/ModParaParameters; crates/mvmc-core/src/validation.rs::validate_supported_modpara	Implemented	unit test (no external reference)	issue350_complex_uhf::uhf_orbitals_feed_the_optimizer; issue350_complex_uhf::unconverged_run_exits_255_after_writing_files_like_c; issue350_complex_uhf::usage_and_missing_files_are_errors_not_crashes; (+100 referencing tests)	PASS 3/3	cargo nextest run -p mvmc-cli --cargo-profile test-fast --test issue350_complex_uhf -E 'test(uhf_orbitals_feed_the_optimizer)'	#181/#178	public Julia name (not exported)
A253	julia-api	constant	MVMCExpertModeParsers.DEFAULT_NSITE	crates/mvmc-expert-parsers/src/types.rs::ModParaParameters::default	Implemented	unit test (no external reference)	issue350_complex_uhf::uhf_orbitals_feed_the_optimizer; issue350_complex_uhf::unconverged_run_exits_255_after_writing_files_like_c; issue350_complex_uhf::usage_and_missing_files_are_errors_not_crashes; (+58 referencing tests)	PASS 3/3	cargo nextest run -p mvmc-cli --cargo-profile test-fast --test issue350_complex_uhf -E 'test(uhf_orbitals_feed_the_optimizer)'	#184/#178	public Julia name (not exported)
A254	julia-api	constant	MVMCExpertModeParsers.DEFAULT_NELEC	crates/mvmc-expert-parsers/src/types.rs::ModParaParameters::default	Implemented	unit test (no external reference)	issue350_complex_uhf::uhf_orbitals_feed_the_optimizer; issue350_complex_uhf::unconverged_run_exits_255_after_writing_files_like_c; issue350_complex_uhf::usage_and_missing_files_are_errors_not_crashes; (+58 referencing tests)	PASS 3/3	cargo nextest run -p mvmc-cli --cargo-profile test-fast --test issue350_complex_uhf -E 'test(uhf_orbitals_feed_the_optimizer)'	#184/#178	public Julia name (not exported)
A255	julia-api	constant	MVMCExpertModeParsers.DEFAULT_NLOCSPIN	crates/mvmc-expert-parsers/src/types.rs::ModParaParameters::default	Implemented	unit test (no external reference)	issue350_complex_uhf::uhf_orbitals_feed_the_optimizer; issue350_complex_uhf::unconverged_run_exits_255_after_writing_files_like_c; issue350_complex_uhf::usage_and_missing_files_are_errors_not_crashes; (+58 referencing tests)	PASS 3/3	cargo nextest run -p mvmc-cli --cargo-profile test-fast --test issue350_complex_uhf -E 'test(uhf_orbitals_feed_the_optimizer)'	#184/#178	public Julia name (not exported)
A256	julia-api	constant	MVMCExpertModeParsers.DEFAULT_VMC_CALC_MODE	crates/mvmc-expert-parsers/src/types.rs::ModParaParameters::default	Implemented	unit test (no external reference)	issue350_complex_uhf::uhf_orbitals_feed_the_optimizer; issue350_complex_uhf::unconverged_run_exits_255_after_writing_files_like_c; issue350_complex_uhf::usage_and_missing_files_are_errors_not_crashes; (+58 referencing tests)	PASS 3/3	cargo nextest run -p mvmc-cli --cargo-profile test-fast --test issue350_complex_uhf -E 'test(uhf_orbitals_feed_the_optimizer)'	#184/#178	public Julia name (not exported)
A257	julia-api	constant	MVMCExpertModeParsers.DEFAULT_LANCZOS_MODE	crates/mvmc-expert-parsers/src/types.rs::ModParaParameters::default	Implemented	unit test (no external reference)	issue350_complex_uhf::uhf_orbitals_feed_the_optimizer; issue350_complex_uhf::unconverged_run_exits_255_after_writing_files_like_c; issue350_complex_uhf::usage_and_missing_files_are_errors_not_crashes; (+58 referencing tests)	PASS 3/3	cargo nextest run -p mvmc-cli --cargo-profile test-fast --test issue350_complex_uhf -E 'test(uhf_orbitals_feed_the_optimizer)'	#181/#178	public Julia name (not exported)
A258	julia-api	constant	MVMCExpertModeParsers.DEFAULT_RND_SEED	crates/mvmc-expert-parsers/src/types.rs::ModParaParameters::default	Implemented	unit test (no external reference)	issue350_complex_uhf::uhf_orbitals_feed_the_optimizer; issue350_complex_uhf::unconverged_run_exits_255_after_writing_files_like_c; issue350_complex_uhf::usage_and_missing_files_are_errors_not_crashes; (+58 referencing tests)	PASS 3/3	cargo nextest run -p mvmc-cli --cargo-profile test-fast --test issue350_complex_uhf -E 'test(uhf_orbitals_feed_the_optimizer)'	#184/#178	public Julia name (not exported)
A259	julia-api	constant	MVMCExpertModeParsers.DEFAULT_NSR_OPT_ITR_STEP	crates/mvmc-expert-parsers/src/types.rs::ModParaParameters::default	Implemented	unit test (no external reference)	issue350_complex_uhf::uhf_orbitals_feed_the_optimizer; issue350_complex_uhf::unconverged_run_exits_255_after_writing_files_like_c; issue350_complex_uhf::usage_and_missing_files_are_errors_not_crashes; (+58 referencing tests)	PASS 3/3	cargo nextest run -p mvmc-cli --cargo-profile test-fast --test issue350_complex_uhf -E 'test(uhf_orbitals_feed_the_optimizer)'	#184/#178	public Julia name (not exported)
A260	julia-api	constant	MVMCExpertModeParsers.DEFAULT_NSR_OPT_ITR_SMP	crates/mvmc-expert-parsers/src/types.rs::ModParaParameters::default	Implemented	unit test (no external reference)	issue350_complex_uhf::uhf_orbitals_feed_the_optimizer; issue350_complex_uhf::unconverged_run_exits_255_after_writing_files_like_c; issue350_complex_uhf::usage_and_missing_files_are_errors_not_crashes; (+58 referencing tests)	PASS 3/3	cargo nextest run -p mvmc-cli --cargo-profile test-fast --test issue350_complex_uhf -E 'test(uhf_orbitals_feed_the_optimizer)'	#184/#178	public Julia name (not exported)
A261	julia-api	constant	MVMCExpertModeParsers.DEFAULT_NVMC_WARMUP	crates/mvmc-expert-parsers/src/types.rs::ModParaParameters::default	Implemented	unit test (no external reference)	issue350_complex_uhf::uhf_orbitals_feed_the_optimizer; issue350_complex_uhf::unconverged_run_exits_255_after_writing_files_like_c; issue350_complex_uhf::usage_and_missing_files_are_errors_not_crashes; (+58 referencing tests)	PASS 3/3	cargo nextest run -p mvmc-cli --cargo-profile test-fast --test issue350_complex_uhf -E 'test(uhf_orbitals_feed_the_optimizer)'	#184/#178	public Julia name (not exported)
A262	julia-api	constant	MVMCExpertModeParsers.DEFAULT_NVMC_INTERVAL	crates/mvmc-expert-parsers/src/types.rs::ModParaParameters::default	Implemented	unit test (no external reference)	issue350_complex_uhf::uhf_orbitals_feed_the_optimizer; issue350_complex_uhf::unconverged_run_exits_255_after_writing_files_like_c; issue350_complex_uhf::usage_and_missing_files_are_errors_not_crashes; (+58 referencing tests)	PASS 3/3	cargo nextest run -p mvmc-cli --cargo-profile test-fast --test issue350_complex_uhf -E 'test(uhf_orbitals_feed_the_optimizer)'	#184/#178	public Julia name (not exported)
A263	julia-api	constant	MVMCExpertModeParsers.DEFAULT_NVMC_SAMPLE	crates/mvmc-expert-parsers/src/types.rs::ModParaParameters::default	Implemented	unit test (no external reference)	issue350_complex_uhf::uhf_orbitals_feed_the_optimizer; issue350_complex_uhf::unconverged_run_exits_255_after_writing_files_like_c; issue350_complex_uhf::usage_and_missing_files_are_errors_not_crashes; (+58 referencing tests)	PASS 3/3	cargo nextest run -p mvmc-cli --cargo-profile test-fast --test issue350_complex_uhf -E 'test(uhf_orbitals_feed_the_optimizer)'	#184/#178	public Julia name (not exported)
A264	julia-api	constant	MVMCExpertModeParsers.DEFAULT_DSR_OPT_RED_CUT	crates/mvmc-expert-parsers/src/types.rs::ModParaParameters::default	Implemented	unit test (no external reference)	issue350_complex_uhf::uhf_orbitals_feed_the_optimizer; issue350_complex_uhf::unconverged_run_exits_255_after_writing_files_like_c; issue350_complex_uhf::usage_and_missing_files_are_errors_not_crashes; (+58 referencing tests)	PASS 3/3	cargo nextest run -p mvmc-cli --cargo-profile test-fast --test issue350_complex_uhf -E 'test(uhf_orbitals_feed_the_optimizer)'	#184/#178	public Julia name (not exported)
A265	julia-api	constant	MVMCExpertModeParsers.DEFAULT_DSR_OPT_STA_DEL	crates/mvmc-expert-parsers/src/types.rs::ModParaParameters::default	Implemented	unit test (no external reference)	issue350_complex_uhf::uhf_orbitals_feed_the_optimizer; issue350_complex_uhf::unconverged_run_exits_255_after_writing_files_like_c; issue350_complex_uhf::usage_and_missing_files_are_errors_not_crashes; (+58 referencing tests)	PASS 3/3	cargo nextest run -p mvmc-cli --cargo-profile test-fast --test issue350_complex_uhf -E 'test(uhf_orbitals_feed_the_optimizer)'	#184/#178	public Julia name (not exported)
A266	julia-api	constant	MVMCExpertModeParsers.DEFAULT_DSR_OPT_STEP_DT	crates/mvmc-expert-parsers/src/types.rs::ModParaParameters::default	Implemented	unit test (no external reference)	issue350_complex_uhf::uhf_orbitals_feed_the_optimizer; issue350_complex_uhf::unconverged_run_exits_255_after_writing_files_like_c; issue350_complex_uhf::usage_and_missing_files_are_errors_not_crashes; (+58 referencing tests)	PASS 3/3	cargo nextest run -p mvmc-cli --cargo-profile test-fast --test issue350_complex_uhf -E 'test(uhf_orbitals_feed_the_optimizer)'	#184/#178	public Julia name (not exported)
A267	julia-api	constant	MVMCExpertModeParsers.DEFAULT_DSR_OPT_CG_TOL	crates/mvmc-expert-parsers/src/types.rs::ModParaParameters::default	Implemented	unit test (no external reference)	issue350_complex_uhf::uhf_orbitals_feed_the_optimizer; issue350_complex_uhf::unconverged_run_exits_255_after_writing_files_like_c; issue350_complex_uhf::usage_and_missing_files_are_errors_not_crashes; (+58 referencing tests)	PASS 3/3	cargo nextest run -p mvmc-cli --cargo-profile test-fast --test issue350_complex_uhf -E 'test(uhf_orbitals_feed_the_optimizer)'	#184/#178	public Julia name (not exported)
A268	julia-api	constant	MVMCExpertModeParsers.DEFAULT_NSR_OPT_CG_MAX_ITER	crates/mvmc-expert-parsers/src/types.rs::ModParaParameters::default	Implemented	unit test (no external reference)	issue350_complex_uhf::uhf_orbitals_feed_the_optimizer; issue350_complex_uhf::unconverged_run_exits_255_after_writing_files_like_c; issue350_complex_uhf::usage_and_missing_files_are_errors_not_crashes; (+58 referencing tests)	PASS 3/3	cargo nextest run -p mvmc-cli --cargo-profile test-fast --test issue350_complex_uhf -E 'test(uhf_orbitals_feed_the_optimizer)'	#184/#178	public Julia name (not exported)
A269	julia-api	constant	MVMCExpertModeParsers.DEFAULT_NSP_GAUSS_LEG	crates/mvmc-expert-parsers/src/types.rs::ModParaParameters::default	Implemented	unit test (no external reference)	issue350_complex_uhf::uhf_orbitals_feed_the_optimizer; issue350_complex_uhf::unconverged_run_exits_255_after_writing_files_like_c; issue350_complex_uhf::usage_and_missing_files_are_errors_not_crashes; (+58 referencing tests)	PASS 3/3	cargo nextest run -p mvmc-cli --cargo-profile test-fast --test issue350_complex_uhf -E 'test(uhf_orbitals_feed_the_optimizer)'	#184/#178	public Julia name (not exported)
A270	julia-api	constant	MVMCExpertModeParsers.DEFAULT_NSP_STOT	crates/mvmc-expert-parsers/src/types.rs::ModParaParameters::default	Implemented	unit test (no external reference)	issue350_complex_uhf::uhf_orbitals_feed_the_optimizer; issue350_complex_uhf::unconverged_run_exits_255_after_writing_files_like_c; issue350_complex_uhf::usage_and_missing_files_are_errors_not_crashes; (+58 referencing tests)	PASS 3/3	cargo nextest run -p mvmc-cli --cargo-profile test-fast --test issue350_complex_uhf -E 'test(uhf_orbitals_feed_the_optimizer)'	#184/#178	public Julia name (not exported)
A271	julia-api	constant	MVMCExpertModeParsers.DEFAULT_NMP_TRANS	crates/mvmc-expert-parsers/src/types.rs::ModParaParameters::default	Implemented	unit test (no external reference)	issue350_complex_uhf::uhf_orbitals_feed_the_optimizer; issue350_complex_uhf::unconverged_run_exits_255_after_writing_files_like_c; issue350_complex_uhf::usage_and_missing_files_are_errors_not_crashes; (+58 referencing tests)	PASS 3/3	cargo nextest run -p mvmc-cli --cargo-profile test-fast --test issue350_complex_uhf -E 'test(uhf_orbitals_feed_the_optimizer)'	#184/#178	public Julia name (not exported)
A272	julia-api	constant	MVMCExpertModeParsers.DEFAULT_TWO_SZ	crates/mvmc-expert-parsers/src/types.rs::ModParaParameters::default	Implemented	unit test (no external reference)	issue350_complex_uhf::uhf_orbitals_feed_the_optimizer; issue350_complex_uhf::unconverged_run_exits_255_after_writing_files_like_c; issue350_complex_uhf::usage_and_missing_files_are_errors_not_crashes; (+58 referencing tests)	PASS 3/3	cargo nextest run -p mvmc-cli --cargo-profile test-fast --test issue350_complex_uhf -E 'test(uhf_orbitals_feed_the_optimizer)'	#184/#178	public Julia name (not exported)
A273	julia-api	constant	MVMCExpertModeParsers.DEFAULT_N_DATA_IDX_START	crates/mvmc-expert-parsers/src/types.rs::ModParaParameters::default	Implemented	unit test (no external reference)	issue350_complex_uhf::uhf_orbitals_feed_the_optimizer; issue350_complex_uhf::unconverged_run_exits_255_after_writing_files_like_c; issue350_complex_uhf::usage_and_missing_files_are_errors_not_crashes; (+58 referencing tests)	PASS 3/3	cargo nextest run -p mvmc-cli --cargo-profile test-fast --test issue350_complex_uhf -E 'test(uhf_orbitals_feed_the_optimizer)'	#184/#178	public Julia name (not exported)
A274	julia-api	constant	MVMCExpertModeParsers.DEFAULT_N_DATA_QTY_SMP	crates/mvmc-expert-parsers/src/types.rs::ModParaParameters::default	Implemented	unit test (no external reference)	issue350_complex_uhf::uhf_orbitals_feed_the_optimizer; issue350_complex_uhf::unconverged_run_exits_255_after_writing_files_like_c; issue350_complex_uhf::usage_and_missing_files_are_errors_not_crashes; (+58 referencing tests)	PASS 3/3	cargo nextest run -p mvmc-cli --cargo-profile test-fast --test issue350_complex_uhf -E 'test(uhf_orbitals_feed_the_optimizer)'	#184/#178	public Julia name (not exported)
A275	julia-api	constant	MVMCExpertModeParsers.DEFAULT_C_DATA_FILE_HEAD	crates/mvmc-expert-parsers/src/types.rs::ModParaParameters::default	Implemented	unit test (no external reference)	issue350_complex_uhf::uhf_orbitals_feed_the_optimizer; issue350_complex_uhf::unconverged_run_exits_255_after_writing_files_like_c; issue350_complex_uhf::usage_and_missing_files_are_errors_not_crashes; (+58 referencing tests)	PASS 3/3	cargo nextest run -p mvmc-cli --cargo-profile test-fast --test issue350_complex_uhf -E 'test(uhf_orbitals_feed_the_optimizer)'	#184/#178	public Julia name (not exported)
A276	julia-api	constant	MVMCExpertModeParsers.DEFAULT_C_PARA_FILE_HEAD	crates/mvmc-expert-parsers/src/types.rs::ModParaParameters::default	Implemented	unit test (no external reference)	issue350_complex_uhf::uhf_orbitals_feed_the_optimizer; issue350_complex_uhf::unconverged_run_exits_255_after_writing_files_like_c; issue350_complex_uhf::usage_and_missing_files_are_errors_not_crashes; (+58 referencing tests)	PASS 3/3	cargo nextest run -p mvmc-cli --cargo-profile test-fast --test issue350_complex_uhf -E 'test(uhf_orbitals_feed_the_optimizer)'	#184/#178	public Julia name (not exported)
A277	julia-api	constant	MVMCExpertModeParsers.DEFAULT_N_FILE_FLUSH_INTERVAL	crates/mvmc-expert-parsers/src/types.rs::ModParaParameters::default	Implemented	unit test (no external reference)	issue350_complex_uhf::uhf_orbitals_feed_the_optimizer; issue350_complex_uhf::unconverged_run_exits_255_after_writing_files_like_c; issue350_complex_uhf::usage_and_missing_files_are_errors_not_crashes; (+58 referencing tests)	PASS 3/3	cargo nextest run -p mvmc-cli --cargo-profile test-fast --test issue350_complex_uhf -E 'test(uhf_orbitals_feed_the_optimizer)'	#184/#178	public Julia name (not exported)
A278	julia-api	constant	MVMCExpertModeParsers.DEFAULT_COMPLEX_FLAG	crates/mvmc-expert-parsers/src/types.rs::ModParaParameters::default	Implemented	unit test (no external reference)	issue350_complex_uhf::uhf_orbitals_feed_the_optimizer; issue350_complex_uhf::unconverged_run_exits_255_after_writing_files_like_c; issue350_complex_uhf::usage_and_missing_files_are_errors_not_crashes; (+58 referencing tests)	PASS 3/3	cargo nextest run -p mvmc-cli --cargo-profile test-fast --test issue350_complex_uhf -E 'test(uhf_orbitals_feed_the_optimizer)'	#184/#178	public Julia name (not exported)
A279	julia-api	constant	MVMCExpertModeParsers.DEFAULT_NNEURON	crates/mvmc-expert-parsers/src/types.rs::ModParaParameters::default	Implemented	unit test (no external reference)	issue350_complex_uhf::uhf_orbitals_feed_the_optimizer; issue350_complex_uhf::unconverged_run_exits_255_after_writing_files_like_c; issue350_complex_uhf::usage_and_missing_files_are_errors_not_crashes; (+58 referencing tests)	PASS 3/3	cargo nextest run -p mvmc-cli --cargo-profile test-fast --test issue350_complex_uhf -E 'test(uhf_orbitals_feed_the_optimizer)'	#184/#178	public Julia name (not exported)
A280	julia-api	constant	MVMCExpertModeParsers.DEFAULT_NBLOCK_SIZE_RBM_RATIO	crates/mvmc-expert-parsers/src/types.rs::ModParaParameters::default	Implemented	unit test (no external reference)	issue350_complex_uhf::uhf_orbitals_feed_the_optimizer; issue350_complex_uhf::unconverged_run_exits_255_after_writing_files_like_c; issue350_complex_uhf::usage_and_missing_files_are_errors_not_crashes; (+58 referencing tests)	PASS 3/3	cargo nextest run -p mvmc-cli --cargo-profile test-fast --test issue350_complex_uhf -E 'test(uhf_orbitals_feed_the_optimizer)'	#184/#178	public Julia name (not exported)
A281	julia-api	constant	MVMCExpertModeParsers.DEFAULT_N_ONE_BODY_G	crates/mvmc-expert-parsers/src/types.rs::ModParaParameters::default	Implemented	unit test (no external reference)	issue350_complex_uhf::uhf_orbitals_feed_the_optimizer; issue350_complex_uhf::unconverged_run_exits_255_after_writing_files_like_c; issue350_complex_uhf::usage_and_missing_files_are_errors_not_crashes; (+58 referencing tests)	PASS 3/3	cargo nextest run -p mvmc-cli --cargo-profile test-fast --test issue350_complex_uhf -E 'test(uhf_orbitals_feed_the_optimizer)'	#184/#178	public Julia name (not exported)
A282	julia-api	constant	MVMCExpertModeParsers.DEFAULT_N_TWO_BODY_G	crates/mvmc-expert-parsers/src/types.rs::ModParaParameters::default	Implemented	unit test (no external reference)	issue350_complex_uhf::uhf_orbitals_feed_the_optimizer; issue350_complex_uhf::unconverged_run_exits_255_after_writing_files_like_c; issue350_complex_uhf::usage_and_missing_files_are_errors_not_crashes; (+58 referencing tests)	PASS 3/3	cargo nextest run -p mvmc-cli --cargo-profile test-fast --test issue350_complex_uhf -E 'test(uhf_orbitals_feed_the_optimizer)'	#184/#178	public Julia name (not exported)
A283	julia-api	constant	MVMCExpertModeParsers.DEFAULT_N_TWO_BODY_G_EX	crates/mvmc-expert-parsers/src/types.rs::ModParaParameters::default	Implemented	unit test (no external reference)	issue350_complex_uhf::uhf_orbitals_feed_the_optimizer; issue350_complex_uhf::unconverged_run_exits_255_after_writing_files_like_c; issue350_complex_uhf::usage_and_missing_files_are_errors_not_crashes; (+58 referencing tests)	PASS 3/3	cargo nextest run -p mvmc-cli --cargo-profile test-fast --test issue350_complex_uhf -E 'test(uhf_orbitals_feed_the_optimizer)'	#184/#178	public Julia name (not exported)
A284	julia-api	constant	MVMCExpertModeParsers.DEFAULT_NEX_UPDATE_PATH	crates/mvmc-expert-parsers/src/types.rs::ModParaParameters::default	Implemented	unit test (no external reference)	issue350_complex_uhf::uhf_orbitals_feed_the_optimizer; issue350_complex_uhf::unconverged_run_exits_255_after_writing_files_like_c; issue350_complex_uhf::usage_and_missing_files_are_errors_not_crashes; (+58 referencing tests)	PASS 3/3	cargo nextest run -p mvmc-cli --cargo-profile test-fast --test issue350_complex_uhf -E 'test(uhf_orbitals_feed_the_optimizer)'	#184/#178	public Julia name (not exported)
A285	julia-api	constant	MVMCExpertModeParsers.DEFAULT_NSPLIT_SIZE	crates/mvmc-expert-parsers/src/types.rs::ModParaParameters::default	Implemented	unit test (no external reference)	issue350_complex_uhf::uhf_orbitals_feed_the_optimizer; issue350_complex_uhf::unconverged_run_exits_255_after_writing_files_like_c; issue350_complex_uhf::usage_and_missing_files_are_errors_not_crashes; (+58 referencing tests)	PASS 3/3	cargo nextest run -p mvmc-cli --cargo-profile test-fast --test issue350_complex_uhf -E 'test(uhf_orbitals_feed_the_optimizer)'	#184/#178	public Julia name (not exported)
A286	julia-api	constant	MVMCExpertModeParsers.ERROR_FILE_NOT_FOUND	crates/mvmc-expert-parsers/src/lib.rs::ParseError + ValidationResult messages	Implemented	unit test (no external reference)	issue350_complex_uhf::uhf_orbitals_feed_the_optimizer; issue350_complex_uhf::unconverged_run_exits_255_after_writing_files_like_c; issue350_complex_uhf::usage_and_missing_files_are_errors_not_crashes; (+62 referencing tests)	PASS 3/3	cargo nextest run -p mvmc-cli --cargo-profile test-fast --test issue350_complex_uhf -E 'test(uhf_orbitals_feed_the_optimizer)'	#184/#178	public Julia name (not exported)
A287	julia-api	constant	MVMCExpertModeParsers.ERROR_INVALID_FORMAT	crates/mvmc-expert-parsers/src/lib.rs::ParseError + ValidationResult messages	Implemented	unit test (no external reference)	issue350_complex_uhf::uhf_orbitals_feed_the_optimizer; issue350_complex_uhf::unconverged_run_exits_255_after_writing_files_like_c; issue350_complex_uhf::usage_and_missing_files_are_errors_not_crashes; (+62 referencing tests)	PASS 3/3	cargo nextest run -p mvmc-cli --cargo-profile test-fast --test issue350_complex_uhf -E 'test(uhf_orbitals_feed_the_optimizer)'	#184/#178	public Julia name (not exported)
A288	julia-api	constant	MVMCExpertModeParsers.ERROR_PARSE_ERROR	crates/mvmc-expert-parsers/src/lib.rs::ParseError + ValidationResult messages	Implemented	unit test (no external reference)	issue350_complex_uhf::uhf_orbitals_feed_the_optimizer; issue350_complex_uhf::unconverged_run_exits_255_after_writing_files_like_c; issue350_complex_uhf::usage_and_missing_files_are_errors_not_crashes; (+62 referencing tests)	PASS 3/3	cargo nextest run -p mvmc-cli --cargo-profile test-fast --test issue350_complex_uhf -E 'test(uhf_orbitals_feed_the_optimizer)'	#184/#178	public Julia name (not exported)
A289	julia-api	constant	MVMCExpertModeParsers.ERROR_VALIDATION_ERROR	crates/mvmc-expert-parsers/src/lib.rs::ParseError + ValidationResult messages	Implemented	unit test (no external reference)	issue350_complex_uhf::uhf_orbitals_feed_the_optimizer; issue350_complex_uhf::unconverged_run_exits_255_after_writing_files_like_c; issue350_complex_uhf::usage_and_missing_files_are_errors_not_crashes; (+62 referencing tests)	PASS 3/3	cargo nextest run -p mvmc-cli --cargo-profile test-fast --test issue350_complex_uhf -E 'test(uhf_orbitals_feed_the_optimizer)'	#184/#178	public Julia name (not exported)
A290	julia-api	constant	MVMCExpertModeParsers.ERROR_MISSING_PARAMETER	crates/mvmc-expert-parsers/src/lib.rs::ParseError + ValidationResult messages	Implemented	unit test (no external reference)	issue350_complex_uhf::uhf_orbitals_feed_the_optimizer; issue350_complex_uhf::unconverged_run_exits_255_after_writing_files_like_c; issue350_complex_uhf::usage_and_missing_files_are_errors_not_crashes; (+62 referencing tests)	PASS 3/3	cargo nextest run -p mvmc-cli --cargo-profile test-fast --test issue350_complex_uhf -E 'test(uhf_orbitals_feed_the_optimizer)'	#184/#178	public Julia name (not exported)
A291	julia-api	constant	MVMCExpertModeParsers.ERROR_INVALID_VALUE	crates/mvmc-expert-parsers/src/lib.rs::ParseError + ValidationResult messages	Implemented	unit test (no external reference)	issue350_complex_uhf::uhf_orbitals_feed_the_optimizer; issue350_complex_uhf::unconverged_run_exits_255_after_writing_files_like_c; issue350_complex_uhf::usage_and_missing_files_are_errors_not_crashes; (+62 referencing tests)	PASS 3/3	cargo nextest run -p mvmc-cli --cargo-profile test-fast --test issue350_complex_uhf -E 'test(uhf_orbitals_feed_the_optimizer)'	#184/#178	public Julia name (not exported)
A292	julia-api	constant	MVMCExpertModeParsers.ERROR_INCONSISTENT_DATA	crates/mvmc-expert-parsers/src/lib.rs::ParseError + ValidationResult messages	Implemented	unit test (no external reference)	issue350_complex_uhf::uhf_orbitals_feed_the_optimizer; issue350_complex_uhf::unconverged_run_exits_255_after_writing_files_like_c; issue350_complex_uhf::usage_and_missing_files_are_errors_not_crashes; (+62 referencing tests)	PASS 3/3	cargo nextest run -p mvmc-cli --cargo-profile test-fast --test issue350_complex_uhf -E 'test(uhf_orbitals_feed_the_optimizer)'	#184/#178	public Julia name (not exported)
A293	julia-api	constant	MVMCExpertModeParsers.WARNING_DEFAULT_VALUE	crates/mvmc-expert-parsers/src/lib.rs::ParseError + ValidationResult messages	Implemented	unit test (no external reference)	issue350_complex_uhf::uhf_orbitals_feed_the_optimizer; issue350_complex_uhf::unconverged_run_exits_255_after_writing_files_like_c; issue350_complex_uhf::usage_and_missing_files_are_errors_not_crashes; (+62 referencing tests)	PASS 3/3	cargo nextest run -p mvmc-cli --cargo-profile test-fast --test issue350_complex_uhf -E 'test(uhf_orbitals_feed_the_optimizer)'	#184/#178	public Julia name (not exported)
A294	julia-api	constant	MVMCExpertModeParsers.WARNING_IGNORED_LINE	crates/mvmc-expert-parsers/src/lib.rs::ParseError + ValidationResult messages	Implemented	unit test (no external reference)	issue350_complex_uhf::uhf_orbitals_feed_the_optimizer; issue350_complex_uhf::unconverged_run_exits_255_after_writing_files_like_c; issue350_complex_uhf::usage_and_missing_files_are_errors_not_crashes; (+62 referencing tests)	PASS 3/3	cargo nextest run -p mvmc-cli --cargo-profile test-fast --test issue350_complex_uhf -E 'test(uhf_orbitals_feed_the_optimizer)'	#184/#178	public Julia name (not exported)
A295	julia-api	constant	MVMCExpertModeParsers.WARNING_DEPRECATED_FORMAT	crates/mvmc-expert-parsers/src/lib.rs::ParseError + ValidationResult messages	Implemented	unit test (no external reference)	issue350_complex_uhf::uhf_orbitals_feed_the_optimizer; issue350_complex_uhf::unconverged_run_exits_255_after_writing_files_like_c; issue350_complex_uhf::usage_and_missing_files_are_errors_not_crashes; (+62 referencing tests)	PASS 3/3	cargo nextest run -p mvmc-cli --cargo-profile test-fast --test issue350_complex_uhf -E 'test(uhf_orbitals_feed_the_optimizer)'	#184/#178	public Julia name (not exported)
A296	julia-api	constant	MVMCExpertModeParsers.WARNING_APPROXIMATION	crates/mvmc-expert-parsers/src/lib.rs::ParseError + ValidationResult messages	Implemented	unit test (no external reference)	issue350_complex_uhf::uhf_orbitals_feed_the_optimizer; issue350_complex_uhf::unconverged_run_exits_255_after_writing_files_like_c; issue350_complex_uhf::usage_and_missing_files_are_errors_not_crashes; (+62 referencing tests)	PASS 3/3	cargo nextest run -p mvmc-cli --cargo-profile test-fast --test issue350_complex_uhf -E 'test(uhf_orbitals_feed_the_optimizer)'	#184/#178	public Julia name (not exported)
A297	julia-api	constant	MVMCExpertModeParsers.D_AMP_MAX	crates/mvmc-expert-parsers/src/lib.rs::c_const::D_AMP_MAX = 4.0	Implemented	unit test (no external reference)	issue350_complex_uhf::uhf_orbitals_feed_the_optimizer; issue350_complex_uhf::unconverged_run_exits_255_after_writing_files_like_c; issue350_complex_uhf::usage_and_missing_files_are_errors_not_crashes; (+52 referencing tests)	PASS 3/3	cargo nextest run -p mvmc-cli --cargo-profile test-fast --test issue350_complex_uhf -E 'test(uhf_orbitals_feed_the_optimizer)'	#177/#180/#181	public Julia name (not exported)
A298	julia-api	constant	MVMCExpertModeParsers.GAUSSLEG_EPS	crates/mvmc-expert-parsers/src/utils/qp_weight.rs::gauss_legendre	Implemented	unit test (no external reference)	issue350_complex_uhf::uhf_orbitals_feed_the_optimizer; issue350_complex_uhf::unconverged_run_exits_255_after_writing_files_like_c; issue350_complex_uhf::usage_and_missing_files_are_errors_not_crashes; (+58 referencing tests)	PASS 3/3	cargo nextest run -p mvmc-cli --cargo-profile test-fast --test issue350_complex_uhf -E 'test(uhf_orbitals_feed_the_optimizer)'	#178/#180/#181	public Julia name (not exported)
A299	julia-api	typed-short-function	MVMCExpertModeParsers.n_projection_parameters	ExpertModeData::projection_layout().n_proj; tests/issue184_assertion_contracts.rs::projection_count_helper_replacement_preserves_declared_sparse_and_dh_widths	Implemented	same-impl repeatability	core::accumulator_reduction_selects_only_active_sr_branch_in_exact_order; core::actual_cg_sampling_observer_preserves_configs_rng_count_and_next624; core::both_normal_callers_reject_overflow_and_burn_shape_without_rng_draws; (+223 referencing tests)	PASS 3/3	cargo nextest run -p mvmc-core --cargo-profile test-fast -E 'test(accumulator_reduction_selects_only_active_sr_branch_in_exact_order)'	#184	public Julia name (not exported)
A300	julia-api	typed-short-function	MVMCExpertModeParsers.count_opt_trans_parameters	ExpertModeData::count_opt_trans_parameters -> self.opt_trans.len(); tests/issue184_assertion_contracts.rs::opttrans_count_helper_returns_stored_length_without_mutation	Implemented	same-impl repeatability	core::accumulator_reduction_selects_only_active_sr_branch_in_exact_order; core::actual_cg_sampling_observer_preserves_configs_rng_count_and_next624; core::both_normal_callers_reject_overflow_and_burn_shape_without_rng_draws; (+192 referencing tests)	PASS 3/3	cargo nextest run -p mvmc-core --cargo-profile test-fast -E 'test(accumulator_reduction_selects_only_active_sr_branch_in_exact_order)'	#184	public Julia name (not exported)
S001	julia-scenario	script-entry-or-reference-aid	MVMCExpertModeParsers.jl/test/runtests.jl	crates/mvmc-expert-parsers/src/lib.rs::parse_expert_mode_files_with_c_opt_trans	Implemented	unit test (no external reference)	issue350_complex_uhf::uhf_orbitals_feed_the_optimizer; issue350_complex_uhf::unconverged_run_exits_255_after_writing_files_like_c; issue350_complex_uhf::usage_and_missing_files_are_errors_not_crashes	PASS 3/3	cargo nextest run -p mvmc-cli --cargo-profile test-fast --test issue350_complex_uhf -E 'test(uhf_orbitals_feed_the_optimizer)'	#184/#178	MVMCExpertModeParsers.jl/test/runtests.jl:1
S002	julia-scenario	testset	"@testset ""DH2 parser uses C index-table layout"" begin"	crates/mvmc-expert-parsers/src/parsers/doublon_holon.rs::parse_doublon_holon_2site_content	Implemented	unit test (no external reference)	issue350_complex_uhf::uhf_orbitals_feed_the_optimizer; issue350_complex_uhf::unconverged_run_exits_255_after_writing_files_like_c; issue350_complex_uhf::usage_and_missing_files_are_errors_not_crashes	PASS 3/3	cargo nextest run -p mvmc-cli --cargo-profile test-fast --test issue350_complex_uhf -E 'test(uhf_orbitals_feed_the_optimizer)'	#184/#178	MVMCExpertModeParsers.jl/test/test_doublon_holon_parser.jl:78
S003	julia-scenario	testset	"@testset ""DH4 parser uses C index-table layout"" begin"	crates/mvmc-expert-parsers/src/parsers/doublon_holon.rs::parse_doublon_holon_4site_content	Implemented	unit test (no external reference)	issue350_complex_uhf::uhf_orbitals_feed_the_optimizer; issue350_complex_uhf::unconverged_run_exits_255_after_writing_files_like_c; issue350_complex_uhf::usage_and_missing_files_are_errors_not_crashes	PASS 3/3	cargo nextest run -p mvmc-cli --cargo-profile test-fast --test issue350_complex_uhf -E 'test(uhf_orbitals_feed_the_optimizer)'	#184/#178	MVMCExpertModeParsers.jl/test/test_doublon_holon_parser.jl:94
S004	julia-scenario	testset	"@testset ""DH parsers reject malformed C tables"" begin"	crates/mvmc-expert-parsers/src/parsers/doublon_holon.rs::parse_doublon_holon_2site_content; crates/mvmc-expert-parsers/src/parsers/doublon_holon.rs::parse_doublon_holon_4site_content	Rejected-with-C-reason	unit test (no external reference)	issue350_complex_uhf::uhf_orbitals_feed_the_optimizer; issue350_complex_uhf::unconverged_run_exits_255_after_writing_files_like_c; issue350_complex_uhf::usage_and_missing_files_are_errors_not_crashes	PASS 3/3	cargo nextest run -p mvmc-cli --cargo-profile test-fast --test issue350_complex_uhf -E 'test(uhf_orbitals_feed_the_optimizer)'	#184/#178	MVMCExpertModeParsers.jl/test/test_doublon_holon_parser.jl:104
S005	julia-scenario	testset	"@testset ""Deprecated DH value-term shims remain outside runtime data"" begin"	crates/mvmc-expert-parsers/src/parsers/doublon_holon.rs::parse_doublon_holon_2site_content; crates/mvmc-expert-parsers/src/utils/validation.rs::validate_doublon_holon_2site_indices; crates/mvmc-expert-parsers/src/parsers/doublon_holon.rs::parse_doublon_holon_4site_content; crates/mvmc-expert-parsers	Implemented	unit test (no external reference)	issue350_complex_uhf::uhf_orbitals_feed_the_optimizer; issue350_complex_uhf::unconverged_run_exits_255_after_writing_files_like_c; issue350_complex_uhf::usage_and_missing_files_are_errors_not_crashes	PASS 3/3	cargo nextest run -p mvmc-cli --cargo-profile test-fast --test issue350_complex_uhf -E 'test(uhf_orbitals_feed_the_optimizer)'	#184/#178	MVMCExpertModeParsers.jl/test/test_doublon_holon_parser.jl:115
S006	julia-scenario	testset	"@testset ""DH projection layout and opt flags are C-compatible"" begin"	crates/mvmc-expert-parsers/src/types.rs::ExpertModeData; crates/mvmc-expert-parsers/src/types.rs::GutzwillerTerm; crates/mvmc-expert-parsers/src/types.rs::JastrowTerm; crates/mvmc-expert-parsers/src/types.rs::DoublonHolon2SiteIndex; crates/mvmc-expert-parsers/src/types.rs::DoublonHolon4SiteIndex; cr	Implemented	unit test (no external reference)	issue350_complex_uhf::uhf_orbitals_feed_the_optimizer; issue350_complex_uhf::unconverged_run_exits_255_after_writing_files_like_c; issue350_complex_uhf::usage_and_missing_files_are_errors_not_crashes	PASS 3/3	cargo nextest run -p mvmc-cli --cargo-profile test-fast --test issue350_complex_uhf -E 'test(uhf_orbitals_feed_the_optimizer)'	#184/#178	MVMCExpertModeParsers.jl/test/test_doublon_holon_parser.jl:134
S007	julia-scenario	testset	"@testset ""DH dispatch and public parse path are fatal-if-present"" begin"	crates/mvmc-expert-parsers/src/types.rs::ExpertModeData; crates/mvmc-expert-parsers/src/lib.rs::parse_expert_mode_files_mode; crates/mvmc-expert-parsers/src/lib.rs::parse_expert_mode_files; crates/mvmc-expert-parsers/src/types.rs::projection_layout	Rejected-with-C-reason	unit test (no external reference)	issue350_complex_uhf::uhf_orbitals_feed_the_optimizer; issue350_complex_uhf::unconverged_run_exits_255_after_writing_files_like_c; issue350_complex_uhf::usage_and_missing_files_are_errors_not_crashes	PASS 3/3	cargo nextest run -p mvmc-cli --cargo-profile test-fast --test issue350_complex_uhf -E 'test(uhf_orbitals_feed_the_optimizer)'	#184/#178	MVMCExpertModeParsers.jl/test/test_doublon_holon_parser.jl:175
S008	julia-scenario	testset	"@testset ""DH final layout is used for orbital opt flags regardless of namelist order"" begin"	crates/mvmc-expert-parsers/src/lib.rs::parse_expert_mode_files; crates/mvmc-expert-parsers/src/types.rs::projection_layout	Implemented	unit test (no external reference)	issue350_complex_uhf::uhf_orbitals_feed_the_optimizer; issue350_complex_uhf::unconverged_run_exits_255_after_writing_files_like_c; issue350_complex_uhf::usage_and_missing_files_are_errors_not_crashes	PASS 3/3	cargo nextest run -p mvmc-cli --cargo-profile test-fast --test issue350_complex_uhf -E 'test(uhf_orbitals_feed_the_optimizer)'	#184/#178	MVMCExpertModeParsers.jl/test/test_doublon_holon_parser.jl:214
S009	julia-scenario	testset	"@testset ""SpinJastrow inputs hard-fail before projection layout is used"" begin"	crates/mvmc-expert-parsers/src/lib.rs::parse_expert_mode_files	Implemented	unit test (no external reference)	issue350_complex_uhf::uhf_orbitals_feed_the_optimizer; issue350_complex_uhf::unconverged_run_exits_255_after_writing_files_like_c; issue350_complex_uhf::usage_and_missing_files_are_errors_not_crashes	PASS 3/3	cargo nextest run -p mvmc-cli --cargo-profile test-fast --test issue350_complex_uhf -E 'test(uhf_orbitals_feed_the_optimizer)'	#184/#178	MVMCExpertModeParsers.jl/test/test_doublon_holon_parser.jl:235
S010	julia-scenario	testset	"@testset ""GreenTwoExTerm type and ExpertModeData field"" begin"	crates/mvmc-expert-parsers/src/types.rs::GreenTwoExTerm; crates/mvmc-expert-parsers/src/types.rs::ExpertModeData	Implemented	unit test (no external reference)	issue350_complex_uhf::uhf_orbitals_feed_the_optimizer; issue350_complex_uhf::unconverged_run_exits_255_after_writing_files_like_c; issue350_complex_uhf::usage_and_missing_files_are_errors_not_crashes	PASS 3/3	cargo nextest run -p mvmc-cli --cargo-profile test-fast --test issue350_complex_uhf -E 'test(uhf_orbitals_feed_the_optimizer)'	#184/#178	MVMCExpertModeParsers.jl/test/test_green_two_ex_parser.jl:5
S011	julia-scenario	testset	"@testset ""parse_green_two_ex_content"" begin"	crates/mvmc-expert-parsers/src/lib.rs::parse_expert_mode_files_with_c_opt_trans	Implemented	unit test (no external reference)	issue350_complex_uhf::uhf_orbitals_feed_the_optimizer; issue350_complex_uhf::unconverged_run_exits_255_after_writing_files_like_c; issue350_complex_uhf::usage_and_missing_files_are_errors_not_crashes	PASS 3/3	cargo nextest run -p mvmc-cli --cargo-profile test-fast --test issue350_complex_uhf -E 'test(uhf_orbitals_feed_the_optimizer)'	#184/#178	MVMCExpertModeParsers.jl/test/test_green_two_ex_parser.jl:49
S012	julia-scenario	testset	"@testset ""valid content maps columns with C reorder"" begin"	crates/mvmc-expert-parsers/src/parsers/green.rs::parse_green_two_ex_content	Implemented	unit test (no external reference)	issue350_complex_uhf::uhf_orbitals_feed_the_optimizer; issue350_complex_uhf::unconverged_run_exits_255_after_writing_files_like_c; issue350_complex_uhf::usage_and_missing_files_are_errors_not_crashes	PASS 3/3	cargo nextest run -p mvmc-cli --cargo-profile test-fast --test issue350_complex_uhf -E 'test(uhf_orbitals_feed_the_optimizer)'	#184/#178	MVMCExpertModeParsers.jl/test/test_green_two_ex_parser.jl:50
S013	julia-scenario	testset	"@testset ""header count must match parsed rows"" begin"	crates/mvmc-expert-parsers/src/parsers/green.rs::parse_green_two_ex_content	Implemented	unit test (no external reference)	issue350_complex_uhf::uhf_orbitals_feed_the_optimizer; issue350_complex_uhf::unconverged_run_exits_255_after_writing_files_like_c; issue350_complex_uhf::usage_and_missing_files_are_errors_not_crashes	PASS 3/3	cargo nextest run -p mvmc-cli --cargo-profile test-fast --test issue350_complex_uhf -E 'test(uhf_orbitals_feed_the_optimizer)'	#184/#178	MVMCExpertModeParsers.jl/test/test_green_two_ex_parser.jl:63
S014	julia-scenario	testset	"@testset ""a data row that is not exactly 8 integers is rejected"" begin"	crates/mvmc-expert-parsers/src/parsers/green.rs::parse_green_two_ex_content	Rejected-with-C-reason	unit test (no external reference)	issue350_complex_uhf::uhf_orbitals_feed_the_optimizer; issue350_complex_uhf::unconverged_run_exits_255_after_writing_files_like_c; issue350_complex_uhf::usage_and_missing_files_are_errors_not_crashes	PASS 3/3	cargo nextest run -p mvmc-cli --cargo-profile test-fast --test issue350_complex_uhf -E 'test(uhf_orbitals_feed_the_optimizer)'	#184/#178	MVMCExpertModeParsers.jl/test/test_green_two_ex_parser.jl:73
S015	julia-scenario	testset	"@testset ""non-integer field is rejected"" begin"	crates/mvmc-expert-parsers/src/parsers/green.rs::parse_green_two_ex_content	Rejected-with-C-reason	unit test (no external reference)	issue350_complex_uhf::uhf_orbitals_feed_the_optimizer; issue350_complex_uhf::unconverged_run_exits_255_after_writing_files_like_c; issue350_complex_uhf::usage_and_missing_files_are_errors_not_crashes	PASS 3/3	cargo nextest run -p mvmc-cli --cargo-profile test-fast --test issue350_complex_uhf -E 'test(uhf_orbitals_feed_the_optimizer)'	#184/#178	MVMCExpertModeParsers.jl/test/test_green_two_ex_parser.jl:80
S016	julia-scenario	testset	"@testset ""spin outside {0,1} is rejected"" begin"	crates/mvmc-expert-parsers/src/parsers/green.rs::parse_green_two_ex_content	Rejected-with-C-reason	unit test (no external reference)	issue350_complex_uhf::uhf_orbitals_feed_the_optimizer; issue350_complex_uhf::unconverged_run_exits_255_after_writing_files_like_c; issue350_complex_uhf::usage_and_missing_files_are_errors_not_crashes	PASS 3/3	cargo nextest run -p mvmc-cli --cargo-profile test-fast --test issue350_complex_uhf -E 'test(uhf_orbitals_feed_the_optimizer)'	#184/#178	MVMCExpertModeParsers.jl/test/test_green_two_ex_parser.jl:86
S017	julia-scenario	testset	"@testset ""header count must be a non-negative integer in token 2"" begin"	crates/mvmc-expert-parsers/src/parsers/green.rs::parse_green_two_ex_content	Implemented	unit test (no external reference)	issue350_complex_uhf::uhf_orbitals_feed_the_optimizer; issue350_complex_uhf::unconverged_run_exits_255_after_writing_files_like_c; issue350_complex_uhf::usage_and_missing_files_are_errors_not_crashes	PASS 3/3	cargo nextest run -p mvmc-cli --cargo-profile test-fast --test issue350_complex_uhf -E 'test(uhf_orbitals_feed_the_optimizer)'	#184/#178	MVMCExpertModeParsers.jl/test/test_green_two_ex_parser.jl:92
S018	julia-scenario	testset	"@testset ""TwoBodyGEx dispatch"" begin"	crates/mvmc-expert-parsers/src/types.rs::ExpertModeData; crates/mvmc-expert-parsers/src/lib.rs::parse_expert_mode_files_mode	Implemented	unit test (no external reference)	issue350_complex_uhf::uhf_orbitals_feed_the_optimizer; issue350_complex_uhf::unconverged_run_exits_255_after_writing_files_like_c; issue350_complex_uhf::usage_and_missing_files_are_errors_not_crashes	PASS 3/3	cargo nextest run -p mvmc-cli --cargo-profile test-fast --test issue350_complex_uhf -E 'test(uhf_orbitals_feed_the_optimizer)'	#184/#178	MVMCExpertModeParsers.jl/test/test_green_two_ex_parser.jl:110
S019	julia-scenario	testset	"@testset ""TwoBodyGEx is fatal on the public parse_expert_mode_files path"" begin"	crates/mvmc-expert-parsers/src/lib.rs::parse_expert_mode_files	Rejected-with-C-reason	unit test (no external reference)	issue350_complex_uhf::uhf_orbitals_feed_the_optimizer; issue350_complex_uhf::unconverged_run_exits_255_after_writing_files_like_c; issue350_complex_uhf::usage_and_missing_files_are_errors_not_crashes	PASS 3/3	cargo nextest run -p mvmc-cli --cargo-profile test-fast --test issue350_complex_uhf -E 'test(uhf_orbitals_feed_the_optimizer)'	#184/#178	MVMCExpertModeParsers.jl/test/test_green_two_ex_parser.jl:129
S020	julia-scenario	testset	"@testset ""Expert Mode Data Integration"" begin"	crates/mvmc-expert-parsers/src/types.rs::ExpertModeData; crates/mvmc-expert-parsers/src/types.rs::ModParaParameters; crates/mvmc-expert-parsers/src/types.rs::TransferTerm; crates/mvmc-expert-parsers/src/types.rs::CoulombIntraTerm; crates/mvmc-expert-parsers/src/types.rs::GutzwillerTerm	Implemented	unit test (no external reference)	issue350_complex_uhf::uhf_orbitals_feed_the_optimizer; issue350_complex_uhf::unconverged_run_exits_255_after_writing_files_like_c; issue350_complex_uhf::usage_and_missing_files_are_errors_not_crashes	PASS 3/3	cargo nextest run -p mvmc-cli --cargo-profile test-fast --test issue350_complex_uhf -E 'test(uhf_orbitals_feed_the_optimizer)'	#184/#178	MVMCExpertModeParsers.jl/test/test_integration.jl:8
S021	julia-scenario	testset	"@testset ""Namelist Parsing"" begin"	crates/mvmc-expert-parsers/src/utils/file.rs::parse_namelist_content	Implemented	unit test (no external reference)	issue174_physcal_dispatch::physcal_missing_fixed_file_with_mode_one_is_rejected_before_output; issue174_physcal_dispatch::physcal_mode_without_fixed_parameter_file_is_rejected_before_output; issue178_support_matrix::parse_fixed_initial_and_overlay_failures_reach_cli_status_without_output	PASS 3/3	cargo nextest run -p mvmc-cli --cargo-profile test-fast --test issue174_physcal_dispatch -E 'test(physcal_missing_fixed_file_with_mode_one_is_rejected_before_output)'	#184/#178	MVMCExpertModeParsers.jl/test/test_integration.jl:28
S022	julia-scenario	testset	"@testset ""build_orbital_sgn_matrix! sz-conserved Tests"" begin"	ExpertModeData::build_orbital_matrices (types.rs1262–1315); parse_expert_mode_files	Implemented	C fixture	physcal_reference::all_hamiltonian_terms_cli_lanczos_matches_independent_base_and_corrected_outputs; physcal_reference::empty_lanczos_gex_requires_exact_c_lf; runtime_contract::normal_interall_scientific_coefficients_and_c_counts_agree_in_cli_and_library	PASS 3/3	cargo nextest run -p mvmc-cli --cargo-profile test-fast --test physcal_reference -E 'test(all_hamiltonian_terms_cli_lanczos_matches_independent_base_and_corrected_outputs)'	#184 Chandra mapping; Pauli parser implementation; parent independent source/run	MVMCExpertModeParsers.jl/test/test_orbital_qptrans_utils.jl:22
S023	julia-scenario	testset	"@testset ""build_orbital_sgn_matrix! fsz Tests"" begin"	ExpertModeData::build_orbital_matrices (types.rs1262–1315); parse_expert_mode_files	Implemented	C fixture	physcal_reference::all_hamiltonian_terms_cli_lanczos_matches_independent_base_and_corrected_outputs; physcal_reference::empty_lanczos_gex_requires_exact_c_lf; runtime_contract::normal_interall_scientific_coefficients_and_c_counts_agree_in_cli_and_library	PASS 3/3	cargo nextest run -p mvmc-cli --cargo-profile test-fast --test physcal_reference -E 'test(all_hamiltonian_terms_cli_lanczos_matches_independent_base_and_corrected_outputs)'	#184 Chandra mapping; Pauli parser implementation; parent independent source/run	MVMCExpertModeParsers.jl/test/test_orbital_qptrans_utils.jl:71
S024	julia-scenario	testset	"@testset ""build_orbital_sgn_matrix! with real data Tests"" begin"	ExpertModeData::build_orbital_matrices (types.rs1262–1315); parse_expert_mode_files	Implemented	C fixture	physcal_reference::all_hamiltonian_terms_cli_lanczos_matches_independent_base_and_corrected_outputs; physcal_reference::empty_lanczos_gex_requires_exact_c_lf; runtime_contract::normal_interall_scientific_coefficients_and_c_counts_agree_in_cli_and_library	PASS 3/3	cargo nextest run -p mvmc-cli --cargo-profile test-fast --test physcal_reference -E 'test(all_hamiltonian_terms_cli_lanczos_matches_independent_base_and_corrected_outputs)'	#184 Chandra mapping; Pauli parser implementation; parent independent source/run	MVMCExpertModeParsers.jl/test/test_orbital_qptrans_utils.jl:101
S025	julia-scenario	testset	"@testset ""build_qp_trans_mappings! basic Tests"" begin"	parse_expert_mode_files -> qp_trans_entries(site_map/site_sign/weight),qp_opt_trans/qp_opt_trans_sgn	Implemented	C fixture	physcal_reference::all_hamiltonian_terms_cli_lanczos_matches_independent_base_and_corrected_outputs; physcal_reference::empty_lanczos_gex_requires_exact_c_lf; runtime_contract::normal_interall_scientific_coefficients_and_c_counts_agree_in_cli_and_library	PASS 3/3	cargo nextest run -p mvmc-cli --cargo-profile test-fast --test physcal_reference -E 'test(all_hamiltonian_terms_cli_lanczos_matches_independent_base_and_corrected_outputs)'	#184 Chandra mapping; Pauli parser implementation; parent independent source/run	MVMCExpertModeParsers.jl/test/test_orbital_qptrans_utils.jl:150
S026	julia-scenario	testset	"@testset ""build_qp_trans_mappings! with real data Tests"" begin"	parse_expert_mode_files -> qp_trans_entries(site_map/site_sign/weight),qp_opt_trans/qp_opt_trans_sgn	Implemented	C fixture	physcal_reference::all_hamiltonian_terms_cli_lanczos_matches_independent_base_and_corrected_outputs; physcal_reference::empty_lanczos_gex_requires_exact_c_lf; runtime_contract::normal_interall_scientific_coefficients_and_c_counts_agree_in_cli_and_library	PASS 3/3	cargo nextest run -p mvmc-cli --cargo-profile test-fast --test physcal_reference -E 'test(all_hamiltonian_terms_cli_lanczos_matches_independent_base_and_corrected_outputs)'	#184 Chandra mapping; Pauli parser implementation; parent independent source/run	MVMCExpertModeParsers.jl/test/test_orbital_qptrans_utils.jl:232
S027	julia-scenario	testset	"@testset ""build_qp_trans_mappings! APFlag Tests"" begin"	parse_expert_mode_files -> qp_trans_entries(site_map/site_sign/weight),qp_opt_trans/qp_opt_trans_sgn	Implemented	C fixture	physcal_reference::all_hamiltonian_terms_cli_lanczos_matches_independent_base_and_corrected_outputs; physcal_reference::empty_lanczos_gex_requires_exact_c_lf; runtime_contract::normal_interall_scientific_coefficients_and_c_counts_agree_in_cli_and_library	PASS 3/3	cargo nextest run -p mvmc-cli --cargo-profile test-fast --test physcal_reference -E 'test(all_hamiltonian_terms_cli_lanczos_matches_independent_base_and_corrected_outputs)'	#184 Chandra mapping; Pauli parser implementation; parent independent source/run	MVMCExpertModeParsers.jl/test/test_orbital_qptrans_utils.jl:296
S028	julia-scenario	testset	"@testset ""Orbital and QPTrans Utilities Tests"" begin"	parse_expert_mode_files -> qp_trans_entries(site_map/site_sign/weight),qp_opt_trans/qp_opt_trans_sgn	Implemented	C fixture	physcal_reference::all_hamiltonian_terms_cli_lanczos_matches_independent_base_and_corrected_outputs; physcal_reference::empty_lanczos_gex_requires_exact_c_lf; runtime_contract::normal_interall_scientific_coefficients_and_c_counts_agree_in_cli_and_library	PASS 3/3	cargo nextest run -p mvmc-cli --cargo-profile test-fast --test physcal_reference -E 'test(all_hamiltonian_terms_cli_lanczos_matches_independent_base_and_corrected_outputs)'	#184 Chandra mapping; Pauli parser implementation; parent independent source/run	MVMCExpertModeParsers.jl/test/test_orbital_qptrans_utils.jl:337
S029	julia-scenario	testset	"@testset ""parameter_init: complex flag + RBM initialization"" begin"	crates/mvmc-expert-parsers/src/utils/parameter_init.rs::init_parameter	Implemented	unit test (no external reference)	issue350_complex_uhf::uhf_orbitals_feed_the_optimizer; issue350_complex_uhf::unconverged_run_exits_255_after_writing_files_like_c; issue350_complex_uhf::usage_and_missing_files_are_errors_not_crashes	PASS 3/3	cargo nextest run -p mvmc-cli --cargo-profile test-fast --test issue350_complex_uhf -E 'test(uhf_orbitals_feed_the_optimizer)'	#177/#180/#181	MVMCExpertModeParsers.jl/test/test_parameter_init_complexflag_rbm.jl:91
S030	julia-scenario	testset	"@testset ""real RBM init uses NProj offset and OptFlag"" begin"	crates/mvmc-expert-parsers/src/utils/opt_flag.rs::set_rbm_opt_flags; crates/mvmc-expert-parsers/src/utils/parameter_init.rs::init_parameter	Implemented	unit test (no external reference)	issue350_complex_uhf::uhf_orbitals_feed_the_optimizer; issue350_complex_uhf::unconverged_run_exits_255_after_writing_files_like_c; issue350_complex_uhf::usage_and_missing_files_are_errors_not_crashes	PASS 3/3	cargo nextest run -p mvmc-cli --cargo-profile test-fast --test issue350_complex_uhf -E 'test(uhf_orbitals_feed_the_optimizer)'	#177/#180/#181	MVMCExpertModeParsers.jl/test/test_parameter_init_complexflag_rbm.jl:92
S031	julia-scenario	testset	"@testset ""complex RBM init is enabled by ModPara.complex_flag"" begin"	crates/mvmc-expert-parsers/src/utils/opt_flag.rs::set_rbm_opt_flags; crates/mvmc-expert-parsers/src/utils/parameter_init.rs::init_parameter	Implemented	unit test (no external reference)	issue350_complex_uhf::uhf_orbitals_feed_the_optimizer; issue350_complex_uhf::unconverged_run_exits_255_after_writing_files_like_c; issue350_complex_uhf::usage_and_missing_files_are_errors_not_crashes	PASS 3/3	cargo nextest run -p mvmc-cli --cargo-profile test-fast --test issue350_complex_uhf -E 'test(uhf_orbitals_feed_the_optimizer)'	#177/#180/#181	MVMCExpertModeParsers.jl/test/test_parameter_init_complexflag_rbm.jl:128
S032	julia-scenario	testset	"@testset ""complex RBM init is enabled by complex gutzwiller flag (AllComplexFlag)"" begin"	crates/mvmc-expert-parsers/src/utils/opt_flag.rs::set_rbm_opt_flags; crates/mvmc-expert-parsers/src/utils/parameter_init.rs::init_parameter	Implemented	unit test (no external reference)	issue350_complex_uhf::uhf_orbitals_feed_the_optimizer; issue350_complex_uhf::unconverged_run_exits_255_after_writing_files_like_c; issue350_complex_uhf::usage_and_missing_files_are_errors_not_crashes	PASS 3/3	cargo nextest run -p mvmc-cli --cargo-profile test-fast --test issue350_complex_uhf -E 'test(uhf_orbitals_feed_the_optimizer)'	#177/#180/#181	MVMCExpertModeParsers.jl/test/test_parameter_init_complexflag_rbm.jl:154
S033	julia-scenario	testset	"@testset ""Basic init_parameter! Tests"" begin"	crates/mvmc-expert-parsers/src/utils/parameter_init.rs::init_parameter; crates/mvmc-expert-parsers/tests/issue184_initialization_contract.rs::literal_basic_and_ten_slot_workflow_zero_both_projections (128-174, n=5 normalize=false)	Implemented	unit test (no external reference)	issue350_complex_uhf::uhf_orbitals_feed_the_optimizer; issue350_complex_uhf::unconverged_run_exits_255_after_writing_files_like_c; issue350_complex_uhf::usage_and_missing_files_are_errors_not_crashes	PASS 3/3	cargo nextest run -p mvmc-cli --cargo-profile test-fast --test issue350_complex_uhf -E 'test(uhf_orbitals_feed_the_optimizer)'	#184 Chandra ledger; Ramanujan initialization implementation; parent reviewed focused execution	MVMCExpertModeParsers.jl/test/test_parameter_initialization.jl:39
S034	julia-scenario	testset	"@testset ""Complex init_parameter! Tests"" begin"	crates/mvmc-expert-parsers/src/types.rs::ExpertModeData; crates/mvmc-expert-parsers/src/types.rs::OrbitalTerm; crates/mvmc-expert-parsers/src/utils/parameter_init.rs::init_parameter	Implemented	unit test (no external reference)	issue350_complex_uhf::uhf_orbitals_feed_the_optimizer; issue350_complex_uhf::unconverged_run_exits_255_after_writing_files_like_c; issue350_complex_uhf::usage_and_missing_files_are_errors_not_crashes	PASS 3/3	cargo nextest run -p mvmc-cli --cargo-profile test-fast --test issue350_complex_uhf -E 'test(uhf_orbitals_feed_the_optimizer)'	#177/#180/#181	MVMCExpertModeParsers.jl/test/test_parameter_initialization.jl:93
S035	julia-scenario	testset	"@testset ""OptFlag handling Tests"" begin"	crates/mvmc-expert-parsers/src/utils/parameter_init.rs::init_parameter; crates/mvmc-expert-parsers/tests/issue184_initialization_contract.rs::literal_five_slots_respect_real_and_complex_conditional_draws (42-77, complex=false active=3)	Implemented	unit test (no external reference)	issue350_complex_uhf::uhf_orbitals_feed_the_optimizer; issue350_complex_uhf::unconverged_run_exits_255_after_writing_files_like_c; issue350_complex_uhf::usage_and_missing_files_are_errors_not_crashes	PASS 3/3	cargo nextest run -p mvmc-cli --cargo-profile test-fast --test issue350_complex_uhf -E 'test(uhf_orbitals_feed_the_optimizer)'	#184 Chandra ledger; Ramanujan initialization implementation; parent reviewed focused execution	MVMCExpertModeParsers.jl/test/test_parameter_initialization.jl:128
S036	julia-scenario	testset	"@testset ""sync_modified_parameter! Tests"" begin"	crates/mvmc-expert-parsers/src/utils/parameter_init.rs::sync_modified_parameter; crates/mvmc-expert-parsers/tests/issue184_initialization_contract.rs::literal_normalization_scales_both_large_and_small_blocks (80-93)	Implemented	unit test (no external reference)	issue350_complex_uhf::uhf_orbitals_feed_the_optimizer; issue350_complex_uhf::unconverged_run_exits_255_after_writing_files_like_c; issue350_complex_uhf::usage_and_missing_files_are_errors_not_crashes	PASS 3/3	cargo nextest run -p mvmc-cli --cargo-profile test-fast --test issue350_complex_uhf -E 'test(uhf_orbitals_feed_the_optimizer)'	#184 Chandra ledger; Ramanujan initialization implementation; parent reviewed focused execution	MVMCExpertModeParsers.jl/test/test_parameter_initialization.jl:165
S037	julia-scenario	testset	"@testset ""initialize_parameters! Tests"" begin"	crates/mvmc-expert-parsers/src/utils/parameter_init.rs::initialize_parameters; crates/mvmc-expert-parsers/tests/issue184_initialization_contract.rs::literal_basic_and_ten_slot_workflow_zero_both_projections (128-174, n=10 normalize=true)	Implemented	unit test (no external reference)	issue350_complex_uhf::uhf_orbitals_feed_the_optimizer; issue350_complex_uhf::unconverged_run_exits_255_after_writing_files_like_c; issue350_complex_uhf::usage_and_missing_files_are_errors_not_crashes	PASS 3/3	cargo nextest run -p mvmc-cli --cargo-profile test-fast --test issue350_complex_uhf -E 'test(uhf_orbitals_feed_the_optimizer)'	#184 Chandra ledger; Ramanujan initialization implementation; parent reviewed focused execution	MVMCExpertModeParsers.jl/test/test_parameter_initialization.jl:210
S038	julia-scenario	testset	"@testset ""Random Seed Tests"" begin"	crates/mvmc-expert-parsers/src/utils/parameter_init.rs::initialize_parameters; crates/mvmc-expert-parsers/tests/issue184_initialization_contract.rs::literal_seed_pair_initializes_then_normalizes_without_extra_draws (96-114)	Implemented	unit test (no external reference)	issue350_complex_uhf::uhf_orbitals_feed_the_optimizer; issue350_complex_uhf::unconverged_run_exits_255_after_writing_files_like_c; issue350_complex_uhf::usage_and_missing_files_are_errors_not_crashes	PASS 3/3	cargo nextest run -p mvmc-cli --cargo-profile test-fast --test issue350_complex_uhf -E 'test(uhf_orbitals_feed_the_optimizer)'	#184 Chandra ledger; Ramanujan initialization implementation; parent reviewed focused execution	MVMCExpertModeParsers.jl/test/test_parameter_initialization.jl:253
S039	julia-scenario	testset	"@testset ""RBM Initialization Tests"" begin"	crates/mvmc-expert-parsers/src/types.rs::ExpertModeData; crates/mvmc-expert-parsers/src/types.rs::ChargeRBMPhysLayerTerm; crates/mvmc-expert-parsers/src/types.rs::GutzwillerTerm; crates/mvmc-expert-parsers/src/types.rs::OrbitalTerm; crates/mvmc-expert-parsers/src/utils/parameter_init.rs::init_parame	Implemented	unit test (no external reference)	issue350_complex_uhf::uhf_orbitals_feed_the_optimizer; issue350_complex_uhf::unconverged_run_exits_255_after_writing_files_like_c; issue350_complex_uhf::usage_and_missing_files_are_errors_not_crashes	PASS 3/3	cargo nextest run -p mvmc-cli --cargo-profile test-fast --test issue350_complex_uhf -E 'test(uhf_orbitals_feed_the_optimizer)'	#177/#180/#181	MVMCExpertModeParsers.jl/test/test_parameter_initialization.jl:304
S040	julia-scenario	testset	"@testset ""Empty Orbital Terms Tests"" begin"	crates/mvmc-expert-parsers/src/types.rs::ExpertModeData; crates/mvmc-expert-parsers/src/utils/parameter_init.rs::initialize_parameters; crates/mvmc-core/src/sync.rs::sync_modified_parameter_local	Implemented	unit test (no external reference)	issue350_complex_uhf::uhf_orbitals_feed_the_optimizer; issue350_complex_uhf::unconverged_run_exits_255_after_writing_files_like_c; issue350_complex_uhf::usage_and_missing_files_are_errors_not_crashes	PASS 3/3	cargo nextest run -p mvmc-cli --cargo-profile test-fast --test issue350_complex_uhf -E 'test(uhf_orbitals_feed_the_optimizer)'	#177/#180/#181	MVMCExpertModeParsers.jl/test/test_parameter_initialization.jl:346
S041	julia-scenario	testset	"@testset ""Parameter Initialization Tests"" begin"	crates/mvmc-expert-parsers/src/utils/parameter_init.rs::init_parameter	Implemented	unit test (no external reference)	issue350_complex_uhf::uhf_orbitals_feed_the_optimizer; issue350_complex_uhf::unconverged_run_exits_255_after_writing_files_like_c; issue350_complex_uhf::usage_and_missing_files_are_errors_not_crashes	PASS 3/3	cargo nextest run -p mvmc-cli --cargo-profile test-fast --test issue350_complex_uhf -E 'test(uhf_orbitals_feed_the_optimizer)'	#177/#180/#181	MVMCExpertModeParsers.jl/test/test_parameter_initialization.jl:374
S042	julia-scenario	testset	"@testset ""Parse Expert Mode Files Tests"" begin"	crates/mvmc-expert-parsers/src/lib.rs::parse_expert_mode_files; crates/mvmc-expert-parsers/tests/issue184_original_heisenberg_public_loader.rs::original_heisenberg_namelist_exercises_public_loader_conditions (81-117)	Implemented	unit test (no external reference)	issue350_complex_uhf::uhf_orbitals_feed_the_optimizer; issue350_complex_uhf::unconverged_run_exits_255_after_writing_files_like_c; issue350_complex_uhf::usage_and_missing_files_are_errors_not_crashes	PASS 3/3	cargo nextest run -p mvmc-cli --cargo-profile test-fast --test issue350_complex_uhf -E 'test(uhf_orbitals_feed_the_optimizer)'	#184 Chandra ledger; Pauli public parser/fixture implementation; parent independent review and execution	MVMCExpertModeParsers.jl/test/test_parse_expert_mode_files.jl:96
S043	julia-scenario	testset	"@testset ""Parse Expert Mode Files Tests"" begin"	crates/mvmc-expert-parsers/src/lib.rs::parse_expert_mode_files_with_c_opt_trans	Implemented	unit test (no external reference)	issue350_complex_uhf::uhf_orbitals_feed_the_optimizer; issue350_complex_uhf::unconverged_run_exits_255_after_writing_files_like_c; issue350_complex_uhf::usage_and_missing_files_are_errors_not_crashes	PASS 3/3	cargo nextest run -p mvmc-cli --cargo-profile test-fast --test issue350_complex_uhf -E 'test(uhf_orbitals_feed_the_optimizer)'	#184/#178	MVMCExpertModeParsers.jl/test/test_parse_expert_mode_files.jl:204
S044	julia-scenario	testset	"@testset ""ModPara Parser"" begin"	crates/mvmc-expert-parsers/src/parsers/modpara.rs::parse_modpara_content; crates/mvmc-expert-parsers/tests/issue184_modpara_semantics.rs::empty_public_modpara_parser_retains_c_solver_control_defaults (6-17); crates/mvmc-expert-parsers/tests/constructor_contracts.rs::original_modpara_constructor_pres	Implemented	unit test (no external reference)	issue350_complex_uhf::uhf_orbitals_feed_the_optimizer; issue350_complex_uhf::unconverged_run_exits_255_after_writing_files_like_c; issue350_complex_uhf::usage_and_missing_files_are_errors_not_crashes	PASS 3/3	cargo nextest run -p mvmc-cli --cargo-profile test-fast --test issue350_complex_uhf -E 'test(uhf_orbitals_feed_the_optimizer)'	#184 Chandra constructor/ledger; Pauli parser implementation; parent separate parser and constructor execution proofs	MVMCExpertModeParsers.jl/test/test_parsers.jl:12
S045	julia-scenario	testset	"@testset ""Transfer Parser"" begin"	crates/mvmc-expert-parsers/src/parsers/trans.rs::parse_trans_content; crates/mvmc-expert-parsers/tests/issue184_literal_hamiltonian_parsers.rs::original_transfer_payload_preserves_all_sites_spin_codes_and_values (13-41); crates/mvmc-expert-parsers/tests/constructor_contracts.rs::original_transfer_co	Implemented	unit test (no external reference)	issue350_complex_uhf::uhf_orbitals_feed_the_optimizer; issue350_complex_uhf::unconverged_run_exits_255_after_writing_files_like_c; issue350_complex_uhf::usage_and_missing_files_are_errors_not_crashes	PASS 3/3	cargo nextest run -p mvmc-cli --cargo-profile test-fast --test issue350_complex_uhf -E 'test(uhf_orbitals_feed_the_optimizer)'	#184 Chandra ledger; Pauli parser implementation; parent historical execution/fresh-run owner	MVMCExpertModeParsers.jl/test/test_parsers.jl:53
S046	julia-scenario	testset	"@testset ""Coulomb Parser"" begin"	crates/mvmc-expert-parsers/src/parsers/coulomb.rs::parse_coulomb_intra_content; crates/mvmc-expert-parsers/tests/issue184_literal_hamiltonian_parsers.rs::original_coulomb_payload_preserves_both_sites_and_couplings (44-54); crates/mvmc-expert-parsers/tests/constructor_contracts.rs::original_coulomb_c	Implemented	unit test (no external reference)	issue350_complex_uhf::uhf_orbitals_feed_the_optimizer; issue350_complex_uhf::unconverged_run_exits_255_after_writing_files_like_c; issue350_complex_uhf::usage_and_missing_files_are_errors_not_crashes	PASS 3/3	cargo nextest run -p mvmc-cli --cargo-profile test-fast --test issue350_complex_uhf -E 'test(uhf_orbitals_feed_the_optimizer)'	#184 Chandra ledger; Pauli parser implementation; parent independent source review and fresh execution	MVMCExpertModeParsers.jl/test/test_parsers.jl:80
S047	julia-scenario	testset	"@testset ""PairHop Parser"" begin"	crates/mvmc-expert-parsers/src/parsers/pairhop.rs::parse_pairhop_content; crates/mvmc-expert-parsers/tests/issue184_literal_hamiltonian_parsers.rs::original_pairhop_payloads_expand_every_directed_row_in_c_order (57-81); crates/mvmc-expert-parsers/tests/constructor_contracts.rs::original_pairhop_cons	Implemented	unit test (no external reference)	issue350_complex_uhf::uhf_orbitals_feed_the_optimizer; issue350_complex_uhf::unconverged_run_exits_255_after_writing_files_like_c; issue350_complex_uhf::usage_and_missing_files_are_errors_not_crashes	PASS 3/3	cargo nextest run -p mvmc-cli --cargo-profile test-fast --test issue350_complex_uhf -E 'test(uhf_orbitals_feed_the_optimizer)'	#184 Chandra ledger; Pauli parser implementation; parent independent FULL81 review and fresh execution	MVMCExpertModeParsers.jl/test/test_parsers.jl:99
S048	julia-scenario	testset	"@testset ""Gutzwiller Parser"" begin"	crates/mvmc-expert-parsers/src/types.rs::GutzwillerTerm; crates/mvmc-expert-parsers/tests/constructor_contracts.rs::original_gutzwiller_constructor_preserves_literal_coefficient_fields (69-78); crates/mvmc-expert-parsers/src/parsers/gutzwiller.rs::parse_gutzwiller_content; crates/mvmc-expert-parsers	Implemented	unit test (no external reference)	issue350_complex_uhf::uhf_orbitals_feed_the_optimizer; issue350_complex_uhf::unconverged_run_exits_255_after_writing_files_like_c; issue350_complex_uhf::usage_and_missing_files_are_errors_not_crashes	PASS 3/3	cargo nextest run -p mvmc-cli --cargo-profile test-fast --test issue350_complex_uhf -E 'test(uhf_orbitals_feed_the_optimizer)'	#184 Chandra constructor/rejection tests and ledger; Pauli ownership ACK; parent independent FULL source review and fresh execution	MVMCExpertModeParsers.jl/test/test_parsers.jl:146
S049	julia-scenario	testset	"@testset ""Jastrow Parser"" begin"	crates/mvmc-expert-parsers/src/types.rs::JastrowTerm; crates/mvmc-expert-parsers/tests/constructor_contracts.rs::original_jastrow_constructor_preserves_literal_coefficient_fields (81-92); crates/mvmc-expert-parsers/src/parsers/jastrow.rs::parse_jastrow_content; crates/mvmc-expert-parsers/tests/c_jas	Implemented	unit test (no external reference)	issue350_complex_uhf::uhf_orbitals_feed_the_optimizer; issue350_complex_uhf::unconverged_run_exits_255_after_writing_files_like_c; issue350_complex_uhf::usage_and_missing_files_are_errors_not_crashes	PASS 3/3	cargo nextest run -p mvmc-cli --cargo-profile test-fast --test issue350_complex_uhf -E 'test(uhf_orbitals_feed_the_optimizer)'	#184 Chandra constructor/rejection tests and ledger; Pauli ownership ACK; parent independent FULL source review and fresh execution	MVMCExpertModeParsers.jl/test/test_parsers.jl:166
S050	julia-scenario	testset	"@testset ""Orbital Parser"" begin"	crates/mvmc-expert-parsers/src/types.rs::OrbitalTerm; crates/mvmc-expert-parsers/src/parsers/orbital.rs::parse_orbital_content	Implemented	unit test (no external reference)	issue350_complex_uhf::uhf_orbitals_feed_the_optimizer; issue350_complex_uhf::unconverged_run_exits_255_after_writing_files_like_c; issue350_complex_uhf::usage_and_missing_files_are_errors_not_crashes	PASS 3/3	cargo nextest run -p mvmc-cli --cargo-profile test-fast --test issue350_complex_uhf -E 'test(uhf_orbitals_feed_the_optimizer)'	#184/#178	MVMCExpertModeParsers.jl/test/test_parsers.jl:187
S051	julia-scenario	testset	"@testset ""Gauss-Legendre Quadrature Tests"" begin"	crates/mvmc-expert-parsers/src/utils/qp_weight.rs::gauss_legendre	Implemented	unit test (no external reference)	issue350_complex_uhf::uhf_orbitals_feed_the_optimizer; issue350_complex_uhf::unconverged_run_exits_255_after_writing_files_like_c; issue350_complex_uhf::usage_and_missing_files_are_errors_not_crashes	PASS 3/3	cargo nextest run -p mvmc-cli --cargo-profile test-fast --test issue350_complex_uhf -E 'test(uhf_orbitals_feed_the_optimizer)'	#178/#180/#181	MVMCExpertModeParsers.jl/test/test_qp_weight.jl:20
S052	julia-scenario	testset	"@testset ""Legendre Polynomial Tests"" begin"	crates/mvmc-expert-parsers/src/utils/qp_weight.rs::legendre_poly	Implemented	unit test (no external reference)	issue350_complex_uhf::uhf_orbitals_feed_the_optimizer; issue350_complex_uhf::unconverged_run_exits_255_after_writing_files_like_c; issue350_complex_uhf::usage_and_missing_files_are_errors_not_crashes	PASS 3/3	cargo nextest run -p mvmc-cli --cargo-profile test-fast --test issue350_complex_uhf -E 'test(uhf_orbitals_feed_the_optimizer)'	#178/#180/#181	MVMCExpertModeParsers.jl/test/test_qp_weight.jl:51
S053	julia-scenario	testset	"@testset ""Basic init_qp_weight! Tests"" begin"	crates/mvmc-expert-parsers/src/types.rs::ExpertModeData; crates/mvmc-expert-parsers/src/utils/qp_weight.rs::init_qp_weight_inplace; crates/mvmc-expert-parsers/src/utils/qp_weight.rs::init_qp_weight	Implemented	unit test (no external reference)	issue350_complex_uhf::uhf_orbitals_feed_the_optimizer; issue350_complex_uhf::unconverged_run_exits_255_after_writing_files_like_c; issue350_complex_uhf::usage_and_missing_files_are_errors_not_crashes	PASS 3/3	cargo nextest run -p mvmc-cli --cargo-profile test-fast --test issue350_complex_uhf -E 'test(uhf_orbitals_feed_the_optimizer)'	#178/#180/#181	MVMCExpertModeParsers.jl/test/test_qp_weight.jl:75
S054	julia-scenario	testset	"@testset ""init_qp_weight! NSPGaussLeg=1 Tests"" begin"	crates/mvmc-expert-parsers/src/types.rs::ExpertModeData; crates/mvmc-expert-parsers/src/utils/qp_weight.rs::init_qp_weight_inplace; crates/mvmc-expert-parsers/src/utils/qp_weight.rs::init_qp_weight	Implemented	unit test (no external reference)	issue350_complex_uhf::uhf_orbitals_feed_the_optimizer; issue350_complex_uhf::unconverged_run_exits_255_after_writing_files_like_c; issue350_complex_uhf::usage_and_missing_files_are_errors_not_crashes	PASS 3/3	cargo nextest run -p mvmc-cli --cargo-profile test-fast --test issue350_complex_uhf -E 'test(uhf_orbitals_feed_the_optimizer)'	#178/#180/#181	MVMCExpertModeParsers.jl/test/test_qp_weight.jl:101
S055	julia-scenario	testset	"@testset ""init_qp_weight! uses ExpertModeData.opt_trans"" begin"	crates/mvmc-expert-parsers/src/types.rs::ExpertModeData; crates/mvmc-expert-parsers/src/utils/qp_weight.rs::init_qp_weight_inplace; crates/mvmc-expert-parsers/src/utils/qp_weight.rs::init_qp_weight	Implemented	unit test (no external reference)	issue350_complex_uhf::uhf_orbitals_feed_the_optimizer; issue350_complex_uhf::unconverged_run_exits_255_after_writing_files_like_c; issue350_complex_uhf::usage_and_missing_files_are_errors_not_crashes	PASS 3/3	cargo nextest run -p mvmc-cli --cargo-profile test-fast --test issue350_complex_uhf -E 'test(uhf_orbitals_feed_the_optimizer)'	#178/#180/#181	MVMCExpertModeParsers.jl/test/test_qp_weight.jl:120
S056	julia-scenario	testset	"@testset ""update_qp_weight! Tests"" begin"	crates/mvmc-expert-parsers/src/types.rs::QuantumProjectionWeights; crates/mvmc-expert-parsers/src/utils/qp_weight.rs::update_qp_weight	Implemented	unit test (no external reference)	issue350_complex_uhf::uhf_orbitals_feed_the_optimizer; issue350_complex_uhf::unconverged_run_exits_255_after_writing_files_like_c; issue350_complex_uhf::usage_and_missing_files_are_errors_not_crashes	PASS 3/3	cargo nextest run -p mvmc-cli --cargo-profile test-fast --test issue350_complex_uhf -E 'test(uhf_orbitals_feed_the_optimizer)'	#178/#180/#181	MVMCExpertModeParsers.jl/test/test_qp_weight.jl:146
S057	julia-scenario	testset	"@testset ""Trigonometric Values Tests"" begin"	crates/mvmc-expert-parsers/src/types.rs::ExpertModeData; crates/mvmc-expert-parsers/src/utils/qp_weight.rs::init_qp_weight_inplace; crates/mvmc-expert-parsers/src/utils/qp_weight.rs::init_qp_weight	Implemented	unit test (no external reference)	issue350_complex_uhf::uhf_orbitals_feed_the_optimizer; issue350_complex_uhf::unconverged_run_exits_255_after_writing_files_like_c; issue350_complex_uhf::usage_and_missing_files_are_errors_not_crashes	PASS 3/3	cargo nextest run -p mvmc-cli --cargo-profile test-fast --test issue350_complex_uhf -E 'test(uhf_orbitals_feed_the_optimizer)'	#178/#180/#181	MVMCExpertModeParsers.jl/test/test_qp_weight.jl:174
S058	julia-scenario	testset	"@testset ""Quantum Projection Weight Tests"" begin"	crates/mvmc-expert-parsers/src/utils/qp_weight.rs::init_qp_weight_inplace	Implemented	unit test (no external reference)	issue350_complex_uhf::uhf_orbitals_feed_the_optimizer; issue350_complex_uhf::unconverged_run_exits_255_after_writing_files_like_c; issue350_complex_uhf::usage_and_missing_files_are_errors_not_crashes	PASS 3/3	cargo nextest run -p mvmc-cli --cargo-profile test-fast --test issue350_complex_uhf -E 'test(uhf_orbitals_feed_the_optimizer)'	#178/#180/#181	MVMCExpertModeParsers.jl/test/test_qp_weight.jl:204
S059	julia-scenario	testset	"@testset ""Basic read_input_parameters! Tests"" begin"	crates/mvmc-expert-parsers/src/types.rs::ExpertModeData; crates/mvmc-expert-parsers/src/types.rs::GutzwillerTerm; crates/mvmc-expert-parsers/src/types.rs::JastrowTerm; crates/mvmc-expert-parsers/src/types.rs::OrbitalTerm; crates/mvmc-expert-parsers/src/utils/read_input_parameters.rs::read_input_para	Implemented	unit test (no external reference)	issue350_complex_uhf::uhf_orbitals_feed_the_optimizer; issue350_complex_uhf::unconverged_run_exits_255_after_writing_files_like_c; issue350_complex_uhf::usage_and_missing_files_are_errors_not_crashes	PASS 3/3	cargo nextest run -p mvmc-cli --cargo-profile test-fast --test issue350_complex_uhf -E 'test(uhf_orbitals_feed_the_optimizer)'	#180/#181/#184	MVMCExpertModeParsers.jl/test/test_read_input_parameters.jl:32
S060	julia-scenario	testset	"@testset ""read_input_parameters! Orbital Tests"" begin"	crates/mvmc-expert-parsers/src/types.rs::ExpertModeData; crates/mvmc-expert-parsers/src/types.rs::OrbitalTerm; crates/mvmc-expert-parsers/src/utils/read_input_parameters.rs::read_input_parameters	Implemented	unit test (no external reference)	issue350_complex_uhf::uhf_orbitals_feed_the_optimizer; issue350_complex_uhf::unconverged_run_exits_255_after_writing_files_like_c; issue350_complex_uhf::usage_and_missing_files_are_errors_not_crashes	PASS 3/3	cargo nextest run -p mvmc-cli --cargo-profile test-fast --test issue350_complex_uhf -E 'test(uhf_orbitals_feed_the_optimizer)'	#180/#181/#184	MVMCExpertModeParsers.jl/test/test_read_input_parameters.jl:86
S061	julia-scenario	testset	"@testset ""read_input_parameters! Orbital overlays by parameter idx"" begin"	crates/mvmc-expert-parsers/src/types.rs::ExpertModeData; crates/mvmc-expert-parsers/src/types.rs::OrbitalTerm; crates/mvmc-expert-parsers/src/utils/read_input_parameters.rs::read_input_parameters	Implemented	unit test (no external reference)	issue350_complex_uhf::uhf_orbitals_feed_the_optimizer; issue350_complex_uhf::unconverged_run_exits_255_after_writing_files_like_c; issue350_complex_uhf::usage_and_missing_files_are_errors_not_crashes	PASS 3/3	cargo nextest run -p mvmc-cli --cargo-profile test-fast --test issue350_complex_uhf -E 'test(uhf_orbitals_feed_the_optimizer)'	#180/#181/#184	MVMCExpertModeParsers.jl/test/test_read_input_parameters.jl:130
S062	julia-scenario	testset	"@testset ""read_input_parameters! OrbitalGeneral overlays by parameter idx"" begin"	crates/mvmc-expert-parsers/src/types.rs::ExpertModeData; crates/mvmc-expert-parsers/src/types.rs::OrbitalTerm; crates/mvmc-expert-parsers/src/utils/read_input_parameters.rs::read_input_parameters	Implemented	unit test (no external reference)	issue350_complex_uhf::uhf_orbitals_feed_the_optimizer; issue350_complex_uhf::unconverged_run_exits_255_after_writing_files_like_c; issue350_complex_uhf::usage_and_missing_files_are_errors_not_crashes	PASS 3/3	cargo nextest run -p mvmc-cli --cargo-profile test-fast --test issue350_complex_uhf -E 'test(uhf_orbitals_feed_the_optimizer)'	#180/#181/#184	MVMCExpertModeParsers.jl/test/test_read_input_parameters.jl:160
S063	julia-scenario	testset	"@testset ""read_input_parameters! Complex Tests"" begin"	crates/mvmc-expert-parsers/src/types.rs::ExpertModeData; crates/mvmc-expert-parsers/src/types.rs::GutzwillerTerm; crates/mvmc-expert-parsers/src/utils/read_input_parameters.rs::read_input_parameters	Implemented	unit test (no external reference)	issue350_complex_uhf::uhf_orbitals_feed_the_optimizer; issue350_complex_uhf::unconverged_run_exits_255_after_writing_files_like_c; issue350_complex_uhf::usage_and_missing_files_are_errors_not_crashes	PASS 3/3	cargo nextest run -p mvmc-cli --cargo-profile test-fast --test issue350_complex_uhf -E 'test(uhf_orbitals_feed_the_optimizer)'	#180/#181/#184	MVMCExpertModeParsers.jl/test/test_read_input_parameters.jl:195
S064	julia-scenario	testset	"@testset ""read_input_parameters! Missing File Tests"" begin"	crates/mvmc-expert-parsers/src/types.rs::ExpertModeData; crates/mvmc-expert-parsers/src/types.rs::GutzwillerTerm; crates/mvmc-expert-parsers/src/utils/read_input_parameters.rs::read_input_parameters	Implemented	unit test (no external reference)	issue350_complex_uhf::uhf_orbitals_feed_the_optimizer; issue350_complex_uhf::unconverged_run_exits_255_after_writing_files_like_c; issue350_complex_uhf::usage_and_missing_files_are_errors_not_crashes	PASS 3/3	cargo nextest run -p mvmc-cli --cargo-profile test-fast --test issue350_complex_uhf -E 'test(uhf_orbitals_feed_the_optimizer)'	#180/#181/#184	MVMCExpertModeParsers.jl/test/test_read_input_parameters.jl:232
S065	julia-scenario	testset	"@testset ""read_input_parameters! OrbitalParallel and OptTrans overlays"" begin"	crates/mvmc-expert-parsers/src/types.rs::ExpertModeData; crates/mvmc-expert-parsers/src/types.rs::OrbitalTerm; crates/mvmc-expert-parsers/src/utils/read_input_parameters.rs::read_input_parameters	Implemented	unit test (no external reference)	issue350_complex_uhf::uhf_orbitals_feed_the_optimizer; issue350_complex_uhf::unconverged_run_exits_255_after_writing_files_like_c; issue350_complex_uhf::usage_and_missing_files_are_errors_not_crashes	PASS 3/3	cargo nextest run -p mvmc-cli --cargo-profile test-fast --test issue350_complex_uhf -E 'test(uhf_orbitals_feed_the_optimizer)'	#177/#178/#179	MVMCExpertModeParsers.jl/test/test_read_input_parameters.jl:257
S066	julia-scenario	testset	"@testset ""OptTrans definition parser"" begin"	crates/mvmc-expert-parsers/src/types.rs::ExpertModeData; crates/mvmc-expert-parsers/src/types.rs::ModParaParameters; crates/mvmc-expert-parsers/src/lib.rs::parse_expert_mode_files_mode	Implemented	unit test (no external reference)	issue350_complex_uhf::uhf_orbitals_feed_the_optimizer; issue350_complex_uhf::unconverged_run_exits_255_after_writing_files_like_c; issue350_complex_uhf::usage_and_missing_files_are_errors_not_crashes	PASS 3/3	cargo nextest run -p mvmc-cli --cargo-profile test-fast --test issue350_complex_uhf -E 'test(uhf_orbitals_feed_the_optimizer)'	#180/#181/#184	MVMCExpertModeParsers.jl/test/test_read_input_parameters.jl:319
S067	julia-scenario	testset	"@testset ""read_input_parameters! DH overlays"" begin"	crates/mvmc-expert-parsers/src/types.rs::ExpertModeData; crates/mvmc-expert-parsers/src/types.rs::DoublonHolon2SiteIndex; crates/mvmc-expert-parsers/src/types.rs::DoublonHolon4SiteIndex; crates/mvmc-expert-parsers/src/utils/read_input_parameters.rs::read_input_parameters	Implemented	unit test (no external reference)	issue350_complex_uhf::uhf_orbitals_feed_the_optimizer; issue350_complex_uhf::unconverged_run_exits_255_after_writing_files_like_c; issue350_complex_uhf::usage_and_missing_files_are_errors_not_crashes	PASS 3/3	cargo nextest run -p mvmc-cli --cargo-profile test-fast --test issue350_complex_uhf -E 'test(uhf_orbitals_feed_the_optimizer)'	#180/#181/#184	MVMCExpertModeParsers.jl/test/test_read_input_parameters.jl:364
S068	julia-scenario	testset	"@testset ""_orbital_parallel_offset branches"" begin"	crates/mvmc-expert-parsers/src/types.rs::ExpertModeData; crates/mvmc-expert-parsers/src/utils/parameter_init.rs::n_slater	Implemented	unit test (no external reference)	issue350_complex_uhf::uhf_orbitals_feed_the_optimizer; issue350_complex_uhf::unconverged_run_exits_255_after_writing_files_like_c; issue350_complex_uhf::usage_and_missing_files_are_errors_not_crashes	PASS 3/3	cargo nextest run -p mvmc-cli --cargo-profile test-fast --test issue350_complex_uhf -E 'test(uhf_orbitals_feed_the_optimizer)'	#177/#178/#179	MVMCExpertModeParsers.jl/test/test_read_input_parameters.jl:527
S069	julia-scenario	testset	"@testset ""InOrbitalParallel exact offset (heuristic-fragile config)"" begin"	crates/mvmc-expert-parsers/src/types.rs::ExpertModeData; crates/mvmc-expert-parsers/src/types.rs::OrbitalTerm; crates/mvmc-expert-parsers/src/utils/read_input_parameters.rs::read_input_parameters	Implemented	unit test (no external reference)	issue350_complex_uhf::uhf_orbitals_feed_the_optimizer; issue350_complex_uhf::unconverged_run_exits_255_after_writing_files_like_c; issue350_complex_uhf::usage_and_missing_files_are_errors_not_crashes	PASS 3/3	cargo nextest run -p mvmc-cli --cargo-profile test-fast --test issue350_complex_uhf -E 'test(uhf_orbitals_feed_the_optimizer)'	#177/#178/#179	MVMCExpertModeParsers.jl/test/test_read_input_parameters.jl:559
S070	julia-scenario	testset	"@testset ""parse records NArrayAP for OrbitalParallel offset"" begin"	crates/mvmc-expert-parsers/src/types.rs::ExpertModeData; crates/mvmc-expert-parsers/src/lib.rs::parse_expert_mode_files_mode	Implemented	unit test (no external reference)	issue350_complex_uhf::uhf_orbitals_feed_the_optimizer; issue350_complex_uhf::unconverged_run_exits_255_after_writing_files_like_c; issue350_complex_uhf::usage_and_missing_files_are_errors_not_crashes	PASS 3/3	cargo nextest run -p mvmc-cli --cargo-profile test-fast --test issue350_complex_uhf -E 'test(uhf_orbitals_feed_the_optimizer)'	#177/#178/#179	MVMCExpertModeParsers.jl/test/test_read_input_parameters.jl:605
S071	julia-scenario	testset	"@testset ""NArrayAP from header count, not max(idx)+1"" begin"	crates/mvmc-expert-parsers/src/types.rs::ExpertModeData; crates/mvmc-expert-parsers/src/lib.rs::parse_expert_mode_files_mode; crates/mvmc-expert-parsers/src/utils/read_input_parameters.rs::read_input_parameters	Implemented	unit test (no external reference)	issue350_complex_uhf::uhf_orbitals_feed_the_optimizer; issue350_complex_uhf::unconverged_run_exits_255_after_writing_files_like_c; issue350_complex_uhf::usage_and_missing_files_are_errors_not_crashes	PASS 3/3	cargo nextest run -p mvmc-cli --cargo-profile test-fast --test issue350_complex_uhf -E 'test(uhf_orbitals_feed_the_optimizer)'	#180/#181/#184	MVMCExpertModeParsers.jl/test/test_read_input_parameters.jl:657
S072	julia-scenario	testset	"@testset ""OrbitalParallel-before-AntiParallel is rejected"" begin"	crates/mvmc-expert-parsers/src/lib.rs::parse_expert_mode_files	Rejected-with-C-reason	unit test (no external reference)	issue350_complex_uhf::uhf_orbitals_feed_the_optimizer; issue350_complex_uhf::unconverged_run_exits_255_after_writing_files_like_c; issue350_complex_uhf::usage_and_missing_files_are_errors_not_crashes	PASS 3/3	cargo nextest run -p mvmc-cli --cargo-profile test-fast --test issue350_complex_uhf -E 'test(uhf_orbitals_feed_the_optimizer)'	#177/#178/#179	MVMCExpertModeParsers.jl/test/test_read_input_parameters.jl:731
S073	julia-scenario	testset	"@testset ""Read Input Parameters Tests"" begin"	crates/mvmc-core/src/sync.rs::sync_modified_parameter_local	Implemented	unit test (no external reference)	issue350_complex_uhf::uhf_orbitals_feed_the_optimizer; issue350_complex_uhf::unconverged_run_exits_255_after_writing_files_like_c; issue350_complex_uhf::usage_and_missing_files_are_errors_not_crashes	PASS 3/3	cargo nextest run -p mvmc-cli --cargo-profile test-fast --test issue350_complex_uhf -E 'test(uhf_orbitals_feed_the_optimizer)'	#180/#181/#184	MVMCExpertModeParsers.jl/test/test_read_input_parameters.jl:769
S074	julia-scenario	testset	"@testset ""contract/read_input_parameters: RBM layout (count/offsets)"" begin"	crates/mvmc-expert-parsers/src/types.rs::ExpertModeData; crates/mvmc-expert-parsers/src/types.rs::ChargeRBMPhysLayerTerm; crates/mvmc-expert-parsers/src/types.rs::SpinRBMPhysLayerTerm; crates/mvmc-expert-parsers/src/types.rs::ChargeRBMHiddenLayerTerm; crates/mvmc-expert-parsers/src/types.rs::General	Implemented	unit test (no external reference)	issue350_complex_uhf::uhf_orbitals_feed_the_optimizer; issue350_complex_uhf::unconverged_run_exits_255_after_writing_files_like_c; issue350_complex_uhf::usage_and_missing_files_are_errors_not_crashes	PASS 3/3	cargo nextest run -p mvmc-cli --cargo-profile test-fast --test issue350_complex_uhf -E 'test(uhf_orbitals_feed_the_optimizer)'	#180/#181/#184	MVMCExpertModeParsers.jl/test/test_read_input_parameters_rbm_layout.jl:4
S075	julia-scenario	testset	"@testset ""SFMT19937 Slater Parameter Compatibility"" begin"	crates/mvmc-expert-parsers/src/types.rs::ExpertModeData; crates/mvmc-expert-parsers/src/types.rs::GutzwillerTerm; crates/mvmc-expert-parsers/src/types.rs::JastrowTerm; crates/mvmc-expert-parsers/src/types.rs::OrbitalTerm; crates/sfmt19937/src/lib.rs::Sfmt19937Rng; crates/mvmc-expert-parsers/src/util	Implemented	unit test (no external reference)	issue350_complex_uhf::uhf_orbitals_feed_the_optimizer; issue350_complex_uhf::unconverged_run_exits_255_after_writing_files_like_c; issue350_complex_uhf::usage_and_missing_files_are_errors_not_crashes	PASS 3/3	cargo nextest run -p mvmc-cli --cargo-profile test-fast --test issue350_complex_uhf -E 'test(uhf_orbitals_feed_the_optimizer)'	#177/#180/#181	MVMCExpertModeParsers.jl/test/test_sfmt_compatibility.jl:32
S076	julia-scenario	testset	"@testset ""SFMT19937 Full Workflow"" begin"	crates/mvmc-expert-parsers/src/types.rs::ExpertModeData; crates/mvmc-expert-parsers/src/types.rs::GutzwillerTerm; crates/mvmc-expert-parsers/src/types.rs::JastrowTerm; crates/mvmc-expert-parsers/src/types.rs::OrbitalTerm; crates/sfmt19937/src/lib.rs::Sfmt19937Rng; crates/mvmc-expert-parsers/src/util	Implemented	unit test (no external reference)	issue350_complex_uhf::uhf_orbitals_feed_the_optimizer; issue350_complex_uhf::unconverged_run_exits_255_after_writing_files_like_c; issue350_complex_uhf::usage_and_missing_files_are_errors_not_crashes	PASS 3/3	cargo nextest run -p mvmc-cli --cargo-profile test-fast --test issue350_complex_uhf -E 'test(uhf_orbitals_feed_the_optimizer)'	#177/#180/#181	MVMCExpertModeParsers.jl/test/test_sfmt_compatibility.jl:117
S077	julia-scenario	testset	"@testset ""SFMT19937 RBM Parameter Compatibility"" begin"	crates/mvmc-expert-parsers/src/types.rs::ExpertModeData; crates/mvmc-expert-parsers/src/types.rs::GutzwillerTerm; crates/mvmc-expert-parsers/src/types.rs::JastrowTerm; crates/mvmc-expert-parsers/src/types.rs::GeneralRBMPhysLayerTerm; crates/sfmt19937/src/lib.rs::Sfmt19937Rng; crates/mvmc-expert-pars	Implemented	unit test (no external reference)	issue350_complex_uhf::uhf_orbitals_feed_the_optimizer; issue350_complex_uhf::unconverged_run_exits_255_after_writing_files_like_c; issue350_complex_uhf::usage_and_missing_files_are_errors_not_crashes	PASS 3/3	cargo nextest run -p mvmc-cli --cargo-profile test-fast --test issue350_complex_uhf -E 'test(uhf_orbitals_feed_the_optimizer)'	#177/#180/#181	MVMCExpertModeParsers.jl/test/test_sfmt_compatibility.jl:164
S078	julia-scenario	testset	"@testset ""SFMT19937 Complex RBM Parameter Compatibility"" begin"	crates/mvmc-expert-parsers/src/types.rs::ExpertModeData; crates/mvmc-expert-parsers/src/types.rs::GutzwillerTerm; crates/mvmc-expert-parsers/src/types.rs::JastrowTerm; crates/mvmc-expert-parsers/src/types.rs::GeneralRBMPhysLayerTerm; crates/sfmt19937/src/lib.rs::Sfmt19937Rng; crates/mvmc-expert-pars	Implemented	unit test (no external reference)	issue350_complex_uhf::uhf_orbitals_feed_the_optimizer; issue350_complex_uhf::unconverged_run_exits_255_after_writing_files_like_c; issue350_complex_uhf::usage_and_missing_files_are_errors_not_crashes	PASS 3/3	cargo nextest run -p mvmc-cli --cargo-profile test-fast --test issue350_complex_uhf -E 'test(uhf_orbitals_feed_the_optimizer)'	#177/#180/#181	MVMCExpertModeParsers.jl/test/test_sfmt_compatibility.jl:210
S079	julia-scenario	testset	"@testset ""SFMT19937 Initialization Order"" begin"	crates/mvmc-expert-parsers/src/types.rs::ExpertModeData; crates/mvmc-expert-parsers/src/types.rs::GutzwillerTerm; crates/mvmc-expert-parsers/src/types.rs::JastrowTerm; crates/mvmc-expert-parsers/src/types.rs::GeneralRBMPhysLayerTerm; crates/mvmc-expert-parsers/src/types.rs::OrbitalTerm; crates/sfmt1	Implemented	unit test (no external reference)	issue350_complex_uhf::uhf_orbitals_feed_the_optimizer; issue350_complex_uhf::unconverged_run_exits_255_after_writing_files_like_c; issue350_complex_uhf::usage_and_missing_files_are_errors_not_crashes	PASS 3/3	cargo nextest run -p mvmc-cli --cargo-profile test-fast --test issue350_complex_uhf -E 'test(uhf_orbitals_feed_the_optimizer)'	#177/#180/#181	MVMCExpertModeParsers.jl/test/test_sfmt_compatibility.jl:265
S080	julia-scenario	testset	"@testset ""SFMT19937 Detailed Verification"" begin"	crates/mvmc-expert-parsers/src/types.rs::ExpertModeData; crates/mvmc-expert-parsers/src/types.rs::GutzwillerTerm; crates/mvmc-expert-parsers/src/types.rs::JastrowTerm; crates/mvmc-expert-parsers/src/types.rs::OrbitalTerm; crates/sfmt19937/src/lib.rs::Sfmt19937Rng; crates/mvmc-expert-parsers/src/util	Implemented	unit test (no external reference)	issue350_complex_uhf::uhf_orbitals_feed_the_optimizer; issue350_complex_uhf::unconverged_run_exits_255_after_writing_files_like_c; issue350_complex_uhf::usage_and_missing_files_are_errors_not_crashes	PASS 3/3	cargo nextest run -p mvmc-cli --cargo-profile test-fast --test issue350_complex_uhf -E 'test(uhf_orbitals_feed_the_optimizer)'	#177/#180/#181	MVMCExpertModeParsers.jl/test/test_sfmt_compatibility.jl:329
S081	julia-scenario	testset	"@testset ""contract/trans.def: spin1/spin2 are preserved"" begin"	crates/mvmc-expert-parsers/src/parsers/trans.rs::parse_trans_content	Implemented	unit test (no external reference)	issue350_complex_uhf::uhf_orbitals_feed_the_optimizer; issue350_complex_uhf::unconverged_run_exits_255_after_writing_files_like_c; issue350_complex_uhf::usage_and_missing_files_are_errors_not_crashes	PASS 3/3	cargo nextest run -p mvmc-cli --cargo-profile test-fast --test issue350_complex_uhf -E 'test(uhf_orbitals_feed_the_optimizer)'	#184/#178	MVMCExpertModeParsers.jl/test/test_trans_parser_spin_indices.jl:4
S082	julia-scenario	testset	"@testset ""File Utilities"" begin"	crates/mvmc-expert-parsers/src/utils/file.rs::read_def_file	Implemented	unit test (no external reference)	issue174_physcal_dispatch::physcal_missing_fixed_file_with_mode_one_is_rejected_before_output; issue174_physcal_dispatch::physcal_mode_without_fixed_parameter_file_is_rejected_before_output; issue178_support_matrix::parse_fixed_initial_and_overlay_failures_reach_cli_status_without_output	PASS 3/3	cargo nextest run -p mvmc-cli --cargo-profile test-fast --test issue174_physcal_dispatch -E 'test(physcal_missing_fixed_file_with_mode_one_is_rejected_before_output)'	#184/#178	MVMCExpertModeParsers.jl/test/test_utils.jl:9
S083	julia-scenario	testset	"@testset ""String Processing"" begin"	crates/mvmc-expert-parsers/src/utils/file.rs::clean_line; crates/mvmc-expert-parsers/src/utils/file.rs::split_def_line	Implemented	unit test (no external reference)	issue174_physcal_dispatch::physcal_missing_fixed_file_with_mode_one_is_rejected_before_output; issue174_physcal_dispatch::physcal_mode_without_fixed_parameter_file_is_rejected_before_output; issue178_support_matrix::parse_fixed_initial_and_overlay_failures_reach_cli_status_without_output	PASS 3/3	cargo nextest run -p mvmc-cli --cargo-profile test-fast --test issue174_physcal_dispatch -E 'test(physcal_missing_fixed_file_with_mode_one_is_rejected_before_output)'	#184/#178	MVMCExpertModeParsers.jl/test/test_utils.jl:40
S084	julia-scenario	testset	"@testset ""Complex Number Parsing"" begin"	crates/mvmc-expert-parsers/src/utils/file.rs::safe_parse_complex	Implemented	unit test (no external reference)	issue174_physcal_dispatch::physcal_missing_fixed_file_with_mode_one_is_rejected_before_output; issue174_physcal_dispatch::physcal_mode_without_fixed_parameter_file_is_rejected_before_output; issue178_support_matrix::parse_fixed_initial_and_overlay_failures_reach_cli_status_without_output	PASS 3/3	cargo nextest run -p mvmc-cli --cargo-profile test-fast --test issue174_physcal_dispatch -E 'test(physcal_missing_fixed_file_with_mode_one_is_rejected_before_output)'	#184/#178	MVMCExpertModeParsers.jl/test/test_utils.jl:54
S085	julia-scenario	testset	"@testset ""Safe Parsing"" begin"	crates/mvmc-expert-parsers/src/utils/file.rs::safe_parse_int; crates/mvmc-expert-parsers/src/utils/file.rs::safe_parse_float; crates/mvmc-expert-parsers/src/utils/file.rs::safe_parse_complex	Implemented	unit test (no external reference)	issue174_physcal_dispatch::physcal_missing_fixed_file_with_mode_one_is_rejected_before_output; issue174_physcal_dispatch::physcal_mode_without_fixed_parameter_file_is_rejected_before_output; issue178_support_matrix::parse_fixed_initial_and_overlay_failures_reach_cli_status_without_output	PASS 3/3	cargo nextest run -p mvmc-cli --cargo-profile test-fast --test issue174_physcal_dispatch -E 'test(physcal_missing_fixed_file_with_mode_one_is_rejected_before_output)'	#184/#178	MVMCExpertModeParsers.jl/test/test_utils.jl:62
S086	julia-scenario	testset	"@testset ""Path Utilities"" begin"	crates/mvmc-expert-parsers/src/lib.rs::parse_expert_mode_files_with_c_opt_trans	Implemented	unit test (no external reference)	issue350_complex_uhf::uhf_orbitals_feed_the_optimizer; issue350_complex_uhf::unconverged_run_exits_255_after_writing_files_like_c; issue350_complex_uhf::usage_and_missing_files_are_errors_not_crashes	PASS 3/3	cargo nextest run -p mvmc-cli --cargo-profile test-fast --test issue350_complex_uhf -E 'test(uhf_orbitals_feed_the_optimizer)'	#184/#178	MVMCExpertModeParsers.jl/test/test_utils.jl:79
S087	julia-scenario	testset	"@testset ""ModPara Validation"" begin"	crates/mvmc-expert-parsers/src/types.rs::ModParaParameters; crates/mvmc-expert-parsers/src/utils/validation.rs::validate_modpara_params	Implemented	unit test (no external reference)	issue350_complex_uhf::uhf_orbitals_feed_the_optimizer; issue350_complex_uhf::unconverged_run_exits_255_after_writing_files_like_c; issue350_complex_uhf::usage_and_missing_files_are_errors_not_crashes	PASS 3/3	cargo nextest run -p mvmc-cli --cargo-profile test-fast --test issue350_complex_uhf -E 'test(uhf_orbitals_feed_the_optimizer)'	#184/#178	MVMCExpertModeParsers.jl/test/test_validation.jl:13
S088	julia-scenario	testset	"@testset ""Transfer Terms Validation"" begin"	crates/mvmc-expert-parsers/src/types.rs::TransferTerm; crates/mvmc-expert-parsers/src/utils/validation.rs::validate_transfer_terms	Implemented	unit test (no external reference)	issue350_complex_uhf::uhf_orbitals_feed_the_optimizer; issue350_complex_uhf::unconverged_run_exits_255_after_writing_files_like_c; issue350_complex_uhf::usage_and_missing_files_are_errors_not_crashes	PASS 3/3	cargo nextest run -p mvmc-cli --cargo-profile test-fast --test issue350_complex_uhf -E 'test(uhf_orbitals_feed_the_optimizer)'	#184/#178	MVMCExpertModeParsers.jl/test/test_validation.jl:30
S089	julia-scenario	testset	"@testset ""Coulomb Terms Validation"" begin"	crates/mvmc-expert-parsers/src/types.rs::CoulombIntraTerm; crates/mvmc-expert-parsers/src/utils/validation.rs::validate_coulomb_intra_terms; crates/mvmc-expert-parsers/src/types.rs::CoulombInterTerm; crates/mvmc-expert-parsers/src/utils/validation.rs::validate_coulomb_inter_terms	Implemented	unit test (no external reference)	issue350_complex_uhf::uhf_orbitals_feed_the_optimizer; issue350_complex_uhf::unconverged_run_exits_255_after_writing_files_like_c; issue350_complex_uhf::usage_and_missing_files_are_errors_not_crashes	PASS 3/3	cargo nextest run -p mvmc-cli --cargo-profile test-fast --test issue350_complex_uhf -E 'test(uhf_orbitals_feed_the_optimizer)'	#184/#178	MVMCExpertModeParsers.jl/test/test_validation.jl:52
S090	julia-scenario	testset	"@testset ""Gutzwiller Terms Validation"" begin"	crates/mvmc-expert-parsers/src/types.rs::GutzwillerTerm; crates/mvmc-expert-parsers/src/utils/validation.rs::validate_gutzwiller_terms	Implemented	unit test (no external reference)	issue350_complex_uhf::uhf_orbitals_feed_the_optimizer; issue350_complex_uhf::unconverged_run_exits_255_after_writing_files_like_c; issue350_complex_uhf::usage_and_missing_files_are_errors_not_crashes	PASS 3/3	cargo nextest run -p mvmc-cli --cargo-profile test-fast --test issue350_complex_uhf -E 'test(uhf_orbitals_feed_the_optimizer)'	#184/#178	MVMCExpertModeParsers.jl/test/test_validation.jl:80
S091	julia-scenario	testset	"@testset ""Jastrow Terms Validation"" begin"	crates/mvmc-expert-parsers/src/types.rs::JastrowTerm; crates/mvmc-expert-parsers/src/utils/validation.rs::validate_jastrow_terms	Implemented	unit test (no external reference)	issue350_complex_uhf::uhf_orbitals_feed_the_optimizer; issue350_complex_uhf::unconverged_run_exits_255_after_writing_files_like_c; issue350_complex_uhf::usage_and_missing_files_are_errors_not_crashes	PASS 3/3	cargo nextest run -p mvmc-cli --cargo-profile test-fast --test issue350_complex_uhf -E 'test(uhf_orbitals_feed_the_optimizer)'	#184/#178	MVMCExpertModeParsers.jl/test/test_validation.jl:97
S092	julia-scenario	testset	"@testset ""Orbital Terms Validation"" begin"	crates/mvmc-expert-parsers/src/types.rs::OrbitalTerm; crates/mvmc-expert-parsers/src/utils/validation.rs::validate_orbital_terms	Implemented	unit test (no external reference)	issue350_complex_uhf::uhf_orbitals_feed_the_optimizer; issue350_complex_uhf::unconverged_run_exits_255_after_writing_files_like_c; issue350_complex_uhf::usage_and_missing_files_are_errors_not_crashes	PASS 3/3	cargo nextest run -p mvmc-cli --cargo-profile test-fast --test issue350_complex_uhf -E 'test(uhf_orbitals_feed_the_optimizer)'	#184/#178	MVMCExpertModeParsers.jl/test/test_validation.jl:114
S093	julia-scenario	testset	"@testset ""Expert Mode Data Validation"" begin"	crates/mvmc-expert-parsers/src/types.rs::ExpertModeData; crates/mvmc-expert-parsers/src/types.rs::ModParaParameters; crates/mvmc-expert-parsers/src/types.rs::TransferTerm; crates/mvmc-expert-parsers/src/types.rs::CoulombIntraTerm; crates/mvmc-expert-parsers/src/types.rs::GutzwillerTerm; crates/mvmc-	Implemented	unit test (no external reference)	issue350_complex_uhf::uhf_orbitals_feed_the_optimizer; issue350_complex_uhf::unconverged_run_exits_255_after_writing_files_like_c; issue350_complex_uhf::usage_and_missing_files_are_errors_not_crashes	PASS 3/3	cargo nextest run -p mvmc-cli --cargo-profile test-fast --test issue350_complex_uhf -E 'test(uhf_orbitals_feed_the_optimizer)'	#184/#178	MVMCExpertModeParsers.jl/test/test_validation.jl:131
S094	julia-scenario	testset	"@testset ""MVMCOptimizers.jl"" begin"	crates/mvmc-core/src/run.rs::vmc_para_opt	Implemented	unit test (no external reference)	issue350_complex_uhf::uhf_orbitals_feed_the_optimizer; issue350_complex_uhf::unconverged_run_exits_255_after_writing_files_like_c; issue350_complex_uhf::usage_and_missing_files_are_errors_not_crashes	PASS 3/3	cargo nextest run -p mvmc-cli --cargo-profile test-fast --test issue350_complex_uhf -E 'test(uhf_orbitals_feed_the_optimizer)'	#180/#179	MVMCOptimizers.jl/test/runtests.jl:9
S095	julia-scenario	testset	"@testset ""Legendre Polynomial"" begin"	crates/mvmc-expert-parsers/src/utils/qp_weight.rs::legendre_poly	Implemented	unit test (no external reference)	issue350_complex_uhf::uhf_orbitals_feed_the_optimizer; issue350_complex_uhf::unconverged_run_exits_255_after_writing_files_like_c; issue350_complex_uhf::usage_and_missing_files_are_errors_not_crashes	PASS 3/3	cargo nextest run -p mvmc-cli --cargo-profile test-fast --test issue350_complex_uhf -E 'test(uhf_orbitals_feed_the_optimizer)'	#180/#179	MVMCOptimizers.jl/test/runtests.jl:10
S096	julia-scenario	testset	"@testset ""Gauss-Legendre Quadrature"" begin"	crates/mvmc-expert-parsers/src/utils/qp_weight.rs::gauss_legendre	Implemented	unit test (no external reference)	issue350_complex_uhf::uhf_orbitals_feed_the_optimizer; issue350_complex_uhf::unconverged_run_exits_255_after_writing_files_like_c; issue350_complex_uhf::usage_and_missing_files_are_errors_not_crashes	PASS 3/3	cargo nextest run -p mvmc-cli --cargo-profile test-fast --test issue350_complex_uhf -E 'test(uhf_orbitals_feed_the_optimizer)'	#180/#179	MVMCOptimizers.jl/test/runtests.jl:29
S097	julia-scenario	testset	"@testset ""Slater Update Tests"" begin"	crates/mvmc-core/src/run.rs::vmc_para_opt	Implemented	unit test (no external reference)	issue350_complex_uhf::uhf_orbitals_feed_the_optimizer; issue350_complex_uhf::unconverged_run_exits_255_after_writing_files_like_c; issue350_complex_uhf::usage_and_missing_files_are_errors_not_crashes	PASS 3/3	cargo nextest run -p mvmc-cli --cargo-profile test-fast --test issue350_complex_uhf -E 'test(uhf_orbitals_feed_the_optimizer)'	#180/#179	MVMCOptimizers.jl/test/runtests.jl:56
S098	julia-scenario	testset	"@testset ""Unit Tests"" begin"	crates/mvmc-core/src/run.rs::vmc_para_opt	Implemented	unit test (no external reference)	issue350_complex_uhf::uhf_orbitals_feed_the_optimizer; issue350_complex_uhf::unconverged_run_exits_255_after_writing_files_like_c; issue350_complex_uhf::usage_and_missing_files_are_errors_not_crashes	PASS 3/3	cargo nextest run -p mvmc-cli --cargo-profile test-fast --test issue350_complex_uhf -E 'test(uhf_orbitals_feed_the_optimizer)'	#180/#179	MVMCOptimizers.jl/test/runtests.jl:60
S099	julia-scenario	testset	"@testset ""build_qp_trans_matrices success Tests"" begin"	crates/mvmc-expert-parsers/src/types.rs::ExpertModeData; crates/mvmc-expert-parsers/src/types.rs::ModParaParameters; crates/mvmc-core/src/qp.rs::translated_site	Implemented	unit test (no external reference)	issue350_complex_uhf::uhf_orbitals_feed_the_optimizer; issue350_complex_uhf::unconverged_run_exits_255_after_writing_files_like_c; issue350_complex_uhf::usage_and_missing_files_are_errors_not_crashes	PASS 3/3	cargo nextest run -p mvmc-cli --cargo-profile test-fast --test issue350_complex_uhf -E 'test(uhf_orbitals_feed_the_optimizer)'	#180/#179	MVMCOptimizers.jl/test/test_slater_update.jl:37
S100	julia-scenario	testset	"@testset ""build_qp_trans_matrices error Tests"" begin"	crates/mvmc-expert-parsers/src/types.rs::ExpertModeData; crates/mvmc-expert-parsers/src/types.rs::ModParaParameters; crates/mvmc-core/src/qp.rs::translated_site	Implemented	unit test (no external reference)	issue350_complex_uhf::uhf_orbitals_feed_the_optimizer; issue350_complex_uhf::unconverged_run_exits_255_after_writing_files_like_c; issue350_complex_uhf::usage_and_missing_files_are_errors_not_crashes	PASS 3/3	cargo nextest run -p mvmc-cli --cargo-profile test-fast --test issue350_complex_uhf -E 'test(uhf_orbitals_feed_the_optimizer)'	#180/#179	MVMCOptimizers.jl/test/test_slater_update.jl:93
S101	julia-scenario	testset	"@testset ""build_qp_trans_matrices QPOptTrans Tests"" begin"	crates/mvmc-expert-parsers/src/types.rs::ExpertModeData; crates/mvmc-expert-parsers/src/types.rs::ModParaParameters; crates/mvmc-core/src/qp.rs::translated_site; crates/mvmc-core/src/slater_update.rs::update_slater_elm	Implemented	unit test (no external reference)	issue350_complex_uhf::uhf_orbitals_feed_the_optimizer; issue350_complex_uhf::unconverged_run_exits_255_after_writing_files_like_c; issue350_complex_uhf::usage_and_missing_files_are_errors_not_crashes	PASS 3/3	cargo nextest run -p mvmc-cli --cargo-profile test-fast --test issue350_complex_uhf -E 'test(uhf_orbitals_feed_the_optimizer)'	#180/#179	MVMCOptimizers.jl/test/test_slater_update.jl:119
S102	julia-scenario	testset	"@testset ""update_slater_elm_fcmp! basic Tests"" begin"	crates/mvmc-expert-parsers/src/types.rs::ExpertModeData; crates/mvmc-expert-parsers/src/types.rs::ModParaParameters; crates/mvmc-expert-parsers/src/types.rs::OrbitalTerm; crates/mvmc-expert-parsers/src/types.rs::build_orbital_matrices; crates/mvmc-expert-parsers/src/utils/qp_weight.rs::init_qp_weigh	Implemented	unit test (no external reference)	issue178_support_matrix::signed_projection_physcal_with_cg_metadata_is_not_overrejected_by_cli; issue350_complex_uhf::uhf_orbitals_feed_the_optimizer; issue350_complex_uhf::unconverged_run_exits_255_after_writing_files_like_c	PASS 3/3	cargo nextest run -p mvmc-cli --cargo-profile test-fast --test issue178_support_matrix -E 'test(signed_projection_physcal_with_cg_metadata_is_not_overrejected_by_cli)'	#180/#179	MVMCOptimizers.jl/test/test_slater_update.jl:163
S103	julia-scenario	testset	"@testset ""update_slater_elm_fcmp! missing qp_weights Tests"" begin"	crates/mvmc-expert-parsers/src/types.rs::ExpertModeData; crates/mvmc-expert-parsers/src/types.rs::ModParaParameters; crates/mvmc-expert-parsers/src/types.rs::OrbitalTerm; crates/mvmc-expert-parsers/src/types.rs::build_orbital_matrices; crates/mvmc-core/src/state.rs::VmcOptimizationState; crates/mvmc	Implemented	unit test (no external reference)	issue178_support_matrix::signed_projection_physcal_with_cg_metadata_is_not_overrejected_by_cli; issue350_complex_uhf::uhf_orbitals_feed_the_optimizer; issue350_complex_uhf::unconverged_run_exits_255_after_writing_files_like_c	PASS 3/3	cargo nextest run -p mvmc-cli --cargo-profile test-fast --test issue178_support_matrix -E 'test(signed_projection_physcal_with_cg_metadata_is_not_overrejected_by_cli)'	#178/#180/#181	MVMCOptimizers.jl/test/test_slater_update.jl:238
S104	julia-scenario	testset	"@testset ""update_slater_elm_fcmp! with real data Tests"" begin"	crates/mvmc-expert-parsers/src/lib.rs::parse_expert_mode_files; crates/sfmt19937/src/lib.rs::Sfmt19937Rng; crates/mvmc-expert-parsers/src/utils/parameter_init.rs::initialize_parameters; crates/mvmc-expert-parsers/src/utils/qp_weight.rs::init_qp_weight_inplace; crates/mvmc-core/src/qp.rs::init_qp_wei	Implemented	unit test (no external reference)	issue178_support_matrix::signed_projection_physcal_with_cg_metadata_is_not_overrejected_by_cli; issue350_complex_uhf::uhf_orbitals_feed_the_optimizer; issue350_complex_uhf::unconverged_run_exits_255_after_writing_files_like_c	PASS 3/3	cargo nextest run -p mvmc-cli --cargo-profile test-fast --test issue178_support_matrix -E 'test(signed_projection_physcal_with_cg_metadata_is_not_overrejected_by_cli)'	#180/#179	MVMCOptimizers.jl/test/test_slater_update.jl:298
S105	julia-scenario	testset	"@testset ""Slater Update Tests"" begin"	crates/mvmc-core/src/run.rs::vmc_para_opt	Implemented	unit test (no external reference)	issue350_complex_uhf::uhf_orbitals_feed_the_optimizer; issue350_complex_uhf::unconverged_run_exits_255_after_writing_files_like_c; issue350_complex_uhf::usage_and_missing_files_are_errors_not_crashes	PASS 3/3	cargo nextest run -p mvmc-cli --cargo-profile test-fast --test issue350_complex_uhf -E 'test(uhf_orbitals_feed_the_optimizer)'	#180/#179	MVMCOptimizers.jl/test/test_slater_update.jl:359
S106	julia-scenario	script-entry-or-reference-aid	MVMCOptimizers.jl/test_unit/helpers/mock_data.jl	crates/mvmc-core/src/io.rs::format_c_double	Implemented	unit test (no external reference)	issue350_complex_uhf::uhf_orbitals_feed_the_optimizer; issue350_complex_uhf::unconverged_run_exits_255_after_writing_files_like_c; issue350_complex_uhf::usage_and_missing_files_are_errors_not_crashes	PASS 3/3	cargo nextest run -p mvmc-cli --cargo-profile test-fast --test issue350_complex_uhf -E 'test(uhf_orbitals_feed_the_optimizer)'	#184	MVMCOptimizers.jl/test_unit/helpers/mock_data.jl:1
S107	julia-scenario	script-entry-or-reference-aid	MVMCOptimizers.jl/test_unit/helpers/mock_state.jl	crates/mvmc-core/src/io.rs::format_c_double	Implemented	unit test (no external reference)	issue350_complex_uhf::uhf_orbitals_feed_the_optimizer; issue350_complex_uhf::unconverged_run_exits_255_after_writing_files_like_c; issue350_complex_uhf::usage_and_missing_files_are_errors_not_crashes	PASS 3/3	cargo nextest run -p mvmc-cli --cargo-profile test-fast --test issue350_complex_uhf -E 'test(uhf_orbitals_feed_the_optimizer)'	#184	MVMCOptimizers.jl/test_unit/helpers/mock_state.jl:1
S108	julia-scenario	testset	"@testset ""split_loop matches C SplitLoop (mVMC/src/mVMC/splitloop.c:33-63)"" begin"	crates/mvmc-core/src/parallel.rs::partition_range	Implemented	unit test (no external reference)	issue350_complex_uhf::uhf_orbitals_feed_the_optimizer; issue350_complex_uhf::unconverged_run_exits_255_after_writing_files_like_c; issue350_complex_uhf::usage_and_missing_files_are_errors_not_crashes	PASS 3/3	cargo nextest run -p mvmc-cli --cargo-profile test-fast --test issue350_complex_uhf -E 'test(uhf_orbitals_feed_the_optimizer)'	#177/#178/#179	MVMCOptimizers.jl/test_unit/test_unit_parallel.jl:6
S109	julia-scenario	testset	"@testset ""split_range is the 1-based Julia view of split_loop"" begin"	crates/mvmc-core/src/parallel.rs::partition_range	Implemented	unit test (no external reference)	issue350_complex_uhf::uhf_orbitals_feed_the_optimizer; issue350_complex_uhf::unconverged_run_exits_255_after_writing_files_like_c; issue350_complex_uhf::usage_and_missing_files_are_errors_not_crashes	PASS 3/3	cargo nextest run -p mvmc-cli --cargo-profile test-fast --test issue350_complex_uhf -E 'test(uhf_orbitals_feed_the_optimizer)'	#177/#178/#179	MVMCOptimizers.jl/test_unit/test_unit_parallel.jl:25
S110	julia-scenario	testset	"@testset ""qp_split_range returns 1-based half-open QP ranges"" begin"	crates/mvmc-core/src/reducer.rs::SingleProcessReducer; crates/mvmc-core/src/parallel.rs::group_range; crates/mvmc-core/src/parallel.rs::local_range; crates/mvmc-core/src/mpi.rs::MpiContext; crates/mvmc-core/src/mpi.rs::MpiGroupContext; crates/mvmc-core/src/reducer.rs::SingleProcessReducer	Implemented	unit test (no external reference)	issue350_complex_uhf::uhf_orbitals_feed_the_optimizer; issue350_complex_uhf::unconverged_run_exits_255_after_writing_files_like_c; issue350_complex_uhf::usage_and_missing_files_are_errors_not_crashes	PASS 3/3	cargo nextest run -p mvmc-cli --cargo-profile test-fast --test issue350_complex_uhf -E 'test(uhf_orbitals_feed_the_optimizer)'	#177/#178/#179	MVMCOptimizers.jl/test_unit/test_unit_parallel.jl:33
S111	julia-scenario	testset	"@testset ""serial scalar reductions are no-ops"" begin"	crates/mvmc-core/src/reducer.rs::SingleProcessReducer; crates/mvmc-core/src/mpi.rs::allreduce_sum_f64; crates/mvmc-core/src/mpi.rs::allreduce_sum_f64; crates/mvmc-core/src/reducer.rs::allreduce_sum_f64; Reducer::any_failure uses summed integer status, not max-value semantics	Implemented	unit test (no external reference)	issue350_complex_uhf::uhf_orbitals_feed_the_optimizer; issue350_complex_uhf::unconverged_run_exits_255_after_writing_files_like_c; issue350_complex_uhf::usage_and_missing_files_are_errors_not_crashes	PASS 3/3	cargo nextest run -p mvmc-cli --cargo-profile test-fast --test issue350_complex_uhf -E 'test(uhf_orbitals_feed_the_optimizer)'	#177/#178/#179	MVMCOptimizers.jl/test_unit/test_unit_parallel.jl:49
S112	julia-scenario	testset	"@testset ""group1 assignment (C vmcmain.c:239)"" begin"	crates/mvmc-core/src/parallel.rs::partition_range	Implemented	unit test (no external reference)	issue350_complex_uhf::uhf_orbitals_feed_the_optimizer; issue350_complex_uhf::unconverged_run_exits_255_after_writing_files_like_c; issue350_complex_uhf::usage_and_missing_files_are_errors_not_crashes	PASS 3/3	cargo nextest run -p mvmc-cli --cargo-profile test-fast --test issue350_complex_uhf -E 'test(uhf_orbitals_feed_the_optimizer)'	#177/#178/#179	MVMCOptimizers.jl/test_unit/test_unit_parallel.jl:56
S113	julia-scenario	testset	"@testset ""serial_context"" begin"	crates/mvmc-core/src/reducer.rs::SingleProcessReducer; crates/mvmc-core/src/mpi.rs::is_output_root; crates/mvmc-core/src/reducer.rs::is_output_root; crates/mvmc-core/src/run.rs::is_output_root	Implemented	unit test (no external reference)	issue350_complex_uhf::uhf_orbitals_feed_the_optimizer; issue350_complex_uhf::unconverged_run_exits_255_after_writing_files_like_c; issue350_complex_uhf::usage_and_missing_files_are_errors_not_crashes	PASS 3/3	cargo nextest run -p mvmc-cli --cargo-profile test-fast --test issue350_complex_uhf -E 'test(uhf_orbitals_feed_the_optimizer)'	#177/#178/#179	MVMCOptimizers.jl/test_unit/test_unit_parallel.jl:64
S114	julia-scenario	testset	"@testset ""JULIA_MVMC_MPI policy (detection-policy spec 判定表, F3/F5/F12+A7)"" begin"	crates/mvmc-core/src/parallel.rs::partition_range	Implemented	unit test (no external reference)	issue350_complex_uhf::uhf_orbitals_feed_the_optimizer; issue350_complex_uhf::unconverged_run_exits_255_after_writing_files_like_c; issue350_complex_uhf::usage_and_missing_files_are_errors_not_crashes	PASS 3/3	cargo nextest run -p mvmc-cli --cargo-profile test-fast --test issue350_complex_uhf -E 'test(uhf_orbitals_feed_the_optimizer)'	#177/#178/#179	MVMCOptimizers.jl/test_unit/test_unit_parallel.jl:77
S115	julia-scenario	testset	"@testset ""serial wrappers are no-ops"" begin"	crates/mvmc-core/src/reducer.rs::SingleProcessReducer; crates/mvmc-core/src/mpi.rs::broadcast_c64; crates/mvmc-core/src/mpi.rs::broadcast_c64; crates/mvmc-core/src/reducer.rs::broadcast_c64; crates/mvmc-core/src/mpi.rs::broadcast_i64; crates/mvmc-core/src/mpi.rs::broadcast_i64; crates/mvmc-core/src/	Implemented	unit test (no external reference)	issue350_complex_uhf::uhf_orbitals_feed_the_optimizer; issue350_complex_uhf::unconverged_run_exits_255_after_writing_files_like_c; issue350_complex_uhf::usage_and_missing_files_are_errors_not_crashes	PASS 3/3	cargo nextest run -p mvmc-cli --cargo-profile test-fast --test issue350_complex_uhf -E 'test(uhf_orbitals_feed_the_optimizer)'	#177/#178/#179	MVMCOptimizers.jl/test_unit/test_unit_parallel.jl:141
S116	julia-scenario	testset	"@testset ""_chunk_ranges (C SafeMpiAllReduce, safempi.c:29 D_MpiSendMax)"" begin"	crates/mvmc-core/src/parallel.rs::partition_range	Implemented	unit test (no external reference)	issue350_complex_uhf::uhf_orbitals_feed_the_optimizer; issue350_complex_uhf::unconverged_run_exits_255_after_writing_files_like_c; issue350_complex_uhf::usage_and_missing_files_are_errors_not_crashes	PASS 3/3	cargo nextest run -p mvmc-cli --cargo-profile test-fast --test issue350_complex_uhf -E 'test(uhf_orbitals_feed_the_optimizer)'	#177/#178/#179	MVMCOptimizers.jl/test_unit/test_unit_parallel.jl:153
S117	julia-scenario	testset	"@testset ""resolve_rnd_seed C parity (spec §5-1, A5)"" begin"	prepare_phys_cal_from_namelist/_with_reducer -> resolve_seed_with_reducer; MpiGroupContext::seed_offset	Implemented	unit test (no external reference)	issue174_physcal_dispatch::physcal_mode_one_with_fixed_file_matches_direct_library_call; core::accumulator_reduction_selects_only_active_sr_branch_in_exact_order; core::broadcast_base_seed_precedes_group_offset	PASS 3/3	cargo nextest run -p mvmc-cli --cargo-profile test-fast --test issue174_physcal_dispatch -E 'test(physcal_mode_one_with_fixed_file_matches_direct_library_call)'	#177/#184 mapping Chandra; Wegener literaltests/evidence; otherseed/failurematrix owners separate	MVMCOptimizers.jl/test_unit/test_unit_parallel.jl:162
S118	julia-scenario	testset	"@testset ""MPI para-opt accepts standard SR-CG after collective implementation"" begin"	crates/mvmc-core/src/mpi.rs::MpiContext; crates/mvmc-core/src/mpi.rs::MpiGroupContext; crates/mvmc-core/src/reducer.rs::SingleProcessReducer; crates/mvmc-expert-parsers/src/types.rs::ModParaParameters; crates/mvmc-core/src/validation.rs::validate_supported_modpara; crates/mvmc-core/src/reducer.rs::S	Implemented	unit test (no external reference)	issue350_complex_uhf::uhf_orbitals_feed_the_optimizer; issue350_complex_uhf::unconverged_run_exits_255_after_writing_files_like_c; issue350_complex_uhf::usage_and_missing_files_are_errors_not_crashes	PASS 3/3	cargo nextest run -p mvmc-cli --cargo-profile test-fast --test issue350_complex_uhf -E 'test(uhf_orbitals_feed_the_optimizer)'	#177/#178/#179	MVMCOptimizers.jl/test_unit/test_unit_parallel.jl:180
S119	julia-scenario	testset	"@testset ""ModPara rnd_seed default matches C readdef.c:1967 (review F2)"" begin"	crates/mvmc-expert-parsers/src/types.rs::ModParaParameters	Implemented	unit test (no external reference)	issue350_complex_uhf::uhf_orbitals_feed_the_optimizer; issue350_complex_uhf::unconverged_run_exits_255_after_writing_files_like_c; issue350_complex_uhf::usage_and_missing_files_are_errors_not_crashes	PASS 3/3	cargo nextest run -p mvmc-cli --cargo-profile test-fast --test issue350_complex_uhf -E 'test(uhf_orbitals_feed_the_optimizer)'	#177/#178/#179	MVMCOptimizers.jl/test_unit/test_unit_parallel.jl:227
S120	julia-scenario	testset	"@testset ""parameter pack/unpack roundtrip (spec §5-2, F4)"" begin"	crates/mvmc-expert-parsers/src/lib.rs::parse_expert_mode_files; crates/mvmc-expert-parsers/src/types.rs::count_variational_parameters; crates/mvmc-core/src/sync.rs::pack_variational_parameters; crates/mvmc-core/src/sr.rs::update_parameter_value; crates/mvmc-core/src/sync.rs::unpack_variational_param	Implemented	unit test (no external reference)	issue350_complex_uhf::uhf_orbitals_feed_the_optimizer; issue350_complex_uhf::unconverged_run_exits_255_after_writing_files_like_c; issue350_complex_uhf::usage_and_missing_files_are_errors_not_crashes	PASS 3/3	cargo nextest run -p mvmc-cli --cargo-profile test-fast --test issue350_complex_uhf -E 'test(uhf_orbitals_feed_the_optimizer)'	#177/#178/#179	MVMCOptimizers.jl/test_unit/test_unit_parallel.jl:233
S121	julia-scenario	testset	"@testset ""direct-assignment unpack repairs duplicate idx and preserves signed zero (R1)"" begin"	crates/mvmc-expert-parsers/src/lib.rs::parse_expert_mode_files; crates/mvmc-core/src/sync.rs::pack_variational_parameters; crates/mvmc-core/src/sync.rs::unpack_variational_parameters; crates/mvmc-expert-parsers/src/types.rs::projection_layout; crates/mvmc-expert-parsers/src/types.rs::has_rbm_terms; 	Implemented	unit test (no external reference)	issue350_complex_uhf::uhf_orbitals_feed_the_optimizer; issue350_complex_uhf::unconverged_run_exits_255_after_writing_files_like_c; issue350_complex_uhf::usage_and_missing_files_are_errors_not_crashes	PASS 3/3	cargo nextest run -p mvmc-cli --cargo-profile test-fast --test issue350_complex_uhf -E 'test(uhf_orbitals_feed_the_optimizer)'	#177/#178/#179	MVMCOptimizers.jl/test_unit/test_unit_parallel.jl:261
S122	julia-scenario	testset	"@testset ""sync_modified_parameter!(ctx, data) serial == legacy"" begin"	crates/mvmc-core/src/sync.rs::sync_modified_parameter_local; crates/mvmc-expert-parsers/src/lib.rs::parse_expert_mode_files; crates/mvmc-core/src/reducer.rs::SingleProcessReducer; crates/mvmc-core/src/sync.rs::pack_variational_parameters	Implemented	unit test (no external reference)	issue350_complex_uhf::uhf_orbitals_feed_the_optimizer; issue350_complex_uhf::unconverged_run_exits_255_after_writing_files_like_c; issue350_complex_uhf::usage_and_missing_files_are_errors_not_crashes	PASS 3/3	cargo nextest run -p mvmc-cli --cargo-profile test-fast --test issue350_complex_uhf -E 'test(uhf_orbitals_feed_the_optimizer)'	#177/#178/#179	MVMCOptimizers.jl/test_unit/test_unit_parallel.jl:309
S123	julia-scenario	testset	"@testset ""unit/parameter_sync: sync_modified_parameter!"" begin"	crates/mvmc-core/src/sync.rs::sync_modified_parameter_local	Implemented	unit test (no external reference)	issue350_complex_uhf::uhf_orbitals_feed_the_optimizer; issue350_complex_uhf::unconverged_run_exits_255_after_writing_files_like_c; issue350_complex_uhf::usage_and_missing_files_are_errors_not_crashes	PASS 3/3	cargo nextest run -p mvmc-cli --cargo-profile test-fast --test issue350_complex_uhf -E 'test(uhf_orbitals_feed_the_optimizer)'	#180/#181/#184	MVMCOptimizers.jl/test_unit/test_unit_parameter_sync.jl:13
S124	julia-scenario	testset	"@testset ""shift gutzwiller/jastrow when all optimized (default)"" begin"	crates/mvmc-expert-parsers/src/types.rs::ExpertModeData; crates/mvmc-expert-parsers/src/types.rs::GutzwillerTerm; crates/mvmc-expert-parsers/src/types.rs::JastrowTerm; crates/mvmc-core/src/sync.rs::sync_modified_parameter_local	Implemented	unit test (no external reference)	issue350_complex_uhf::uhf_orbitals_feed_the_optimizer; issue350_complex_uhf::unconverged_run_exits_255_after_writing_files_like_c; issue350_complex_uhf::usage_and_missing_files_are_errors_not_crashes	PASS 3/3	cargo nextest run -p mvmc-cli --cargo-profile test-fast --test issue350_complex_uhf -E 'test(uhf_orbitals_feed_the_optimizer)'	#180/#181/#184	MVMCOptimizers.jl/test_unit/test_unit_parameter_sync.jl:14
S125	julia-scenario	testset	"@testset ""no shift when not all optimized (explicit flags)"" begin"	crates/mvmc-expert-parsers/src/types.rs::ExpertModeData; crates/mvmc-expert-parsers/src/types.rs::GutzwillerTerm; crates/mvmc-expert-parsers/src/types.rs::JastrowTerm; crates/mvmc-core/src/sync.rs::sync_modified_parameter_local	Implemented	unit test (no external reference)	issue350_complex_uhf::uhf_orbitals_feed_the_optimizer; issue350_complex_uhf::unconverged_run_exits_255_after_writing_files_like_c; issue350_complex_uhf::usage_and_missing_files_are_errors_not_crashes	PASS 3/3	cargo nextest run -p mvmc-cli --cargo-profile test-fast --test issue350_complex_uhf -E 'test(uhf_orbitals_feed_the_optimizer)'	#180/#181/#184	MVMCOptimizers.jl/test_unit/test_unit_parameter_sync.jl:47
S126	julia-scenario	testset	"@testset ""rescale orbital terms to D_AMP_MAX"" begin"	crates/mvmc-expert-parsers/src/types.rs::ExpertModeData; crates/mvmc-expert-parsers/src/types.rs::OrbitalTerm; crates/mvmc-core/src/sync.rs::sync_modified_parameter_local	Implemented	unit test (no external reference)	issue350_complex_uhf::uhf_orbitals_feed_the_optimizer; issue350_complex_uhf::unconverged_run_exits_255_after_writing_files_like_c; issue350_complex_uhf::usage_and_missing_files_are_errors_not_crashes	PASS 3/3	cargo nextest run -p mvmc-cli --cargo-profile test-fast --test issue350_complex_uhf -E 'test(uhf_orbitals_feed_the_optimizer)'	#180/#181/#184	MVMCOptimizers.jl/test_unit/test_unit_parameter_sync.jl:74
S127	julia-scenario	testset	"@testset ""correlation shifts can be disabled while Slater rescale remains enabled"" begin"	crates/mvmc-expert-parsers/src/types.rs::ExpertModeData; crates/mvmc-expert-parsers/src/types.rs::GutzwillerTerm; crates/mvmc-expert-parsers/src/types.rs::JastrowTerm; crates/mvmc-expert-parsers/src/types.rs::DoublonHolon2SiteIndex; crates/mvmc-expert-parsers/src/types.rs::OrbitalTerm; crates/mvmc-e	Implemented	unit test (no external reference)	issue350_complex_uhf::uhf_orbitals_feed_the_optimizer; issue350_complex_uhf::unconverged_run_exits_255_after_writing_files_like_c; issue350_complex_uhf::usage_and_missing_files_are_errors_not_crashes	PASS 3/3	cargo nextest run -p mvmc-cli --cargo-profile test-fast --test issue350_complex_uhf -E 'test(uhf_orbitals_feed_the_optimizer)'	#180/#181/#184	MVMCOptimizers.jl/test_unit/test_unit_parameter_sync.jl:93
S128	julia-scenario	testset	"@testset ""para_qp_trans is NOT normalized (C normalizes OptTrans, not ParaQPTrans)"" begin"	crates/mvmc-expert-parsers/src/types.rs::ExpertModeData; crates/mvmc-core/src/sync.rs::sync_modified_parameter_local	Implemented	unit test (no external reference)	issue350_complex_uhf::uhf_orbitals_feed_the_optimizer; issue350_complex_uhf::unconverged_run_exits_255_after_writing_files_like_c; issue350_complex_uhf::usage_and_missing_files_are_errors_not_crashes	PASS 3/3	cargo nextest run -p mvmc-cli --cargo-profile test-fast --test issue350_complex_uhf -E 'test(uhf_orbitals_feed_the_optimizer)'	#180/#181/#184	MVMCOptimizers.jl/test_unit/test_unit_parameter_sync.jl:119
S129	julia-scenario	testset	"@testset ""OptTrans is normalized separately from ParaQPTrans"" begin"	crates/mvmc-expert-parsers/src/types.rs::ExpertModeData; crates/mvmc-core/src/sync.rs::sync_modified_parameter_local	Implemented	unit test (no external reference)	issue350_complex_uhf::uhf_orbitals_feed_the_optimizer; issue350_complex_uhf::unconverged_run_exits_255_after_writing_files_like_c; issue350_complex_uhf::usage_and_missing_files_are_errors_not_crashes	PASS 3/3	cargo nextest run -p mvmc-cli --cargo-profile test-fast --test issue350_complex_uhf -E 'test(uhf_orbitals_feed_the_optimizer)'	#180/#181/#184	MVMCOptimizers.jl/test_unit/test_unit_parameter_sync.jl:141
S130	julia-scenario	testset	"@testset ""DH2 shift subtracts bin averages and shifts Gutzwiller"" begin"	crates/mvmc-expert-parsers/src/types.rs::ExpertModeData; crates/mvmc-expert-parsers/src/types.rs::GutzwillerTerm; crates/mvmc-expert-parsers/src/types.rs::DoublonHolon2SiteIndex; crates/mvmc-expert-parsers/src/types.rs::projection_layout; crates/mvmc-core/src/sync.rs::sync_modified_parameter_local	Implemented	unit test (no external reference)	issue350_complex_uhf::uhf_orbitals_feed_the_optimizer; issue350_complex_uhf::unconverged_run_exits_255_after_writing_files_like_c; issue350_complex_uhf::usage_and_missing_files_are_errors_not_crashes	PASS 3/3	cargo nextest run -p mvmc-cli --cargo-profile test-fast --test issue350_complex_uhf -E 'test(uhf_orbitals_feed_the_optimizer)'	#180/#181/#184	MVMCOptimizers.jl/test_unit/test_unit_parameter_sync.jl:163
S131	julia-scenario	testset	"@testset ""DH4 shift subtracts five-bin averages"" begin"	crates/mvmc-expert-parsers/src/types.rs::ExpertModeData; crates/mvmc-expert-parsers/src/types.rs::GutzwillerTerm; crates/mvmc-expert-parsers/src/types.rs::DoublonHolon4SiteIndex; crates/mvmc-expert-parsers/src/types.rs::projection_layout; crates/mvmc-core/src/sync.rs::sync_modified_parameter_local	Implemented	unit test (no external reference)	issue350_complex_uhf::uhf_orbitals_feed_the_optimizer; issue350_complex_uhf::unconverged_run_exits_255_after_writing_files_like_c; issue350_complex_uhf::usage_and_missing_files_are_errors_not_crashes	PASS 3/3	cargo nextest run -p mvmc-cli --cargo-profile test-fast --test issue350_complex_uhf -E 'test(uhf_orbitals_feed_the_optimizer)'	#180/#181/#184	MVMCOptimizers.jl/test_unit/test_unit_parameter_sync.jl:190
S132	julia-scenario	testset	"@testset ""DH2 and DH4 shifts compose in one config"" begin"	crates/mvmc-expert-parsers/src/types.rs::ExpertModeData; crates/mvmc-expert-parsers/src/types.rs::GutzwillerTerm; crates/mvmc-expert-parsers/src/types.rs::DoublonHolon2SiteIndex; crates/mvmc-expert-parsers/src/types.rs::DoublonHolon4SiteIndex; crates/mvmc-expert-parsers/src/types.rs::projection_layo	Implemented	unit test (no external reference)	issue350_complex_uhf::uhf_orbitals_feed_the_optimizer; issue350_complex_uhf::unconverged_run_exits_255_after_writing_files_like_c; issue350_complex_uhf::usage_and_missing_files_are_errors_not_crashes	PASS 3/3	cargo nextest run -p mvmc-cli --cargo-profile test-fast --test issue350_complex_uhf -E 'test(uhf_orbitals_feed_the_optimizer)'	#180/#181/#184	MVMCOptimizers.jl/test_unit/test_unit_parameter_sync.jl:214
S133	julia-scenario	testset	"@testset ""DH shift is disabled when any Gutzwiller real flag is fixed"" begin"	crates/mvmc-core/tests/issue184_assertion_contracts.rs::fixed_gutzwiller_real_flag_prevents_dh2_shift -> public sync/PhysCal preparation	Implemented	unit test (no external reference)	issue174_physcal_dispatch::physcal_mode_one_with_fixed_file_matches_direct_library_call; issue350_complex_uhf::uhf_orbitals_feed_the_optimizer; issue350_complex_uhf::unconverged_run_exits_255_after_writing_files_like_c	PASS 3/3	cargo nextest run -p mvmc-cli --cargo-profile test-fast --test issue174_physcal_dispatch -E 'test(physcal_mode_one_with_fixed_file_matches_direct_library_call)'	#180/#181/#184	MVMCOptimizers.jl/test_unit/test_unit_parameter_sync.jl:230
S134	julia-scenario	testset	"@testset ""DH shift requires explicit real optimization flags"" begin"	crates/mvmc-core/tests/issue184_assertion_contracts.rs::absent_explicit_flags_do_not_enable_dh2_shift -> public sync/PhysCal preparation	Implemented	unit test (no external reference)	issue174_physcal_dispatch::physcal_mode_one_with_fixed_file_matches_direct_library_call; issue350_complex_uhf::uhf_orbitals_feed_the_optimizer; issue350_complex_uhf::unconverged_run_exits_255_after_writing_files_like_c	PASS 3/3	cargo nextest run -p mvmc-cli --cargo-profile test-fast --test issue174_physcal_dispatch -E 'test(physcal_mode_one_with_fixed_file_matches_direct_library_call)'	#180/#181/#184	MVMCOptimizers.jl/test_unit/test_unit_parameter_sync.jl:245
S135	julia-scenario	testset	"@testset ""DH shift is disabled when any DH real flag is fixed"" begin"	crates/mvmc-core/tests/issue184_assertion_contracts.rs::fixed_dh_real_flag_prevents_each_dh_family_shift -> public sync/PhysCal preparation	Implemented	unit test (no external reference)	issue174_physcal_dispatch::physcal_mode_one_with_fixed_file_matches_direct_library_call; issue350_complex_uhf::uhf_orbitals_feed_the_optimizer; issue350_complex_uhf::unconverged_run_exits_255_after_writing_files_like_c	PASS 3/3	cargo nextest run -p mvmc-cli --cargo-profile test-fast --test issue174_physcal_dispatch -E 'test(physcal_mode_one_with_fixed_file_matches_direct_library_call)'	#180/#181/#184	MVMCOptimizers.jl/test_unit/test_unit_parameter_sync.jl:260
S136	julia-scenario	testset	"@testset ""DH shift happens before Gutzwiller-Jastrow shift"" begin"	crates/mvmc-core/tests/issue184_assertion_contracts.rs::c_dh_shift_precedes_gutzwiller_jastrow_shift -> public sync/PhysCal preparation	Implemented	unit test (no external reference)	issue174_physcal_dispatch::physcal_mode_one_with_fixed_file_matches_direct_library_call; issue350_complex_uhf::uhf_orbitals_feed_the_optimizer; issue350_complex_uhf::unconverged_run_exits_255_after_writing_files_like_c	PASS 3/3	cargo nextest run -p mvmc-cli --cargo-profile test-fast --test issue174_physcal_dispatch -E 'test(physcal_mode_one_with_fixed_file_matches_direct_library_call)'	#180/#181/#184	MVMCOptimizers.jl/test_unit/test_unit_parameter_sync.jl:290
S137	julia-scenario	testset	"@testset ""PhysicalQuantities index fields"" begin"	crates/mvmc-core/src/state.rs::PhysicalQuantities	Implemented	unit test (no external reference)	issue178_support_matrix::signed_projection_physcal_with_cg_metadata_is_not_overrejected_by_cli; issue350_complex_uhf::uhf_orbitals_feed_the_optimizer; issue350_complex_uhf::unconverged_run_exits_255_after_writing_files_like_c	PASS 3/3	cargo nextest run -p mvmc-cli --cargo-profile test-fast --test issue178_support_matrix -E 'test(signed_projection_physcal_with_cg_metadata_is_not_overrejected_by_cli)'	#181	MVMCOptimizers.jl/test_unit/test_unit_physcal_factored_green.jl:5
S138	julia-scenario	testset	"@testset ""canonical one-body list"" begin"	crates/mvmc-expert-parsers/src/types.rs::GreenOneTerm; crates/mvmc-expert-parsers/src/types.rs::GreenTwoExTerm	Implemented	unit test (no external reference)	issue350_complex_uhf::uhf_orbitals_feed_the_optimizer; issue350_complex_uhf::unconverged_run_exits_255_after_writing_files_like_c; issue350_complex_uhf::usage_and_missing_files_are_errors_not_crashes	PASS 3/3	cargo nextest run -p mvmc-cli --cargo-profile test-fast --test issue350_complex_uhf -E 'test(uhf_orbitals_feed_the_optimizer)'	#181	MVMCOptimizers.jl/test_unit/test_unit_physcal_factored_green.jl:18
S139	julia-scenario	testset	"@testset ""factored index resolution is 1-based"" begin"	crates/mvmc-expert-parsers/src/types.rs::GreenTwoExTerm	Implemented	unit test (no external reference)	issue350_complex_uhf::uhf_orbitals_feed_the_optimizer; issue350_complex_uhf::unconverged_run_exits_255_after_writing_files_like_c; issue350_complex_uhf::usage_and_missing_files_are_errors_not_crashes	PASS 3/3	cargo nextest run -p mvmc-cli --cargo-profile test-fast --test issue350_complex_uhf -E 'test(uhf_orbitals_feed_the_optimizer)'	#181	MVMCOptimizers.jl/test_unit/test_unit_physcal_factored_green.jl:43
S140	julia-scenario	testset	"@testset ""factored accumulation: w * local[idx0] * conj(local[idx1])"" begin"	crates/mvmc-core/src/state.rs::PhysicalQuantities	Implemented	unit test (no external reference)	issue178_support_matrix::signed_projection_physcal_with_cg_metadata_is_not_overrejected_by_cli; issue350_complex_uhf::uhf_orbitals_feed_the_optimizer; issue350_complex_uhf::unconverged_run_exits_255_after_writing_files_like_c	PASS 3/3	cargo nextest run -p mvmc-cli --cargo-profile test-fast --test issue178_support_matrix -E 'test(signed_projection_physcal_with_cg_metadata_is_not_overrejected_by_cli)'	#181	MVMCOptimizers.jl/test_unit/test_unit_physcal_factored_green.jl:55
S141	julia-scenario	testset	"@testset ""calculate_green_func! legacy no-acc path writes to state phys"" begin"	crates/mvmc-expert-parsers/src/types.rs::ExpertModeData; crates/mvmc-expert-parsers/src/types.rs::GreenOneTerm; crates/mvmc-expert-parsers/src/types.rs::GreenTwoExTerm; crates/mvmc-core/src/state.rs::VmcOptimizationState; crates/mvmc-core/src/run.rs::state_from_data; crates/mvmc-core/src/observables	Implemented	unit test (no external reference)	issue178_support_matrix::signed_projection_physcal_with_cg_metadata_is_not_overrejected_by_cli; issue350_complex_uhf::uhf_orbitals_feed_the_optimizer; issue350_complex_uhf::unconverged_run_exits_255_after_writing_files_like_c	PASS 3/3	cargo nextest run -p mvmc-cli --cargo-profile test-fast --test issue178_support_matrix -E 'test(signed_projection_physcal_with_cg_metadata_is_not_overrejected_by_cli)'	#181	MVMCOptimizers.jl/test_unit/test_unit_physcal_factored_green.jl:70
S142	julia-scenario	testset	"@testset ""calculate_green_func_fsz! uses FSZ spin dispatch and accumulator locals"" begin"	crates/mvmc-expert-parsers/src/types.rs::ExpertModeData; crates/mvmc-expert-parsers/src/types.rs::GreenOneTerm; crates/mvmc-expert-parsers/src/types.rs::GreenTwoTerm; crates/mvmc-expert-parsers/src/types.rs::GreenTwoExTerm; crates/mvmc-core/src/state.rs::VmcOptimizationState; crates/mvmc-core/src/ru	Implemented	unit test (no external reference)	issue178_support_matrix::signed_projection_physcal_with_cg_metadata_is_not_overrejected_by_cli; issue350_complex_uhf::uhf_orbitals_feed_the_optimizer; issue350_complex_uhf::unconverged_run_exits_255_after_writing_files_like_c	PASS 3/3	cargo nextest run -p mvmc-cli --cargo-profile test-fast --test issue178_support_matrix -E 'test(signed_projection_physcal_with_cg_metadata_is_not_overrejected_by_cli)'	#181	MVMCOptimizers.jl/test_unit/test_unit_physcal_factored_green.jl:106
S143	julia-scenario	testset	"@testset ""Lanczos QQQQ accumulation uses C flatten order"" begin"	crates/mvmc-core/src/state.rs::PhysicalQuantities; crates/mvmc-core/src/lanczos.rs::accumulate_lanczos_qqqq	Implemented	unit test (no external reference)	issue178_support_matrix::signed_projection_physcal_with_cg_metadata_is_not_overrejected_by_cli; issue350_complex_uhf::uhf_orbitals_feed_the_optimizer; issue350_complex_uhf::unconverged_run_exits_255_after_writing_files_like_c	PASS 3/3	cargo nextest run -p mvmc-cli --cargo-profile test-fast --test issue178_support_matrix -E 'test(signed_projection_physcal_with_cg_metadata_is_not_overrejected_by_cli)'	#181/#178	MVMCOptimizers.jl/test_unit/test_unit_physcal_factored_green.jl:161
S144	julia-scenario	testset	"@testset ""Lanczos mode2 QCAQ accumulation uses C flatten order"" begin"	crates/mvmc-expert-parsers/src/types.rs::ExpertModeData; crates/mvmc-expert-parsers/src/types.rs::GreenOneTerm; crates/mvmc-core/src/state.rs::VmcOptimizationState; crates/mvmc-core/src/run.rs::state_from_data	Implemented	unit test (no external reference)	issue178_support_matrix::signed_projection_physcal_with_cg_metadata_is_not_overrejected_by_cli; issue350_complex_uhf::uhf_orbitals_feed_the_optimizer; issue350_complex_uhf::unconverged_run_exits_255_after_writing_files_like_c	PASS 3/3	cargo nextest run -p mvmc-cli --cargo-profile test-fast --test issue178_support_matrix -E 'test(signed_projection_physcal_with_cg_metadata_is_not_overrejected_by_cli)'	#181/#178	MVMCOptimizers.jl/test_unit/test_unit_physcal_factored_green.jl:196
S145	julia-scenario	testset	"@testset ""output: canonical cisajs + factored ex, with output_dir and numbering"" begin"	crates/mvmc-expert-parsers/src/types.rs::ExpertModeData; crates/mvmc-core/src/state.rs::VmcOptimizationState; crates/mvmc-core/src/state.rs::PhysicalQuantities	Implemented	unit test (no external reference)	issue178_support_matrix::signed_projection_physcal_with_cg_metadata_is_not_overrejected_by_cli; issue350_complex_uhf::uhf_orbitals_feed_the_optimizer; issue350_complex_uhf::unconverged_run_exits_255_after_writing_files_like_c	PASS 3/3	cargo nextest run -p mvmc-cli --cargo-profile test-fast --test issue178_support_matrix -E 'test(signed_projection_physcal_with_cg_metadata_is_not_overrejected_by_cli)'	#181	MVMCOptimizers.jl/test_unit/test_unit_physcal_factored_green.jl:235
S146	julia-scenario	testset	"@testset ""output: Lanczos R1 writes ls_out and ls_qqqq"" begin"	crates/mvmc-expert-parsers/src/types.rs::ExpertModeData; crates/mvmc-core/src/state.rs::VmcOptimizationState; crates/mvmc-core/src/state.rs::PhysicalQuantities	Implemented	unit test (no external reference)	issue178_support_matrix::signed_projection_physcal_with_cg_metadata_is_not_overrejected_by_cli; issue350_complex_uhf::uhf_orbitals_feed_the_optimizer; issue350_complex_uhf::unconverged_run_exits_255_after_writing_files_like_c	PASS 3/3	cargo nextest run -p mvmc-cli --cargo-profile test-fast --test issue178_support_matrix -E 'test(signed_projection_physcal_with_cg_metadata_is_not_overrejected_by_cli)'	#181/#178	MVMCOptimizers.jl/test_unit/test_unit_physcal_factored_green.jl:268
S147	julia-scenario	testset	"@testset ""output: Lanczos mode2 writes LS Green files"" begin"	crates/mvmc-expert-parsers/src/types.rs::ExpertModeData; crates/mvmc-expert-parsers/src/types.rs::GreenTwoTerm; crates/mvmc-core/src/state.rs::VmcOptimizationState; crates/mvmc-core/src/state.rs::PhysicalQuantities	Implemented	unit test (no external reference)	issue178_support_matrix::signed_projection_physcal_with_cg_metadata_is_not_overrejected_by_cli; issue350_complex_uhf::uhf_orbitals_feed_the_optimizer; issue350_complex_uhf::unconverged_run_exits_255_after_writing_files_like_c	PASS 3/3	cargo nextest run -p mvmc-cli --cargo-profile test-fast --test issue178_support_matrix -E 'test(signed_projection_physcal_with_cg_metadata_is_not_overrejected_by_cli)'	#181/#178	MVMCOptimizers.jl/test_unit/test_unit_physcal_factored_green.jl:306
S148	julia-scenario	testset	"@testset ""output: Lanczos singular alpha writes NaN without aborting"" begin"	crates/mvmc-expert-parsers/src/types.rs::ExpertModeData; crates/mvmc-core/src/state.rs::VmcOptimizationState; crates/mvmc-core/src/state.rs::PhysicalQuantities	Implemented	unit test (no external reference)	issue178_support_matrix::signed_projection_physcal_with_cg_metadata_is_not_overrejected_by_cli; issue350_complex_uhf::uhf_orbitals_feed_the_optimizer; issue350_complex_uhf::unconverged_run_exits_255_after_writing_files_like_c	PASS 3/3	cargo nextest run -p mvmc-cli --cargo-profile test-fast --test issue178_support_matrix -E 'test(signed_projection_physcal_with_cg_metadata_is_not_overrejected_by_cli)'	#181/#178	MVMCOptimizers.jl/test_unit/test_unit_physcal_factored_green.jl:354
S149	julia-scenario	testset	"@testset ""PhysCal output file index uses NDataIdxStart"" begin"	crates/mvmc-expert-parsers/src/types.rs::ExpertModeData	Implemented	unit test (no external reference)	issue350_complex_uhf::uhf_orbitals_feed_the_optimizer; issue350_complex_uhf::unconverged_run_exits_255_after_writing_files_like_c; issue350_complex_uhf::usage_and_missing_files_are_errors_not_crashes	PASS 3/3	cargo nextest run -p mvmc-cli --cargo-profile test-fast --test issue350_complex_uhf -E 'test(uhf_orbitals_feed_the_optimizer)'	#181	MVMCOptimizers.jl/test_unit/test_unit_physcal_factored_green.jl:379
S150	julia-scenario	testset	"@testset ""output_data_phys!: out/var truncate-on-first-sample, Green files use NDataIdxStart"" begin"	crates/mvmc-expert-parsers/src/types.rs::ExpertModeData; crates/mvmc-core/src/state.rs::VmcOptimizationState; crates/mvmc-core/src/state.rs::PhysicalQuantities; crates/mvmc-core/src/io.rs::output_phys_data	Implemented	unit test (no external reference)	issue178_support_matrix::signed_projection_physcal_with_cg_metadata_is_not_overrejected_by_cli; issue350_complex_uhf::uhf_orbitals_feed_the_optimizer; issue350_complex_uhf::unconverged_run_exits_255_after_writing_files_like_c	PASS 3/3	cargo nextest run -p mvmc-cli --cargo-profile test-fast --test issue178_support_matrix -E 'test(signed_projection_physcal_with_cg_metadata_is_not_overrejected_by_cli)'	#181	MVMCOptimizers.jl/test_unit/test_unit_physcal_factored_green.jl:390
S151	julia-scenario	testset	"@testset ""no TwoBodyGEx preserves greenone order and duplicates in output"" begin"	crates/mvmc-expert-parsers/src/types.rs::ExpertModeData; crates/mvmc-expert-parsers/src/types.rs::GreenOneTerm; crates/mvmc-core/src/state.rs::VmcOptimizationState; crates/mvmc-core/src/run.rs::state_from_data	Implemented	unit test (no external reference)	issue178_support_matrix::signed_projection_physcal_with_cg_metadata_is_not_overrejected_by_cli; issue350_complex_uhf::uhf_orbitals_feed_the_optimizer; issue350_complex_uhf::unconverged_run_exits_255_after_writing_files_like_c	PASS 3/3	cargo nextest run -p mvmc-cli --cargo-profile test-fast --test issue178_support_matrix -E 'test(signed_projection_physcal_with_cg_metadata_is_not_overrejected_by_cli)'	#181	MVMCOptimizers.jl/test_unit/test_unit_physcal_factored_green.jl:428
S152	julia-scenario	testset	"@testset ""Lanczos mode2 rejects duplicate greenone entries without TwoBodyGEx"" begin"	crates/mvmc-expert-parsers/src/types.rs::ExpertModeData; crates/mvmc-expert-parsers/src/types.rs::GreenOneTerm; crates/mvmc-core/src/state.rs::VmcOptimizationState; crates/mvmc-core/src/run.rs::state_from_data	Rejected-with-C-reason	unit test (no external reference)	issue178_support_matrix::signed_projection_physcal_with_cg_metadata_is_not_overrejected_by_cli; issue350_complex_uhf::uhf_orbitals_feed_the_optimizer; issue350_complex_uhf::unconverged_run_exits_255_after_writing_files_like_c	PASS 3/3	cargo nextest run -p mvmc-cli --cargo-profile test-fast --test issue178_support_matrix -E 'test(signed_projection_physcal_with_cg_metadata_is_not_overrejected_by_cli)'	#181/#178	MVMCOptimizers.jl/test_unit/test_unit_physcal_factored_green.jl:459
S153	julia-scenario	testset	"@testset ""initialize_phys_quantities! wires the factored canonical list and pairs"" begin"	crates/mvmc-core/src/run.rs::state_from_data; crates/mvmc-expert-parsers/src/types.rs::ExpertModeData; crates/mvmc-expert-parsers/src/types.rs::GreenOneTerm; crates/mvmc-expert-parsers/src/types.rs::GreenTwoExTerm; crates/mvmc-core/src/state.rs::VmcOptimizationState	Implemented	unit test (no external reference)	issue178_support_matrix::signed_projection_physcal_with_cg_metadata_is_not_overrejected_by_cli; issue350_complex_uhf::uhf_orbitals_feed_the_optimizer; issue350_complex_uhf::unconverged_run_exits_255_after_writing_files_like_c	PASS 3/3	cargo nextest run -p mvmc-cli --cargo-profile test-fast --test issue178_support_matrix -E 'test(signed_projection_physcal_with_cg_metadata_is_not_overrejected_by_cli)'	#181	MVMCOptimizers.jl/test_unit/test_unit_physcal_factored_green.jl:481
S154	julia-scenario	testset	"@testset ""FSZ + factored validation hook accepts supported PhysCal path"" begin"	crates/mvmc-expert-parsers/src/types.rs::ExpertModeData; crates/mvmc-expert-parsers/src/types.rs::GreenTwoExTerm	Implemented	unit test (no external reference)	issue350_complex_uhf::uhf_orbitals_feed_the_optimizer; issue350_complex_uhf::unconverged_run_exits_255_after_writing_files_like_c; issue350_complex_uhf::usage_and_missing_files_are_errors_not_crashes	PASS 3/3	cargo nextest run -p mvmc-cli --cargo-profile test-fast --test issue350_complex_uhf -E 'test(uhf_orbitals_feed_the_optimizer)'	#181	MVMCOptimizers.jl/test_unit/test_unit_physcal_factored_green.jl:524
S155	julia-scenario	testset	"@testset ""read_opt_para_file!: golden load + consumed count"" begin"	crates/mvmc-core/src/initial_params.rs::read_opt_para_file	Implemented	unit test (no external reference)	issue350_complex_uhf::uhf_orbitals_feed_the_optimizer; issue350_complex_uhf::unconverged_run_exits_255_after_writing_files_like_c; issue350_complex_uhf::usage_and_missing_files_are_errors_not_crashes	PASS 3/3	cargo nextest run -p mvmc-cli --cargo-profile test-fast --test issue350_complex_uhf -E 'test(uhf_orbitals_feed_the_optimizer)'	#180/#181/#184	MVMCOptimizers.jl/test_unit/test_unit_read_opt_para.jl:70
S156	julia-scenario	testset	"@testset ""read_opt_para_file!: non-perturbing (idempotent) load"" begin"	crates/mvmc-core/src/initial_params.rs::read_opt_para_file	Implemented	unit test (no external reference)	issue350_complex_uhf::uhf_orbitals_feed_the_optimizer; issue350_complex_uhf::unconverged_run_exits_255_after_writing_files_like_c; issue350_complex_uhf::usage_and_missing_files_are_errors_not_crashes	PASS 3/3	cargo nextest run -p mvmc-cli --cargo-profile test-fast --test issue350_complex_uhf -E 'test(uhf_orbitals_feed_the_optimizer)'	#180/#181/#184	MVMCOptimizers.jl/test_unit/test_unit_read_opt_para.jl:87
S157	julia-scenario	testset	"@testset ""read_opt_para_file!: strict failures error with a clear message"" begin"	crates/mvmc-core/src/initial_params.rs::read_opt_para_file	Implemented	unit test (no external reference)	issue350_complex_uhf::uhf_orbitals_feed_the_optimizer; issue350_complex_uhf::unconverged_run_exits_255_after_writing_files_like_c; issue350_complex_uhf::usage_and_missing_files_are_errors_not_crashes	PASS 3/3	cargo nextest run -p mvmc-cli --cargo-profile test-fast --test issue350_complex_uhf -E 'test(uhf_orbitals_feed_the_optimizer)'	#180/#181/#184	MVMCOptimizers.jl/test_unit/test_unit_read_opt_para.jl:101
S158	julia-scenario	testset	"@testset ""read_opt_para_file!: DH projection block loads before Slater"" begin"	crates/mvmc-expert-parsers/src/types.rs::DoublonHolon2SiteIndex; crates/mvmc-core/src/initial_params.rs::read_opt_para_file	Implemented	unit test (no external reference)	issue350_complex_uhf::uhf_orbitals_feed_the_optimizer; issue350_complex_uhf::unconverged_run_exits_255_after_writing_files_like_c; issue350_complex_uhf::usage_and_missing_files_are_errors_not_crashes	PASS 3/3	cargo nextest run -p mvmc-cli --cargo-profile test-fast --test issue350_complex_uhf -E 'test(uhf_orbitals_feed_the_optimizer)'	#180/#181/#184	MVMCOptimizers.jl/test_unit/test_unit_read_opt_para.jl:149
S159	julia-scenario	testset	"@testset ""read_opt_para_file!: OptTrans tail loads when active"" begin"	crates/mvmc-core/src/initial_params.rs::read_opt_para_file	Implemented	unit test (no external reference)	issue350_complex_uhf::uhf_orbitals_feed_the_optimizer; issue350_complex_uhf::unconverged_run_exits_255_after_writing_files_like_c; issue350_complex_uhf::usage_and_missing_files_are_errors_not_crashes	PASS 3/3	cargo nextest run -p mvmc-cli --cargo-profile test-fast --test issue350_complex_uhf -E 'test(uhf_orbitals_feed_the_optimizer)'	#180/#181/#184	MVMCOptimizers.jl/test_unit/test_unit_read_opt_para.jl:174
S160	julia-scenario	testset	"@testset ""read_opt_para_file!: RBM block loads before Slater"" begin"	crates/mvmc-expert-parsers/src/types.rs::GeneralRBMPhysLayerTerm; crates/mvmc-expert-parsers/src/types.rs::GeneralRBMHiddenLayerTerm; crates/mvmc-expert-parsers/src/types.rs::GeneralRBMPhysHiddenTerm; crates/mvmc-core/src/initial_params.rs::read_opt_para_file	Implemented	unit test (no external reference)	issue350_complex_uhf::uhf_orbitals_feed_the_optimizer; issue350_complex_uhf::unconverged_run_exits_255_after_writing_files_like_c; issue350_complex_uhf::usage_and_missing_files_are_errors_not_crashes	PASS 3/3	cargo nextest run -p mvmc-cli --cargo-profile test-fast --test issue350_complex_uhf -E 'test(uhf_orbitals_feed_the_optimizer)'	#180/#181/#184	MVMCOptimizers.jl/test_unit/test_unit_read_opt_para.jl:190
S161	julia-scenario	testset	"@testset ""read_initial_def! still loads the same layout (delegation regression)"" begin"	crates/mvmc-core/src/initial_params.rs::read_initial_def	Implemented	unit test (no external reference)	issue350_complex_uhf::uhf_orbitals_feed_the_optimizer; issue350_complex_uhf::unconverged_run_exits_255_after_writing_files_like_c; issue350_complex_uhf::usage_and_missing_files_are_errors_not_crashes	PASS 3/3	cargo nextest run -p mvmc-cli --cargo-profile test-fast --test issue350_complex_uhf -E 'test(uhf_orbitals_feed_the_optimizer)'	#180/#181/#184	MVMCOptimizers.jl/test_unit/test_unit_read_opt_para.jl:240
S162	julia-scenario	testset	"@testset ""run_phys_cal_from_namelist: argument validation"" begin"	mvmc_core::prepare_phys_cal_from_namelist -> run.rs::prepare_phys_cal_from_namelist_with_seed_offset mode validation; tests/issue184_assertion_contracts.rs::physcal_invalid_mode_is_rejected_before_missing_input_access	Implemented	C fixture	issue174_physcal_dispatch::physcal_mode_one_with_fixed_file_matches_direct_library_call; issue174_physcal_dispatch::unsupported_calculation_modes_are_rejected_with_and_without_fixed_file; issue353_standard_mode::standard_mode_failure_prints_the_c_message_and_exits_255	PASS 3/3	cargo nextest run -p mvmc-cli --cargo-profile test-fast --test issue174_physcal_dispatch -E 'test(physcal_mode_one_with_fixed_file_matches_direct_library_call)'	#184; PhysCal argument implementation #174	MVMCOptimizers.jl/test_unit/test_unit_run_phys_cal_runner.jl:10
S163	julia-scenario	testset	"@testset ""unit/slater_update: build_orbital_idx_sgn_matrices"" begin"	crates/mvmc-expert-parsers/src/types.rs::ExpertModeData; crates/mvmc-expert-parsers/src/types.rs::ModParaParameters; crates/mvmc-expert-parsers/src/types.rs::OrbitalTerm; crates/mvmc-expert-parsers/src/types.rs::build_orbital_matrices	Implemented	unit test (no external reference)	issue350_complex_uhf::uhf_orbitals_feed_the_optimizer; issue350_complex_uhf::unconverged_run_exits_255_after_writing_files_like_c; issue350_complex_uhf::usage_and_missing_files_are_errors_not_crashes	PASS 3/3	cargo nextest run -p mvmc-cli --cargo-profile test-fast --test issue350_complex_uhf -E 'test(uhf_orbitals_feed_the_optimizer)'	#180/#179	MVMCOptimizers.jl/test_unit/test_unit_slater_update.jl:6
S164	julia-scenario	testset	"@testset ""unit/slater_update: build_orbital_idx_sgn_matrices uses data.orbital_sgn when provided"" begin"	crates/mvmc-expert-parsers/src/types.rs::ExpertModeData; crates/mvmc-expert-parsers/src/types.rs::ModParaParameters; crates/mvmc-expert-parsers/src/types.rs::OrbitalTerm; crates/mvmc-expert-parsers/src/types.rs::build_orbital_matrices	Implemented	unit test (no external reference)	issue350_complex_uhf::uhf_orbitals_feed_the_optimizer; issue350_complex_uhf::unconverged_run_exits_255_after_writing_files_like_c; issue350_complex_uhf::usage_and_missing_files_are_errors_not_crashes	PASS 3/3	cargo nextest run -p mvmc-cli --cargo-profile test-fast --test issue350_complex_uhf -E 'test(uhf_orbitals_feed_the_optimizer)'	#180/#179	MVMCOptimizers.jl/test_unit/test_unit_slater_update.jl:33
S165	julia-scenario	testset	"@testset ""unit/slater_update: build_qp_trans_matrices requires qp_trans mappings"" begin"	crates/mvmc-expert-parsers/src/types.rs::ExpertModeData; crates/mvmc-expert-parsers/src/types.rs::ModParaParameters; crates/mvmc-core/src/qp.rs::translated_site	Implemented	unit test (no external reference)	issue350_complex_uhf::uhf_orbitals_feed_the_optimizer; issue350_complex_uhf::unconverged_run_exits_255_after_writing_files_like_c; issue350_complex_uhf::usage_and_missing_files_are_errors_not_crashes	PASS 3/3	cargo nextest run -p mvmc-cli --cargo-profile test-fast --test issue350_complex_uhf -E 'test(uhf_orbitals_feed_the_optimizer)'	#180/#179	MVMCOptimizers.jl/test_unit/test_unit_slater_update.jl:47
S166	julia-scenario	testset	"@testset ""unit/slater_update: build_qp_trans_matrices opt fallback is identity"" begin"	crates/mvmc-expert-parsers/src/types.rs::ExpertModeData; crates/mvmc-expert-parsers/src/types.rs::ModParaParameters; crates/mvmc-core/src/qp.rs::translated_site	Implemented	unit test (no external reference)	issue350_complex_uhf::uhf_orbitals_feed_the_optimizer; issue350_complex_uhf::unconverged_run_exits_255_after_writing_files_like_c; issue350_complex_uhf::usage_and_missing_files_are_errors_not_crashes	PASS 3/3	cargo nextest run -p mvmc-cli --cargo-profile test-fast --test issue350_complex_uhf -E 'test(uhf_orbitals_feed_the_optimizer)'	#180/#179	MVMCOptimizers.jl/test_unit/test_unit_slater_update.jl:59
S167	julia-scenario	testset	"@testset ""unit/stochastic_opt: xdot uses C-source sequential accumulation"" begin"	crates/mvmc-core/src/sr_cg.rs::sequential_dot	Implemented	unit test (no external reference)	issue350_complex_uhf::uhf_orbitals_feed_the_optimizer; issue350_complex_uhf::unconverged_run_exits_255_after_writing_files_like_c; issue350_complex_uhf::usage_and_missing_files_are_errors_not_crashes	PASS 3/3	cargo nextest run -p mvmc-cli --cargo-profile test-fast --test issue350_complex_uhf -E 'test(uhf_orbitals_feed_the_optimizer)'	#180/#179/#178	MVMCOptimizers.jl/test_unit/test_unit_stochastic_opt.jl:22
S168	julia-scenario	testset	"@testset ""unit/stochastic_opt: operate_by_s applies sampled product before global correction"" begin"	crates/mvmc-core/src/sr_cg.rs::apply; crates/mvmc-expert-parsers/src/types.rs::ExpertModeData; crates/mvmc-expert-parsers/src/types.rs::GutzwillerTerm; crates/mvmc-expert-parsers/src/types.rs::JastrowTerm; crates/mvmc-expert-parsers/src/types.rs::ChargeRBMPhysLayerTerm; crates/mvmc-expert-parsers/sr	Implemented	unit test (no external reference)	issue350_complex_uhf::uhf_orbitals_feed_the_optimizer; issue350_complex_uhf::unconverged_run_exits_255_after_writing_files_like_c; issue350_complex_uhf::usage_and_missing_files_are_errors_not_crashes	PASS 3/3	cargo nextest run -p mvmc-cli --cargo-profile test-fast --test issue350_complex_uhf -E 'test(uhf_orbitals_feed_the_optimizer)'	#180/#179/#178	MVMCOptimizers.jl/test_unit/test_unit_stochastic_opt.jl:35
S169	julia-scenario	testset	"@testset ""unit/stochastic_opt: update_parameter_value DH write-back and shifted offsets"" begin"	crates/mvmc-expert-parsers/src/types.rs::DoublonHolon2SiteIndex; crates/mvmc-core/src/sr.rs::update_parameter_value	Implemented	unit test (no external reference)	issue350_complex_uhf::uhf_orbitals_feed_the_optimizer; issue350_complex_uhf::unconverged_run_exits_255_after_writing_files_like_c; issue350_complex_uhf::usage_and_missing_files_are_errors_not_crashes	PASS 3/3	cargo nextest run -p mvmc-cli --cargo-profile test-fast --test issue350_complex_uhf -E 'test(uhf_orbitals_feed_the_optimizer)'	#180/#179/#178	MVMCOptimizers.jl/test_unit/test_unit_stochastic_opt.jl:99
S170	julia-scenario	testset	"@testset ""unit/stochastic_opt: update_parameter_value DH4 write-back"" begin"	crates/mvmc-expert-parsers/src/types.rs::DoublonHolon4SiteIndex; crates/mvmc-core/src/sr.rs::update_parameter_value	Implemented	unit test (no external reference)	issue350_complex_uhf::uhf_orbitals_feed_the_optimizer; issue350_complex_uhf::unconverged_run_exits_255_after_writing_files_like_c; issue350_complex_uhf::usage_and_missing_files_are_errors_not_crashes	PASS 3/3	cargo nextest run -p mvmc-cli --cargo-profile test-fast --test issue350_complex_uhf -E 'test(uhf_orbitals_feed_the_optimizer)'	#180/#179/#178	MVMCOptimizers.jl/test_unit/test_unit_stochastic_opt.jl:134
S171	julia-scenario	testset	"@testset ""unit/stochastic_opt: SR enumeration writes DH without touching RBM or Slater"" begin"	crates/mvmc-expert-parsers/src/types.rs::ModParaParameters; crates/mvmc-expert-parsers/src/types.rs::DoublonHolon2SiteIndex; crates/mvmc-expert-parsers/src/types.rs::projection_layout; crates/mvmc-expert-parsers/src/types.rs::count_rbm_parameters; crates/mvmc-core/src/state.rs::VmcOptimizationState	Implemented	unit test (no external reference)	issue178_support_matrix::signed_projection_physcal_with_cg_metadata_is_not_overrejected_by_cli; issue350_complex_uhf::uhf_orbitals_feed_the_optimizer; issue350_complex_uhf::unconverged_run_exits_255_after_writing_files_like_c	PASS 3/3	cargo nextest run -p mvmc-cli --cargo-profile test-fast --test issue178_support_matrix -E 'test(signed_projection_physcal_with_cg_metadata_is_not_overrejected_by_cli)'	#180/#179/#178	MVMCOptimizers.jl/test_unit/test_unit_stochastic_opt.jl:169
S172	julia-scenario	testset	"@testset ""unit/stochastic_opt: SR enumeration writes OptTrans after Slater"" begin"	crates/mvmc-expert-parsers/src/types.rs::ExpertModeData; crates/mvmc-expert-parsers/src/types.rs::ModParaParameters; crates/mvmc-expert-parsers/src/types.rs::OrbitalTerm; crates/mvmc-expert-parsers/src/types.rs::QuantumProjectionWeights; crates/mvmc-expert-parsers/src/types.rs::projection_layout; cr	Implemented	unit test (no external reference)	issue178_support_matrix::signed_projection_physcal_with_cg_metadata_is_not_overrejected_by_cli; issue350_complex_uhf::uhf_orbitals_feed_the_optimizer; issue350_complex_uhf::unconverged_run_exits_255_after_writing_files_like_c	PASS 3/3	cargo nextest run -p mvmc-cli --cargo-profile test-fast --test issue178_support_matrix -E 'test(signed_projection_physcal_with_cg_metadata_is_not_overrejected_by_cli)'	#180/#179/#178	MVMCOptimizers.jl/test_unit/test_unit_stochastic_opt.jl:247
S173	julia-scenario	testset	"@testset ""unit/stochastic_opt: get_opt_flag_for_parameter"" begin"	crates/mvmc-expert-parsers/src/types.rs::ExpertModeData; crates/mvmc-core/src/sr.rs::component_is_optimized	Implemented	unit test (no external reference)	issue350_complex_uhf::uhf_orbitals_feed_the_optimizer; issue350_complex_uhf::unconverged_run_exits_255_after_writing_files_like_c; issue350_complex_uhf::usage_and_missing_files_are_errors_not_crashes	PASS 3/3	cargo nextest run -p mvmc-cli --cargo-profile test-fast --test issue350_complex_uhf -E 'test(uhf_orbitals_feed_the_optimizer)'	#180/#179/#178	MVMCOptimizers.jl/test_unit/test_unit_stochastic_opt.jl:313
S174	julia-scenario	testset	"@testset ""unit/stochastic_opt: real SR-CG reads real store and normalizes by Wc"" begin"	crates/mvmc-expert-parsers/src/types.rs::ExpertModeData; crates/mvmc-expert-parsers/src/types.rs::ModParaParameters; crates/mvmc-expert-parsers/src/types.rs::OrbitalTerm; crates/mvmc-core/src/state.rs::VmcOptimizationState; crates/mvmc-core/src/sr_cg.rs::stochastic_opt_cg	Implemented	unit test (no external reference)	issue178_support_matrix::signed_projection_physcal_with_cg_metadata_is_not_overrejected_by_cli; issue350_complex_uhf::uhf_orbitals_feed_the_optimizer; issue350_complex_uhf::unconverged_run_exits_255_after_writing_files_like_c	PASS 3/3	cargo nextest run -p mvmc-cli --cargo-profile test-fast --test issue178_support_matrix -E 'test(signed_projection_physcal_with_cg_metadata_is_not_overrejected_by_cli)'	#180/#179/#178	MVMCOptimizers.jl/test_unit/test_unit_stochastic_opt.jl:325
S175	julia-scenario	testset	"@testset ""unit/stochastic_opt: update_parameter_value Proj/RBM/Slater mapping"" begin"	crates/mvmc-core/src/sr.rs::update_parameter_value	Implemented	unit test (no external reference)	issue350_complex_uhf::uhf_orbitals_feed_the_optimizer; issue350_complex_uhf::unconverged_run_exits_255_after_writing_files_like_c; issue350_complex_uhf::usage_and_missing_files_are_errors_not_crashes	PASS 3/3	cargo nextest run -p mvmc-cli --cargo-profile test-fast --test issue350_complex_uhf -E 'test(uhf_orbitals_feed_the_optimizer)'	#180/#179/#178	MVMCOptimizers.jl/test_unit/test_unit_stochastic_opt.jl:374
S176	julia-scenario	testset	"@testset ""unit/stochastic_opt: build_s_matrix_and_g_vector!"" begin"	crates/mvmc-core/src/sr.rs::build_s_g_real; crates/mvmc-core/src/sr.rs::build_s_g_complex	Implemented	unit test (no external reference)	issue350_complex_uhf::uhf_orbitals_feed_the_optimizer; issue350_complex_uhf::unconverged_run_exits_255_after_writing_files_like_c; issue350_complex_uhf::usage_and_missing_files_are_errors_not_crashes	PASS 3/3	cargo nextest run -p mvmc-cli --cargo-profile test-fast --test issue350_complex_uhf -E 'test(uhf_orbitals_feed_the_optimizer)'	#180/#179/#178	MVMCOptimizers.jl/test_unit/test_unit_stochastic_opt.jl:417
S177	julia-scenario	testset	"@testset ""unit/threading: JULIA_MVMC_INNER_THREADS override"" begin"	crates/mvmc-core/src/threading.rs::inner_thread_config	Implemented	unit test (no external reference)	issue350_complex_uhf::uhf_orbitals_feed_the_optimizer; issue350_complex_uhf::unconverged_run_exits_255_after_writing_files_like_c; issue350_complex_uhf::usage_and_missing_files_are_errors_not_crashes	PASS 3/3	cargo nextest run -p mvmc-cli --cargo-profile test-fast --test issue350_complex_uhf -E 'test(uhf_orbitals_feed_the_optimizer)'	#182	MVMCOptimizers.jl/test_unit/test_unit_threading.jl:6
S178	julia-scenario	testset	"@testset ""unit/threading: JULIA_MVMC_PFAPACK_THREADS override"" begin"	crates/mvmc-core/src/threading.rs::inner_thread_config	Implemented	unit test (no external reference)	issue350_complex_uhf::uhf_orbitals_feed_the_optimizer; issue350_complex_uhf::unconverged_run_exits_255_after_writing_files_like_c; issue350_complex_uhf::usage_and_missing_files_are_errors_not_crashes	PASS 3/3	cargo nextest run -p mvmc-cli --cargo-profile test-fast --test issue350_complex_uhf -E 'test(uhf_orbitals_feed_the_optimizer)'	#182	MVMCOptimizers.jl/test_unit/test_unit_threading.jl:33
S179	julia-scenario	testset	"@testset ""unit/threading: inner copy helpers"" begin"	crates/mvmc-core/src/threading.rs::copy_real_to_complex; crates/mvmc-core/src/threading.rs::copy_complex_realpart	Implemented	unit test (no external reference)	issue350_complex_uhf::uhf_orbitals_feed_the_optimizer; issue350_complex_uhf::unconverged_run_exits_255_after_writing_files_like_c; issue350_complex_uhf::usage_and_missing_files_are_errors_not_crashes	PASS 3/3	cargo nextest run -p mvmc-cli --cargo-profile test-fast --test issue350_complex_uhf -E 'test(uhf_orbitals_feed_the_optimizer)'	#182	MVMCOptimizers.jl/test_unit/test_unit_threading.jl:63
S180	julia-scenario	testset	"@testset ""unit/threading: energy accumulator reduction"" begin"	crates/mvmc-core/src/state.rs::EnergyData	Implemented	unit test (no external reference)	issue178_support_matrix::signed_projection_physcal_with_cg_metadata_is_not_overrejected_by_cli; issue350_complex_uhf::uhf_orbitals_feed_the_optimizer; issue350_complex_uhf::unconverged_run_exits_255_after_writing_files_like_c	PASS 3/3	cargo nextest run -p mvmc-cli --cargo-profile test-fast --test issue178_support_matrix -E 'test(signed_projection_physcal_with_cg_metadata_is_not_overrejected_by_cli)'	#182	MVMCOptimizers.jl/test_unit/test_unit_threading.jl:91
S181	julia-scenario	testset	"@testset ""unit/threading: SR accumulator reduction"" begin"	crates/mvmc-core/tests/issue184_accumulator_lifecycle_contracts.rs::original_sr_operands_keep_sample_layout_and_reset_only_transient_buffers	Implemented	unit test (no external reference)	issue350_complex_uhf::uhf_orbitals_feed_the_optimizer; issue350_complex_uhf::unconverged_run_exits_255_after_writing_files_like_c; issue350_complex_uhf::usage_and_missing_files_are_errors_not_crashes	PASS 3/3	cargo nextest run -p mvmc-cli --cargo-profile test-fast --test issue350_complex_uhf -E 'test(uhf_orbitals_feed_the_optimizer)'	#184/#182; Banach source owner; Chandra bounded ledger	MVMCOptimizers.jl/test_unit/test_unit_threading.jl:120
S182	julia-scenario	testset	"@testset ""unit/threading: PhysCal accumulator reduction"" begin"	crates/mvmc-core/tests/issue184_accumulator_lifecycle_contracts.rs::original_factored_green_uses_sample_values_and_conjugates_second_factor	Implemented	unit test (no external reference)	issue350_complex_uhf::uhf_orbitals_feed_the_optimizer; issue350_complex_uhf::unconverged_run_exits_255_after_writing_files_like_c; issue350_complex_uhf::usage_and_missing_files_are_errors_not_crashes	PASS 3/3	cargo nextest run -p mvmc-cli --cargo-profile test-fast --test issue350_complex_uhf -E 'test(uhf_orbitals_feed_the_optimizer)'	#184/#182; Banach source owner; Chandra bounded ledger	MVMCOptimizers.jl/test_unit/test_unit_threading.jl:160
S183	julia-scenario	testset	"@testset ""unit/threading: counter and timer reductions"" begin"	crates/mvmc-core/src/c_timer.rs::CTimer::{start_at,stop_at,merge_elapsed}; crates/mvmc-core/tests/issue184_thread_timer_contracts.rs::original_two_local_timer_sums_are_25_and_20 (6-38); enabled_timer_rejects_original_upper_bound_id_before_publication (41-61)	Implemented	unit test (no external reference)	issue350_complex_uhf::uhf_orbitals_feed_the_optimizer; issue350_complex_uhf::unconverged_run_exits_255_after_writing_files_like_c; issue350_complex_uhf::usage_and_missing_files_are_errors_not_crashes	PASS 3/3	cargo nextest run -p mvmc-cli --cargo-profile test-fast --test issue350_complex_uhf -E 'test(uhf_orbitals_feed_the_optimizer)'	#184 Chandra ledger; Banach timer implementation; parent independent FULL source review and fresh execution	MVMCOptimizers.jl/test_unit/test_unit_threading.jl:217
S184	julia-scenario	testset	"@testset ""unit/threading: local accumulator construction and merge"" begin"	crates/mvmc-core/tests/issue184_accumulator_lifecycle_contracts.rs::original_aggregate_dimensions_reset_phys_and_preserve_workspace_in_both_modes	Implemented	unit test (no external reference)	issue350_complex_uhf::uhf_orbitals_feed_the_optimizer; issue350_complex_uhf::unconverged_run_exits_255_after_writing_files_like_c; issue350_complex_uhf::usage_and_missing_files_are_errors_not_crashes	PASS 3/3	cargo nextest run -p mvmc-cli --cargo-profile test-fast --test issue350_complex_uhf -E 'test(uhf_orbitals_feed_the_optimizer)'	#184/#182; Banach source owner; Chandra bounded ledger	MVMCOptimizers.jl/test_unit/test_unit_threading.jl:250
S185	julia-scenario	testset	"@testset ""unit/types: EnergyData defaults"" begin"	crates/mvmc-core/src/state.rs::EnergyData	Implemented	unit test (no external reference)	issue178_support_matrix::signed_projection_physcal_with_cg_metadata_is_not_overrejected_by_cli; issue350_complex_uhf::uhf_orbitals_feed_the_optimizer; issue350_complex_uhf::unconverged_run_exits_255_after_writing_files_like_c	PASS 3/3	cargo nextest run -p mvmc-cli --cargo-profile test-fast --test issue178_support_matrix -E 'test(signed_projection_physcal_with_cg_metadata_is_not_overrejected_by_cli)'	#184/#180/#181	MVMCOptimizers.jl/test_unit/test_unit_types.jl:4
S186	julia-scenario	testset	"@testset ""unit/types: SROptData allocation sizes"" begin"	crates/mvmc-core/src/state.rs::SROptData	Implemented	unit test (no external reference)	issue178_support_matrix::signed_projection_physcal_with_cg_metadata_is_not_overrejected_by_cli; issue350_complex_uhf::uhf_orbitals_feed_the_optimizer; issue350_complex_uhf::unconverged_run_exits_255_after_writing_files_like_c	PASS 3/3	cargo nextest run -p mvmc-cli --cargo-profile test-fast --test issue178_support_matrix -E 'test(signed_projection_physcal_with_cg_metadata_is_not_overrejected_by_cli)'	#184/#180/#181	MVMCOptimizers.jl/test_unit/test_unit_types.jl:13
S187	julia-scenario	testset	"@testset ""unit/types: ElectronConfiguration sizes (fsz vs non-fsz)"" begin"	crates/mvmc-core/src/state.rs::ElectronConfiguration	Implemented	unit test (no external reference)	issue178_support_matrix::signed_projection_physcal_with_cg_metadata_is_not_overrejected_by_cli; issue350_complex_uhf::uhf_orbitals_feed_the_optimizer; issue350_complex_uhf::unconverged_run_exits_255_after_writing_files_like_c	PASS 3/3	cargo nextest run -p mvmc-cli --cargo-profile test-fast --test issue178_support_matrix -E 'test(signed_projection_physcal_with_cg_metadata_is_not_overrejected_by_cli)'	#184/#180/#181	MVMCOptimizers.jl/test_unit/test_unit_types.jl:40
S188	julia-scenario	testset	"@testset ""unit/types: SlaterMatrixData size normalization"" begin"	crates/mvmc-core/src/state.rs::SlaterMatrixData	Implemented	unit test (no external reference)	issue178_support_matrix::signed_projection_physcal_with_cg_metadata_is_not_overrejected_by_cli; issue350_complex_uhf::uhf_orbitals_feed_the_optimizer; issue350_complex_uhf::unconverged_run_exits_255_after_writing_files_like_c	PASS 3/3	cargo nextest run -p mvmc-cli --cargo-profile test-fast --test issue178_support_matrix -E 'test(signed_projection_physcal_with_cg_metadata_is_not_overrejected_by_cli)'	#184/#180/#181	MVMCOptimizers.jl/test_unit/test_unit_types.jl:79
S189	julia-scenario	testset	"@testset ""unit/unsupported_inputs: NSplitSize contract"" begin"	crates/mvmc-core/src/validation.rs::validate_phys_cal	Rejected-with-C-reason	unit test (no external reference)	issue350_complex_uhf::uhf_orbitals_feed_the_optimizer; issue350_complex_uhf::unconverged_run_exits_255_after_writing_files_like_c; issue350_complex_uhf::usage_and_missing_files_are_errors_not_crashes	PASS 3/3	cargo nextest run -p mvmc-cli --cargo-profile test-fast --test issue350_complex_uhf -E 'test(uhf_orbitals_feed_the_optimizer)'	#178	MVMCOptimizers.jl/test_unit/test_unit_unsupported_inputs.jl:19
S190	julia-scenario	testset	"@testset ""NSplitSize = 1 is accepted"" begin"	crates/mvmc-expert-parsers/src/types.rs::ModParaParameters; crates/mvmc-core/src/validation.rs::validate_supported_modpara	Implemented	unit test (no external reference)	issue350_complex_uhf::uhf_orbitals_feed_the_optimizer; issue350_complex_uhf::unconverged_run_exits_255_after_writing_files_like_c; issue350_complex_uhf::usage_and_missing_files_are_errors_not_crashes	PASS 3/3	cargo nextest run -p mvmc-cli --cargo-profile test-fast --test issue350_complex_uhf -E 'test(uhf_orbitals_feed_the_optimizer)'	#178	MVMCOptimizers.jl/test_unit/test_unit_unsupported_inputs.jl:22
S191	julia-scenario	testset	"@testset ""NSplitSize > 1 is accepted for direct para-opt"" begin"	crates/mvmc-expert-parsers/src/types.rs::ModParaParameters; crates/mvmc-core/src/validation.rs::validate_supported_modpara; crates/mvmc-core/src/validation.rs::validate_para_opt; crates/mvmc-core/src/reducer.rs::SingleProcessReducer	Implemented	unit test (no external reference)	issue350_complex_uhf::uhf_orbitals_feed_the_optimizer; issue350_complex_uhf::unconverged_run_exits_255_after_writing_files_like_c; issue350_complex_uhf::usage_and_missing_files_are_errors_not_crashes	PASS 3/3	cargo nextest run -p mvmc-cli --cargo-profile test-fast --test issue350_complex_uhf -E 'test(uhf_orbitals_feed_the_optimizer)'	#178	MVMCOptimizers.jl/test_unit/test_unit_unsupported_inputs.jl:27
S192	julia-scenario	testset	"@testset ""NSplitSize > 1 with SR-CG is rejected for para-opt"" begin"	crates/mvmc-expert-parsers/src/types.rs::ModParaParameters; crates/mvmc-core/src/validation.rs::validate_supported_modpara; crates/mvmc-core/src/validation.rs::validate_para_opt	Rejected-with-C-reason	unit test (no external reference)	issue350_complex_uhf::uhf_orbitals_feed_the_optimizer; issue350_complex_uhf::unconverged_run_exits_255_after_writing_files_like_c; issue350_complex_uhf::usage_and_missing_files_are_errors_not_crashes	PASS 3/3	cargo nextest run -p mvmc-cli --cargo-profile test-fast --test issue350_complex_uhf -E 'test(uhf_orbitals_feed_the_optimizer)'	#178	MVMCOptimizers.jl/test_unit/test_unit_unsupported_inputs.jl:37
S193	julia-scenario	testset	"@testset ""NSplitSize > 1 is accepted for sz-conserved PhysCal normal Green"" begin"	crates/mvmc-expert-parsers/src/types.rs::ModParaParameters; crates/mvmc-core/src/validation.rs::validate_supported_modpara; crates/mvmc-expert-parsers/src/types.rs::ExpertModeData; crates/mvmc-core/src/validation.rs::validate_phys_cal	Implemented	unit test (no external reference)	issue350_complex_uhf::uhf_orbitals_feed_the_optimizer; issue350_complex_uhf::unconverged_run_exits_255_after_writing_files_like_c; issue350_complex_uhf::usage_and_missing_files_are_errors_not_crashes	PASS 3/3	cargo nextest run -p mvmc-cli --cargo-profile test-fast --test issue350_complex_uhf -E 'test(uhf_orbitals_feed_the_optimizer)'	#178	MVMCOptimizers.jl/test_unit/test_unit_unsupported_inputs.jl:48
S194	julia-scenario	testset	"@testset ""NSplitSize > 1 accepts standard-projection NQPFull > 1"" begin"	crates/mvmc-expert-parsers/src/types.rs::ExpertModeData; crates/mvmc-core/src/validation.rs::validate_para_opt	Implemented	unit test (no external reference)	issue350_complex_uhf::uhf_orbitals_feed_the_optimizer; issue350_complex_uhf::unconverged_run_exits_255_after_writing_files_like_c; issue350_complex_uhf::usage_and_missing_files_are_errors_not_crashes	PASS 3/3	cargo nextest run -p mvmc-cli --cargo-profile test-fast --test issue350_complex_uhf -E 'test(uhf_orbitals_feed_the_optimizer)'	#178	MVMCOptimizers.jl/test_unit/test_unit_unsupported_inputs.jl:60
S195	julia-scenario	testset	"@testset ""NSplitSize > 1 rejects OptTrans-derived NQPFull > 1"" begin"	crates/mvmc-expert-parsers/src/types.rs::ExpertModeData; crates/mvmc-core/src/validation.rs::validate_para_opt	Rejected-with-C-reason	unit test (no external reference)	issue350_complex_uhf::uhf_orbitals_feed_the_optimizer; issue350_complex_uhf::unconverged_run_exits_255_after_writing_files_like_c; issue350_complex_uhf::usage_and_missing_files_are_errors_not_crashes	PASS 3/3	cargo nextest run -p mvmc-cli --cargo-profile test-fast --test issue350_complex_uhf -E 'test(uhf_orbitals_feed_the_optimizer)'	#178	MVMCOptimizers.jl/test_unit/test_unit_unsupported_inputs.jl:89
S196	julia-scenario	testset	"@testset ""NSplitSize > 1 rejects OptTrans-derived PhysCal split"" begin"	crates/mvmc-expert-parsers/src/types.rs::ExpertModeData; crates/mvmc-core/src/validation.rs::validate_phys_cal	Rejected-with-C-reason	unit test (no external reference)	issue350_complex_uhf::uhf_orbitals_feed_the_optimizer; issue350_complex_uhf::unconverged_run_exits_255_after_writing_files_like_c; issue350_complex_uhf::usage_and_missing_files_are_errors_not_crashes	PASS 3/3	cargo nextest run -p mvmc-cli --cargo-profile test-fast --test issue350_complex_uhf -E 'test(uhf_orbitals_feed_the_optimizer)'	#178	MVMCOptimizers.jl/test_unit/test_unit_unsupported_inputs.jl:106
S197	julia-scenario	testset	"@testset ""NSplitSize > 1 rejects unsupported PhysCal split scopes"" begin"	crates/mvmc-expert-parsers/src/types.rs::ExpertModeData; crates/mvmc-expert-parsers/src/types.rs::GreenTwoExTerm; crates/mvmc-core/src/validation.rs::validate_phys_cal	Rejected-with-C-reason	unit test (no external reference)	issue350_complex_uhf::uhf_orbitals_feed_the_optimizer; issue350_complex_uhf::unconverged_run_exits_255_after_writing_files_like_c; issue350_complex_uhf::usage_and_missing_files_are_errors_not_crashes	PASS 3/3	cargo nextest run -p mvmc-cli --cargo-profile test-fast --test issue350_complex_uhf -E 'test(uhf_orbitals_feed_the_optimizer)'	#178	MVMCOptimizers.jl/test_unit/test_unit_unsupported_inputs.jl:133
S198	julia-scenario	testset	"@testset ""NSplitSize > 1 rejects FSZ standard-projection NQPFull > 1"" begin"	crates/mvmc-expert-parsers/src/types.rs::ExpertModeData; crates/mvmc-core/src/validation.rs::validate_para_opt	Rejected-with-C-reason	unit test (no external reference)	issue350_complex_uhf::uhf_orbitals_feed_the_optimizer; issue350_complex_uhf::unconverged_run_exits_255_after_writing_files_like_c; issue350_complex_uhf::usage_and_missing_files_are_errors_not_crashes	PASS 3/3	cargo nextest run -p mvmc-cli --cargo-profile test-fast --test issue350_complex_uhf -E 'test(uhf_orbitals_feed_the_optimizer)'	#178	MVMCOptimizers.jl/test_unit/test_unit_unsupported_inputs.jl:159
S199	julia-scenario	testset	"@testset ""NSplitSize <= 0 is rejected as an invalid value"" begin"	crates/mvmc-expert-parsers/src/types.rs::ModParaParameters; crates/mvmc-core/src/validation.rs::validate_supported_modpara	Rejected-with-C-reason	unit test (no external reference)	issue350_complex_uhf::uhf_orbitals_feed_the_optimizer; issue350_complex_uhf::unconverged_run_exits_255_after_writing_files_like_c; issue350_complex_uhf::usage_and_missing_files_are_errors_not_crashes	PASS 3/3	cargo nextest run -p mvmc-cli --cargo-profile test-fast --test issue350_complex_uhf -E 'test(uhf_orbitals_feed_the_optimizer)'	#178	MVMCOptimizers.jl/test_unit/test_unit_unsupported_inputs.jl:184
S200	julia-scenario	testset	"@testset ""entry points enforce the contract"" begin"	crates/mvmc-expert-parsers/src/types.rs::ExpertModeData; crates/mvmc-core/src/run.rs::vmc_para_opt; crates/mvmc-core/src/run.rs::vmc_phys_cal; crates/mvmc-core/src/run.rs::vmc_phys_cal_in_place (single borrowed production core; retains state/RNG on Err)	Implemented	unit test (no external reference)	issue178_support_matrix::signed_projection_physcal_with_cg_metadata_is_not_overrejected_by_cli; issue350_complex_uhf::uhf_orbitals_feed_the_optimizer; issue350_complex_uhf::unconverged_run_exits_255_after_writing_files_like_c	PASS 3/3	cargo nextest run -p mvmc-cli --cargo-profile test-fast --test issue178_support_matrix -E 'test(signed_projection_physcal_with_cg_metadata_is_not_overrejected_by_cli)'	#178	MVMCOptimizers.jl/test_unit/test_unit_unsupported_inputs.jl:201
S201	julia-scenario	testset	"@testset ""unit/unsupported_inputs: SR-CG option contract"" begin"	crates/mvmc-core/src/validation.rs::validate_phys_cal	Rejected-with-C-reason	unit test (no external reference)	issue350_complex_uhf::uhf_orbitals_feed_the_optimizer; issue350_complex_uhf::unconverged_run_exits_255_after_writing_files_like_c; issue350_complex_uhf::usage_and_missing_files_are_errors_not_crashes	PASS 3/3	cargo nextest run -p mvmc-cli --cargo-profile test-fast --test issue350_complex_uhf -E 'test(uhf_orbitals_feed_the_optimizer)'	#178	MVMCOptimizers.jl/test_unit/test_unit_unsupported_inputs.jl:219
S202	julia-scenario	testset	"@testset ""standard direct and CG solvers are accepted"" begin"	crates/mvmc-core/src/validation.rs::validate_supported_modpara; crates/mvmc-expert-parsers/src/types.rs::ModParaParameters	Implemented	unit test (no external reference)	issue350_complex_uhf::uhf_orbitals_feed_the_optimizer; issue350_complex_uhf::unconverged_run_exits_255_after_writing_files_like_c; issue350_complex_uhf::usage_and_missing_files_are_errors_not_crashes	PASS 3/3	cargo nextest run -p mvmc-cli --cargo-profile test-fast --test issue350_complex_uhf -E 'test(uhf_orbitals_feed_the_optimizer)'	#178	MVMCOptimizers.jl/test_unit/test_unit_unsupported_inputs.jl:220
S203	julia-scenario	testset	"@testset ""NSRCG >= 2 is rejected with a clear message"" begin"	crates/mvmc-expert-parsers/src/types.rs::ModParaParameters; crates/mvmc-core/src/validation.rs::validate_supported_modpara	Rejected-with-C-reason	unit test (no external reference)	issue350_complex_uhf::uhf_orbitals_feed_the_optimizer; issue350_complex_uhf::unconverged_run_exits_255_after_writing_files_like_c; issue350_complex_uhf::usage_and_missing_files_are_errors_not_crashes	PASS 3/3	cargo nextest run -p mvmc-cli --cargo-profile test-fast --test issue350_complex_uhf -E 'test(uhf_orbitals_feed_the_optimizer)'	#178	MVMCOptimizers.jl/test_unit/test_unit_unsupported_inputs.jl:229
S204	julia-scenario	testset	"@testset ""unported CG submodes are rejected with clear messages"" begin"	crates/mvmc-expert-parsers/src/types.rs::ModParaParameters; crates/mvmc-core/src/validation.rs::validate_supported_modpara	Rejected-with-C-reason	unit test (no external reference)	issue350_complex_uhf::uhf_orbitals_feed_the_optimizer; issue350_complex_uhf::unconverged_run_exits_255_after_writing_files_like_c; issue350_complex_uhf::usage_and_missing_files_are_errors_not_crashes	PASS 3/3	cargo nextest run -p mvmc-cli --cargo-profile test-fast --test issue350_complex_uhf -E 'test(uhf_orbitals_feed_the_optimizer)'	#178	MVMCOptimizers.jl/test_unit/test_unit_unsupported_inputs.jl:239
S205	julia-scenario	testset	"@testset ""entry points enforce the CG option contract"" begin"	crates/mvmc-expert-parsers/src/types.rs::ExpertModeData; crates/mvmc-core/src/run.rs::vmc_para_opt	Implemented	unit test (no external reference)	issue350_complex_uhf::uhf_orbitals_feed_the_optimizer; issue350_complex_uhf::unconverged_run_exits_255_after_writing_files_like_c; issue350_complex_uhf::usage_and_missing_files_are_errors_not_crashes	PASS 3/3	cargo nextest run -p mvmc-cli --cargo-profile test-fast --test issue350_complex_uhf -E 'test(uhf_orbitals_feed_the_optimizer)'	#178	MVMCOptimizers.jl/test_unit/test_unit_unsupported_inputs.jl:253
S206	julia-scenario	testset	"@testset ""unit/unsupported_inputs: DoublonHolon complex flag participates in all-complex"" begin"	crates/mvmc-expert-parsers/src/types.rs::ExpertModeData; crates/mvmc-core/src/run.rs::get_all_complex_flag	Rejected-with-C-reason	unit test (no external reference)	issue350_complex_uhf::uhf_orbitals_feed_the_optimizer; issue350_complex_uhf::unconverged_run_exits_255_after_writing_files_like_c; issue350_complex_uhf::usage_and_missing_files_are_errors_not_crashes	PASS 3/3	cargo nextest run -p mvmc-cli --cargo-profile test-fast --test issue350_complex_uhf -E 'test(uhf_orbitals_feed_the_optimizer)'	#178	MVMCOptimizers.jl/test_unit/test_unit_unsupported_inputs.jl:262
S207	julia-scenario	testset	"@testset ""unit/unsupported_inputs: NLanczosMode contract"" begin"	crates/mvmc-core/src/validation.rs::validate_phys_cal	Rejected-with-C-reason	unit test (no external reference)	issue350_complex_uhf::uhf_orbitals_feed_the_optimizer; issue350_complex_uhf::unconverged_run_exits_255_after_writing_files_like_c; issue350_complex_uhf::usage_and_missing_files_are_errors_not_crashes	PASS 3/3	cargo nextest run -p mvmc-cli --cargo-profile test-fast --test issue350_complex_uhf -E 'test(uhf_orbitals_feed_the_optimizer)'	#178	MVMCOptimizers.jl/test_unit/test_unit_unsupported_inputs.jl:268
S208	julia-scenario	testset	"@testset ""NLanczosMode = 0/1/2 are globally valid values"" begin"	crates/mvmc-expert-parsers/src/types.rs::ModParaParameters; crates/mvmc-core/src/validation.rs::validate_supported_modpara	Implemented	unit test (no external reference)	issue350_complex_uhf::uhf_orbitals_feed_the_optimizer; issue350_complex_uhf::unconverged_run_exits_255_after_writing_files_like_c; issue350_complex_uhf::usage_and_missing_files_are_errors_not_crashes	PASS 3/3	cargo nextest run -p mvmc-cli --cargo-profile test-fast --test issue350_complex_uhf -E 'test(uhf_orbitals_feed_the_optimizer)'	#178	MVMCOptimizers.jl/test_unit/test_unit_unsupported_inputs.jl:269
S209	julia-scenario	testset	"@testset ""unknown NLanczosMode values are rejected globally"" begin"	crates/mvmc-expert-parsers/src/types.rs::ModParaParameters; crates/mvmc-core/src/validation.rs::validate_supported_modpara	Rejected-with-C-reason	unit test (no external reference)	issue350_complex_uhf::uhf_orbitals_feed_the_optimizer; issue350_complex_uhf::unconverged_run_exits_255_after_writing_files_like_c; issue350_complex_uhf::usage_and_missing_files_are_errors_not_crashes	PASS 3/3	cargo nextest run -p mvmc-cli --cargo-profile test-fast --test issue350_complex_uhf -E 'test(uhf_orbitals_feed_the_optimizer)'	#178	MVMCOptimizers.jl/test_unit/test_unit_unsupported_inputs.jl:276
S210	julia-scenario	testset	"@testset ""NLanczosMode = 1/2 are accepted for sz-conserved PhysCal"" begin"	crates/mvmc-expert-parsers/src/types.rs::ModParaParameters; crates/mvmc-core/src/validation.rs::validate_supported_modpara; crates/mvmc-expert-parsers/src/types.rs::ExpertModeData; crates/mvmc-core/src/validation.rs::validate_phys_cal	Implemented	unit test (no external reference)	issue350_complex_uhf::uhf_orbitals_feed_the_optimizer; issue350_complex_uhf::unconverged_run_exits_255_after_writing_files_like_c; issue350_complex_uhf::usage_and_missing_files_are_errors_not_crashes	PASS 3/3	cargo nextest run -p mvmc-cli --cargo-profile test-fast --test issue350_complex_uhf -E 'test(uhf_orbitals_feed_the_optimizer)'	#178	MVMCOptimizers.jl/test_unit/test_unit_unsupported_inputs.jl:287
S211	julia-scenario	testset	"@testset ""NLanczosMode > 0 is rejected for ParaOpt"" begin"	crates/mvmc-expert-parsers/src/types.rs::ModParaParameters; crates/mvmc-core/src/validation.rs::validate_para_opt	Rejected-with-C-reason	unit test (no external reference)	issue350_complex_uhf::uhf_orbitals_feed_the_optimizer; issue350_complex_uhf::unconverged_run_exits_255_after_writing_files_like_c; issue350_complex_uhf::usage_and_missing_files_are_errors_not_crashes	PASS 3/3	cargo nextest run -p mvmc-cli --cargo-profile test-fast --test issue350_complex_uhf -E 'test(uhf_orbitals_feed_the_optimizer)'	#178	MVMCOptimizers.jl/test_unit/test_unit_unsupported_inputs.jl:298
S212	julia-scenario	testset	"@testset ""FSZ/general-orbital Lanczos is rejected for PhysCal"" begin"	mvmc_core::validation::validate_phys_cal; issue184_assertion_contracts::fsz_lanczos_validation_rejects_both_original_julia_mode_expansions	Implemented	Julia fixture	core::production_real_scaling_preserves_reciprocal_then_multiply_order; core::stale_loaded_declaration_is_an_error_in_validation_and_state_construction; issue184_assertion_contracts::fsz_lanczos_validation_rejects_both_original_julia_mode_expansions	PASS 3/3	cargo nextest run -p mvmc-core --cargo-profile test-fast -E 'test(production_real_scaling_preserves_reciprocal_then_multiply_order)'	#184	MVMCOptimizers.jl/test_unit/test_unit_unsupported_inputs.jl:310
S213	julia-scenario	testset	"@testset ""spin-changing Lanczos rejects use mode-independent wording"" begin"	mvmc_core::validation::validate_phys_cal; issue184_assertion_contracts::spin_flip_transfer_lanczos_rejection_has_mode_independent_wording	Implemented	Julia fixture	core::production_real_scaling_preserves_reciprocal_then_multiply_order; core::stale_loaded_declaration_is_an_error_in_validation_and_state_construction; issue184_assertion_contracts::fsz_lanczos_validation_rejects_both_original_julia_mode_expansions	PASS 3/3	cargo nextest run -p mvmc-core --cargo-profile test-fast -E 'test(production_real_scaling_preserves_reciprocal_then_multiply_order)'	#184	MVMCOptimizers.jl/test_unit/test_unit_unsupported_inputs.jl:324
S214	julia-scenario	testset	"@testset ""entry points enforce the Lanczos contract"" begin"	crates/mvmc-expert-parsers/src/types.rs::ExpertModeData; crates/mvmc-core/src/run.rs::vmc_para_opt; crates/mvmc-core/src/run.rs::vmc_phys_cal; crates/mvmc-core/src/run.rs::vmc_phys_cal_in_place (single borrowed production core; retains state/RNG on Err)	Implemented	unit test (no external reference)	issue178_support_matrix::signed_projection_physcal_with_cg_metadata_is_not_overrejected_by_cli; issue350_complex_uhf::uhf_orbitals_feed_the_optimizer; issue350_complex_uhf::unconverged_run_exits_255_after_writing_files_like_c	PASS 3/3	cargo nextest run -p mvmc-cli --cargo-profile test-fast --test issue178_support_matrix -E 'test(signed_projection_physcal_with_cg_metadata_is_not_overrejected_by_cli)'	#178	MVMCOptimizers.jl/test_unit/test_unit_unsupported_inputs.jl:346
S215	julia-scenario	testset	"@testset ""unit/vmc_main_cal: set_projection_diff!"" begin"	crates/mvmc-core/src/observables.rs::set_projection_diff	Implemented	unit test (no external reference)	issue350_complex_uhf::uhf_orbitals_feed_the_optimizer; issue350_complex_uhf::unconverged_run_exits_255_after_writing_files_like_c; issue350_complex_uhf::usage_and_missing_files_are_errors_not_crashes	PASS 3/3	cargo nextest run -p mvmc-cli --cargo-profile test-fast --test issue350_complex_uhf -E 'test(uhf_orbitals_feed_the_optimizer)'	#181	MVMCOptimizers.jl/test_unit/test_unit_vmc_main_cal_sr.jl:18
S216	julia-scenario	testset	"@testset ""unit/vmc_main_cal: set_rbm_diff!"" begin"	crates/mvmc-core/src/observables.rs::accumulate_two_body_gex_sample	Implemented	unit test (no external reference)	issue350_complex_uhf::uhf_orbitals_feed_the_optimizer; issue350_complex_uhf::unconverged_run_exits_255_after_writing_files_like_c; issue350_complex_uhf::usage_and_missing_files_are_errors_not_crashes	PASS 3/3	cargo nextest run -p mvmc-cli --cargo-profile test-fast --test issue350_complex_uhf -E 'test(uhf_orbitals_feed_the_optimizer)'	#181	MVMCOptimizers.jl/test_unit/test_unit_vmc_main_cal_sr.jl:33
S217	julia-scenario	testset	"@testset ""physical layer only"" begin"	crates/mvmc-expert-parsers/src/types.rs::ChargeRBMPhysLayerTerm; crates/mvmc-core/src/sampling/rbm.rs::set_rbm_diff	Implemented	unit test (no external reference)	issue350_complex_uhf::uhf_orbitals_feed_the_optimizer; issue350_complex_uhf::unconverged_run_exits_255_after_writing_files_like_c; issue350_complex_uhf::usage_and_missing_files_are_errors_not_crashes	PASS 3/3	cargo nextest run -p mvmc-cli --cargo-profile test-fast --test issue350_complex_uhf -E 'test(uhf_orbitals_feed_the_optimizer)'	#181	MVMCOptimizers.jl/test_unit/test_unit_vmc_main_cal_sr.jl:34
S218	julia-scenario	testset	"@testset ""physical + hidden + phys-hidden (charge)"" begin"	crates/mvmc-expert-parsers/src/types.rs::ChargeRBMPhysLayerTerm; crates/mvmc-expert-parsers/src/types.rs::ChargeRBMHiddenLayerTerm; crates/mvmc-expert-parsers/src/types.rs::ChargeRBMPhysHiddenTerm; crates/mvmc-core/src/sampling/rbm.rs::set_rbm_diff	Implemented	unit test (no external reference)	issue350_complex_uhf::uhf_orbitals_feed_the_optimizer; issue350_complex_uhf::unconverged_run_exits_255_after_writing_files_like_c; issue350_complex_uhf::usage_and_missing_files_are_errors_not_crashes	PASS 3/3	cargo nextest run -p mvmc-cli --cargo-profile test-fast --test issue350_complex_uhf -E 'test(uhf_orbitals_feed_the_optimizer)'	#181	MVMCOptimizers.jl/test_unit/test_unit_vmc_main_cal_sr.jl:48
S219	julia-scenario	testset	"@testset ""unit/vmc_main_cal: opt_trans_diff!"" begin"	crates/mvmc-expert-parsers/src/types.rs::ExpertModeData; crates/mvmc-expert-parsers/src/types.rs::ModParaParameters; crates/mvmc-expert-parsers/src/types.rs::QuantumProjectionWeights; crates/mvmc-core/src/state.rs::VmcOptimizationState; crates/mvmc-core/src/observables.rs::opt_trans_diff	Implemented	unit test (no external reference)	issue178_support_matrix::signed_projection_physcal_with_cg_metadata_is_not_overrejected_by_cli; issue350_complex_uhf::uhf_orbitals_feed_the_optimizer; issue350_complex_uhf::unconverged_run_exits_255_after_writing_files_like_c	PASS 3/3	cargo nextest run -p mvmc-cli --cargo-profile test-fast --test issue178_support_matrix -E 'test(signed_projection_physcal_with_cg_metadata_is_not_overrejected_by_cli)'	#181	MVMCOptimizers.jl/test_unit/test_unit_vmc_main_cal_sr.jl:81
S220	julia-scenario	testset	"@testset ""unit/vmc_main_cal: green_func1_real! scratch path"" begin"	crates/mvmc-expert-parsers/src/types.rs::ExpertModeData; crates/mvmc-expert-parsers/src/types.rs::ModParaParameters; crates/mvmc-expert-parsers/src/types.rs::QuantumProjectionWeights; crates/mvmc-core/src/state.rs::VmcOptimizationState; crates/mvmc-core/src/observables.rs::calculate_ip_real; crates/	Implemented	unit test (no external reference)	issue178_support_matrix::signed_projection_physcal_with_cg_metadata_is_not_overrejected_by_cli; issue350_complex_uhf::uhf_orbitals_feed_the_optimizer; issue350_complex_uhf::unconverged_run_exits_255_after_writing_files_like_c	PASS 3/3	cargo nextest run -p mvmc-cli --cargo-profile test-fast --test issue178_support_matrix -E 'test(signed_projection_physcal_with_cg_metadata_is_not_overrejected_by_cli)'	#181	MVMCOptimizers.jl/test_unit/test_unit_vmc_main_cal_sr.jl:117
S221	julia-scenario	testset	"@testset ""unit/vmc_main_cal: CalHamiltonian1 real fast path"" begin"	crates/mvmc-expert-parsers/src/types.rs::ExpertModeData; crates/mvmc-expert-parsers/src/types.rs::ModParaParameters; crates/mvmc-expert-parsers/src/types.rs::QuantumProjectionWeights; crates/mvmc-expert-parsers/src/types.rs::TransferTerm; crates/mvmc-core/src/state.rs::VmcOptimizationState; crates/m	Implemented	unit test (no external reference)	issue178_support_matrix::signed_projection_physcal_with_cg_metadata_is_not_overrejected_by_cli; issue350_complex_uhf::uhf_orbitals_feed_the_optimizer; issue350_complex_uhf::unconverged_run_exits_255_after_writing_files_like_c	PASS 3/3	cargo nextest run -p mvmc-cli --cargo-profile test-fast --test issue178_support_matrix -E 'test(signed_projection_physcal_with_cg_metadata_is_not_overrejected_by_cli)'	#181	MVMCOptimizers.jl/test_unit/test_unit_vmc_main_cal_sr.jl:209
S222	julia-scenario	testset	"@testset ""unit/vmc_main_cal: slater_elm_diff_fcmp! scratch path"" begin"	crates/mvmc-expert-parsers/src/types.rs::ExpertModeData; crates/mvmc-expert-parsers/src/types.rs::ModParaParameters; crates/mvmc-expert-parsers/src/types.rs::QuantumProjectionWeights; crates/mvmc-core/src/state.rs::VmcOptimizationState; crates/mvmc-core/src/observables.rs::slater_elm_diff	Implemented	unit test (no external reference)	issue178_support_matrix::signed_projection_physcal_with_cg_metadata_is_not_overrejected_by_cli; issue350_complex_uhf::uhf_orbitals_feed_the_optimizer; issue350_complex_uhf::unconverged_run_exits_255_after_writing_files_like_c	PASS 3/3	cargo nextest run -p mvmc-cli --cargo-profile test-fast --test issue178_support_matrix -E 'test(signed_projection_physcal_with_cg_metadata_is_not_overrejected_by_cli)'	#181	MVMCOptimizers.jl/test_unit/test_unit_vmc_main_cal_sr.jl:362
S223	julia-scenario	testset	"@testset ""unit/vmc_main_cal: projection ratio noalloc helper"" begin"	crates/mvmc-expert-parsers/src/types.rs::GutzwillerTerm; crates/mvmc-expert-parsers/src/types.rs::JastrowTerm; crates/mvmc-expert-parsers/src/types.rs::projection_layout; crates/mvmc-core/src/sampling/projection.rs::log_proj_ratio	Implemented	unit test (no external reference)	issue350_complex_uhf::uhf_orbitals_feed_the_optimizer; issue350_complex_uhf::unconverged_run_exits_255_after_writing_files_like_c; issue350_complex_uhf::usage_and_missing_files_are_errors_not_crashes	PASS 3/3	cargo nextest run -p mvmc-cli --cargo-profile test-fast --test issue350_complex_uhf -E 'test(uhf_orbitals_feed_the_optimizer)'	#181	MVMCOptimizers.jl/test_unit/test_unit_vmc_main_cal_sr.jl:452
S224	julia-scenario	testset	"@testset ""unit/vmc_main_cal: calculate_oo!"" begin"	crates/mvmc-core/src/observables.rs::calculate_oo	Implemented	unit test (no external reference)	issue350_complex_uhf::uhf_orbitals_feed_the_optimizer; issue350_complex_uhf::unconverged_run_exits_255_after_writing_files_like_c; issue350_complex_uhf::usage_and_missing_files_are_errors_not_crashes	PASS 3/3	cargo nextest run -p mvmc-cli --cargo-profile test-fast --test issue350_complex_uhf -E 'test(uhf_orbitals_feed_the_optimizer)'	#181	MVMCOptimizers.jl/test_unit/test_unit_vmc_main_cal_sr.jl:479
S225	julia-scenario	testset	"@testset ""unit/vmc_main_cal: calculate_oo_real!"" begin"	crates/mvmc-core/src/observables.rs::calculate_oo_real	Implemented	unit test (no external reference)	issue350_complex_uhf::uhf_orbitals_feed_the_optimizer; issue350_complex_uhf::unconverged_run_exits_255_after_writing_files_like_c; issue350_complex_uhf::usage_and_missing_files_are_errors_not_crashes	PASS 3/3	cargo nextest run -p mvmc-cli --cargo-profile test-fast --test issue350_complex_uhf -E 'test(uhf_orbitals_feed_the_optimizer)'	#181	MVMCOptimizers.jl/test_unit/test_unit_vmc_main_cal_sr.jl:521
S226	julia-scenario	testset	"@testset ""unit/vmc_main_cal: finalize_oo_store_real! BLAS path"" begin"	crates/mvmc-core/src/observables.rs::finalize_oo_store_real	Implemented	unit test (no external reference)	issue350_complex_uhf::uhf_orbitals_feed_the_optimizer; issue350_complex_uhf::unconverged_run_exits_255_after_writing_files_like_c; issue350_complex_uhf::usage_and_missing_files_are_errors_not_crashes	PASS 3/3	cargo nextest run -p mvmc-cli --cargo-profile test-fast --test issue350_complex_uhf -E 'test(uhf_orbitals_feed_the_optimizer)'	#181	MVMCOptimizers.jl/test_unit/test_unit_vmc_main_cal_sr.jl:542
S227	julia-scenario	testset	"@testset ""unit/vmc_main_cal: store finalizers honor sample_start"" begin"	crates/mvmc-core/src/observables.rs::finalize_oo_store; crates/mvmc-core/src/observables.rs::finalize_oo_store_real	Implemented	unit test (no external reference)	issue350_complex_uhf::uhf_orbitals_feed_the_optimizer; issue350_complex_uhf::unconverged_run_exits_255_after_writing_files_like_c; issue350_complex_uhf::usage_and_missing_files_are_errors_not_crashes	PASS 3/3	cargo nextest run -p mvmc-cli --cargo-profile test-fast --test issue350_complex_uhf -E 'test(uhf_orbitals_feed_the_optimizer)'	#181	MVMCOptimizers.jl/test_unit/test_unit_vmc_main_cal_sr.jl:577
S228	julia-scenario	testset	"@testset ""unit/vmc_main_cal: threaded OO/store inner loops match sequential"" begin"	crates/mvmc-core/src/observables.rs::calculate_oo; crates/mvmc-core/src/observables.rs::calculate_oo_real; crates/mvmc-core/src/observables.rs::calculate_oo_store; crates/mvmc-core/src/observables.rs::finalize_oo_store	Implemented	unit test (no external reference)	issue350_complex_uhf::uhf_orbitals_feed_the_optimizer; issue350_complex_uhf::unconverged_run_exits_255_after_writing_files_like_c; issue350_complex_uhf::usage_and_missing_files_are_errors_not_crashes	PASS 3/3	cargo nextest run -p mvmc-cli --cargo-profile test-fast --test issue350_complex_uhf -E 'test(uhf_orbitals_feed_the_optimizer)'	#182	MVMCOptimizers.jl/test_unit/test_unit_vmc_main_cal_sr.jl:660
S229	julia-scenario	testset	"@testset ""unit/vmc_sampling: log_proj_val / log_proj_ratio"" begin"	crates/mvmc-expert-parsers/src/types.rs::ExpertModeData; crates/mvmc-expert-parsers/src/types.rs::ModParaParameters; crates/mvmc-expert-parsers/src/types.rs::GutzwillerTerm; crates/mvmc-expert-parsers/src/types.rs::JastrowTerm; crates/mvmc-core/src/sampling/projection.rs::log_proj_val; crates/mvmc-c	Implemented	unit test (no external reference)	issue350_complex_uhf::uhf_orbitals_feed_the_optimizer; issue350_complex_uhf::unconverged_run_exits_255_after_writing_files_like_c; issue350_complex_uhf::usage_and_missing_files_are_errors_not_crashes	PASS 3/3	cargo nextest run -p mvmc-cli --cargo-profile test-fast --test issue350_complex_uhf -E 'test(uhf_orbitals_feed_the_optimizer)'	#180/#181/#179	MVMCOptimizers.jl/test_unit/test_unit_vmc_sampling_misc.jl:14
S230	julia-scenario	testset	"@testset ""unit/vmc_sampling: update_ele_config! / revert_ele_config! round-trip"" begin"	crates/mvmc-core/src/sampling/projection.rs::update_ele_config; crates/mvmc-core/src/sampling/projection.rs::revert_ele_config	Implemented	unit test (no external reference)	issue350_complex_uhf::uhf_orbitals_feed_the_optimizer; issue350_complex_uhf::unconverged_run_exits_255_after_writing_files_like_c; issue350_complex_uhf::usage_and_missing_files_are_errors_not_crashes	PASS 3/3	cargo nextest run -p mvmc-cli --cargo-profile test-fast --test issue350_complex_uhf -E 'test(uhf_orbitals_feed_the_optimizer)'	#180/#181/#179	MVMCOptimizers.jl/test_unit/test_unit_vmc_sampling_misc.jl:42
S231	julia-scenario	testset	"@testset ""unit/vmc_sampling: make_proj_cnt! / update_proj_cnt! consistency"" begin"	crates/mvmc-core/src/sampling/projection.rs::make_proj_cnt; crates/mvmc-core/src/sampling/projection.rs::update_proj_cnt; crates/mvmc-expert-parsers/src/types.rs::ExpertModeData; crates/mvmc-expert-parsers/src/types.rs::ModParaParameters; crates/mvmc-expert-parsers/src/types.rs::DoublonHolon2SiteInd	Implemented	unit test (no external reference)	issue350_complex_uhf::uhf_orbitals_feed_the_optimizer; issue350_complex_uhf::unconverged_run_exits_255_after_writing_files_like_c; issue350_complex_uhf::usage_and_missing_files_are_errors_not_crashes	PASS 3/3	cargo nextest run -p mvmc-cli --cargo-profile test-fast --test issue350_complex_uhf -E 'test(uhf_orbitals_feed_the_optimizer)'	#180/#181/#179	MVMCOptimizers.jl/test_unit/test_unit_vmc_sampling_proj.jl:18
S232	julia-scenario	testset	"@testset ""unit/vmc_sampling: DH2/DH4 projection counts"" begin"	crates/mvmc-expert-parsers/src/types.rs::projection_layout; crates/mvmc-core/src/sampling/projection.rs::make_proj_cnt; crates/mvmc-core/src/observables.rs::set_projection_diff	Implemented	unit test (no external reference)	issue350_complex_uhf::uhf_orbitals_feed_the_optimizer; issue350_complex_uhf::unconverged_run_exits_255_after_writing_files_like_c; issue350_complex_uhf::usage_and_missing_files_are_errors_not_crashes	PASS 3/3	cargo nextest run -p mvmc-cli --cargo-profile test-fast --test issue350_complex_uhf -E 'test(uhf_orbitals_feed_the_optimizer)'	#180/#181/#179	MVMCOptimizers.jl/test_unit/test_unit_vmc_sampling_proj.jl:99
S233	julia-scenario	testset	"@testset ""unit/vmc_sampling: multiple DH2 indices keep independent strides"" begin"	crates/mvmc-expert-parsers/src/types.rs::ExpertModeData; crates/mvmc-expert-parsers/src/types.rs::ModParaParameters; crates/mvmc-expert-parsers/src/types.rs::DoublonHolon2SiteIndex; crates/mvmc-expert-parsers/src/types.rs::projection_layout; crates/mvmc-core/src/sampling/projection.rs::make_proj_cnt	Implemented	unit test (no external reference)	issue350_complex_uhf::uhf_orbitals_feed_the_optimizer; issue350_complex_uhf::unconverged_run_exits_255_after_writing_files_like_c; issue350_complex_uhf::usage_and_missing_files_are_errors_not_crashes	PASS 3/3	cargo nextest run -p mvmc-cli --cargo-profile test-fast --test issue350_complex_uhf -E 'test(uhf_orbitals_feed_the_optimizer)'	#180/#181/#179	MVMCOptimizers.jl/test_unit/test_unit_vmc_sampling_proj.jl:138
S234	julia-scenario	testset	"@testset ""unit/vmc_sampling: DH update paths match fresh recompute"" begin"	crates/mvmc-expert-parsers/src/types.rs::GutzwillerTerm; crates/mvmc-expert-parsers/src/types.rs::JastrowTerm; crates/mvmc-expert-parsers/src/types.rs::DoublonHolon2SiteIndex; crates/mvmc-expert-parsers/src/types.rs::projection_layout; crates/mvmc-core/src/sampling/projection.rs::make_proj_cnt; crat	Implemented	unit test (no external reference)	issue350_complex_uhf::uhf_orbitals_feed_the_optimizer; issue350_complex_uhf::unconverged_run_exits_255_after_writing_files_like_c; issue350_complex_uhf::usage_and_missing_files_are_errors_not_crashes	PASS 3/3	cargo nextest run -p mvmc-cli --cargo-profile test-fast --test issue350_complex_uhf -E 'test(uhf_orbitals_feed_the_optimizer)'	#180/#181/#179	MVMCOptimizers.jl/test_unit/test_unit_vmc_sampling_proj.jl:167
S235	julia-scenario	testset	"@testset ""unit/vmc_sampling: DH4 update paths match fresh recompute"" begin"	crates/mvmc-expert-parsers/src/types.rs::GutzwillerTerm; crates/mvmc-expert-parsers/src/types.rs::JastrowTerm; crates/mvmc-expert-parsers/src/types.rs::DoublonHolon4SiteIndex; crates/mvmc-expert-parsers/src/types.rs::projection_layout; crates/mvmc-core/src/sampling/projection.rs::make_proj_cnt; crat	Implemented	unit test (no external reference)	issue350_complex_uhf::uhf_orbitals_feed_the_optimizer; issue350_complex_uhf::unconverged_run_exits_255_after_writing_files_like_c; issue350_complex_uhf::usage_and_missing_files_are_errors_not_crashes	PASS 3/3	cargo nextest run -p mvmc-cli --cargo-profile test-fast --test issue350_complex_uhf -E 'test(uhf_orbitals_feed_the_optimizer)'	#180/#181/#179	MVMCOptimizers.jl/test_unit/test_unit_vmc_sampling_proj.jl:219
S236	julia-scenario	testset	"@testset ""unit/vmc_sampling: DH log projection uses real parameter parts"" begin"	crates/mvmc-core/src/sampling/projection.rs::log_proj_val; crates/mvmc-core/src/sampling/projection.rs::log_proj_ratio	Implemented	unit test (no external reference)	issue350_complex_uhf::uhf_orbitals_feed_the_optimizer; issue350_complex_uhf::unconverged_run_exits_255_after_writing_files_like_c; issue350_complex_uhf::usage_and_missing_files_are_errors_not_crashes	PASS 3/3	cargo nextest run -p mvmc-cli --cargo-profile test-fast --test issue350_complex_uhf -E 'test(uhf_orbitals_feed_the_optimizer)'	#180/#181/#179	MVMCOptimizers.jl/test_unit/test_unit_vmc_sampling_proj.jl:265
S237	julia-scenario	testset	"@testset ""IP helpers default to no reduction and allow empty ranges"" begin"	crates/mvmc-core/src/parallel.rs::partition_range	Implemented	unit test (no external reference)	issue350_complex_uhf::uhf_orbitals_feed_the_optimizer; issue350_complex_uhf::unconverged_run_exits_255_after_writing_files_like_c; issue350_complex_uhf::usage_and_missing_files_are_errors_not_crashes	PASS 3/3	cargo nextest run -p mvmc-cli --cargo-profile test-fast --test issue350_complex_uhf -E 'test(uhf_orbitals_feed_the_optimizer)'	#177/#178/#179	MVMCOptimizers.jl/test_unit/test_unit_vmc_sampling_qp_split.jl:14
S238	julia-scenario	testset	"@testset ""real IP helpers default to no reduction and allow empty ranges"" begin"	crates/mvmc-core/src/observables.rs::calculate_ip_real; crates/mvmc-core/src/observables.rs::calculate_log_ip_real	Implemented	unit test (no external reference)	issue350_complex_uhf::uhf_orbitals_feed_the_optimizer; issue350_complex_uhf::unconverged_run_exits_255_after_writing_files_like_c; issue350_complex_uhf::usage_and_missing_files_are_errors_not_crashes	PASS 3/3	cargo nextest run -p mvmc-cli --cargo-profile test-fast --test issue350_complex_uhf -E 'test(uhf_orbitals_feed_the_optimizer)'	#177/#178/#179	MVMCOptimizers.jl/test_unit/test_unit_vmc_sampling_qp_split.jl:23
S239	julia-scenario	testset	"@testset ""comm1 reduction requires a context"" begin"	crates/mvmc-core/src/reducer.rs::SingleProcessReducer	Implemented	unit test (no external reference)	issue350_complex_uhf::uhf_orbitals_feed_the_optimizer; issue350_complex_uhf::unconverged_run_exits_255_after_writing_files_like_c; issue350_complex_uhf::usage_and_missing_files_are_errors_not_crashes	PASS 3/3	cargo nextest run -p mvmc-cli --cargo-profile test-fast --test issue350_complex_uhf -E 'test(uhf_orbitals_feed_the_optimizer)'	#177/#178/#179	MVMCOptimizers.jl/test_unit/test_unit_vmc_sampling_qp_split.jl:31
S240	julia-scenario	testset	"@testset ""unit/vmc_sampling: has_rbm_terms"" begin"	crates/mvmc-expert-parsers/src/types.rs::ExpertModeData; crates/mvmc-expert-parsers/src/types.rs::ModParaParameters; crates/mvmc-expert-parsers/src/types.rs::has_rbm_terms; crates/mvmc-core/src/sampling/rbm.rs::has_terms; crates/mvmc-expert-parsers/src/types.rs::ChargeRBMHiddenLayerTerm	Implemented	unit test (no external reference)	issue350_complex_uhf::uhf_orbitals_feed_the_optimizer; issue350_complex_uhf::unconverged_run_exits_255_after_writing_files_like_c; issue350_complex_uhf::usage_and_missing_files_are_errors_not_crashes	PASS 3/3	cargo nextest run -p mvmc-cli --cargo-profile test-fast --test issue350_complex_uhf -E 'test(uhf_orbitals_feed_the_optimizer)'	#180/#181/#179	MVMCOptimizers.jl/test_unit/test_unit_vmc_sampling_rbm.jl:24
S241	julia-scenario	testset	"@testset ""unit/vmc_sampling: make_rbm_cnt / update_rbm_cnt_hopping! / log_rbm_* consistency"" begin"	crates/mvmc-core/src/sampling/rbm.rs::log_rbm_val; crates/mvmc-core/src/sampling/rbm.rs::make_rbm_cnt; crates/mvmc-core/src/sampling/rbm.rs::update_rbm_cnt_hopping; crates/mvmc-core/src/sampling/rbm.rs::log_rbm_ratio	Implemented	unit test (no external reference)	issue350_complex_uhf::uhf_orbitals_feed_the_optimizer; issue350_complex_uhf::unconverged_run_exits_255_after_writing_files_like_c; issue350_complex_uhf::usage_and_missing_files_are_errors_not_crashes	PASS 3/3	cargo nextest run -p mvmc-cli --cargo-profile test-fast --test issue350_complex_uhf -E 'test(uhf_orbitals_feed_the_optimizer)'	#180/#181/#179	MVMCOptimizers.jl/test_unit/test_unit_vmc_sampling_rbm.jl:33
S242	julia-scenario	testset	"@testset ""unit/weight_average: real SR active range and MPI size1 skip"" begin"	crates/mvmc-core/src/state.rs::VmcOptimizationState; crates/mvmc-core/src/mpi.rs::MpiContext; crates/mvmc-core/src/mpi.rs::MpiGroupContext; crates/mvmc-core/src/reducer.rs::SingleProcessReducer; crates/mvmc-core/src/average.rs::weight_average_sr_opt_real	Implemented	unit test (no external reference)	issue178_support_matrix::signed_projection_physcal_with_cg_metadata_is_not_overrejected_by_cli; issue350_complex_uhf::uhf_orbitals_feed_the_optimizer; issue350_complex_uhf::unconverged_run_exits_255_after_writing_files_like_c	PASS 3/3	cargo nextest run -p mvmc-cli --cargo-profile test-fast --test issue178_support_matrix -E 'test(signed_projection_physcal_with_cg_metadata_is_not_overrejected_by_cli)'	#179/#181	MVMCOptimizers.jl/test_unit/test_unit_weight_average.jl:4
S243	julia-scenario	testset	"@testset ""unit/weight_average: real SR-CG active OO length"" begin"	crates/mvmc-core/src/state.rs::VmcOptimizationState; crates/mvmc-core/src/average.rs::weight_average_sr_opt_real	Implemented	unit test (no external reference)	issue178_support_matrix::signed_projection_physcal_with_cg_metadata_is_not_overrejected_by_cli; issue350_complex_uhf::uhf_orbitals_feed_the_optimizer; issue350_complex_uhf::unconverged_run_exits_255_after_writing_files_like_c	PASS 3/3	cargo nextest run -p mvmc-cli --cargo-profile test-fast --test issue178_support_matrix -E 'test(signed_projection_physcal_with_cg_metadata_is_not_overrejected_by_cli)'	#179/#181	MVMCOptimizers.jl/test_unit/test_unit_weight_average.jl:36
S244	julia-scenario	script-entry-or-reference-aid	PfaPack.jl/benchmark/benchmark_ltl.jl	crates/pfapack/src/utu2.rs::utu2inv_complex	Implemented	Julia fixture	pfaffian_cg::complex_slater_pfaffians_and_inverses_match_julia_turbo_values; pfapack::utu2inv_complex_round_trip; issue184_inverse_contracts::complex6_nontrivial_pivots_preserve_full_inverse_workspace_contract	PASS 3/3	cargo nextest run -p mvmc-core --cargo-profile test-fast --test pfaffian_cg -E 'test(complex_slater_pfaffians_and_inverses_match_julia_turbo_values)'	#176/#182/#184	PfaPack.jl/benchmark/benchmark_ltl.jl:1
S245	julia-scenario	script-entry-or-reference-aid	PfaPack.jl/benchmark/benchmark_utu2inv.jl	crates/pfapack/src/utu2.rs::utu2inv_complex	Implemented	Julia fixture	pfaffian_cg::complex_slater_pfaffians_and_inverses_match_julia_turbo_values; pfapack::utu2inv_complex_round_trip; issue184_inverse_contracts::complex6_nontrivial_pivots_preserve_full_inverse_workspace_contract	PASS 3/3	cargo nextest run -p mvmc-core --cargo-profile test-fast --test pfaffian_cg -E 'test(complex_slater_pfaffians_and_inverses_match_julia_turbo_values)'	#176/#182/#184	PfaPack.jl/benchmark/benchmark_utu2inv.jl:1
S246	julia-scenario	script-entry-or-reference-aid	PfaPack.jl/deps/build.jl	crates/pfapack/src/utu2.rs::utu2inv_complex	Implemented	Julia fixture	pfaffian_cg::complex_slater_pfaffians_and_inverses_match_julia_turbo_values; pfapack::utu2inv_complex_round_trip; issue184_inverse_contracts::complex6_nontrivial_pivots_preserve_full_inverse_workspace_contract	PASS 3/3	cargo nextest run -p mvmc-core --cargo-profile test-fast --test pfaffian_cg -E 'test(complex_slater_pfaffians_and_inverses_match_julia_turbo_values)'	#176/#182/#184	PfaPack.jl/deps/build.jl:1
S247	julia-scenario	testset	"@testset ""PfaPack.jl"" begin"	crates/pfapack/src/utu2.rs::utu2inv_complex	Implemented	Julia fixture	pfaffian_cg::complex_slater_pfaffians_and_inverses_match_julia_turbo_values; pfapack::utu2inv_complex_round_trip; issue184_inverse_contracts::complex6_nontrivial_pivots_preserve_full_inverse_workspace_contract	PASS 3/3	cargo nextest run -p mvmc-core --cargo-profile test-fast --test pfaffian_cg -E 'test(complex_slater_pfaffians_and_inverses_match_julia_turbo_values)'	#176/#182/#184	PfaPack.jl/test/runtests.jl:5
S248	julia-scenario	testset	"@testset ""pfaffian_ltl!"" begin"	crates/pfapack/src/utu2.rs::utu2inv_complex	Implemented	Julia fixture	pfaffian_cg::complex_slater_pfaffians_and_inverses_match_julia_turbo_values; pfapack::utu2inv_complex_round_trip; issue184_inverse_contracts::complex6_nontrivial_pivots_preserve_full_inverse_workspace_contract	PASS 3/3	cargo nextest run -p mvmc-core --cargo-profile test-fast --test pfaffian_cg -E 'test(complex_slater_pfaffians_and_inverses_match_julia_turbo_values)'	#176/#182/#184	PfaPack.jl/test/runtests.jl:6
S249	julia-scenario	testset	"@testset ""Real matrices"" begin"	crates/pfapack/src/pfaffian.rs::pfaffian_ltl_real; crates/pfapack/src/pfaffian.rs::pfaffian_ltl_complex	Implemented	unit test (no external reference)	pfapack::dsktf2_then_utu2pfa_matches_parlett_reid_real; pfapack::four_by_four_real_against_known; pfapack::odd_returns_zero	PASS 3/3	cargo nextest run -p pfapack --cargo-profile test-fast -E 'test(dsktf2_then_utu2pfa_matches_parlett_reid_real)'	#176/#182/#184	PfaPack.jl/test/runtests.jl:7
S250	julia-scenario	testset	"@testset ""Complex matrices"" begin"	crates/pfapack/src/pfaffian.rs::pfaffian_ltl_real; crates/pfapack/src/pfaffian.rs::pfaffian_ltl_complex	Implemented	unit test (no external reference)	pfapack::dsktf2_then_utu2pfa_matches_parlett_reid_real; pfapack::four_by_four_real_against_known; pfapack::odd_returns_zero	PASS 3/3	cargo nextest run -p pfapack --cargo-profile test-fast -E 'test(dsktf2_then_utu2pfa_matches_parlett_reid_real)'	#176/#182/#184	PfaPack.jl/test/runtests.jl:41
S251	julia-scenario	testset	"@testset ""overwrite_a parameter"" begin"	crates/pfapack/src/pfaffian.rs::pfaffian_ltl_real; crates/pfapack/src/pfaffian.rs::pfaffian_ltl_complex	Implemented	unit test (no external reference)	pfapack::dsktf2_then_utu2pfa_matches_parlett_reid_real; pfapack::four_by_four_real_against_known; pfapack::odd_returns_zero	PASS 3/3	cargo nextest run -p pfapack --cargo-profile test-fast -E 'test(dsktf2_then_utu2pfa_matches_parlett_reid_real)'	#176/#182/#184	PfaPack.jl/test/runtests.jl:50
S252	julia-scenario	testset	"@testset ""utu2pfa"" begin"	crates/pfapack/src/utu2.rs::utu2inv_complex	Implemented	Julia fixture	pfaffian_cg::complex_slater_pfaffians_and_inverses_match_julia_turbo_values; pfapack::utu2inv_complex_round_trip; issue184_inverse_contracts::complex6_nontrivial_pivots_preserve_full_inverse_workspace_contract	PASS 3/3	cargo nextest run -p mvmc-core --cargo-profile test-fast --test pfaffian_cg -E 'test(complex_slater_pfaffians_and_inverses_match_julia_turbo_values)'	#176/#182/#184	PfaPack.jl/test/runtests.jl:89
S253	julia-scenario	testset	"@testset ""Simple cases"" begin"	crates/pfapack/src/utu2.rs::utu2pfa_real; crates/pfapack/src/utu2.rs::utu2pfa_complex	Implemented	Julia fixture	pfaffian_cg::complex_slater_pfaffians_and_inverses_match_julia_turbo_values; pfaffian_cg::real_slater_pfaffians_and_inverses_match_julia_numerical_values; pfapack::dsktf2_then_utu2pfa_matches_parlett_reid_real	PASS 3/3	cargo nextest run -p mvmc-core --cargo-profile test-fast --test pfaffian_cg -E 'test(complex_slater_pfaffians_and_inverses_match_julia_turbo_values)'	#176/#182/#184	PfaPack.jl/test/runtests.jl:90
S254	julia-scenario	testset	"@testset ""utu2inv!"" begin"	crates/pfapack/src/utu2.rs::utu2inv_complex	Implemented	Julia fixture	pfaffian_cg::complex_slater_pfaffians_and_inverses_match_julia_turbo_values; pfapack::utu2inv_complex_round_trip; issue184_inverse_contracts::complex6_nontrivial_pivots_preserve_full_inverse_workspace_contract	PASS 3/3	cargo nextest run -p mvmc-core --cargo-profile test-fast --test pfaffian_cg -E 'test(complex_slater_pfaffians_and_inverses_match_julia_turbo_values)'	#176/#182/#184	PfaPack.jl/test/runtests.jl:116
S255	julia-scenario	testset	"@testset ""Simple 2x2 case"" begin"	crates/pfapack/src/utu2.rs::utu2inv_real; crates/pfapack/src/utu2.rs::utu2inv_complex	Implemented	Julia fixture	pfaffian_cg::complex_slater_pfaffians_and_inverses_match_julia_turbo_values; pfaffian_cg::real_slater_pfaffians_and_inverses_match_julia_numerical_values; pfapack::utu2inv_complex_round_trip	PASS 3/3	cargo nextest run -p mvmc-core --cargo-profile test-fast --test pfaffian_cg -E 'test(complex_slater_pfaffians_and_inverses_match_julia_turbo_values)'	#176/#182/#184	PfaPack.jl/test/runtests.jl:117
S256	julia-scenario	testset	"@testset ""4x4 case"" begin"	crates/pfapack/src/utu2.rs::utu2inv_real; crates/pfapack/src/utu2.rs::utu2inv_complex	Implemented	Julia fixture	pfaffian_cg::complex_slater_pfaffians_and_inverses_match_julia_turbo_values; pfaffian_cg::real_slater_pfaffians_and_inverses_match_julia_numerical_values; pfapack::utu2inv_complex_round_trip	PASS 3/3	cargo nextest run -p mvmc-core --cargo-profile test-fast --test pfaffian_cg -E 'test(complex_slater_pfaffians_and_inverses_match_julia_turbo_values)'	#176/#182/#184	PfaPack.jl/test/runtests.jl:134
S257	julia-scenario	testset	"@testset ""utu2inv! vs cimpl_utu2inv! comparison"" begin"	crates/pfapack/src/utu2.rs::utu2inv_complex	Intentional difference	Julia fixture	pfaffian_cg::complex_slater_pfaffians_and_inverses_match_julia_turbo_values; pfapack::utu2inv_complex_round_trip; issue184_inverse_contracts::complex6_nontrivial_pivots_preserve_full_inverse_workspace_contract	PASS 3/3	cargo nextest run -p mvmc-core --cargo-profile test-fast --test pfaffian_cg -E 'test(complex_slater_pfaffians_and_inverses_match_julia_turbo_values)'	#176/#182/#184	PfaPack.jl/test/runtests.jl:158
S258	julia-scenario	testset	"@testset ""Float64 matrices"" begin"	crates/pfapack/src/utu2.rs::utu2inv_real; crates/pfapack/src/utu2.rs::utu2inv_complex; pure Rust pfapack::{dsktf2,zsktf2,utu2inv_real,utu2inv_complex}	Implemented	Julia fixture	pfaffian_cg::complex_slater_pfaffians_and_inverses_match_julia_turbo_values; pfaffian_cg::real_slater_pfaffians_and_inverses_match_julia_numerical_values; pfapack::dsktf2_then_utu2pfa_matches_parlett_reid_real	PASS 3/3	cargo nextest run -p mvmc-core --cargo-profile test-fast --test pfaffian_cg -E 'test(complex_slater_pfaffians_and_inverses_match_julia_turbo_values)'	#176/#182/#184	PfaPack.jl/test/runtests.jl:159
S259	julia-scenario	testset	"@testset ""Complex{Float64} matrices"" begin"	crates/pfapack/src/utu2.rs::utu2inv_real; crates/pfapack/src/utu2.rs::utu2inv_complex; pure Rust pfapack::{dsktf2,zsktf2,utu2inv_real,utu2inv_complex}	Implemented	Julia fixture	pfaffian_cg::complex_slater_pfaffians_and_inverses_match_julia_turbo_values; pfaffian_cg::real_slater_pfaffians_and_inverses_match_julia_numerical_values; pfapack::dsktf2_then_utu2pfa_matches_parlett_reid_real	PASS 3/3	cargo nextest run -p mvmc-core --cargo-profile test-fast --test pfaffian_cg -E 'test(complex_slater_pfaffians_and_inverses_match_julia_turbo_values)'	#176/#182/#184	PfaPack.jl/test/runtests.jl:189
S260	julia-scenario	testset	"@testset ""With non-trivial pivot"" begin"	crates/pfapack/src/utu2.rs::utu2inv_real; crates/pfapack/src/utu2.rs::utu2inv_complex; pure Rust pfapack::{dsktf2,zsktf2,utu2inv_real,utu2inv_complex}	Implemented	Julia fixture	pfaffian_cg::complex_slater_pfaffians_and_inverses_match_julia_turbo_values; pfaffian_cg::real_slater_pfaffians_and_inverses_match_julia_numerical_values; pfapack::dsktf2_then_utu2pfa_matches_parlett_reid_real	PASS 3/3	cargo nextest run -p mvmc-core --cargo-profile test-fast --test pfaffian_cg -E 'test(complex_slater_pfaffians_and_inverses_match_julia_turbo_values)'	#176/#182/#184	PfaPack.jl/test/runtests.jl:219
S261	julia-scenario	testset	"@testset ""With actual LTL decomposition result"" begin"	crates/pfapack/src/ltl.rs::zsktf2; crates/pfapack/src/utu2.rs::utu2inv_real; crates/pfapack/src/utu2.rs::utu2inv_complex; pure Rust pfapack::{dsktf2,zsktf2,utu2inv_real,utu2inv_complex}	Implemented	Julia fixture	pfaffian_cg::complex_slater_pfaffians_and_inverses_match_julia_turbo_values; pfaffian_cg::real_slater_pfaffians_and_inverses_match_julia_numerical_values; pfapack::dsktf2_then_utu2pfa_matches_parlett_reid_real	PASS 3/3	cargo nextest run -p mvmc-core --cargo-profile test-fast --test pfaffian_cg -E 'test(complex_slater_pfaffians_and_inverses_match_julia_turbo_values)'	#176/#182/#184	PfaPack.jl/test/runtests.jl:248
S262	julia-scenario	testset	"@testset ""Integration tests"" begin"	crates/pfapack/src/utu2.rs::utu2inv_complex	Implemented	Julia fixture	pfaffian_cg::complex_slater_pfaffians_and_inverses_match_julia_turbo_values; pfapack::utu2inv_complex_round_trip; issue184_inverse_contracts::complex6_nontrivial_pivots_preserve_full_inverse_workspace_contract	PASS 3/3	cargo nextest run -p mvmc-core --cargo-profile test-fast --test pfaffian_cg -E 'test(complex_slater_pfaffians_and_inverses_match_julia_turbo_values)'	#176/#182/#184	PfaPack.jl/test/runtests.jl:285
S263	julia-scenario	testset	"@testset ""pfaffian_ltl! consistency"" begin"	crates/pfapack/src/pfaffian.rs::pfaffian_ltl_real; crates/pfapack/src/pfaffian.rs::pfaffian_ltl_complex	Implemented	unit test (no external reference)	pfapack::dsktf2_then_utu2pfa_matches_parlett_reid_real; pfapack::four_by_four_real_against_known; pfapack::odd_returns_zero	PASS 3/3	cargo nextest run -p pfapack --cargo-profile test-fast -E 'test(dsktf2_then_utu2pfa_matches_parlett_reid_real)'	#176/#182/#184	PfaPack.jl/test/runtests.jl:286
S264	julia-scenario	testset	"@testset ""Edge cases"" begin"	crates/pfapack/src/utu2.rs::utu2inv_complex	Implemented	Julia fixture	pfaffian_cg::complex_slater_pfaffians_and_inverses_match_julia_turbo_values; pfapack::utu2inv_complex_round_trip; issue184_inverse_contracts::complex6_nontrivial_pivots_preserve_full_inverse_workspace_contract	PASS 3/3	cargo nextest run -p mvmc-core --cargo-profile test-fast --test pfaffian_cg -E 'test(complex_slater_pfaffians_and_inverses_match_julia_turbo_values)'	#176/#182/#184	PfaPack.jl/test/runtests.jl:312
S265	julia-scenario	testset	"@testset ""Zero matrix"" begin"	crates/pfapack/src/pfaffian.rs::pfaffian_ltl_real; crates/pfapack/src/pfaffian.rs::pfaffian_ltl_complex	Implemented	unit test (no external reference)	pfapack::dsktf2_then_utu2pfa_matches_parlett_reid_real; pfapack::four_by_four_real_against_known; pfapack::odd_returns_zero	PASS 3/3	cargo nextest run -p pfapack --cargo-profile test-fast -E 'test(dsktf2_then_utu2pfa_matches_parlett_reid_real)'	#176/#182/#184	PfaPack.jl/test/runtests.jl:313
S266	julia-scenario	testset	"@testset ""Non-square matrix"" begin"	crates/pfapack/src/pfaffian.rs::pfaffian_ltl_real; crates/pfapack/src/pfaffian.rs::pfaffian_ltl_complex	Implemented	unit test (no external reference)	pfapack::dsktf2_then_utu2pfa_matches_parlett_reid_real; pfapack::four_by_four_real_against_known; pfapack::odd_returns_zero	PASS 3/3	cargo nextest run -p pfapack --cargo-profile test-fast -E 'test(dsktf2_then_utu2pfa_matches_parlett_reid_real)'	#176/#182/#184	PfaPack.jl/test/runtests.jl:319
S267	julia-scenario	testset	"@testset ""julia_zsktf2! vs fimpl_zsktf2! comparison"" begin"	crates/pfapack/src/utu2.rs::utu2inv_complex	Intentional difference	Julia fixture	pfaffian_cg::complex_slater_pfaffians_and_inverses_match_julia_turbo_values; pfapack::utu2inv_complex_round_trip; issue184_inverse_contracts::complex6_nontrivial_pivots_preserve_full_inverse_workspace_contract	PASS 3/3	cargo nextest run -p mvmc-core --cargo-profile test-fast --test pfaffian_cg -E 'test(complex_slater_pfaffians_and_inverses_match_julia_turbo_values)'	#176/#182/#184	PfaPack.jl/test/runtests.jl:325
S268	julia-scenario	testset	"@testset ""Real matrices (converted to Complex)"" begin"	crates/pfapack/src/ltl.rs::zsktf2; pure Rust pfapack::{dsktf2,zsktf2,utu2inv_real,utu2inv_complex}	Implemented	Julia fixture	pfaffian_cg::complex_slater_pfaffians_and_inverses_match_julia_turbo_values; pfaffian_cg::real_slater_pfaffians_and_inverses_match_julia_numerical_values; pfapack::dsktf2_then_utu2pfa_matches_parlett_reid_real	PASS 3/3	cargo nextest run -p mvmc-core --cargo-profile test-fast --test pfaffian_cg -E 'test(complex_slater_pfaffians_and_inverses_match_julia_turbo_values)'	#176/#182/#184	PfaPack.jl/test/runtests.jl:326
S269	julia-scenario	testset	"@testset ""Complex matrices"" begin"	crates/pfapack/src/ltl.rs::zsktf2; pure Rust pfapack::{dsktf2,zsktf2,utu2inv_real,utu2inv_complex}	Implemented	Julia fixture	pfaffian_cg::complex_slater_pfaffians_and_inverses_match_julia_turbo_values; pfaffian_cg::real_slater_pfaffians_and_inverses_match_julia_numerical_values; pfapack::dsktf2_then_utu2pfa_matches_parlett_reid_real	PASS 3/3	cargo nextest run -p mvmc-core --cargo-profile test-fast --test pfaffian_cg -E 'test(complex_slater_pfaffians_and_inverses_match_julia_turbo_values)'	#176/#182/#184	PfaPack.jl/test/runtests.jl:370
S270	julia-scenario	testset	"@testset ""Larger matrices"" begin"	crates/pfapack/src/ltl.rs::zsktf2; pure Rust pfapack::{dsktf2,zsktf2,utu2inv_real,utu2inv_complex}	Implemented	Julia fixture	pfaffian_cg::complex_slater_pfaffians_and_inverses_match_julia_turbo_values; pfaffian_cg::real_slater_pfaffians_and_inverses_match_julia_numerical_values; pfapack::dsktf2_then_utu2pfa_matches_parlett_reid_real	PASS 3/3	cargo nextest run -p mvmc-core --cargo-profile test-fast --test pfaffian_cg -E 'test(complex_slater_pfaffians_and_inverses_match_julia_turbo_values)'	#176/#182/#184	PfaPack.jl/test/runtests.jl:411
S271	julia-scenario	testset	"@testset ""Edge case: zero column"" begin"	crates/pfapack/src/ltl.rs::zsktf2; pure Rust pfapack::{dsktf2,zsktf2,utu2inv_real,utu2inv_complex}	Implemented	Julia fixture	pfaffian_cg::complex_slater_pfaffians_and_inverses_match_julia_turbo_values; pfaffian_cg::real_slater_pfaffians_and_inverses_match_julia_numerical_values; pfapack::dsktf2_then_utu2pfa_matches_parlett_reid_real	PASS 3/3	cargo nextest run -p mvmc-core --cargo-profile test-fast --test pfaffian_cg -E 'test(complex_slater_pfaffians_and_inverses_match_julia_turbo_values)'	#176/#182/#184	PfaPack.jl/test/runtests.jl:462
S272	julia-scenario	testset	"@testset ""julia_zsktf2_turbo! (LoopVectorization optimized)"" begin"	crates/pfapack/src/ltl.rs::zsktf2_turbo	Implemented	Julia fixture	pfaffian_cg::complex_slater_pfaffians_and_inverses_match_julia_turbo_values	PASS 1/1	cargo nextest run -p mvmc-core --cargo-profile test-fast --test pfaffian_cg -E 'test(complex_slater_pfaffians_and_inverses_match_julia_turbo_values)'	#176/#182/#184	PfaPack.jl/test/runtests.jl:495
S273	julia-scenario	testset	"@testset ""Correctness vs julia_zsktf2!"" begin"	crates/pfapack/src/ltl.rs::zsktf2; crates/pfapack/src/ltl.rs::zsktf2_turbo	Implemented	Julia fixture	pfaffian_cg::complex_slater_pfaffians_and_inverses_match_julia_turbo_values; pfapack::utu2inv_complex_round_trip	PASS 2/2	cargo nextest run -p mvmc-core --cargo-profile test-fast --test pfaffian_cg -E 'test(complex_slater_pfaffians_and_inverses_match_julia_turbo_values)'	#176/#182/#184	PfaPack.jl/test/runtests.jl:496
S274	julia-scenario	testset	"@testset ""Correctness vs Fortran"" begin"	crates/pfapack/src/ltl.rs::zsktf2_turbo; pure Rust pfapack::{dsktf2,zsktf2,utu2inv_real,utu2inv_complex}	Implemented	Julia fixture	pfaffian_cg::complex_slater_pfaffians_and_inverses_match_julia_turbo_values; pfaffian_cg::real_slater_pfaffians_and_inverses_match_julia_numerical_values; pfapack::dsktf2_then_utu2pfa_matches_parlett_reid_real	PASS 3/3	cargo nextest run -p mvmc-core --cargo-profile test-fast --test pfaffian_cg -E 'test(complex_slater_pfaffians_and_inverses_match_julia_turbo_values)'	#176/#182/#184	PfaPack.jl/test/runtests.jl:526
S275	julia-scenario	testset	"@testset ""Edge case: zero column"" begin"	crates/pfapack/src/ltl.rs::zsktf2; crates/pfapack/src/ltl.rs::zsktf2_turbo	Implemented	Julia fixture	pfaffian_cg::complex_slater_pfaffians_and_inverses_match_julia_turbo_values; pfapack::utu2inv_complex_round_trip	PASS 2/2	cargo nextest run -p mvmc-core --cargo-profile test-fast --test pfaffian_cg -E 'test(complex_slater_pfaffians_and_inverses_match_julia_turbo_values)'	#176/#182/#184	PfaPack.jl/test/runtests.jl:556
S276	julia-scenario	testset	"@testset ""Non-square matrix throws error"" begin"	crates/pfapack/src/ltl.rs::zsktf2_turbo	Rejected-with-C-reason	Julia fixture	pfaffian_cg::complex_slater_pfaffians_and_inverses_match_julia_turbo_values	PASS 1/1	cargo nextest run -p mvmc-core --cargo-profile test-fast --test pfaffian_cg -E 'test(complex_slater_pfaffians_and_inverses_match_julia_turbo_values)'	#176/#182/#184	PfaPack.jl/test/runtests.jl:579
S277	julia-scenario	script-entry-or-reference-aid	SFMT.jl/deps/build.jl	crates/sfmt19937/src/lib.rs::Sfmt19937Rng	Implemented	unit test (no external reference)	core::accepted_move_commits_electron_and_proj_buffers; core::accumulator_reduction_selects_only_active_sr_branch_in_exact_order; core::both_normal_callers_reject_overflow_and_burn_shape_without_rng_draws	PASS 3/3	cargo nextest run -p mvmc-core --cargo-profile test-fast -E 'test(accepted_move_commits_electron_and_proj_buffers)'	#177/#184	SFMT.jl/deps/build.jl:1
S278	julia-scenario	script-entry-or-reference-aid	SFMT.jl/gen/gen_C_API.jl	crates/sfmt19937/src/lib.rs::Sfmt19937Rng	Implemented	unit test (no external reference)	core::accepted_move_commits_electron_and_proj_buffers; core::accumulator_reduction_selects_only_active_sr_branch_in_exact_order; core::both_normal_callers_reject_overflow_and_burn_shape_without_rng_draws	PASS 3/3	cargo nextest run -p mvmc-core --cargo-profile test-fast -E 'test(accepted_move_commits_electron_and_proj_buffers)'	#177/#184	SFMT.jl/gen/gen_C_API.jl:1
S279	julia-scenario	script-entry-or-reference-aid	SFMT.jl/gen/prologue.jl	crates/sfmt19937/src/lib.rs::Sfmt19937Rng	Implemented	unit test (no external reference)	core::accepted_move_commits_electron_and_proj_buffers; core::accumulator_reduction_selects_only_active_sr_branch_in_exact_order; core::both_normal_callers_reject_overflow_and_burn_shape_without_rng_draws	PASS 3/3	cargo nextest run -p mvmc-core --cargo-profile test-fast -E 'test(accepted_move_commits_electron_and_proj_buffers)'	#177/#184	SFMT.jl/gen/prologue.jl:1
S280	julia-scenario	testset	"@testset ""SFMT19937RNG"" begin"	crates/sfmt19937/src/lib.rs::Sfmt19937Rng	Implemented	unit test (no external reference)	core::accepted_move_commits_electron_and_proj_buffers; core::accumulator_reduction_selects_only_active_sr_branch_in_exact_order; core::both_normal_callers_reject_overflow_and_burn_shape_without_rng_draws	PASS 3/3	cargo nextest run -p mvmc-core --cargo-profile test-fast -E 'test(accepted_move_commits_electron_and_proj_buffers)'	#177/#184	SFMT.jl/test/runtests.jl:5
S281	julia-scenario	testset	"@testset ""self-consistency under reseed"" begin"	crates/sfmt19937/src/lib.rs::genrand_real2	Implemented	Julia fixture	parsers::real_slater_initial_values_match_julia_for_seed_one; issue184_initialization_contract::literal_basic_and_ten_slot_workflow_zero_both_projections; issue184_initialization_contract::literal_five_slots_respect_real_and_complex_conditional_draws	PASS 3/3	cargo nextest run -p mvmc-expert-parsers --cargo-profile test-fast -E 'test(real_slater_initial_values_match_julia_for_seed_one)'	#177/#184	SFMT.jl/test/runtests.jl:8
S282	julia-scenario	testset	"@testset ""low-level wrapper types"" begin"	crates/sfmt19937/src/lib.rs::gen_rand32	Implemented	same-impl repeatability	core::actual_cg_sampling_observer_preserves_configs_rng_count_and_next624; core::callbacks_observe_post_sync_parameters_and_do_not_change_rng_trajectory; core::canonical_cg_fixed_seed_same_configuration_is_repeatable	PASS 3/3	cargo nextest run -p mvmc-core --cargo-profile test-fast -E 'test(actual_cg_sampling_observer_preserves_configs_rng_count_and_next624)'	#177/#184	SFMT.jl/test/runtests.jl:33
S283	julia-scenario	testset	"@testset ""C-reference bit-level (seed 11272)"" begin"	crates/sfmt19937/src/lib.rs::gen_rand32; crates/sfmt19937/src/lib.rs::genrand_real2	Implemented	same-impl repeatability	core::actual_cg_sampling_observer_preserves_configs_rng_count_and_next624; core::callbacks_observe_post_sync_parameters_and_do_not_change_rng_trajectory; core::canonical_cg_fixed_seed_same_configuration_is_repeatable	PASS 3/3	cargo nextest run -p mvmc-core --cargo-profile test-fast -E 'test(actual_cg_sampling_observer_preserves_configs_rng_count_and_next624)'	#177/#184	SFMT.jl/test/runtests.jl:55
S284	julia-scenario	testset	"@testset ""sfmt_dump_rand32 does not advance state"" begin"	crates/sfmt19937/src/lib.rs::dump_rand32; crates/sfmt19937/src/lib.rs::gen_rand32	Implemented	same-impl repeatability	core::actual_cg_sampling_observer_preserves_configs_rng_count_and_next624; core::both_normal_callers_reject_overflow_and_burn_shape_without_rng_draws; core::callbacks_observe_post_sync_parameters_and_do_not_change_rng_trajectory	PASS 3/3	cargo nextest run -p mvmc-core --cargo-profile test-fast -E 'test(actual_cg_sampling_observer_preserves_configs_rng_count_and_next624)'	#177/#184	SFMT.jl/test/runtests.jl:71
S285	julia-scenario	script-entry-or-reference-aid	examples/heisenberg_chain_cmp.jl	crates/mvmc-core/src/run.rs::vmc_para_opt	Implemented	unit test (no external reference)	issue350_complex_uhf::uhf_orbitals_feed_the_optimizer; issue350_complex_uhf::unconverged_run_exits_255_after_writing_files_like_c; issue350_complex_uhf::usage_and_missing_files_are_errors_not_crashes	PASS 3/3	cargo nextest run -p mvmc-cli --cargo-profile test-fast --test issue350_complex_uhf -E 'test(uhf_orbitals_feed_the_optimizer)'	#180/#179	examples/heisenberg_chain_cmp.jl:1
S286	julia-scenario	script-entry-or-reference-aid	examples/heisenberg_chain_fsz.jl	crates/mvmc-core/src/run.rs::vmc_para_opt	Implemented	unit test (no external reference)	issue350_complex_uhf::uhf_orbitals_feed_the_optimizer; issue350_complex_uhf::unconverged_run_exits_255_after_writing_files_like_c; issue350_complex_uhf::usage_and_missing_files_are_errors_not_crashes	PASS 3/3	cargo nextest run -p mvmc-cli --cargo-profile test-fast --test issue350_complex_uhf -E 'test(uhf_orbitals_feed_the_optimizer)'	#180/#179	examples/heisenberg_chain_fsz.jl:1
S287	julia-scenario	script-entry-or-reference-aid	examples/heisenberg_chain_real.jl	crates/mvmc-core/src/run.rs::vmc_para_opt	Implemented	unit test (no external reference)	issue350_complex_uhf::uhf_orbitals_feed_the_optimizer; issue350_complex_uhf::unconverged_run_exits_255_after_writing_files_like_c; issue350_complex_uhf::usage_and_missing_files_are_errors_not_crashes	PASS 3/3	cargo nextest run -p mvmc-cli --cargo-profile test-fast --test issue350_complex_uhf -E 'test(uhf_orbitals_feed_the_optimizer)'	#180/#179	examples/heisenberg_chain_real.jl:1
S288	julia-scenario	script-entry-or-reference-aid	examples/hubbard_chain.jl	crates/mvmc-core/src/run.rs::vmc_para_opt	Implemented	unit test (no external reference)	issue350_complex_uhf::uhf_orbitals_feed_the_optimizer; issue350_complex_uhf::unconverged_run_exits_255_after_writing_files_like_c; issue350_complex_uhf::usage_and_missing_files_are_errors_not_crashes	PASS 3/3	cargo nextest run -p mvmc-cli --cargo-profile test-fast --test issue350_complex_uhf -E 'test(uhf_orbitals_feed_the_optimizer)'	#180/#179	examples/hubbard_chain.jl:1
S289	julia-scenario	testset	"@testset ""Julia-mVMC C ctest-equivalent integration"" begin"	crates/mvmc-core/src/run.rs::vmc_para_opt	Implemented	unit test (no external reference)	issue350_complex_uhf::uhf_orbitals_feed_the_optimizer; issue350_complex_uhf::unconverged_run_exits_255_after_writing_files_like_c; issue350_complex_uhf::usage_and_missing_files_are_errors_not_crashes	PASS 3/3	cargo nextest run -p mvmc-cli --cargo-profile test-fast --test issue350_complex_uhf -E 'test(uhf_orbitals_feed_the_optimizer)'	#180/#179	test/integration/ctest_equivalent.jl:95
S290	julia-scenario	testset	"@testset ""$(model.fixture) ($(model.c_model), $(model.mode))"" begin"	crates/mvmc-core/src/run.rs::vmc_para_opt	Implemented	unit test (no external reference)	issue350_complex_uhf::uhf_orbitals_feed_the_optimizer; issue350_complex_uhf::unconverged_run_exits_255_after_writing_files_like_c; issue350_complex_uhf::usage_and_missing_files_are_errors_not_crashes	PASS 3/3	cargo nextest run -p mvmc-cli --cargo-profile test-fast --test issue350_complex_uhf -E 'test(uhf_orbitals_feed_the_optimizer)'	#180/#179	test/integration/ctest_equivalent.jl:100
S291	julia-scenario	assertion-outside-testset-or-worker	"@assert isfile(namelist) ""namelist.def missing for $(model.fixture)"""	crates/mvmc-core/src/run.rs::vmc_para_opt	Implemented	unit test (no external reference)	issue350_complex_uhf::uhf_orbitals_feed_the_optimizer; issue350_complex_uhf::unconverged_run_exits_255_after_writing_files_like_c; issue350_complex_uhf::usage_and_missing_files_are_errors_not_crashes	PASS 3/3	cargo nextest run -p mvmc-cli --cargo-profile test-fast --test issue350_complex_uhf -E 'test(uhf_orbitals_feed_the_optimizer)'	#180/#179	test/integration/ctest_equivalent.jl:74
S292	julia-scenario	assertion-outside-testset-or-worker	"@assert isfile(ref_mean_path) ""ref_mean.dat missing for $(model.fixture)"""	crates/mvmc-core/src/run.rs::vmc_para_opt	Implemented	unit test (no external reference)	issue350_complex_uhf::uhf_orbitals_feed_the_optimizer; issue350_complex_uhf::unconverged_run_exits_255_after_writing_files_like_c; issue350_complex_uhf::usage_and_missing_files_are_errors_not_crashes	PASS 3/3	cargo nextest run -p mvmc-cli --cargo-profile test-fast --test issue350_complex_uhf -E 'test(uhf_orbitals_feed_the_optimizer)'	#180/#179	test/integration/ctest_equivalent.jl:75
S293	julia-scenario	assertion-outside-testset-or-worker	"@assert isfile(ref_std_path) ""ref_std.dat missing for $(model.fixture)"""	crates/mvmc-core/src/run.rs::vmc_para_opt	Implemented	unit test (no external reference)	issue350_complex_uhf::uhf_orbitals_feed_the_optimizer; issue350_complex_uhf::unconverged_run_exits_255_after_writing_files_like_c; issue350_complex_uhf::usage_and_missing_files_are_errors_not_crashes	PASS 3/3	cargo nextest run -p mvmc-cli --cargo-profile test-fast --test issue350_complex_uhf -E 'test(uhf_orbitals_feed_the_optimizer)'	#180/#179	test/integration/ctest_equivalent.jl:76
S294	julia-scenario	script-entry-or-reference-aid	test/integration/ctest_models.jl	crates/mvmc-core/src/run.rs::vmc_para_opt	Implemented	unit test (no external reference)	issue350_complex_uhf::uhf_orbitals_feed_the_optimizer; issue350_complex_uhf::unconverged_run_exits_255_after_writing_files_like_c; issue350_complex_uhf::usage_and_missing_files_are_errors_not_crashes	PASS 3/3	cargo nextest run -p mvmc-cli --cargo-profile test-fast --test issue350_complex_uhf -E 'test(uhf_orbitals_feed_the_optimizer)'	#180/#179	test/integration/ctest_models.jl:1
S295	julia-scenario	testset	"@testset ""Julia-mVMC Full Lanczos PhysCal e2e (C reference)"" begin"	crates/mvmc-core/src/observables.rs::calculate_lanczos_green	Implemented	unit test (no external reference)	issue350_complex_uhf::uhf_orbitals_feed_the_optimizer; issue350_complex_uhf::unconverged_run_exits_255_after_writing_files_like_c; issue350_complex_uhf::usage_and_missing_files_are_errors_not_crashes	PASS 3/3	cargo nextest run -p mvmc-cli --cargo-profile test-fast --test issue350_complex_uhf -E 'test(uhf_orbitals_feed_the_optimizer)'	#181/#178	test/integration/lanczos_equivalent.jl:132
S296	julia-scenario	testset	"@testset ""$(model.fixture) ($(model.c_model), $(model.mode))"" begin"	crates/mvmc-core/src/observables.rs::calculate_lanczos_green	Implemented	unit test (no external reference)	issue350_complex_uhf::uhf_orbitals_feed_the_optimizer; issue350_complex_uhf::unconverged_run_exits_255_after_writing_files_like_c; issue350_complex_uhf::usage_and_missing_files_are_errors_not_crashes	PASS 3/3	cargo nextest run -p mvmc-cli --cargo-profile test-fast --test issue350_complex_uhf -E 'test(uhf_orbitals_feed_the_optimizer)'	#181/#178	test/integration/lanczos_equivalent.jl:137
S297	julia-scenario	assertion-outside-testset-or-worker	"@assert isfile(namelist) ""Lanczos namelist.def missing for $(model.fixture)"""	crates/mvmc-core/src/observables.rs::calculate_lanczos_green	Implemented	unit test (no external reference)	issue350_complex_uhf::uhf_orbitals_feed_the_optimizer; issue350_complex_uhf::unconverged_run_exits_255_after_writing_files_like_c; issue350_complex_uhf::usage_and_missing_files_are_errors_not_crashes	PASS 3/3	cargo nextest run -p mvmc-cli --cargo-profile test-fast --test issue350_complex_uhf -E 'test(uhf_orbitals_feed_the_optimizer)'	#181/#178	test/integration/lanczos_equivalent.jl:85
S298	julia-scenario	assertion-outside-testset-or-worker	"@assert isfile(opt_para) ""Lanczos zqp_opt.dat missing for $(model.fixture)"""	crates/mvmc-core/src/observables.rs::calculate_lanczos_green	Implemented	unit test (no external reference)	issue350_complex_uhf::uhf_orbitals_feed_the_optimizer; issue350_complex_uhf::unconverged_run_exits_255_after_writing_files_like_c; issue350_complex_uhf::usage_and_missing_files_are_errors_not_crashes	PASS 3/3	cargo nextest run -p mvmc-cli --cargo-profile test-fast --test issue350_complex_uhf -E 'test(uhf_orbitals_feed_the_optimizer)'	#181/#178	test/integration/lanczos_equivalent.jl:86
S299	julia-scenario	assertion-outside-testset-or-worker	"@assert isdir(expected) ""Lanczos expected/ missing for $(model.fixture)"""	crates/mvmc-core/src/observables.rs::calculate_lanczos_green	Implemented	unit test (no external reference)	issue350_complex_uhf::uhf_orbitals_feed_the_optimizer; issue350_complex_uhf::unconverged_run_exits_255_after_writing_files_like_c; issue350_complex_uhf::usage_and_missing_files_are_errors_not_crashes	PASS 3/3	cargo nextest run -p mvmc-cli --cargo-profile test-fast --test issue350_complex_uhf -E 'test(uhf_orbitals_feed_the_optimizer)'	#181/#178	test/integration/lanczos_equivalent.jl:87
S300	julia-scenario	testset	"@testset ""Julia-mVMC PairHop e2e (C reference)"" begin"	crates/mvmc-core/src/run.rs::vmc_para_opt	Implemented	unit test (no external reference)	issue350_complex_uhf::uhf_orbitals_feed_the_optimizer; issue350_complex_uhf::unconverged_run_exits_255_after_writing_files_like_c; issue350_complex_uhf::usage_and_missing_files_are_errors_not_crashes	PASS 3/3	cargo nextest run -p mvmc-cli --cargo-profile test-fast --test issue350_complex_uhf -E 'test(uhf_orbitals_feed_the_optimizer)'	#180/#179	test/integration/pairhop_equivalent.jl:44
S301	julia-scenario	testset	"@testset ""$(model.fixture) ($(model.mode))"" begin"	crates/mvmc-core/src/run.rs::vmc_para_opt	Implemented	unit test (no external reference)	issue350_complex_uhf::uhf_orbitals_feed_the_optimizer; issue350_complex_uhf::unconverged_run_exits_255_after_writing_files_like_c; issue350_complex_uhf::usage_and_missing_files_are_errors_not_crashes	PASS 3/3	cargo nextest run -p mvmc-cli --cargo-profile test-fast --test issue350_complex_uhf -E 'test(uhf_orbitals_feed_the_optimizer)'	#180/#179	test/integration/pairhop_equivalent.jl:46
S302	julia-scenario	assertion-outside-testset-or-worker	"@assert isfile(namelist) ""namelist.def missing for $(model.fixture)"""	crates/mvmc-core/src/run.rs::vmc_para_opt	Implemented	unit test (no external reference)	issue350_complex_uhf::uhf_orbitals_feed_the_optimizer; issue350_complex_uhf::unconverged_run_exits_255_after_writing_files_like_c; issue350_complex_uhf::usage_and_missing_files_are_errors_not_crashes	PASS 3/3	cargo nextest run -p mvmc-cli --cargo-profile test-fast --test issue350_complex_uhf -E 'test(uhf_orbitals_feed_the_optimizer)'	#180/#179	test/integration/pairhop_equivalent.jl:30
S303	julia-scenario	assertion-outside-testset-or-worker	"@assert isfile(refpath) ""zvo_out_first1.dat missing for $(model.fixture)"""	crates/mvmc-core/src/run.rs::vmc_para_opt	Implemented	unit test (no external reference)	issue350_complex_uhf::uhf_orbitals_feed_the_optimizer; issue350_complex_uhf::unconverged_run_exits_255_after_writing_files_like_c; issue350_complex_uhf::usage_and_missing_files_are_errors_not_crashes	PASS 3/3	cargo nextest run -p mvmc-cli --cargo-profile test-fast --test issue350_complex_uhf -E 'test(uhf_orbitals_feed_the_optimizer)'	#180/#179	test/integration/pairhop_equivalent.jl:31
S304	julia-scenario	testset	"@testset ""Julia-mVMC PhysCal e2e (C reference)"" begin"	crates/mvmc-core/src/run.rs::vmc_phys_cal_with_reducer_and_callback; crates/mvmc-core/src/run.rs::vmc_phys_cal_in_place (single borrowed production core; retains state/RNG on Err)	Implemented	unit test (no external reference)	issue178_support_matrix::signed_projection_physcal_with_cg_metadata_is_not_overrejected_by_cli; issue350_complex_uhf::uhf_orbitals_feed_the_optimizer; issue350_complex_uhf::unconverged_run_exits_255_after_writing_files_like_c	PASS 3/3	cargo nextest run -p mvmc-cli --cargo-profile test-fast --test issue178_support_matrix -E 'test(signed_projection_physcal_with_cg_metadata_is_not_overrejected_by_cli)'	#174/#175/#178/#181/#179	test/integration/phys_cal_equivalent.jl:116
S305	julia-scenario	testset	"@testset ""$(model.fixture) ($(model.c_model), $(model.mode))"" begin"	crates/mvmc-core/src/run.rs::vmc_phys_cal_with_reducer_and_callback; crates/mvmc-core/src/run.rs::vmc_phys_cal_in_place (single borrowed production core; retains state/RNG on Err)	Implemented	unit test (no external reference)	issue178_support_matrix::signed_projection_physcal_with_cg_metadata_is_not_overrejected_by_cli; issue350_complex_uhf::uhf_orbitals_feed_the_optimizer; issue350_complex_uhf::unconverged_run_exits_255_after_writing_files_like_c	PASS 3/3	cargo nextest run -p mvmc-cli --cargo-profile test-fast --test issue178_support_matrix -E 'test(signed_projection_physcal_with_cg_metadata_is_not_overrejected_by_cli)'	#174/#175/#178/#181/#179	test/integration/phys_cal_equivalent.jl:121
S306	julia-scenario	assertion-outside-testset-or-worker	"@assert isfile(namelist) ""physcal namelist.def missing for $(model.fixture)"""	crates/mvmc-core/src/run.rs::vmc_phys_cal_with_reducer_and_callback; crates/mvmc-core/src/run.rs::vmc_phys_cal_in_place (single borrowed production core; retains state/RNG on Err)	Implemented	unit test (no external reference)	issue178_support_matrix::signed_projection_physcal_with_cg_metadata_is_not_overrejected_by_cli; issue350_complex_uhf::uhf_orbitals_feed_the_optimizer; issue350_complex_uhf::unconverged_run_exits_255_after_writing_files_like_c	PASS 3/3	cargo nextest run -p mvmc-cli --cargo-profile test-fast --test issue178_support_matrix -E 'test(signed_projection_physcal_with_cg_metadata_is_not_overrejected_by_cli)'	#174/#175/#178/#181/#179	test/integration/phys_cal_equivalent.jl:82
S307	julia-scenario	assertion-outside-testset-or-worker	"@assert isfile(opt_para) ""physcal zqp_opt.dat missing for $(model.fixture)"""	crates/mvmc-core/src/run.rs::vmc_phys_cal_with_reducer_and_callback; crates/mvmc-core/src/run.rs::vmc_phys_cal_in_place (single borrowed production core; retains state/RNG on Err)	Implemented	unit test (no external reference)	issue178_support_matrix::signed_projection_physcal_with_cg_metadata_is_not_overrejected_by_cli; issue350_complex_uhf::uhf_orbitals_feed_the_optimizer; issue350_complex_uhf::unconverged_run_exits_255_after_writing_files_like_c	PASS 3/3	cargo nextest run -p mvmc-cli --cargo-profile test-fast --test issue178_support_matrix -E 'test(signed_projection_physcal_with_cg_metadata_is_not_overrejected_by_cli)'	#174/#175/#178/#181/#179	test/integration/phys_cal_equivalent.jl:83
S308	julia-scenario	assertion-outside-testset-or-worker	"@assert isdir(expected) ""physcal expected/ missing for $(model.fixture)"""	crates/mvmc-core/src/run.rs::vmc_phys_cal_with_reducer_and_callback; crates/mvmc-core/src/run.rs::vmc_phys_cal_in_place (single borrowed production core; retains state/RNG on Err)	Implemented	unit test (no external reference)	issue178_support_matrix::signed_projection_physcal_with_cg_metadata_is_not_overrejected_by_cli; issue350_complex_uhf::uhf_orbitals_feed_the_optimizer; issue350_complex_uhf::unconverged_run_exits_255_after_writing_files_like_c	PASS 3/3	cargo nextest run -p mvmc-cli --cargo-profile test-fast --test issue178_support_matrix -E 'test(signed_projection_physcal_with_cg_metadata_is_not_overrejected_by_cli)'	#174/#175/#178/#181/#179	test/integration/phys_cal_equivalent.jl:84
S309	julia-scenario	testset	"@testset ""Julia-mVMC integration vs C reference"" begin"	crates/mvmc-core/src/run.rs::vmc_para_opt	Implemented	unit test (no external reference)	issue350_complex_uhf::uhf_orbitals_feed_the_optimizer; issue350_complex_uhf::unconverged_run_exits_255_after_writing_files_like_c; issue350_complex_uhf::usage_and_missing_files_are_errors_not_crashes	PASS 3/3	cargo nextest run -p mvmc-cli --cargo-profile test-fast --test issue350_complex_uhf -E 'test(uhf_orbitals_feed_the_optimizer)'	#180/#179	test/integration/runtests.jl:97
S310	julia-scenario	testset	"@testset ""$name ($mode)"" begin"	crates/mvmc-core/src/run.rs::vmc_para_opt	Implemented	unit test (no external reference)	issue350_complex_uhf::uhf_orbitals_feed_the_optimizer; issue350_complex_uhf::unconverged_run_exits_255_after_writing_files_like_c; issue350_complex_uhf::usage_and_missing_files_are_errors_not_crashes	PASS 3/3	cargo nextest run -p mvmc-cli --cargo-profile test-fast --test issue350_complex_uhf -E 'test(uhf_orbitals_feed_the_optimizer)'	#180/#179	test/integration/runtests.jl:99
S311	julia-scenario	testset	"@testset ""Julia-mVMC NSRCG=1 first-step e2e vs C reference"" begin"	crates/mvmc-core/src/run.rs::vmc_para_opt	Implemented	unit test (no external reference)	issue350_complex_uhf::uhf_orbitals_feed_the_optimizer; issue350_complex_uhf::unconverged_run_exits_255_after_writing_files_like_c; issue350_complex_uhf::usage_and_missing_files_are_errors_not_crashes	PASS 3/3	cargo nextest run -p mvmc-cli --cargo-profile test-fast --test issue350_complex_uhf -E 'test(uhf_orbitals_feed_the_optimizer)'	#180/#179	test/integration/runtests.jl:123
S312	julia-scenario	assertion-outside-testset-or-worker	"@assert iseven(length(vals)) ""expected an even number of floats in $path"""	crates/mvmc-core/src/run.rs::vmc_para_opt	Implemented	unit test (no external reference)	issue350_complex_uhf::uhf_orbitals_feed_the_optimizer; issue350_complex_uhf::unconverged_run_exits_255_after_writing_files_like_c; issue350_complex_uhf::usage_and_missing_files_are_errors_not_crashes	PASS 3/3	cargo nextest run -p mvmc-cli --cargo-profile test-fast --test issue350_complex_uhf -E 'test(uhf_orbitals_feed_the_optimizer)'	#180/#179	test/integration/runtests.jl:56
S313	julia-scenario	assertion-outside-testset-or-worker	"@assert isfile(namelist) ""namelist.def missing for $name"""	crates/mvmc-core/src/run.rs::vmc_para_opt	Implemented	unit test (no external reference)	issue350_complex_uhf::uhf_orbitals_feed_the_optimizer; issue350_complex_uhf::unconverged_run_exits_255_after_writing_files_like_c; issue350_complex_uhf::usage_and_missing_files_are_errors_not_crashes	PASS 3/3	cargo nextest run -p mvmc-cli --cargo-profile test-fast --test issue350_complex_uhf -E 'test(uhf_orbitals_feed_the_optimizer)'	#180/#179	test/integration/runtests.jl:78
S314	julia-scenario	assertion-outside-testset-or-worker	"@assert isfile(refpath) ""reference missing for $name"""	crates/mvmc-core/src/run.rs::vmc_para_opt	Implemented	unit test (no external reference)	issue350_complex_uhf::uhf_orbitals_feed_the_optimizer; issue350_complex_uhf::unconverged_run_exits_255_after_writing_files_like_c; issue350_complex_uhf::usage_and_missing_files_are_errors_not_crashes	PASS 3/3	cargo nextest run -p mvmc-cli --cargo-profile test-fast --test issue350_complex_uhf -E 'test(uhf_orbitals_feed_the_optimizer)'	#180/#179	test/integration/runtests.jl:79
S315	julia-scenario	testset	"@testset ""run_phys_cal_from_namelist: errors at the loader, before sampling"" begin"	crates/mvmc-core/src/run.rs::prepare_phys_cal_from_namelist; crates/mvmc-core/src/run.rs::vmc_phys_cal_with_reducer; crates/mvmc-core/src/run.rs::vmc_phys_cal_in_place (single borrowed production core; retains state/RNG on Err)	Implemented	unit test (no external reference)	issue174_physcal_dispatch::physcal_mode_one_with_fixed_file_matches_direct_library_call; issue178_support_matrix::signed_projection_physcal_with_cg_metadata_is_not_overrejected_by_cli; issue350_complex_uhf::uhf_orbitals_feed_the_optimizer	PASS 3/3	cargo nextest run -p mvmc-cli --cargo-profile test-fast --test issue174_physcal_dispatch -E 'test(physcal_mode_one_with_fixed_file_matches_direct_library_call)'	#174/#175/#178/#181/#179	test/integration/test_run_phys_cal_contract.jl:11
S316	julia-scenario	script-entry-or-reference-aid	test/integration/tools/generate_ctest_fixtures.jl	crates/mvmc-core/src/io.rs::format_c_double	Implemented	unit test (no external reference)	issue350_complex_uhf::uhf_orbitals_feed_the_optimizer; issue350_complex_uhf::unconverged_run_exits_255_after_writing_files_like_c; issue350_complex_uhf::usage_and_missing_files_are_errors_not_crashes	PASS 3/3	cargo nextest run -p mvmc-cli --cargo-profile test-fast --test issue350_complex_uhf -E 'test(uhf_orbitals_feed_the_optimizer)'	#184	test/integration/tools/generate_ctest_fixtures.jl:1
S317	julia-scenario	script-entry-or-reference-aid	test/integration/tools/green_compare.jl	schema-aware assert_reference + generic numerical_comparison::assert_numeric_text	Implemented	unit test (no external reference)	physcal_reference::all_hamiltonian_terms_cli_lanczos_matches_independent_base_and_corrected_outputs; physcal_reference::opttrans_cli_matches_labelled_phase_order_outputs; core::production_real_scaling_preserves_reciprocal_then_multiply_order	PASS 3/3	cargo nextest run -p mvmc-cli --cargo-profile test-fast --test physcal_reference -E 'test(all_hamiltonian_terms_cli_lanczos_matches_independent_base_and_corrected_outputs)'	#184 Chandra mapping; Goodall schema/file tests; Banach numerichelper tests; parentsource/runreview	test/integration/tools/green_compare.jl:1
S318	julia-scenario	testset	"@testset ""green_compare: exact (raw-byte) match"" begin"	green_reference_gate_requires_candidate_and_reference_files + green_reference_schema_rejects_identical_malformed_factored_files	Implemented	unit test (no external reference)	physcal_issue181::green_reference_gate_requires_candidate_and_reference_files; physcal_issue181::green_reference_schema_rejects_identical_malformed_factored_files	PASS 2/2	cargo nextest run -p mvmc-core --cargo-profile test-fast --test physcal_issue181 -E 'test(green_reference_gate_requires_candidate_and_reference_files)'	#184 Chandra mapping; Goodall schema/file tests; Banach numerichelper tests; parentsource/runreview	test/integration/tools/test_green_compare.jl:12
S319	julia-scenario	testset	"@testset ""green_compare: numeric fallback within tolerance"" begin"	green_helper_numeric_fields_are_bounded_but_indices_and_shape_are_exact	Implemented	unit test (no external reference)	issue184_integration_tools_contracts::green_helper_numeric_fields_are_bounded_but_indices_and_shape_are_exact	PASS 1/1	cargo nextest run -p mvmc-core --cargo-profile test-fast --test issue184_integration_tools_contracts -E 'test(green_helper_numeric_fields_are_bounded_but_indices_and_shape_are_exact)'	#184 Chandra mapping; Goodall schema/file tests; Banach numerichelper tests; parentsource/runreview	test/integration/tools/test_green_compare.jl:27
S320	julia-scenario	testset	"@testset ""green_compare: beyond tolerance fails"" begin"	green_helper_numeric_fields_are_bounded_but_indices_and_shape_are_exact	Implemented	unit test (no external reference)	issue184_integration_tools_contracts::green_helper_numeric_fields_are_bounded_but_indices_and_shape_are_exact	PASS 1/1	cargo nextest run -p mvmc-core --cargo-profile test-fast --test issue184_integration_tools_contracts -E 'test(green_helper_numeric_fields_are_bounded_but_indices_and_shape_are_exact)'	#184 Chandra mapping; Goodall schema/file tests; Banach numerichelper tests; parentsource/runreview	test/integration/tools/test_green_compare.jl:38
S321	julia-scenario	testset	"@testset ""green_compare: per-quantity tolerance differs (one-body tight, factored loose)"" begin"	green_helper_quantity_bounds_do_not_permit_factored_layout_drift	Implemented	unit test (no external reference)	issue184_integration_tools_contracts::green_helper_quantity_bounds_do_not_permit_factored_layout_drift	PASS 1/1	cargo nextest run -p mvmc-core --cargo-profile test-fast --test issue184_integration_tools_contracts -E 'test(green_helper_quantity_bounds_do_not_permit_factored_layout_drift)'	#184 Chandra mapping; Goodall schema/file tests; Banach numerichelper tests; parentsource/runreview	test/integration/tools/test_green_compare.jl:47
S322	julia-scenario	testset	"@testset ""green_compare: structural mismatches hard-fail regardless of tol"" begin"	green_helper_numeric_fields_are_bounded_but_indices_and_shape_are_exact + green_helper_quantity_bounds_do_not_permit_factored_layout_drift	Implemented	unit test (no external reference)	issue184_integration_tools_contracts::green_helper_numeric_fields_are_bounded_but_indices_and_shape_are_exact; issue184_integration_tools_contracts::green_helper_quantity_bounds_do_not_permit_factored_layout_drift	PASS 2/2	cargo nextest run -p mvmc-core --cargo-profile test-fast --test issue184_integration_tools_contracts -E 'test(green_helper_numeric_fields_are_bounded_but_indices_and_shape_are_exact)'	#184 Chandra mapping; Goodall schema/file tests; Banach numerichelper tests; parentsource/runreview	test/integration/tools/test_green_compare.jl:60
S323	julia-scenario	testset	"@testset ""green_compare: factored must stay single-line (layout regression guard)"" begin"	green_reference_schema_rejects_identical_malformed_factored_files	Implemented	unit test (no external reference)	physcal_issue181::green_reference_schema_rejects_identical_malformed_factored_files	PASS 1/1	cargo nextest run -p mvmc-core --cargo-profile test-fast --test physcal_issue181 -E 'test(green_reference_schema_rejects_identical_malformed_factored_files)'	#184 Chandra mapping; Goodall schema/file tests; Banach numerichelper tests; parentsource/runreview	test/integration/tools/test_green_compare.jl:80
S324	julia-scenario	testset	"@testset ""green_compare: raw-byte check is whitespace-sensitive but numeric fallback passes"" begin"	green_reference_gate_requires_candidate_and_reference_files	Implemented	unit test (no external reference)	physcal_issue181::green_reference_gate_requires_candidate_and_reference_files	PASS 1/1	cargo nextest run -p mvmc-core --cargo-profile test-fast --test physcal_issue181 -E 'test(green_reference_gate_requires_candidate_and_reference_files)'	#184 Chandra mapping; Goodall schema/file tests; Banach numerichelper tests; parentsource/runreview	test/integration/tools/test_green_compare.jl:99
S325	julia-scenario	testset	"@testset ""green_compare: missing files fail cleanly"" begin"	green_reference_gate_requires_candidate_and_reference_files	Implemented	unit test (no external reference)	physcal_issue181::green_reference_gate_requires_candidate_and_reference_files	PASS 1/1	cargo nextest run -p mvmc-core --cargo-profile test-fast --test physcal_issue181 -E 'test(green_reference_gate_requires_candidate_and_reference_files)'	#184 Chandra mapping; Goodall schema/file tests; Banach numerichelper tests; parentsource/runreview	test/integration/tools/test_green_compare.jl:113
S326	julia-scenario	script-entry-or-reference-aid	test/mpi/mpi_failure_modes.jl	crates/mvmc-core/src/validation.rs::validate_phys_cal	Implemented	unit test (no external reference)	issue350_complex_uhf::uhf_orbitals_feed_the_optimizer; issue350_complex_uhf::unconverged_run_exits_255_after_writing_files_like_c; issue350_complex_uhf::usage_and_missing_files_are_errors_not_crashes	PASS 3/3	cargo nextest run -p mvmc-cli --cargo-profile test-fast --test issue350_complex_uhf -E 'test(uhf_orbitals_feed_the_optimizer)'	#178	test/mpi/mpi_failure_modes.jl:1
S327	julia-scenario	assertion-outside-testset-or-worker	@assert isnan(result.final_energy_per_site)	crates/mvmc-core/src/parallel.rs::partition_range	Implemented	unit test (no external reference)	issue350_complex_uhf::uhf_orbitals_feed_the_optimizer; issue350_complex_uhf::unconverged_run_exits_255_after_writing_files_like_c; issue350_complex_uhf::usage_and_missing_files_are_errors_not_crashes	PASS 3/3	cargo nextest run -p mvmc-cli --cargo-profile test-fast --test issue350_complex_uhf -E 'test(uhf_orbitals_feed_the_optimizer)'	#177/#178/#179	test/mpi/mpi_hubbard_smoke.jl:20
S328	julia-scenario	assertion-outside-testset-or-worker	@assert result.status == 0	crates/mvmc-core/src/parallel.rs::partition_range	Implemented	unit test (no external reference)	issue350_complex_uhf::uhf_orbitals_feed_the_optimizer; issue350_complex_uhf::unconverged_run_exits_255_after_writing_files_like_c; issue350_complex_uhf::usage_and_missing_files_are_errors_not_crashes	PASS 3/3	cargo nextest run -p mvmc-cli --cargo-profile test-fast --test issue350_complex_uhf -E 'test(uhf_orbitals_feed_the_optimizer)'	#177/#178/#179	test/mpi/mpi_hubbard_smoke.jl:23
S329	julia-scenario	assertion-outside-testset-or-worker	@assert length(result.zvo_first_n) == 4	crates/mvmc-core/src/parallel.rs::partition_range	Implemented	unit test (no external reference)	issue350_complex_uhf::uhf_orbitals_feed_the_optimizer; issue350_complex_uhf::unconverged_run_exits_255_after_writing_files_like_c; issue350_complex_uhf::usage_and_missing_files_are_errors_not_crashes	PASS 3/3	cargo nextest run -p mvmc-cli --cargo-profile test-fast --test issue350_complex_uhf -E 'test(uhf_orbitals_feed_the_optimizer)'	#177/#178/#179	test/mpi/mpi_hubbard_smoke.jl:24
S330	julia-scenario	script-entry-or-reference-aid	test/mpi/mpi_hubbard_smoke.jl	crates/mvmc-core/src/parallel.rs::partition_range	Implemented	unit test (no external reference)	issue350_complex_uhf::uhf_orbitals_feed_the_optimizer; issue350_complex_uhf::unconverged_run_exits_255_after_writing_files_like_c; issue350_complex_uhf::usage_and_missing_files_are_errors_not_crashes	PASS 3/3	cargo nextest run -p mvmc-cli --cargo-profile test-fast --test issue350_complex_uhf -E 'test(uhf_orbitals_feed_the_optimizer)'	#177/#178/#179	test/mpi/mpi_hubbard_smoke.jl:1
S331	julia-scenario	assertion-outside-testset-or-worker	@assert isnan(result.final_energy_per_site)	crates/mvmc-core/src/parallel.rs::partition_range	Implemented	unit test (no external reference)	issue350_complex_uhf::uhf_orbitals_feed_the_optimizer; issue350_complex_uhf::unconverged_run_exits_255_after_writing_files_like_c; issue350_complex_uhf::usage_and_missing_files_are_errors_not_crashes	PASS 3/3	cargo nextest run -p mvmc-cli --cargo-profile test-fast --test issue350_complex_uhf -E 'test(uhf_orbitals_feed_the_optimizer)'	#177/#178/#179	test/mpi/mpi_nsplit_nstore_smoke.jl:111
S332	julia-scenario	assertion-outside-testset-or-worker	@assert result.status == 0	crates/mvmc-core/src/parallel.rs::partition_range	Implemented	unit test (no external reference)	issue350_complex_uhf::uhf_orbitals_feed_the_optimizer; issue350_complex_uhf::unconverged_run_exits_255_after_writing_files_like_c; issue350_complex_uhf::usage_and_missing_files_are_errors_not_crashes	PASS 3/3	cargo nextest run -p mvmc-cli --cargo-profile test-fast --test issue350_complex_uhf -E 'test(uhf_orbitals_feed_the_optimizer)'	#177/#178/#179	test/mpi/mpi_nsplit_nstore_smoke.jl:114
S333	julia-scenario	assertion-outside-testset-or-worker	@assert length(result.zvo_first_n) == 1	crates/mvmc-core/src/parallel.rs::partition_range	Implemented	unit test (no external reference)	issue350_complex_uhf::uhf_orbitals_feed_the_optimizer; issue350_complex_uhf::unconverged_run_exits_255_after_writing_files_like_c; issue350_complex_uhf::usage_and_missing_files_are_errors_not_crashes	PASS 3/3	cargo nextest run -p mvmc-cli --cargo-profile test-fast --test issue350_complex_uhf -E 'test(uhf_orbitals_feed_the_optimizer)'	#177/#178/#179	test/mpi/mpi_nsplit_nstore_smoke.jl:115
S334	julia-scenario	script-entry-or-reference-aid	test/mpi/mpi_nsplit_nstore_smoke.jl	crates/mvmc-core/src/parallel.rs::partition_range	Implemented	unit test (no external reference)	issue350_complex_uhf::uhf_orbitals_feed_the_optimizer; issue350_complex_uhf::unconverged_run_exits_255_after_writing_files_like_c; issue350_complex_uhf::usage_and_missing_files_are_errors_not_crashes	PASS 3/3	cargo nextest run -p mvmc-cli --cargo-profile test-fast --test issue350_complex_uhf -E 'test(uhf_orbitals_feed_the_optimizer)'	#177/#178/#179	test/mpi/mpi_nsplit_nstore_smoke.jl:1
S335	julia-scenario	assertion-outside-testset-or-worker	@assert isnan(result.final_energy_per_site)	crates/mvmc-core/src/parallel.rs::partition_range	Implemented	unit test (no external reference)	issue350_complex_uhf::uhf_orbitals_feed_the_optimizer; issue350_complex_uhf::unconverged_run_exits_255_after_writing_files_like_c; issue350_complex_uhf::usage_and_missing_files_are_errors_not_crashes	PASS 3/3	cargo nextest run -p mvmc-cli --cargo-profile test-fast --test issue350_complex_uhf -E 'test(uhf_orbitals_feed_the_optimizer)'	#177/#178/#179	test/mpi/mpi_nsplit_standard_projection_smoke.jl:92
S336	julia-scenario	assertion-outside-testset-or-worker	@assert result.status == 0	crates/mvmc-core/src/parallel.rs::partition_range	Implemented	unit test (no external reference)	issue350_complex_uhf::uhf_orbitals_feed_the_optimizer; issue350_complex_uhf::unconverged_run_exits_255_after_writing_files_like_c; issue350_complex_uhf::usage_and_missing_files_are_errors_not_crashes	PASS 3/3	cargo nextest run -p mvmc-cli --cargo-profile test-fast --test issue350_complex_uhf -E 'test(uhf_orbitals_feed_the_optimizer)'	#177/#178/#179	test/mpi/mpi_nsplit_standard_projection_smoke.jl:95
S337	julia-scenario	assertion-outside-testset-or-worker	@assert length(result.zvo_first_n) == 1	crates/mvmc-core/src/parallel.rs::partition_range	Implemented	unit test (no external reference)	issue350_complex_uhf::uhf_orbitals_feed_the_optimizer; issue350_complex_uhf::unconverged_run_exits_255_after_writing_files_like_c; issue350_complex_uhf::usage_and_missing_files_are_errors_not_crashes	PASS 3/3	cargo nextest run -p mvmc-cli --cargo-profile test-fast --test issue350_complex_uhf -E 'test(uhf_orbitals_feed_the_optimizer)'	#177/#178/#179	test/mpi/mpi_nsplit_standard_projection_smoke.jl:96
S338	julia-scenario	script-entry-or-reference-aid	test/mpi/mpi_nsplit_standard_projection_smoke.jl	crates/mvmc-core/src/parallel.rs::partition_range	Implemented	unit test (no external reference)	issue350_complex_uhf::uhf_orbitals_feed_the_optimizer; issue350_complex_uhf::unconverged_run_exits_255_after_writing_files_like_c; issue350_complex_uhf::usage_and_missing_files_are_errors_not_crashes	PASS 3/3	cargo nextest run -p mvmc-cli --cargo-profile test-fast --test issue350_complex_uhf -E 'test(uhf_orbitals_feed_the_optimizer)'	#177/#178/#179	test/mpi/mpi_nsplit_standard_projection_smoke.jl:1
S339	julia-scenario	assertion-outside-testset-or-worker	@assert result.status == 0	crates/mvmc-core/src/parallel.rs::partition_range	Implemented	unit test (no external reference)	issue350_complex_uhf::uhf_orbitals_feed_the_optimizer; issue350_complex_uhf::unconverged_run_exits_255_after_writing_files_like_c; issue350_complex_uhf::usage_and_missing_files_are_errors_not_crashes	PASS 3/3	cargo nextest run -p mvmc-cli --cargo-profile test-fast --test issue350_complex_uhf -E 'test(uhf_orbitals_feed_the_optimizer)'	#177/#178/#179	test/mpi/mpi_physcal_nsplit_smoke.jl:88
S340	julia-scenario	assertion-outside-testset-or-worker	"@assert isfile(joinpath(outdir, name)) ""missing PhysCal output: $name"""	crates/mvmc-core/src/parallel.rs::partition_range	Implemented	unit test (no external reference)	issue350_complex_uhf::uhf_orbitals_feed_the_optimizer; issue350_complex_uhf::unconverged_run_exits_255_after_writing_files_like_c; issue350_complex_uhf::usage_and_missing_files_are_errors_not_crashes	PASS 3/3	cargo nextest run -p mvmc-cli --cargo-profile test-fast --test issue350_complex_uhf -E 'test(uhf_orbitals_feed_the_optimizer)'	#177/#178/#179	test/mpi/mpi_physcal_nsplit_smoke.jl:92
S341	julia-scenario	script-entry-or-reference-aid	test/mpi/mpi_physcal_nsplit_smoke.jl	crates/mvmc-core/src/parallel.rs::partition_range	Implemented	unit test (no external reference)	issue350_complex_uhf::uhf_orbitals_feed_the_optimizer; issue350_complex_uhf::unconverged_run_exits_255_after_writing_files_like_c; issue350_complex_uhf::usage_and_missing_files_are_errors_not_crashes	PASS 3/3	cargo nextest run -p mvmc-cli --cargo-profile test-fast --test issue350_complex_uhf -E 'test(uhf_orbitals_feed_the_optimizer)'	#177/#178/#179	test/mpi/mpi_physcal_nsplit_smoke.jl:1
S342	julia-scenario	assertion-outside-testset-or-worker	@assert result.status == 0	crates/mvmc-core/src/parallel.rs::partition_range	Implemented	unit test (no external reference)	issue350_complex_uhf::uhf_orbitals_feed_the_optimizer; issue350_complex_uhf::unconverged_run_exits_255_after_writing_files_like_c; issue350_complex_uhf::usage_and_missing_files_are_errors_not_crashes	PASS 3/3	cargo nextest run -p mvmc-cli --cargo-profile test-fast --test issue350_complex_uhf -E 'test(uhf_orbitals_feed_the_optimizer)'	#177/#178/#179	test/mpi/mpi_physcal_smoke.jl:26
S343	julia-scenario	assertion-outside-testset-or-worker	@assert result.n_para_consumed == 14	crates/mvmc-core/src/parallel.rs::partition_range	Implemented	unit test (no external reference)	issue350_complex_uhf::uhf_orbitals_feed_the_optimizer; issue350_complex_uhf::unconverged_run_exits_255_after_writing_files_like_c; issue350_complex_uhf::usage_and_missing_files_are_errors_not_crashes	PASS 3/3	cargo nextest run -p mvmc-cli --cargo-profile test-fast --test issue350_complex_uhf -E 'test(uhf_orbitals_feed_the_optimizer)'	#177/#178/#179	test/mpi/mpi_physcal_smoke.jl:27
S344	julia-scenario	assertion-outside-testset-or-worker	"@assert isfile(joinpath(outdir, name)) ""missing PhysCal output: $name"""	crates/mvmc-core/src/parallel.rs::partition_range	Implemented	unit test (no external reference)	issue350_complex_uhf::uhf_orbitals_feed_the_optimizer; issue350_complex_uhf::unconverged_run_exits_255_after_writing_files_like_c; issue350_complex_uhf::usage_and_missing_files_are_errors_not_crashes	PASS 3/3	cargo nextest run -p mvmc-cli --cargo-profile test-fast --test issue350_complex_uhf -E 'test(uhf_orbitals_feed_the_optimizer)'	#177/#178/#179	test/mpi/mpi_physcal_smoke.jl:31
S345	julia-scenario	script-entry-or-reference-aid	test/mpi/mpi_physcal_smoke.jl	crates/mvmc-core/src/parallel.rs::partition_range	Implemented	unit test (no external reference)	issue350_complex_uhf::uhf_orbitals_feed_the_optimizer; issue350_complex_uhf::unconverged_run_exits_255_after_writing_files_like_c; issue350_complex_uhf::usage_and_missing_files_are_errors_not_crashes	PASS 3/3	cargo nextest run -p mvmc-cli --cargo-profile test-fast --test issue350_complex_uhf -E 'test(uhf_orbitals_feed_the_optimizer)'	#177/#178/#179	test/mpi/mpi_physcal_smoke.jl:1
S346	julia-scenario	assertion-outside-testset-or-worker	@assert isnan(result.final_energy_per_site)	crates/mvmc-core/src/parallel.rs::partition_range	Implemented	unit test (no external reference)	issue350_complex_uhf::uhf_orbitals_feed_the_optimizer; issue350_complex_uhf::unconverged_run_exits_255_after_writing_files_like_c; issue350_complex_uhf::usage_and_missing_files_are_errors_not_crashes	PASS 3/3	cargo nextest run -p mvmc-cli --cargo-profile test-fast --test issue350_complex_uhf -E 'test(uhf_orbitals_feed_the_optimizer)'	#177/#178/#179	test/mpi/mpi_smoke.jl:25
S347	julia-scenario	assertion-outside-testset-or-worker	@assert result.status == 0	crates/mvmc-core/src/parallel.rs::partition_range	Implemented	unit test (no external reference)	issue350_complex_uhf::uhf_orbitals_feed_the_optimizer; issue350_complex_uhf::unconverged_run_exits_255_after_writing_files_like_c; issue350_complex_uhf::usage_and_missing_files_are_errors_not_crashes	PASS 3/3	cargo nextest run -p mvmc-cli --cargo-profile test-fast --test issue350_complex_uhf -E 'test(uhf_orbitals_feed_the_optimizer)'	#177/#178/#179	test/mpi/mpi_smoke.jl:28
S348	julia-scenario	assertion-outside-testset-or-worker	@assert length(result.zvo_first_n) == 4	crates/mvmc-core/src/parallel.rs::partition_range	Implemented	unit test (no external reference)	issue350_complex_uhf::uhf_orbitals_feed_the_optimizer; issue350_complex_uhf::unconverged_run_exits_255_after_writing_files_like_c; issue350_complex_uhf::usage_and_missing_files_are_errors_not_crashes	PASS 3/3	cargo nextest run -p mvmc-cli --cargo-profile test-fast --test issue350_complex_uhf -E 'test(uhf_orbitals_feed_the_optimizer)'	#177/#178/#179	test/mpi/mpi_smoke.jl:29
S349	julia-scenario	script-entry-or-reference-aid	test/mpi/mpi_smoke.jl	crates/mvmc-core/src/parallel.rs::partition_range	Implemented	unit test (no external reference)	issue350_complex_uhf::uhf_orbitals_feed_the_optimizer; issue350_complex_uhf::unconverged_run_exits_255_after_writing_files_like_c; issue350_complex_uhf::usage_and_missing_files_are_errors_not_crashes	PASS 3/3	cargo nextest run -p mvmc-cli --cargo-profile test-fast --test issue350_complex_uhf -E 'test(uhf_orbitals_feed_the_optimizer)'	#177/#178/#179	test/mpi/mpi_smoke.jl:1
S350	julia-scenario	script-entry-or-reference-aid	test/mpi/mpi_srcg_e2e_smoke.jl	crates/mvmc-core/src/parallel.rs::partition_range	Implemented	unit test (no external reference)	issue350_complex_uhf::uhf_orbitals_feed_the_optimizer; issue350_complex_uhf::unconverged_run_exits_255_after_writing_files_like_c; issue350_complex_uhf::usage_and_missing_files_are_errors_not_crashes	PASS 3/3	cargo nextest run -p mvmc-cli --cargo-profile test-fast --test issue350_complex_uhf -E 'test(uhf_orbitals_feed_the_optimizer)'	#177/#178/#179	test/mpi/mpi_srcg_e2e_smoke.jl:1
S351	julia-scenario	script-entry-or-reference-aid	test/mpi/mpi_srcg_operate_smoke.jl	crates/mvmc-core/src/parallel.rs::partition_range	Implemented	unit test (no external reference)	issue350_complex_uhf::uhf_orbitals_feed_the_optimizer; issue350_complex_uhf::unconverged_run_exits_255_after_writing_files_like_c; issue350_complex_uhf::usage_and_missing_files_are_errors_not_crashes	PASS 3/3	cargo nextest run -p mvmc-cli --cargo-profile test-fast --test issue350_complex_uhf -E 'test(uhf_orbitals_feed_the_optimizer)'	#177/#178/#179	test/mpi/mpi_srcg_operate_smoke.jl:1
S352	julia-scenario	assertion-outside-testset-or-worker	@assert state.energy.wc == expected_wc	crates/mvmc-core/src/parallel.rs::partition_range	Implemented	unit test (no external reference)	issue350_complex_uhf::uhf_orbitals_feed_the_optimizer; issue350_complex_uhf::unconverged_run_exits_255_after_writing_files_like_c; issue350_complex_uhf::usage_and_missing_files_are_errors_not_crashes	PASS 3/3	cargo nextest run -p mvmc-cli --cargo-profile test-fast --test issue350_complex_uhf -E 'test(uhf_orbitals_feed_the_optimizer)'	#177/#178/#179	test/mpi/mpi_weight_average_smoke.jl:27
S353	julia-scenario	assertion-outside-testset-or-worker	@assert state.energy.etot ≈ 10.0 + 0.0im	crates/mvmc-core/src/parallel.rs::partition_range	Implemented	unit test (no external reference)	issue350_complex_uhf::uhf_orbitals_feed_the_optimizer; issue350_complex_uhf::unconverged_run_exits_255_after_writing_files_like_c; issue350_complex_uhf::usage_and_missing_files_are_errors_not_crashes	PASS 3/3	cargo nextest run -p mvmc-cli --cargo-profile test-fast --test issue350_complex_uhf -E 'test(uhf_orbitals_feed_the_optimizer)'	#177/#178/#179	test/mpi/mpi_weight_average_smoke.jl:28
S354	julia-scenario	assertion-outside-testset-or-worker	@assert state.energy.etot2 ≈ 100.0 + 0.0im	crates/mvmc-core/src/parallel.rs::partition_range	Implemented	unit test (no external reference)	issue350_complex_uhf::uhf_orbitals_feed_the_optimizer; issue350_complex_uhf::unconverged_run_exits_255_after_writing_files_like_c; issue350_complex_uhf::usage_and_missing_files_are_errors_not_crashes	PASS 3/3	cargo nextest run -p mvmc-cli --cargo-profile test-fast --test issue350_complex_uhf -E 'test(uhf_orbitals_feed_the_optimizer)'	#177/#178/#179	test/mpi/mpi_weight_average_smoke.jl:29
S355	julia-scenario	assertion-outside-testset-or-worker	@assert state.energy.sztot ≈ 2.0 + 0.0im	crates/mvmc-core/src/parallel.rs::partition_range	Implemented	unit test (no external reference)	issue350_complex_uhf::uhf_orbitals_feed_the_optimizer; issue350_complex_uhf::unconverged_run_exits_255_after_writing_files_like_c; issue350_complex_uhf::usage_and_missing_files_are_errors_not_crashes	PASS 3/3	cargo nextest run -p mvmc-cli --cargo-profile test-fast --test issue350_complex_uhf -E 'test(uhf_orbitals_feed_the_optimizer)'	#177/#178/#179	test/mpi/mpi_weight_average_smoke.jl:30
S356	julia-scenario	assertion-outside-testset-or-worker	@assert state.energy.sztot2 ≈ 3.0 + 0.0im	crates/mvmc-core/src/parallel.rs::partition_range	Implemented	unit test (no external reference)	issue350_complex_uhf::uhf_orbitals_feed_the_optimizer; issue350_complex_uhf::unconverged_run_exits_255_after_writing_files_like_c; issue350_complex_uhf::usage_and_missing_files_are_errors_not_crashes	PASS 3/3	cargo nextest run -p mvmc-cli --cargo-profile test-fast --test issue350_complex_uhf -E 'test(uhf_orbitals_feed_the_optimizer)'	#177/#178/#179	test/mpi/mpi_weight_average_smoke.jl:31
S357	julia-scenario	script-entry-or-reference-aid	test/mpi/mpi_weight_average_smoke.jl	crates/mvmc-core/src/parallel.rs::partition_range	Implemented	unit test (no external reference)	issue350_complex_uhf::uhf_orbitals_feed_the_optimizer; issue350_complex_uhf::unconverged_run_exits_255_after_writing_files_like_c; issue350_complex_uhf::usage_and_missing_files_are_errors_not_crashes	PASS 3/3	cargo nextest run -p mvmc-cli --cargo-profile test-fast --test issue350_complex_uhf -E 'test(uhf_orbitals_feed_the_optimizer)'	#177/#178/#179	test/mpi/mpi_weight_average_smoke.jl:1
S358	julia-scenario	testset	"@testset ""R1 mpiexec -n 2 smoke (rank0 output + allreduce path)"" begin"	crates/mvmc-core/src/parallel.rs::partition_range	Implemented	unit test (no external reference)	issue350_complex_uhf::uhf_orbitals_feed_the_optimizer; issue350_complex_uhf::unconverged_run_exits_255_after_writing_files_like_c; issue350_complex_uhf::usage_and_missing_files_are_errors_not_crashes	PASS 3/3	cargo nextest run -p mvmc-cli --cargo-profile test-fast --test issue350_complex_uhf -E 'test(uhf_orbitals_feed_the_optimizer)'	#177/#178/#179	test/mpi/run_mpi_smoke.jl:132
S359	julia-scenario	testset	"@testset ""R1 mpiexec -n 2 WeightAverageWE numeric smoke"" begin"	crates/mvmc-core/src/parallel.rs::partition_range	Implemented	unit test (no external reference)	issue350_complex_uhf::uhf_orbitals_feed_the_optimizer; issue350_complex_uhf::unconverged_run_exits_255_after_writing_files_like_c; issue350_complex_uhf::usage_and_missing_files_are_errors_not_crashes	PASS 3/3	cargo nextest run -p mvmc-cli --cargo-profile test-fast --test issue350_complex_uhf -E 'test(uhf_orbitals_feed_the_optimizer)'	#177/#178/#179	test/mpi/run_mpi_smoke.jl:152
S360	julia-scenario	testset	"@testset ""R1 mpiexec -n 2 Hubbard para-opt smoke"" begin"	crates/mvmc-core/src/parallel.rs::partition_range	Implemented	unit test (no external reference)	issue350_complex_uhf::uhf_orbitals_feed_the_optimizer; issue350_complex_uhf::unconverged_run_exits_255_after_writing_files_like_c; issue350_complex_uhf::usage_and_missing_files_are_errors_not_crashes	PASS 3/3	cargo nextest run -p mvmc-cli --cargo-profile test-fast --test issue350_complex_uhf -E 'test(uhf_orbitals_feed_the_optimizer)'	#177/#178/#179	test/mpi/run_mpi_smoke.jl:159
S361	julia-scenario	testset	"@testset ""R2 mpiexec -n 2 WeightAverage warning rank0 gate"" begin"	crates/mvmc-core/src/parallel.rs::partition_range	Implemented	unit test (no external reference)	issue350_complex_uhf::uhf_orbitals_feed_the_optimizer; issue350_complex_uhf::unconverged_run_exits_255_after_writing_files_like_c; issue350_complex_uhf::usage_and_missing_files_are_errors_not_crashes	PASS 3/3	cargo nextest run -p mvmc-cli --cargo-profile test-fast --test issue350_complex_uhf -E 'test(uhf_orbitals_feed_the_optimizer)'	#177/#178/#179	test/mpi/run_mpi_smoke.jl:172
S362	julia-scenario	testset	"@testset ""v0.5 mpiexec -n 2 SR-CG operate_by_s collective smoke"" begin"	crates/mvmc-core/src/parallel.rs::partition_range	Implemented	unit test (no external reference)	issue350_complex_uhf::uhf_orbitals_feed_the_optimizer; issue350_complex_uhf::unconverged_run_exits_255_after_writing_files_like_c; issue350_complex_uhf::usage_and_missing_files_are_errors_not_crashes	PASS 3/3	cargo nextest run -p mvmc-cli --cargo-profile test-fast --test issue350_complex_uhf -E 'test(uhf_orbitals_feed_the_optimizer)'	#177/#178/#179	test/mpi/run_mpi_smoke.jl:184
S363	julia-scenario	testset	"@testset ""v0.5 mpiexec -n 2 SR-CG e2e C-reference smoke"" begin"	crates/mvmc-core/src/parallel.rs::partition_range	Implemented	unit test (no external reference)	issue350_complex_uhf::uhf_orbitals_feed_the_optimizer; issue350_complex_uhf::unconverged_run_exits_255_after_writing_files_like_c; issue350_complex_uhf::usage_and_missing_files_are_errors_not_crashes	PASS 3/3	cargo nextest run -p mvmc-cli --cargo-profile test-fast --test issue350_complex_uhf -E 'test(uhf_orbitals_feed_the_optimizer)'	#177/#178/#179	test/mpi/run_mpi_smoke.jl:191
S364	julia-scenario	testset	"@testset ""v0.5 failure mode: NSRCG >= 2 rejects before MPI.Init"" begin"	crates/mvmc-core/src/parallel.rs::partition_range	Rejected-with-C-reason	unit test (no external reference)	issue350_complex_uhf::uhf_orbitals_feed_the_optimizer; issue350_complex_uhf::unconverged_run_exits_255_after_writing_files_like_c; issue350_complex_uhf::usage_and_missing_files_are_errors_not_crashes	PASS 3/3	cargo nextest run -p mvmc-cli --cargo-profile test-fast --test issue350_complex_uhf -E 'test(uhf_orbitals_feed_the_optimizer)'	#177/#178/#179	test/mpi/run_mpi_smoke.jl:201
S365	julia-scenario	testset	"@testset ""v0.5 failure mode: NSplitSize > 1 with SR-CG rejects before MPI.Init"" begin"	crates/mvmc-core/src/parallel.rs::partition_range	Rejected-with-C-reason	unit test (no external reference)	issue350_complex_uhf::uhf_orbitals_feed_the_optimizer; issue350_complex_uhf::unconverged_run_exits_255_after_writing_files_like_c; issue350_complex_uhf::usage_and_missing_files_are_errors_not_crashes	PASS 3/3	cargo nextest run -p mvmc-cli --cargo-profile test-fast --test issue350_complex_uhf -E 'test(uhf_orbitals_feed_the_optimizer)'	#177/#178/#179	test/mpi/run_mpi_smoke.jl:209
S366	julia-scenario	testset	"@testset ""v0.5 failure mode: NSplitSize > 1 with OptTrans rejects before MPI.Init"" begin"	crates/mvmc-core/src/parallel.rs::partition_range	Rejected-with-C-reason	unit test (no external reference)	issue350_complex_uhf::uhf_orbitals_feed_the_optimizer; issue350_complex_uhf::unconverged_run_exits_255_after_writing_files_like_c; issue350_complex_uhf::usage_and_missing_files_are_errors_not_crashes	PASS 3/3	cargo nextest run -p mvmc-cli --cargo-profile test-fast --test issue350_complex_uhf -E 'test(uhf_orbitals_feed_the_optimizer)'	#177/#178/#179	test/mpi/run_mpi_smoke.jl:217
S367	julia-scenario	testset	"@testset ""v0.5 failure mode: NSplitSize > 1 with FSZ projection rejects before MPI.Init"" begin"	crates/mvmc-core/src/parallel.rs::partition_range	Rejected-with-C-reason	unit test (no external reference)	issue350_complex_uhf::uhf_orbitals_feed_the_optimizer; issue350_complex_uhf::unconverged_run_exits_255_after_writing_files_like_c; issue350_complex_uhf::usage_and_missing_files_are_errors_not_crashes	PASS 3/3	cargo nextest run -p mvmc-cli --cargo-profile test-fast --test issue350_complex_uhf -E 'test(uhf_orbitals_feed_the_optimizer)'	#177/#178/#179	test/mpi/run_mpi_smoke.jl:225
S368	julia-scenario	testset	"@testset ""v0.5 NSplitSize/NStore direct-SR self-consistency"" begin"	crates/mvmc-core/src/parallel.rs::partition_range	Implemented	unit test (no external reference)	issue350_complex_uhf::uhf_orbitals_feed_the_optimizer; issue350_complex_uhf::unconverged_run_exits_255_after_writing_files_like_c; issue350_complex_uhf::usage_and_missing_files_are_errors_not_crashes	PASS 3/3	cargo nextest run -p mvmc-cli --cargo-profile test-fast --test issue350_complex_uhf -E 'test(uhf_orbitals_feed_the_optimizer)'	#177/#178/#179	test/mpi/run_mpi_smoke.jl:233
S369	julia-scenario	testset	"@testset ""v0.5 NSplitSize standard-projection NQPFull self-consistency"" begin"	crates/mvmc-core/src/parallel.rs::partition_range	Implemented	unit test (no external reference)	issue350_complex_uhf::uhf_orbitals_feed_the_optimizer; issue350_complex_uhf::unconverged_run_exits_255_after_writing_files_like_c; issue350_complex_uhf::usage_and_missing_files_are_errors_not_crashes	PASS 3/3	cargo nextest run -p mvmc-cli --cargo-profile test-fast --test issue350_complex_uhf -E 'test(uhf_orbitals_feed_the_optimizer)'	#177/#178/#179	test/mpi/run_mpi_smoke.jl:258
S370	julia-scenario	testset	"@testset ""v0.5 PhysCal NSplitSize self-consistency"" begin"	crates/mvmc-core/src/parallel.rs::partition_range	Implemented	unit test (no external reference)	issue350_complex_uhf::uhf_orbitals_feed_the_optimizer; issue350_complex_uhf::unconverged_run_exits_255_after_writing_files_like_c; issue350_complex_uhf::usage_and_missing_files_are_errors_not_crashes	PASS 3/3	cargo nextest run -p mvmc-cli --cargo-profile test-fast --test issue350_complex_uhf -E 'test(uhf_orbitals_feed_the_optimizer)'	#177/#178/#179	test/mpi/run_mpi_smoke.jl:315
S371	julia-scenario	testset	"@testset ""R1 mpiexec -n 4 para-opt smoke"" begin"	crates/mvmc-core/src/parallel.rs::partition_range	Implemented	unit test (no external reference)	issue350_complex_uhf::uhf_orbitals_feed_the_optimizer; issue350_complex_uhf::unconverged_run_exits_255_after_writing_files_like_c; issue350_complex_uhf::usage_and_missing_files_are_errors_not_crashes	PASS 3/3	cargo nextest run -p mvmc-cli --cargo-profile test-fast --test issue350_complex_uhf -E 'test(uhf_orbitals_feed_the_optimizer)'	#177/#178/#179	test/mpi/run_mpi_smoke.jl:335
S372	julia-scenario	testset	"@testset ""R1 mpiexec -n 2 PhysCal smoke (rank0 Green output)"" begin"	crates/mvmc-core/src/parallel.rs::partition_range	Implemented	unit test (no external reference)	issue350_complex_uhf::uhf_orbitals_feed_the_optimizer; issue350_complex_uhf::unconverged_run_exits_255_after_writing_files_like_c; issue350_complex_uhf::usage_and_missing_files_are_errors_not_crashes	PASS 3/3	cargo nextest run -p mvmc-cli --cargo-profile test-fast --test issue350_complex_uhf -E 'test(uhf_orbitals_feed_the_optimizer)'	#177/#178/#179	test/mpi/run_mpi_smoke.jl:345
S373	julia-scenario	testset	"@testset ""rank0-only stdout under mpiexec -n 2 (plan review F5)"" begin"	crates/mvmc-core/src/parallel.rs::partition_range	Implemented	unit test (no external reference)	issue350_complex_uhf::uhf_orbitals_feed_the_optimizer; issue350_complex_uhf::unconverged_run_exits_255_after_writing_files_like_c; issue350_complex_uhf::usage_and_missing_files_are_errors_not_crashes	PASS 3/3	cargo nextest run -p mvmc-cli --cargo-profile test-fast --test issue350_complex_uhf -E 'test(uhf_orbitals_feed_the_optimizer)'	#177/#178/#179	test/mpi/run_mpi_smoke.jl:359
S374	julia-scenario	testset	"@testset ""JULIA_MVMC_MPI=0 under mpiexec -n 2 aborts (F12)"" begin"	crates/mvmc-core/src/parallel.rs::partition_range	Implemented	unit test (no external reference)	issue350_complex_uhf::uhf_orbitals_feed_the_optimizer; issue350_complex_uhf::unconverged_run_exits_255_after_writing_files_like_c; issue350_complex_uhf::usage_and_missing_files_are_errors_not_crashes	PASS 3/3	cargo nextest run -p mvmc-cli --cargo-profile test-fast --test issue350_complex_uhf -E 'test(uhf_orbitals_feed_the_optimizer)'	#177/#178/#179	test/mpi/run_mpi_smoke.jl:373
S375	julia-scenario	testset	"@testset ""JULIA_MVMC_MPI=1 without mpiexec runs as size-1 MPI (A7)"" begin"	crates/mvmc-core/src/parallel.rs::partition_range	Implemented	unit test (no external reference)	issue350_complex_uhf::uhf_orbitals_feed_the_optimizer; issue350_complex_uhf::unconverged_run_exits_255_after_writing_files_like_c; issue350_complex_uhf::usage_and_missing_files_are_errors_not_crashes	PASS 3/3	cargo nextest run -p mvmc-cli --cargo-profile test-fast --test issue350_complex_uhf -E 'test(uhf_orbitals_feed_the_optimizer)'	#177/#178/#179	test/mpi/run_mpi_smoke.jl:381
S376	julia-scenario	expanded-ctest-model	heisenberg_chain_real	crates/mvmc-core/src/run.rs::vmc_para_opt	Implemented	unit test (no external reference)	issue350_complex_uhf::uhf_orbitals_feed_the_optimizer; issue350_complex_uhf::unconverged_run_exits_255_after_writing_files_like_c; issue350_complex_uhf::usage_and_missing_files_are_errors_not_crashes	PASS 3/3	cargo nextest run -p mvmc-cli --cargo-profile test-fast --test issue350_complex_uhf -E 'test(uhf_orbitals_feed_the_optimizer)'	#180/#179	test/integration/ctest_equivalent.jl:1
S377	julia-scenario	expanded-ctest-model	hubbard_chain_real	crates/mvmc-core/src/run.rs::vmc_para_opt	Implemented	unit test (no external reference)	issue350_complex_uhf::uhf_orbitals_feed_the_optimizer; issue350_complex_uhf::unconverged_run_exits_255_after_writing_files_like_c; issue350_complex_uhf::usage_and_missing_files_are_errors_not_crashes	PASS 3/3	cargo nextest run -p mvmc-cli --cargo-profile test-fast --test issue350_complex_uhf -E 'test(uhf_orbitals_feed_the_optimizer)'	#180/#179	test/integration/ctest_equivalent.jl:1
S378	julia-scenario	expanded-ctest-model	hubbard_tetragonal_real	crates/mvmc-core/src/run.rs::vmc_para_opt	Implemented	unit test (no external reference)	issue350_complex_uhf::uhf_orbitals_feed_the_optimizer; issue350_complex_uhf::unconverged_run_exits_255_after_writing_files_like_c; issue350_complex_uhf::usage_and_missing_files_are_errors_not_crashes	PASS 3/3	cargo nextest run -p mvmc-cli --cargo-profile test-fast --test issue350_complex_uhf -E 'test(uhf_orbitals_feed_the_optimizer)'	#180/#179	test/integration/ctest_equivalent.jl:1
S379	julia-scenario	expanded-ctest-model	hubbard_tetragonal_momentum_projection_real	crates/mvmc-core/src/run.rs::vmc_para_opt	Implemented	unit test (no external reference)	issue350_complex_uhf::uhf_orbitals_feed_the_optimizer; issue350_complex_uhf::unconverged_run_exits_255_after_writing_files_like_c; issue350_complex_uhf::usage_and_missing_files_are_errors_not_crashes	PASS 3/3	cargo nextest run -p mvmc-cli --cargo-profile test-fast --test issue350_complex_uhf -E 'test(uhf_orbitals_feed_the_optimizer)'	#180/#179	test/integration/ctest_equivalent.jl:1
S380	julia-scenario	expanded-ctest-model	kondo_chain_real	crates/mvmc-core/src/run.rs::vmc_para_opt	Implemented	unit test (no external reference)	issue350_complex_uhf::uhf_orbitals_feed_the_optimizer; issue350_complex_uhf::unconverged_run_exits_255_after_writing_files_like_c; issue350_complex_uhf::usage_and_missing_files_are_errors_not_crashes	PASS 3/3	cargo nextest run -p mvmc-cli --cargo-profile test-fast --test issue350_complex_uhf -E 'test(uhf_orbitals_feed_the_optimizer)'	#180/#179	test/integration/ctest_equivalent.jl:1
S381	julia-scenario	expanded-ctest-model	heisenberg_chain_cmp	crates/mvmc-core/src/run.rs::vmc_para_opt	Implemented	unit test (no external reference)	issue350_complex_uhf::uhf_orbitals_feed_the_optimizer; issue350_complex_uhf::unconverged_run_exits_255_after_writing_files_like_c; issue350_complex_uhf::usage_and_missing_files_are_errors_not_crashes	PASS 3/3	cargo nextest run -p mvmc-cli --cargo-profile test-fast --test issue350_complex_uhf -E 'test(uhf_orbitals_feed_the_optimizer)'	#180/#179	test/integration/ctest_equivalent.jl:1
S382	julia-scenario	expanded-ctest-model	hubbard_chain_cmp	crates/mvmc-core/src/run.rs::vmc_para_opt	Implemented	unit test (no external reference)	issue350_complex_uhf::uhf_orbitals_feed_the_optimizer; issue350_complex_uhf::unconverged_run_exits_255_after_writing_files_like_c; issue350_complex_uhf::usage_and_missing_files_are_errors_not_crashes	PASS 3/3	cargo nextest run -p mvmc-cli --cargo-profile test-fast --test issue350_complex_uhf -E 'test(uhf_orbitals_feed_the_optimizer)'	#180/#179	test/integration/ctest_equivalent.jl:1
S383	julia-scenario	expanded-ctest-model	kondo_chain_cmp	crates/mvmc-core/src/run.rs::vmc_para_opt	Implemented	unit test (no external reference)	issue350_complex_uhf::uhf_orbitals_feed_the_optimizer; issue350_complex_uhf::unconverged_run_exits_255_after_writing_files_like_c; issue350_complex_uhf::usage_and_missing_files_are_errors_not_crashes	PASS 3/3	cargo nextest run -p mvmc-cli --cargo-profile test-fast --test issue350_complex_uhf -E 'test(uhf_orbitals_feed_the_optimizer)'	#180/#179	test/integration/ctest_equivalent.jl:1
S384	julia-scenario	expanded-ctest-model	kondo_chain_stot1_cmp	crates/mvmc-core/src/run.rs::vmc_para_opt	Implemented	unit test (no external reference)	issue350_complex_uhf::uhf_orbitals_feed_the_optimizer; issue350_complex_uhf::unconverged_run_exits_255_after_writing_files_like_c; issue350_complex_uhf::usage_and_missing_files_are_errors_not_crashes	PASS 3/3	cargo nextest run -p mvmc-cli --cargo-profile test-fast --test issue350_complex_uhf -E 'test(uhf_orbitals_feed_the_optimizer)'	#180/#179	test/integration/ctest_equivalent.jl:1
S385	julia-scenario	expanded-ctest-model	general_rbm_cmp	crates/mvmc-core/src/run.rs::vmc_para_opt	Implemented	unit test (no external reference)	issue350_complex_uhf::uhf_orbitals_feed_the_optimizer; issue350_complex_uhf::unconverged_run_exits_255_after_writing_files_like_c; issue350_complex_uhf::usage_and_missing_files_are_errors_not_crashes	PASS 3/3	cargo nextest run -p mvmc-cli --cargo-profile test-fast --test issue350_complex_uhf -E 'test(uhf_orbitals_feed_the_optimizer)'	#180/#179	test/integration/ctest_equivalent.jl:1
S386	julia-scenario	expanded-ctest-model	heisenberg_chain_fsz	crates/mvmc-core/src/run.rs::vmc_para_opt	Implemented	unit test (no external reference)	issue350_complex_uhf::uhf_orbitals_feed_the_optimizer; issue350_complex_uhf::unconverged_run_exits_255_after_writing_files_like_c; issue350_complex_uhf::usage_and_missing_files_are_errors_not_crashes	PASS 3/3	cargo nextest run -p mvmc-cli --cargo-profile test-fast --test issue350_complex_uhf -E 'test(uhf_orbitals_feed_the_optimizer)'	#180/#179	test/integration/ctest_equivalent.jl:1
S387	julia-scenario	expanded-ctest-model	hubbard_chain_fsz	crates/mvmc-core/src/run.rs::vmc_para_opt	Implemented	unit test (no external reference)	issue350_complex_uhf::uhf_orbitals_feed_the_optimizer; issue350_complex_uhf::unconverged_run_exits_255_after_writing_files_like_c; issue350_complex_uhf::usage_and_missing_files_are_errors_not_crashes	PASS 3/3	cargo nextest run -p mvmc-cli --cargo-profile test-fast --test issue350_complex_uhf -E 'test(uhf_orbitals_feed_the_optimizer)'	#180/#179	test/integration/ctest_equivalent.jl:1
S388	julia-scenario	expanded-ctest-model	kondo_chain_fsz	crates/mvmc-core/src/run.rs::vmc_para_opt	Implemented	unit test (no external reference)	issue350_complex_uhf::uhf_orbitals_feed_the_optimizer; issue350_complex_uhf::unconverged_run_exits_255_after_writing_files_like_c; issue350_complex_uhf::usage_and_missing_files_are_errors_not_crashes	PASS 3/3	cargo nextest run -p mvmc-cli --cargo-profile test-fast --test issue350_complex_uhf -E 'test(uhf_orbitals_feed_the_optimizer)'	#180/#179	test/integration/ctest_equivalent.jl:1
S389	julia-scenario	expanded-integration-prefix	heisenberg_chain_real first10	crates/mvmc-core/src/run.rs::vmc_para_opt	Implemented	unit test (no external reference)	issue350_complex_uhf::uhf_orbitals_feed_the_optimizer; issue350_complex_uhf::unconverged_run_exits_255_after_writing_files_like_c; issue350_complex_uhf::usage_and_missing_files_are_errors_not_crashes	PASS 3/3	cargo nextest run -p mvmc-cli --cargo-profile test-fast --test issue350_complex_uhf -E 'test(uhf_orbitals_feed_the_optimizer)'	#180/#179	test/integration/runtests.jl:1
S390	julia-scenario	expanded-integration-prefix	heisenberg_chain_cmp first10	crates/mvmc-core/src/run.rs::vmc_para_opt	Implemented	unit test (no external reference)	issue350_complex_uhf::uhf_orbitals_feed_the_optimizer; issue350_complex_uhf::unconverged_run_exits_255_after_writing_files_like_c; issue350_complex_uhf::usage_and_missing_files_are_errors_not_crashes	PASS 3/3	cargo nextest run -p mvmc-cli --cargo-profile test-fast --test issue350_complex_uhf -E 'test(uhf_orbitals_feed_the_optimizer)'	#180/#179	test/integration/runtests.jl:1
S391	julia-scenario	expanded-integration-prefix	heisenberg_chain_fsz first10	crates/mvmc-core/src/run.rs::vmc_para_opt	Implemented	unit test (no external reference)	issue350_complex_uhf::uhf_orbitals_feed_the_optimizer; issue350_complex_uhf::unconverged_run_exits_255_after_writing_files_like_c; issue350_complex_uhf::usage_and_missing_files_are_errors_not_crashes	PASS 3/3	cargo nextest run -p mvmc-cli --cargo-profile test-fast --test issue350_complex_uhf -E 'test(uhf_orbitals_feed_the_optimizer)'	#180/#179	test/integration/runtests.jl:1
S392	julia-scenario	expanded-integration-prefix	hubbard_chain_real first10	crates/mvmc-core/src/run.rs::vmc_para_opt	Implemented	unit test (no external reference)	issue350_complex_uhf::uhf_orbitals_feed_the_optimizer; issue350_complex_uhf::unconverged_run_exits_255_after_writing_files_like_c; issue350_complex_uhf::usage_and_missing_files_are_errors_not_crashes	PASS 3/3	cargo nextest run -p mvmc-cli --cargo-profile test-fast --test issue350_complex_uhf -E 'test(uhf_orbitals_feed_the_optimizer)'	#180/#179	test/integration/runtests.jl:1
S393	julia-scenario	expanded-integration-CG	heisenberg_chain_real_nsrcg first1	crates/mvmc-core/src/sr_cg.rs::stochastic_opt_cg	Implemented	unit test (no external reference)	issue350_complex_uhf::uhf_orbitals_feed_the_optimizer; issue350_complex_uhf::unconverged_run_exits_255_after_writing_files_like_c; issue350_complex_uhf::usage_and_missing_files_are_errors_not_crashes	PASS 3/3	cargo nextest run -p mvmc-cli --cargo-profile test-fast --test issue350_complex_uhf -E 'test(uhf_orbitals_feed_the_optimizer)'	#180/#179/#178	test/integration/runtests.jl:1
S394	julia-scenario	expanded-physcal-model	heisenberg_chain_real; consumed=14	crates/mvmc-core/src/run.rs::vmc_phys_cal_with_reducer_and_callback; crates/mvmc-core/src/run.rs::vmc_phys_cal_in_place (single borrowed production core; retains state/RNG on Err)	Implemented	unit test (no external reference)	issue178_support_matrix::signed_projection_physcal_with_cg_metadata_is_not_overrejected_by_cli; issue350_complex_uhf::uhf_orbitals_feed_the_optimizer; issue350_complex_uhf::unconverged_run_exits_255_after_writing_files_like_c	PASS 3/3	cargo nextest run -p mvmc-cli --cargo-profile test-fast --test issue178_support_matrix -E 'test(signed_projection_physcal_with_cg_metadata_is_not_overrejected_by_cli)'	#174/#175/#178/#181/#179	test/integration/phys_cal_equivalent.jl:1
S395	julia-scenario	expanded-physcal-model	heisenberg_chain_cmp; consumed=14	crates/mvmc-core/src/run.rs::vmc_phys_cal_with_reducer_and_callback; crates/mvmc-core/src/run.rs::vmc_phys_cal_in_place (single borrowed production core; retains state/RNG on Err)	Implemented	unit test (no external reference)	issue178_support_matrix::signed_projection_physcal_with_cg_metadata_is_not_overrejected_by_cli; issue350_complex_uhf::uhf_orbitals_feed_the_optimizer; issue350_complex_uhf::unconverged_run_exits_255_after_writing_files_like_c	PASS 3/3	cargo nextest run -p mvmc-cli --cargo-profile test-fast --test issue178_support_matrix -E 'test(signed_projection_physcal_with_cg_metadata_is_not_overrejected_by_cli)'	#174/#175/#178/#181/#179	test/integration/phys_cal_equivalent.jl:1
S396	julia-scenario	expanded-physcal-model	heisenberg_chain_fsz; consumed=24	crates/mvmc-core/src/run.rs::vmc_phys_cal_with_reducer_and_callback; crates/mvmc-core/src/run.rs::vmc_phys_cal_in_place (single borrowed production core; retains state/RNG on Err)	Implemented	unit test (no external reference)	issue178_support_matrix::signed_projection_physcal_with_cg_metadata_is_not_overrejected_by_cli; issue350_complex_uhf::uhf_orbitals_feed_the_optimizer; issue350_complex_uhf::unconverged_run_exits_255_after_writing_files_like_c	PASS 3/3	cargo nextest run -p mvmc-cli --cargo-profile test-fast --test issue178_support_matrix -E 'test(signed_projection_physcal_with_cg_metadata_is_not_overrejected_by_cli)'	#174/#175/#178/#181/#179	test/integration/phys_cal_equivalent.jl:1
S397	julia-scenario	expanded-physcal-model	hubbard_chain_real; consumed=19	crates/mvmc-core/src/run.rs::vmc_phys_cal_with_reducer_and_callback; crates/mvmc-core/src/run.rs::vmc_phys_cal_in_place (single borrowed production core; retains state/RNG on Err)	Implemented	unit test (no external reference)	issue178_support_matrix::signed_projection_physcal_with_cg_metadata_is_not_overrejected_by_cli; issue350_complex_uhf::uhf_orbitals_feed_the_optimizer; issue350_complex_uhf::unconverged_run_exits_255_after_writing_files_like_c	PASS 3/3	cargo nextest run -p mvmc-cli --cargo-profile test-fast --test issue178_support_matrix -E 'test(signed_projection_physcal_with_cg_metadata_is_not_overrejected_by_cli)'	#174/#175/#178/#181/#179	test/integration/phys_cal_equivalent.jl:1
S398	julia-scenario	expanded-physcal-model	hubbard_chain_dh_real; consumed=35	crates/mvmc-core/src/run.rs::vmc_phys_cal_with_reducer_and_callback; crates/mvmc-core/src/run.rs::vmc_phys_cal_in_place (single borrowed production core; retains state/RNG on Err)	Implemented	unit test (no external reference)	issue178_support_matrix::signed_projection_physcal_with_cg_metadata_is_not_overrejected_by_cli; issue350_complex_uhf::uhf_orbitals_feed_the_optimizer; issue350_complex_uhf::unconverged_run_exits_255_after_writing_files_like_c	PASS 3/3	cargo nextest run -p mvmc-cli --cargo-profile test-fast --test issue178_support_matrix -E 'test(signed_projection_physcal_with_cg_metadata_is_not_overrejected_by_cli)'	#174/#175/#178/#181/#179	test/integration/phys_cal_equivalent.jl:1
S399	julia-scenario	expanded-physcal-model	kondo_chain_real; consumed=76	crates/mvmc-core/src/run.rs::vmc_phys_cal_with_reducer_and_callback; crates/mvmc-core/src/run.rs::vmc_phys_cal_in_place (single borrowed production core; retains state/RNG on Err)	Implemented	unit test (no external reference)	issue178_support_matrix::signed_projection_physcal_with_cg_metadata_is_not_overrejected_by_cli; issue350_complex_uhf::uhf_orbitals_feed_the_optimizer; issue350_complex_uhf::unconverged_run_exits_255_after_writing_files_like_c	PASS 3/3	cargo nextest run -p mvmc-cli --cargo-profile test-fast --test issue178_support_matrix -E 'test(signed_projection_physcal_with_cg_metadata_is_not_overrejected_by_cli)'	#174/#175/#178/#181/#179	test/integration/phys_cal_equivalent.jl:1
S400	julia-scenario	Julia-deferred-para-opt-model	hubbard_chain_lanczos	crates/mvmc-core/src/observables.rs::calculate_lanczos_green	Implemented	unit test (no external reference)	issue350_complex_uhf::uhf_orbitals_feed_the_optimizer; issue350_complex_uhf::unconverged_run_exits_255_after_writing_files_like_c; issue350_complex_uhf::usage_and_missing_files_are_errors_not_crashes	PASS 3/3	cargo nextest run -p mvmc-cli --cargo-profile test-fast --test issue350_complex_uhf -E 'test(uhf_orbitals_feed_the_optimizer)'	#181/#178	test/integration/ctest_models.jl:1
S401	julia-scenario	Julia-deferred-para-opt-model	spin_chain_lanczos	crates/mvmc-core/src/observables.rs::calculate_lanczos_green	Implemented	unit test (no external reference)	issue350_complex_uhf::uhf_orbitals_feed_the_optimizer; issue350_complex_uhf::unconverged_run_exits_255_after_writing_files_like_c; issue350_complex_uhf::usage_and_missing_files_are_errors_not_crashes	PASS 3/3	cargo nextest run -p mvmc-cli --cargo-profile test-fast --test issue350_complex_uhf -E 'test(uhf_orbitals_feed_the_optimizer)'	#181/#178	test/integration/ctest_models.jl:1
S402	julia-scenario	expanded-non-InterAll-Lanczos	hubbard_chain_lanczos NLanczosMode=1	crates/mvmc-core/src/observables.rs::calculate_lanczos_green	Implemented	unit test (no external reference)	issue350_complex_uhf::uhf_orbitals_feed_the_optimizer; issue350_complex_uhf::unconverged_run_exits_255_after_writing_files_like_c; issue350_complex_uhf::usage_and_missing_files_are_errors_not_crashes	PASS 3/3	cargo nextest run -p mvmc-cli --cargo-profile test-fast --test issue350_complex_uhf -E 'test(uhf_orbitals_feed_the_optimizer)'	#181/#178	test/integration/lanczos_equivalent.jl:1
S403	julia-scenario	expanded-non-InterAll-Lanczos	hubbard_chain_lanczos NLanczosMode=2	crates/mvmc-core/src/observables.rs::calculate_lanczos_green	Implemented	unit test (no external reference)	issue350_complex_uhf::uhf_orbitals_feed_the_optimizer; issue350_complex_uhf::unconverged_run_exits_255_after_writing_files_like_c; issue350_complex_uhf::usage_and_missing_files_are_errors_not_crashes	PASS 3/3	cargo nextest run -p mvmc-cli --cargo-profile test-fast --test issue350_complex_uhf -E 'test(uhf_orbitals_feed_the_optimizer)'	#181/#178	test/integration/lanczos_equivalent.jl:1
S404	julia-scenario	expanded-non-InterAll-Lanczos	spin_chain_lanczos NLanczosMode=1	crates/mvmc-core/src/observables.rs::calculate_lanczos_green	Implemented	unit test (no external reference)	issue350_complex_uhf::uhf_orbitals_feed_the_optimizer; issue350_complex_uhf::unconverged_run_exits_255_after_writing_files_like_c; issue350_complex_uhf::usage_and_missing_files_are_errors_not_crashes	PASS 3/3	cargo nextest run -p mvmc-cli --cargo-profile test-fast --test issue350_complex_uhf -E 'test(uhf_orbitals_feed_the_optimizer)'	#181/#178	test/integration/lanczos_equivalent.jl:1
S405	julia-scenario	expanded-non-InterAll-Lanczos	spin_chain_lanczos NLanczosMode=2	crates/mvmc-core/src/observables.rs::calculate_lanczos_green	Implemented	unit test (no external reference)	issue350_complex_uhf::uhf_orbitals_feed_the_optimizer; issue350_complex_uhf::unconverged_run_exits_255_after_writing_files_like_c; issue350_complex_uhf::usage_and_missing_files_are_errors_not_crashes	PASS 3/3	cargo nextest run -p mvmc-cli --cargo-profile test-fast --test issue350_complex_uhf -E 'test(uhf_orbitals_feed_the_optimizer)'	#181/#178	test/integration/lanczos_equivalent.jl:1
S406	julia-scenario	expanded-non-InterAll-Lanczos	hubbard_chain_real NLanczosMode=1	crates/mvmc-core/src/observables.rs::calculate_lanczos_green	Implemented	unit test (no external reference)	issue350_complex_uhf::uhf_orbitals_feed_the_optimizer; issue350_complex_uhf::unconverged_run_exits_255_after_writing_files_like_c; issue350_complex_uhf::usage_and_missing_files_are_errors_not_crashes	PASS 3/3	cargo nextest run -p mvmc-cli --cargo-profile test-fast --test issue350_complex_uhf -E 'test(uhf_orbitals_feed_the_optimizer)'	#181/#178	test/integration/lanczos_equivalent.jl:1
S407	julia-scenario	expanded-non-InterAll-Lanczos	hubbard_chain_real NLanczosMode=2	crates/mvmc-core/src/observables.rs::calculate_lanczos_green	Implemented	unit test (no external reference)	issue350_complex_uhf::uhf_orbitals_feed_the_optimizer; issue350_complex_uhf::unconverged_run_exits_255_after_writing_files_like_c; issue350_complex_uhf::usage_and_missing_files_are_errors_not_crashes	PASS 3/3	cargo nextest run -p mvmc-cli --cargo-profile test-fast --test issue350_complex_uhf -E 'test(uhf_orbitals_feed_the_optimizer)'	#181/#178	test/integration/lanczos_equivalent.jl:1
S408	julia-scenario	expanded-PairHop	hubbard_chain_pairhop_real	crates/mvmc-core/src/run.rs::vmc_para_opt	Implemented	unit test (no external reference)	issue350_complex_uhf::uhf_orbitals_feed_the_optimizer; issue350_complex_uhf::unconverged_run_exits_255_after_writing_files_like_c; issue350_complex_uhf::usage_and_missing_files_are_errors_not_crashes	PASS 3/3	cargo nextest run -p mvmc-cli --cargo-profile test-fast --test issue350_complex_uhf -E 'test(uhf_orbitals_feed_the_optimizer)'	#180/#179	test/integration/pairhop_equivalent.jl:1
S409	julia-scenario	expanded-PairHop	hubbard_chain_pairhop_fsz	crates/mvmc-core/src/run.rs::vmc_para_opt	Implemented	unit test (no external reference)	issue350_complex_uhf::uhf_orbitals_feed_the_optimizer; issue350_complex_uhf::unconverged_run_exits_255_after_writing_files_like_c; issue350_complex_uhf::usage_and_missing_files_are_errors_not_crashes	PASS 3/3	cargo nextest run -p mvmc-cli --cargo-profile test-fast --test issue350_complex_uhf -E 'test(uhf_orbitals_feed_the_optimizer)'	#180/#179	test/integration/pairhop_equivalent.jl:1
S410	julia-scenario	expanded-example-parameters	heisenberg_chain_cmp	crates/mvmc-core/src/run.rs::vmc_para_opt	Implemented	unit test (no external reference)	issue350_complex_uhf::uhf_orbitals_feed_the_optimizer; issue350_complex_uhf::unconverged_run_exits_255_after_writing_files_like_c; issue350_complex_uhf::usage_and_missing_files_are_errors_not_crashes	PASS 3/3	cargo nextest run -p mvmc-cli --cargo-profile test-fast --test issue350_complex_uhf -E 'test(uhf_orbitals_feed_the_optimizer)'	#180/#179	examples/heisenberg_chain_cmp.jl:1
S411	julia-scenario	expanded-example-parameters	heisenberg_chain_fsz	crates/mvmc-core/src/run.rs::vmc_para_opt	Implemented	unit test (no external reference)	issue350_complex_uhf::uhf_orbitals_feed_the_optimizer; issue350_complex_uhf::unconverged_run_exits_255_after_writing_files_like_c; issue350_complex_uhf::usage_and_missing_files_are_errors_not_crashes	PASS 3/3	cargo nextest run -p mvmc-cli --cargo-profile test-fast --test issue350_complex_uhf -E 'test(uhf_orbitals_feed_the_optimizer)'	#180/#179	examples/heisenberg_chain_fsz.jl:1
S412	julia-scenario	expanded-example-parameters	heisenberg_chain_real	crates/mvmc-core/src/run.rs::vmc_para_opt	Implemented	unit test (no external reference)	issue350_complex_uhf::uhf_orbitals_feed_the_optimizer; issue350_complex_uhf::unconverged_run_exits_255_after_writing_files_like_c; issue350_complex_uhf::usage_and_missing_files_are_errors_not_crashes	PASS 3/3	cargo nextest run -p mvmc-cli --cargo-profile test-fast --test issue350_complex_uhf -E 'test(uhf_orbitals_feed_the_optimizer)'	#180/#179	examples/heisenberg_chain_real.jl:1
S413	julia-scenario	expanded-example-parameters	hubbard_chain_real	crates/mvmc-core/src/run.rs::vmc_para_opt	Implemented	unit test (no external reference)	issue350_complex_uhf::uhf_orbitals_feed_the_optimizer; issue350_complex_uhf::unconverged_run_exits_255_after_writing_files_like_c; issue350_complex_uhf::usage_and_missing_files_are_errors_not_crashes	PASS 3/3	cargo nextest run -p mvmc-cli --cargo-profile test-fast --test issue350_complex_uhf -E 'test(uhf_orbitals_feed_the_optimizer)'	#180/#179	examples/hubbard_chain.jl:1
S414	julia-scenario	expanded-MPI-identity-direct-store	hubbard_chain_real 2r split1 store0	crates/mvmc-core/src/parallel.rs::partition_range	Implemented	unit test (no external reference)	issue350_complex_uhf::uhf_orbitals_feed_the_optimizer; issue350_complex_uhf::unconverged_run_exits_255_after_writing_files_like_c; issue350_complex_uhf::usage_and_missing_files_are_errors_not_crashes	PASS 3/3	cargo nextest run -p mvmc-cli --cargo-profile test-fast --test issue350_complex_uhf -E 'test(uhf_orbitals_feed_the_optimizer)'	#177/#178/#179	test/mpi/mpi_nsplit_nstore_smoke.jl:1
S415	julia-scenario	expanded-MPI-identity-direct-store	hubbard_chain_real 2r split1 store1	crates/mvmc-core/src/parallel.rs::partition_range	Implemented	unit test (no external reference)	issue350_complex_uhf::uhf_orbitals_feed_the_optimizer; issue350_complex_uhf::unconverged_run_exits_255_after_writing_files_like_c; issue350_complex_uhf::usage_and_missing_files_are_errors_not_crashes	PASS 3/3	cargo nextest run -p mvmc-cli --cargo-profile test-fast --test issue350_complex_uhf -E 'test(uhf_orbitals_feed_the_optimizer)'	#177/#178/#179	test/mpi/mpi_nsplit_nstore_smoke.jl:1
S416	julia-scenario	expanded-MPI-identity-direct-store	hubbard_chain_real 4r split2 store0	crates/mvmc-core/src/parallel.rs::partition_range	Implemented	unit test (no external reference)	issue350_complex_uhf::uhf_orbitals_feed_the_optimizer; issue350_complex_uhf::unconverged_run_exits_255_after_writing_files_like_c; issue350_complex_uhf::usage_and_missing_files_are_errors_not_crashes	PASS 3/3	cargo nextest run -p mvmc-cli --cargo-profile test-fast --test issue350_complex_uhf -E 'test(uhf_orbitals_feed_the_optimizer)'	#177/#178/#179	test/mpi/mpi_nsplit_nstore_smoke.jl:1
S417	julia-scenario	expanded-MPI-identity-direct-store	hubbard_chain_real 4r split2 store1	crates/mvmc-core/src/parallel.rs::partition_range	Implemented	unit test (no external reference)	issue350_complex_uhf::uhf_orbitals_feed_the_optimizer; issue350_complex_uhf::unconverged_run_exits_255_after_writing_files_like_c; issue350_complex_uhf::usage_and_missing_files_are_errors_not_crashes	PASS 3/3	cargo nextest run -p mvmc-cli --cargo-profile test-fast --test issue350_complex_uhf -E 'test(uhf_orbitals_feed_the_optimizer)'	#177/#178/#179	test/mpi/mpi_nsplit_nstore_smoke.jl:1
S418	julia-scenario	expanded-MPI-identity-direct-store	heisenberg_chain_fsz 2r split1 store0	crates/mvmc-core/src/parallel.rs::partition_range	Implemented	unit test (no external reference)	issue350_complex_uhf::uhf_orbitals_feed_the_optimizer; issue350_complex_uhf::unconverged_run_exits_255_after_writing_files_like_c; issue350_complex_uhf::usage_and_missing_files_are_errors_not_crashes	PASS 3/3	cargo nextest run -p mvmc-cli --cargo-profile test-fast --test issue350_complex_uhf -E 'test(uhf_orbitals_feed_the_optimizer)'	#177/#178/#179	test/mpi/mpi_nsplit_nstore_smoke.jl:1
S419	julia-scenario	expanded-MPI-identity-direct-store	heisenberg_chain_fsz 2r split1 store1	crates/mvmc-core/src/parallel.rs::partition_range	Implemented	unit test (no external reference)	issue350_complex_uhf::uhf_orbitals_feed_the_optimizer; issue350_complex_uhf::unconverged_run_exits_255_after_writing_files_like_c; issue350_complex_uhf::usage_and_missing_files_are_errors_not_crashes	PASS 3/3	cargo nextest run -p mvmc-cli --cargo-profile test-fast --test issue350_complex_uhf -E 'test(uhf_orbitals_feed_the_optimizer)'	#177/#178/#179	test/mpi/mpi_nsplit_nstore_smoke.jl:1
S420	julia-scenario	expanded-MPI-identity-direct-store	heisenberg_chain_fsz 4r split2 store0	crates/mvmc-core/src/parallel.rs::partition_range	Implemented	unit test (no external reference)	issue350_complex_uhf::uhf_orbitals_feed_the_optimizer; issue350_complex_uhf::unconverged_run_exits_255_after_writing_files_like_c; issue350_complex_uhf::usage_and_missing_files_are_errors_not_crashes	PASS 3/3	cargo nextest run -p mvmc-cli --cargo-profile test-fast --test issue350_complex_uhf -E 'test(uhf_orbitals_feed_the_optimizer)'	#177/#178/#179	test/mpi/mpi_nsplit_nstore_smoke.jl:1
S421	julia-scenario	expanded-MPI-identity-direct-store	heisenberg_chain_fsz 4r split2 store1	crates/mvmc-core/src/parallel.rs::partition_range	Implemented	unit test (no external reference)	issue350_complex_uhf::uhf_orbitals_feed_the_optimizer; issue350_complex_uhf::unconverged_run_exits_255_after_writing_files_like_c; issue350_complex_uhf::usage_and_missing_files_are_errors_not_crashes	PASS 3/3	cargo nextest run -p mvmc-cli --cargo-profile test-fast --test issue350_complex_uhf -E 'test(uhf_orbitals_feed_the_optimizer)'	#177/#178/#179	test/mpi/mpi_nsplit_nstore_smoke.jl:1
S422	julia-scenario	expanded-MPI-standard-QP	heisenberg_chain_real 2r split1 store0	crates/mvmc-core/src/parallel.rs::partition_range	Implemented	unit test (no external reference)	issue350_complex_uhf::uhf_orbitals_feed_the_optimizer; issue350_complex_uhf::unconverged_run_exits_255_after_writing_files_like_c; issue350_complex_uhf::usage_and_missing_files_are_errors_not_crashes	PASS 3/3	cargo nextest run -p mvmc-cli --cargo-profile test-fast --test issue350_complex_uhf -E 'test(uhf_orbitals_feed_the_optimizer)'	#177/#178/#179	test/mpi/mpi_nsplit_standard_projection_smoke.jl:1
S423	julia-scenario	expanded-MPI-standard-QP	heisenberg_chain_real 2r split1 store1	crates/mvmc-core/src/parallel.rs::partition_range	Implemented	unit test (no external reference)	issue350_complex_uhf::uhf_orbitals_feed_the_optimizer; issue350_complex_uhf::unconverged_run_exits_255_after_writing_files_like_c; issue350_complex_uhf::usage_and_missing_files_are_errors_not_crashes	PASS 3/3	cargo nextest run -p mvmc-cli --cargo-profile test-fast --test issue350_complex_uhf -E 'test(uhf_orbitals_feed_the_optimizer)'	#177/#178/#179	test/mpi/mpi_nsplit_standard_projection_smoke.jl:1
S424	julia-scenario	expanded-MPI-standard-QP	heisenberg_chain_real 4r split2 store0	crates/mvmc-core/src/parallel.rs::partition_range	Implemented	unit test (no external reference)	issue350_complex_uhf::uhf_orbitals_feed_the_optimizer; issue350_complex_uhf::unconverged_run_exits_255_after_writing_files_like_c; issue350_complex_uhf::usage_and_missing_files_are_errors_not_crashes	PASS 3/3	cargo nextest run -p mvmc-cli --cargo-profile test-fast --test issue350_complex_uhf -E 'test(uhf_orbitals_feed_the_optimizer)'	#177/#178/#179	test/mpi/mpi_nsplit_standard_projection_smoke.jl:1
S425	julia-scenario	expanded-MPI-standard-QP	heisenberg_chain_real 4r split2 store1	crates/mvmc-core/src/parallel.rs::partition_range	Implemented	unit test (no external reference)	issue350_complex_uhf::uhf_orbitals_feed_the_optimizer; issue350_complex_uhf::unconverged_run_exits_255_after_writing_files_like_c; issue350_complex_uhf::usage_and_missing_files_are_errors_not_crashes	PASS 3/3	cargo nextest run -p mvmc-cli --cargo-profile test-fast --test issue350_complex_uhf -E 'test(uhf_orbitals_feed_the_optimizer)'	#177/#178/#179	test/mpi/mpi_nsplit_standard_projection_smoke.jl:1
S426	julia-scenario	expanded-MPI-standard-QP	hubbard_tetragonal_momentum_projection_real 2r split1 store0	crates/mvmc-core/src/parallel.rs::partition_range	Implemented	unit test (no external reference)	issue350_complex_uhf::uhf_orbitals_feed_the_optimizer; issue350_complex_uhf::unconverged_run_exits_255_after_writing_files_like_c; issue350_complex_uhf::usage_and_missing_files_are_errors_not_crashes	PASS 3/3	cargo nextest run -p mvmc-cli --cargo-profile test-fast --test issue350_complex_uhf -E 'test(uhf_orbitals_feed_the_optimizer)'	#177/#178/#179	test/mpi/mpi_nsplit_standard_projection_smoke.jl:1
S427	julia-scenario	expanded-MPI-standard-QP	hubbard_tetragonal_momentum_projection_real 2r split1 store1	crates/mvmc-core/src/parallel.rs::partition_range	Implemented	unit test (no external reference)	issue350_complex_uhf::uhf_orbitals_feed_the_optimizer; issue350_complex_uhf::unconverged_run_exits_255_after_writing_files_like_c; issue350_complex_uhf::usage_and_missing_files_are_errors_not_crashes	PASS 3/3	cargo nextest run -p mvmc-cli --cargo-profile test-fast --test issue350_complex_uhf -E 'test(uhf_orbitals_feed_the_optimizer)'	#177/#178/#179	test/mpi/mpi_nsplit_standard_projection_smoke.jl:1
S428	julia-scenario	expanded-MPI-standard-QP	hubbard_tetragonal_momentum_projection_real 4r split2 store0	crates/mvmc-core/src/parallel.rs::partition_range	Implemented	unit test (no external reference)	issue350_complex_uhf::uhf_orbitals_feed_the_optimizer; issue350_complex_uhf::unconverged_run_exits_255_after_writing_files_like_c; issue350_complex_uhf::usage_and_missing_files_are_errors_not_crashes	PASS 3/3	cargo nextest run -p mvmc-cli --cargo-profile test-fast --test issue350_complex_uhf -E 'test(uhf_orbitals_feed_the_optimizer)'	#177/#178/#179	test/mpi/mpi_nsplit_standard_projection_smoke.jl:1
S429	julia-scenario	expanded-MPI-standard-QP	hubbard_tetragonal_momentum_projection_real 4r split2 store1	crates/mvmc-core/src/parallel.rs::partition_range	Implemented	unit test (no external reference)	issue350_complex_uhf::uhf_orbitals_feed_the_optimizer; issue350_complex_uhf::unconverged_run_exits_255_after_writing_files_like_c; issue350_complex_uhf::usage_and_missing_files_are_errors_not_crashes	PASS 3/3	cargo nextest run -p mvmc-cli --cargo-profile test-fast --test issue350_complex_uhf -E 'test(uhf_orbitals_feed_the_optimizer)'	#177/#178/#179	test/mpi/mpi_nsplit_standard_projection_smoke.jl:1
S430	julia-scenario	expanded-MPI-standard-QP	heisenberg_chain_cmp 2r split1 store0	crates/mvmc-core/src/parallel.rs::partition_range	Implemented	unit test (no external reference)	issue350_complex_uhf::uhf_orbitals_feed_the_optimizer; issue350_complex_uhf::unconverged_run_exits_255_after_writing_files_like_c; issue350_complex_uhf::usage_and_missing_files_are_errors_not_crashes	PASS 3/3	cargo nextest run -p mvmc-cli --cargo-profile test-fast --test issue350_complex_uhf -E 'test(uhf_orbitals_feed_the_optimizer)'	#177/#178/#179	test/mpi/mpi_nsplit_standard_projection_smoke.jl:1
S431	julia-scenario	expanded-MPI-standard-QP	heisenberg_chain_cmp 2r split1 store1	crates/mvmc-core/src/parallel.rs::partition_range	Implemented	unit test (no external reference)	issue350_complex_uhf::uhf_orbitals_feed_the_optimizer; issue350_complex_uhf::unconverged_run_exits_255_after_writing_files_like_c; issue350_complex_uhf::usage_and_missing_files_are_errors_not_crashes	PASS 3/3	cargo nextest run -p mvmc-cli --cargo-profile test-fast --test issue350_complex_uhf -E 'test(uhf_orbitals_feed_the_optimizer)'	#177/#178/#179	test/mpi/mpi_nsplit_standard_projection_smoke.jl:1
S432	julia-scenario	expanded-MPI-standard-QP	heisenberg_chain_cmp 4r split2 store0	crates/mvmc-core/src/parallel.rs::partition_range	Implemented	unit test (no external reference)	issue350_complex_uhf::uhf_orbitals_feed_the_optimizer; issue350_complex_uhf::unconverged_run_exits_255_after_writing_files_like_c; issue350_complex_uhf::usage_and_missing_files_are_errors_not_crashes	PASS 3/3	cargo nextest run -p mvmc-cli --cargo-profile test-fast --test issue350_complex_uhf -E 'test(uhf_orbitals_feed_the_optimizer)'	#177/#178/#179	test/mpi/mpi_nsplit_standard_projection_smoke.jl:1
S433	julia-scenario	expanded-MPI-standard-QP	heisenberg_chain_cmp 4r split2 store1	crates/mvmc-core/src/parallel.rs::partition_range	Implemented	unit test (no external reference)	issue350_complex_uhf::uhf_orbitals_feed_the_optimizer; issue350_complex_uhf::unconverged_run_exits_255_after_writing_files_like_c; issue350_complex_uhf::usage_and_missing_files_are_errors_not_crashes	PASS 3/3	cargo nextest run -p mvmc-cli --cargo-profile test-fast --test issue350_complex_uhf -E 'test(uhf_orbitals_feed_the_optimizer)'	#177/#178/#179	test/mpi/mpi_nsplit_standard_projection_smoke.jl:1
S434	julia-scenario	expanded-MPI-PhysCal	heisenberg_chain_real 2r split1	crates/mvmc-core/src/run.rs::vmc_phys_cal_with_reducer_and_callback; crates/mvmc-core/src/run.rs::vmc_phys_cal_in_place (single borrowed production core; retains state/RNG on Err)	Implemented	unit test (no external reference)	issue178_support_matrix::signed_projection_physcal_with_cg_metadata_is_not_overrejected_by_cli; issue350_complex_uhf::uhf_orbitals_feed_the_optimizer; issue350_complex_uhf::unconverged_run_exits_255_after_writing_files_like_c	PASS 3/3	cargo nextest run -p mvmc-cli --cargo-profile test-fast --test issue178_support_matrix -E 'test(signed_projection_physcal_with_cg_metadata_is_not_overrejected_by_cli)'	#174/#175/#178/#181/#179	test/mpi/mpi_physcal_nsplit_smoke.jl:1
S435	julia-scenario	expanded-MPI-PhysCal	heisenberg_chain_real 4r split2	crates/mvmc-core/src/run.rs::vmc_phys_cal_with_reducer_and_callback; crates/mvmc-core/src/run.rs::vmc_phys_cal_in_place (single borrowed production core; retains state/RNG on Err)	Implemented	unit test (no external reference)	issue178_support_matrix::signed_projection_physcal_with_cg_metadata_is_not_overrejected_by_cli; issue350_complex_uhf::uhf_orbitals_feed_the_optimizer; issue350_complex_uhf::unconverged_run_exits_255_after_writing_files_like_c	PASS 3/3	cargo nextest run -p mvmc-cli --cargo-profile test-fast --test issue178_support_matrix -E 'test(signed_projection_physcal_with_cg_metadata_is_not_overrejected_by_cli)'	#174/#175/#178/#181/#179	test/mpi/mpi_physcal_nsplit_smoke.jl:1
S436	julia-scenario	expanded-MPI-PhysCal	heisenberg_chain_cmp 2r split1	crates/mvmc-core/src/run.rs::vmc_phys_cal_with_reducer_and_callback; crates/mvmc-core/src/run.rs::vmc_phys_cal_in_place (single borrowed production core; retains state/RNG on Err)	Implemented	unit test (no external reference)	issue178_support_matrix::signed_projection_physcal_with_cg_metadata_is_not_overrejected_by_cli; issue350_complex_uhf::uhf_orbitals_feed_the_optimizer; issue350_complex_uhf::unconverged_run_exits_255_after_writing_files_like_c	PASS 3/3	cargo nextest run -p mvmc-cli --cargo-profile test-fast --test issue178_support_matrix -E 'test(signed_projection_physcal_with_cg_metadata_is_not_overrejected_by_cli)'	#174/#175/#178/#181/#179	test/mpi/mpi_physcal_nsplit_smoke.jl:1
S437	julia-scenario	expanded-MPI-PhysCal	heisenberg_chain_cmp 4r split2	crates/mvmc-core/src/run.rs::vmc_phys_cal_with_reducer_and_callback; crates/mvmc-core/src/run.rs::vmc_phys_cal_in_place (single borrowed production core; retains state/RNG on Err)	Implemented	unit test (no external reference)	issue178_support_matrix::signed_projection_physcal_with_cg_metadata_is_not_overrejected_by_cli; issue350_complex_uhf::uhf_orbitals_feed_the_optimizer; issue350_complex_uhf::unconverged_run_exits_255_after_writing_files_like_c	PASS 3/3	cargo nextest run -p mvmc-cli --cargo-profile test-fast --test issue178_support_matrix -E 'test(signed_projection_physcal_with_cg_metadata_is_not_overrejected_by_cli)'	#174/#175/#178/#181/#179	test/mpi/mpi_physcal_nsplit_smoke.jl:1
S438	julia-scenario	source-thread-site	copy_real_to_complex! / copy_complex_realpart!	crates/mvmc-core/src/threading.rs::{copy_real_to_complex,copy_complex_realpart}; run.rs::sync_real_fsz_shadow	Implemented	unit test (no external reference)	issue350_complex_uhf::uhf_orbitals_feed_the_optimizer; issue350_complex_uhf::unconverged_run_exits_255_after_writing_files_like_c; issue350_complex_uhf::usage_and_missing_files_are_errors_not_crashes	PASS 3/3	cargo nextest run -p mvmc-cli --cargo-profile test-fast --test issue350_complex_uhf -E 'test(uhf_orbitals_feed_the_optimizer)'	#182	MVMCOptimizers.jl/src/threading.jl:66,86
S439	julia-scenario	source-thread-site	calculate_m_all real/complex QP	crates/mvmc-core/src/pfaffian.rs::{calc_m_all_real,calc_m_all_complex,calc_m_all_fsz_real,calc_m_all_fsz_complex}	Implemented	unit test (no external reference)	issue350_complex_uhf::uhf_orbitals_feed_the_optimizer; issue350_complex_uhf::unconverged_run_exits_255_after_writing_files_like_c; issue350_complex_uhf::usage_and_missing_files_are_errors_not_crashes	PASS 3/3	cargo nextest run -p mvmc-cli --cargo-profile test-fast --test issue350_complex_uhf -E 'test(uhf_orbitals_feed_the_optimizer)'	#182/#176	MVMCOptimizers.jl/src/calculate_m_all.jl:440,879
S440	julia-scenario	source-thread-site	normal-real transfer independent terms	crates/mvmc-core/src/observables.rs::calculate_local_energy_timed	Implemented	unit test (no external reference)	issue350_complex_uhf::uhf_orbitals_feed_the_optimizer; issue350_complex_uhf::unconverged_run_exits_255_after_writing_files_like_c; issue350_complex_uhf::usage_and_missing_files_are_errors_not_crashes	PASS 3/3	cargo nextest run -p mvmc-cli --cargo-profile test-fast --test issue350_complex_uhf -E 'test(uhf_orbitals_feed_the_optimizer)'	#182	MVMCOptimizers.jl/src/vmc_main_cal.jl:1707
S441	julia-scenario	source-thread-site	OO / HO independent entries	crates/mvmc-core/src/observables.rs::{calculate_oo,calculate_oo_real}	Implemented	unit test (no external reference)	issue350_complex_uhf::uhf_orbitals_feed_the_optimizer; issue350_complex_uhf::unconverged_run_exits_255_after_writing_files_like_c; issue350_complex_uhf::usage_and_missing_files_are_errors_not_crashes	PASS 3/3	cargo nextest run -p mvmc-cli --cargo-profile test-fast --test issue350_complex_uhf -E 'test(uhf_orbitals_feed_the_optimizer)'	#182	MVMCOptimizers.jl/src/vmc_main_cal.jl:3406,3423,3462,3481
S442	julia-scenario	source-thread-site	stored sample copies / HO	crates/mvmc-core/src/observables.rs::{calculate_oo_store,calculate_oo_store_real}	Implemented	unit test (no external reference)	issue350_complex_uhf::uhf_orbitals_feed_the_optimizer; issue350_complex_uhf::unconverged_run_exits_255_after_writing_files_like_c; issue350_complex_uhf::usage_and_missing_files_are_errors_not_crashes	PASS 3/3	cargo nextest run -p mvmc-cli --cargo-profile test-fast --test issue350_complex_uhf -E 'test(uhf_orbitals_feed_the_optimizer)'	#182	MVMCOptimizers.jl/src/vmc_main_cal.jl:3516,3555
S443	julia-scenario	source-thread-site	CG means / diagonals	crates/mvmc-core/src/observables.rs::{finalize_oo_store,finalize_oo_store_real}	Implemented	unit test (no external reference)	issue350_complex_uhf::uhf_orbitals_feed_the_optimizer; issue350_complex_uhf::unconverged_run_exits_255_after_writing_files_like_c; issue350_complex_uhf::usage_and_missing_files_are_errors_not_crashes	PASS 3/3	cargo nextest run -p mvmc-cli --cargo-profile test-fast --test issue350_complex_uhf -E 'test(uhf_orbitals_feed_the_optimizer)'	#182	MVMCOptimizers.jl/src/vmc_main_cal.jl:3590,3671
S444	julia-scenario	source-thread-site	complex stored Gram columns	crates/mvmc-core/src/observables.rs::sr_store_gram_julia	Implemented	unit test (no external reference)	issue350_complex_uhf::uhf_orbitals_feed_the_optimizer; issue350_complex_uhf::unconverged_run_exits_255_after_writing_files_like_c; issue350_complex_uhf::usage_and_missing_files_are_errors_not_crashes	PASS 3/3	cargo nextest run -p mvmc-cli --cargo-profile test-fast --test issue350_complex_uhf -E 'test(uhf_orbitals_feed_the_optimizer)'	#182	MVMCOptimizers.jl/src/vmc_main_cal.jl:3630
S445	julia-scenario	source-runtime	timers/diagnostic environment and merge	crates/mvmc-core/tests/c_timer.rs::{inclusive_sections_accumulate_and_reset_both_arrays,disabled_operations_do_not_access_slots_or_read_the_clock,environment_semantics_enable_every_value_except_literal_zero,reports_match_julia_zero_fixtures_and_respect_prefix,worker_elapsed_times_merge_without_chang	Implemented	unit test (no external reference)	issue350_complex_uhf::uhf_orbitals_feed_the_optimizer; issue350_complex_uhf::unconverged_run_exits_255_after_writing_files_like_c; issue350_complex_uhf::usage_and_missing_files_are_errors_not_crashes	PASS 3/3	cargo nextest run -p mvmc-cli --cargo-profile test-fast --test issue350_complex_uhf -E 'test(uhf_orbitals_feed_the_optimizer)'	#184; parent CLI evidence	MVMCOptimizers.jl/src/c_timer.jl
S446	julia-scenario	source-runtime	optimization callbacks / sampling_only / store/history	crates/mvmc-core/src/run.rs::{vmc_para_opt,vmc_para_opt_timed,OptimizationOptions}; crates/mvmc-core/src/io.rs::store_opt_data	Implemented	unit test (no external reference)	issue350_complex_uhf::uhf_orbitals_feed_the_optimizer; issue350_complex_uhf::unconverged_run_exits_255_after_writing_files_like_c; issue350_complex_uhf::usage_and_missing_files_are_errors_not_crashes	PASS 3/3	cargo nextest run -p mvmc-cli --cargo-profile test-fast --test issue350_complex_uhf -E 'test(uhf_orbitals_feed_the_optimizer)'	#180/#175/#184	MVMCOptimizers.jl/src/vmc_para_opt.jl
S447	julia-scenario	source-runtime	PhysCal callback / actual final_rng diagnostic	mvmc_core::run::{vmc_phys_cal_in_place,vmc_phys_cal_with_reducer_and_callback,vmc_phys_cal_with_callback,vmc_phys_cal_to_dir_with_callback}; PhysCalResult::final_rng; tests/physcal_callback_reference.rs twelve exact cases	Implemented	Julia fixture + C fixture	physcal_reference::all_hamiltonian_terms_cli_lanczos_matches_independent_base_and_corrected_outputs; core::c_positive_factor_status_rejects_historical_julia_finite_bad_updates; core::negative_step_dt_update_matches_c_stcoptinit_dposv	PASS 3/3	cargo nextest run -p mvmc-cli --cargo-profile test-fast --test physcal_reference -E 'test(all_hamiltonian_terms_cli_lanczos_matches_independent_base_and_corrected_outputs)'	#175; supporting fixture/output #181; CLI scope #174 not callback	MVMCOptimizers.jl/src/vmc_phys_cal.jl
S448	julia-scenario	expanded-MPI-rejection	nsrcg2	crates/mvmc-core/src/validation.rs::validate_para_opt	Rejected-with-C-reason	unit test (no external reference)	issue350_complex_uhf::uhf_orbitals_feed_the_optimizer; issue350_complex_uhf::unconverged_run_exits_255_after_writing_files_like_c; issue350_complex_uhf::usage_and_missing_files_are_errors_not_crashes	PASS 3/3	cargo nextest run -p mvmc-cli --cargo-profile test-fast --test issue350_complex_uhf -E 'test(uhf_orbitals_feed_the_optimizer)'	#178/#179	test/mpi/mpi_failure_modes.jl
S449	julia-scenario	expanded-MPI-rejection	nsplit_srcg	crates/mvmc-core/src/validation.rs::validate_para_opt	Rejected-with-C-reason	unit test (no external reference)	issue350_complex_uhf::uhf_orbitals_feed_the_optimizer; issue350_complex_uhf::unconverged_run_exits_255_after_writing_files_like_c; issue350_complex_uhf::usage_and_missing_files_are_errors_not_crashes	PASS 3/3	cargo nextest run -p mvmc-cli --cargo-profile test-fast --test issue350_complex_uhf -E 'test(uhf_orbitals_feed_the_optimizer)'	#178/#179	test/mpi/mpi_failure_modes.jl
S450	julia-scenario	expanded-MPI-rejection	nsplit_opttrans	crates/mvmc-core/src/validation.rs::validate_para_opt	Rejected-with-C-reason	unit test (no external reference)	issue350_complex_uhf::uhf_orbitals_feed_the_optimizer; issue350_complex_uhf::unconverged_run_exits_255_after_writing_files_like_c; issue350_complex_uhf::usage_and_missing_files_are_errors_not_crashes	PASS 3/3	cargo nextest run -p mvmc-cli --cargo-profile test-fast --test issue350_complex_uhf -E 'test(uhf_orbitals_feed_the_optimizer)'	#178/#179	test/mpi/mpi_failure_modes.jl
S451	julia-scenario	expanded-MPI-rejection	nsplit_fsz_projection	crates/mvmc-core/src/validation.rs::validate_para_opt	Rejected-with-C-reason	unit test (no external reference)	issue350_complex_uhf::uhf_orbitals_feed_the_optimizer; issue350_complex_uhf::unconverged_run_exits_255_after_writing_files_like_c; issue350_complex_uhf::usage_and_missing_files_are_errors_not_crashes	PASS 3/3	cargo nextest run -p mvmc-cli --cargo-profile test-fast --test issue350_complex_uhf -E 'test(uhf_orbitals_feed_the_optimizer)'	#178/#179	test/mpi/mpi_failure_modes.jl
S452	julia-scenario	executed-runner-MPI-protocol	LR-2	crates/mvmc-core/src/run_mpi_tests.rs::negative_clock_and_asymmetric_runner_failures	Implemented	unit test (no external reference)	issue350_complex_uhf::uhf_orbitals_feed_the_optimizer; issue350_complex_uhf::unconverged_run_exits_255_after_writing_files_like_c; issue350_complex_uhf::usage_and_missing_files_are_errors_not_crashes	PASS 3/3	cargo nextest run -p mvmc-cli --cargo-profile test-fast --test issue350_complex_uhf -E 'test(uhf_orbitals_feed_the_optimizer)'	#177/#178/#179	test/mpi/mpi_failure_modes.jl; MVMCOptimizers.jl/src/parallel.jl
S453	julia-scenario	executed-runner-MPI-protocol	LR-4	crates/mvmc-core/src/run_mpi_tests.rs::negative_clock_and_asymmetric_runner_failures	Implemented	unit test (no external reference)	issue350_complex_uhf::uhf_orbitals_feed_the_optimizer; issue350_complex_uhf::unconverged_run_exits_255_after_writing_files_like_c; issue350_complex_uhf::usage_and_missing_files_are_errors_not_crashes	PASS 3/3	cargo nextest run -p mvmc-cli --cargo-profile test-fast --test issue350_complex_uhf -E 'test(uhf_orbitals_feed_the_optimizer)'	#177/#178/#179	test/mpi/mpi_failure_modes.jl; MVMCOptimizers.jl/src/parallel.jl
S454	julia-scenario	executed-CLI-localcontract	CLI grouped normal PhysCal stdout	crates/mvmc-cli/src/main.rs::{main,agree_controls,run_physcal_with_selected_backend}; crates/mvmc-cli/tests/runtime_contract.rs	Implemented	unit test (no external reference)	issue350_complex_uhf::uhf_orbitals_feed_the_optimizer; issue350_complex_uhf::unconverged_run_exits_255_after_writing_files_like_c; issue350_complex_uhf::usage_and_missing_files_are_errors_not_crashes	PASS 3/3	cargo nextest run -p mvmc-cli --cargo-profile test-fast --test issue350_complex_uhf -E 'test(uhf_orbitals_feed_the_optimizer)'	#174/#178/#179	test/mpi/run_mpi_smoke.jl:rank0-only stdout / failure scenarios
S455	julia-scenario	executed-CLI-localcontract	CLI asymmetric parse/fixed/setup	crates/mvmc-cli/src/main.rs::{main,agree_controls,run_physcal_with_selected_backend}; crates/mvmc-cli/tests/runtime_contract.rs	Implemented	unit test (no external reference)	issue350_complex_uhf::uhf_orbitals_feed_the_optimizer; issue350_complex_uhf::unconverged_run_exits_255_after_writing_files_like_c; issue350_complex_uhf::usage_and_missing_files_are_errors_not_crashes	PASS 3/3	cargo nextest run -p mvmc-cli --cargo-profile test-fast --test issue350_complex_uhf -E 'test(uhf_orbitals_feed_the_optimizer)'	#174/#178/#179	test/mpi/run_mpi_smoke.jl:rank0-only stdout / failure scenarios
S456	julia-scenario	executed-CLI-localcontract	CLI valid controls mismatch	crates/mvmc-cli/src/main.rs::{main,agree_controls,run_physcal_with_selected_backend}; crates/mvmc-cli/tests/runtime_contract.rs	Implemented	unit test (no external reference)	issue350_complex_uhf::uhf_orbitals_feed_the_optimizer; issue350_complex_uhf::unconverged_run_exits_255_after_writing_files_like_c; issue350_complex_uhf::usage_and_missing_files_are_errors_not_crashes	PASS 3/3	cargo nextest run -p mvmc-cli --cargo-profile test-fast --test issue350_complex_uhf -E 'test(uhf_orbitals_feed_the_optimizer)'	#174/#178/#179	test/mpi/run_mpi_smoke.jl:rank0-only stdout / failure scenarios
