evidence_id	row_keys	relation	condition_class	condition	rust_entry	test_identity	test_source	test_source_sha256	reference	tested_head	ci_run	settings	command	result	serial_job	serial_ordinal	serial_log_sha256	serial_url	all_features_job	all_features_ordinal	all_features_log_sha256	all_features_url	owner	remaining
PR258:issue184_transfer_definition_boundary::headerless_julia_helper_remains_distinct_from_c_definition_validation	api:A088	PartialContentHelperCondition	HelperArchitecture	Headerless valid row followed by invalid row retains one complex term through parse_trans_content; separate from native file validation.	parse_trans_content	mvmc-expert-parsers::issue184_transfer_definition_boundary::headerless_julia_helper_remains_distinct_from_c_definition_validation	crates/mvmc-expert-parsers/tests/issue184_transfer_definition_boundary.rs:175	e5f98ef8057e13000a61d8ad5670c14446c30121480bd6fe8072a502bb0372c5	C readdef SHA256=6c53cb832f93d6cbfd7cea955fbb693738af5536b913d36af32b98eed38c32d9 readdef.c:1973-1996; J original=8bb1b9e8ae47b1512c00b321be05664ddcac0fd1; literal conditions, not oracle-generated output	40f3d09e1a53a3e3c5065e864a41d2ef71f3120a	37168415174	Linux; profile ci; default and --all-features; ordinary nonignored controls; parser Nsite/count/literals specified in condition and source; no Julia/C runtime	cargo nextest run --workspace [default: no feature argument; all-features: --all-features] --locked --cargo-profile ci --no-fail-fast --retries 0	PASS named assertions both jobs; original row remains partial	111336155588	880/994	cc1c17c8e9c8c27f2f010d7ef3d1b898048f985b5e90a0c8650fbe41e5f3c3e7	https://github.com/AtelierArith/mvmc-rs/actions/runs/37168415174/job/111336155588	111336155518	882/996	cb2ce1026b52cb59b0e6a169eb59f16af1b95ca35270de117b77f9c07e4e21f7	https://github.com/AtelierArith/mvmc-rs/actions/runs/37168415174/job/111336155518	#184 condition audit / Pauli; #185 reconciliation; original row owner unchanged	File-helper error collection and every original overload/scenario require separate joins; native file reading does not certify helper diagnostics.
PR258:issue184_transfer_definition_boundary::native_five_field_rows_retain_initialized_or_previous_imaginary_value	api:A087	CDefinitionBoundaryContextNotOriginalHelperVerification	DefinedCCarry	First omitted imaginary is 0; subsequent five-field rows retain prior -0.5; hexadecimal real value preserved.	parse_trans_definition	mvmc-expert-parsers::issue184_transfer_definition_boundary::native_five_field_rows_retain_initialized_or_previous_imaginary_value	crates/mvmc-expert-parsers/tests/issue184_transfer_definition_boundary.rs:107	e5f98ef8057e13000a61d8ad5670c14446c30121480bd6fe8072a502bb0372c5	C readdef SHA256=6c53cb832f93d6cbfd7cea955fbb693738af5536b913d36af32b98eed38c32d9 readdef.c:1973-1996; J original=8bb1b9e8ae47b1512c00b321be05664ddcac0fd1; literal conditions, not oracle-generated output	40f3d09e1a53a3e3c5065e864a41d2ef71f3120a	37168415174	Linux; profile ci; default and --all-features; ordinary nonignored controls; parser Nsite/count/literals specified in condition and source; no Julia/C runtime	cargo nextest run --workspace [default: no feature argument; all-features: --all-features] --locked --cargo-profile ci --no-fail-fast --retries 0	PASS named assertions both jobs; original row remains partial	111336155588	882/994	cc1c17c8e9c8c27f2f010d7ef3d1b898048f985b5e90a0c8650fbe41e5f3c3e7	https://github.com/AtelierArith/mvmc-rs/actions/runs/37168415174/job/111336155588	111336155518	883/996	cb2ce1026b52cb59b0e6a169eb59f16af1b95ca35270de117b77f9c07e4e21f7	https://github.com/AtelierArith/mvmc-rs/actions/runs/37168415174/job/111336155518	#184 condition audit / Pauli; #185 reconciliation; original row owner unchanged	File-helper error collection and every original overload/scenario require separate joins; native file reading does not certify helper diagnostics.
PR258:issue184_transfer_definition_boundary::public_loader_missing_transfer_is_required_not_an_incomplete_success	api:A001;api:A007;api:A087	PartialPublicLoaderConditionWithFamilyArchitectureContext	RequiredPublicLoader	Advertised missing Trans rejects InvalidInput with Required Trans diagnostic, not a successful partial model.	mvmc_expert_parsers::parse_expert_mode_files -> parse_trans_definition	mvmc-expert-parsers::issue184_transfer_definition_boundary::public_loader_missing_transfer_is_required_not_an_incomplete_success	crates/mvmc-expert-parsers/tests/issue184_transfer_definition_boundary.rs:144	e5f98ef8057e13000a61d8ad5670c14446c30121480bd6fe8072a502bb0372c5	C readdef SHA256=6c53cb832f93d6cbfd7cea955fbb693738af5536b913d36af32b98eed38c32d9 readdef.c:1973-1996; J original=8bb1b9e8ae47b1512c00b321be05664ddcac0fd1; literal conditions, not oracle-generated output	40f3d09e1a53a3e3c5065e864a41d2ef71f3120a	37168415174	Linux; profile ci; default and --all-features; ordinary nonignored controls; parser Nsite/count/literals specified in condition and source; no Julia/C runtime	cargo nextest run --workspace [default: no feature argument; all-features: --all-features] --locked --cargo-profile ci --no-fail-fast --retries 0	PASS named assertions both jobs; original row remains partial	111336155588	883/994	cc1c17c8e9c8c27f2f010d7ef3d1b898048f985b5e90a0c8650fbe41e5f3c3e7	https://github.com/AtelierArith/mvmc-rs/actions/runs/37168415174/job/111336155588	111336155518	884/996	cb2ce1026b52cb59b0e6a169eb59f16af1b95ca35270de117b77f9c07e4e21f7	https://github.com/AtelierArith/mvmc-rs/actions/runs/37168415174/job/111336155518	#184 condition audit / Pauli; #185 reconciliation; original row owner unchanged	File-helper error collection and every original overload/scenario require separate joins; native file reading does not certify helper diagnostics.
PR258:issue184_transfer_definition_boundary::public_loader_routes_transfer_definition_errors_instead_of_silent_success	api:A001;api:A007;api:A087	PartialPublicLoaderConditionWithFamilyArchitectureContext	RequiredPublicLoader	ModPara Nsite2/NElec1 with required Trans: valid hexadecimal row is parsed, count2/one-row rejects InvalidInput.	mvmc_expert_parsers::parse_expert_mode_files -> parse_trans_definition	mvmc-expert-parsers::issue184_transfer_definition_boundary::public_loader_routes_transfer_definition_errors_instead_of_silent_success	crates/mvmc-expert-parsers/tests/issue184_transfer_definition_boundary.rs:128	e5f98ef8057e13000a61d8ad5670c14446c30121480bd6fe8072a502bb0372c5	C readdef SHA256=6c53cb832f93d6cbfd7cea955fbb693738af5536b913d36af32b98eed38c32d9 readdef.c:1973-1996; J original=8bb1b9e8ae47b1512c00b321be05664ddcac0fd1; literal conditions, not oracle-generated output	40f3d09e1a53a3e3c5065e864a41d2ef71f3120a	37168415174	Linux; profile ci; default and --all-features; ordinary nonignored controls; parser Nsite/count/literals specified in condition and source; no Julia/C runtime	cargo nextest run --workspace [default: no feature argument; all-features: --all-features] --locked --cargo-profile ci --no-fail-fast --retries 0	PASS named assertions both jobs; original row remains partial	111336155588	884/994	cc1c17c8e9c8c27f2f010d7ef3d1b898048f985b5e90a0c8650fbe41e5f3c3e7	https://github.com/AtelierArith/mvmc-rs/actions/runs/37168415174/job/111336155588	111336155518	885/996	cb2ce1026b52cb59b0e6a169eb59f16af1b95ca35270de117b77f9c07e4e21f7	https://github.com/AtelierArith/mvmc-rs/actions/runs/37168415174/job/111336155518	#184 condition audit / Pauli; #185 reconciliation; original row owner unchanged	File-helper error collection and every original overload/scenario require separate joins; native file reading does not certify helper diagnostics.
PR258:issue184_transfer_definition_boundary::transfer_consumed_invalid_row_cannot_publish_partial_payload	api:A087	CDefinitionBoundaryContextNotOriginalHelperVerification	RustSafetyRejection	After a valid first record, negative/OOB site, spin2, malformed coefficient or missing coefficient rejects the section; unsafe/failed C scans are not portable parity.	parse_trans_definition	mvmc-expert-parsers::issue184_transfer_definition_boundary::transfer_consumed_invalid_row_cannot_publish_partial_payload	crates/mvmc-expert-parsers/tests/issue184_transfer_definition_boundary.rs:89	e5f98ef8057e13000a61d8ad5670c14446c30121480bd6fe8072a502bb0372c5	C readdef SHA256=6c53cb832f93d6cbfd7cea955fbb693738af5536b913d36af32b98eed38c32d9 readdef.c:1973-1996; J original=8bb1b9e8ae47b1512c00b321be05664ddcac0fd1; literal conditions, not oracle-generated output	40f3d09e1a53a3e3c5065e864a41d2ef71f3120a	37168415174	Linux; profile ci; default and --all-features; ordinary nonignored controls; parser Nsite/count/literals specified in condition and source; no Julia/C runtime	cargo nextest run --workspace [default: no feature argument; all-features: --all-features] --locked --cargo-profile ci --no-fail-fast --retries 0	PASS named assertions both jobs; original row remains partial	111336155588	885/994	cc1c17c8e9c8c27f2f010d7ef3d1b898048f985b5e90a0c8650fbe41e5f3c3e7	https://github.com/AtelierArith/mvmc-rs/actions/runs/37168415174/job/111336155588	111336155518	886/996	cb2ce1026b52cb59b0e6a169eb59f16af1b95ca35270de117b77f9c07e4e21f7	https://github.com/AtelierArith/mvmc-rs/actions/runs/37168415174/job/111336155518	#184 condition audit / Pauli; #185 reconciliation; original row owner unchanged	File-helper error collection and every original overload/scenario require separate joins; native file reading does not certify helper diagnostics.
PR258:issue184_transfer_definition_boundary::transfer_definition_preserves_original_complex_and_spin_coordinates	api:A087	CDefinitionBoundaryContextNotOriginalHelperVerification	DefinedCRead	Nsite=2; two complete six-field rows preserve input order, both spin coordinates, and complex values (1.25,-0.5),(-0.75,0.125).	parse_trans_definition	mvmc-expert-parsers::issue184_transfer_definition_boundary::transfer_definition_preserves_original_complex_and_spin_coordinates	crates/mvmc-expert-parsers/tests/issue184_transfer_definition_boundary.rs:50	e5f98ef8057e13000a61d8ad5670c14446c30121480bd6fe8072a502bb0372c5	C readdef SHA256=6c53cb832f93d6cbfd7cea955fbb693738af5536b913d36af32b98eed38c32d9 readdef.c:1973-1996; J original=8bb1b9e8ae47b1512c00b321be05664ddcac0fd1; literal conditions, not oracle-generated output	40f3d09e1a53a3e3c5065e864a41d2ef71f3120a	37168415174	Linux; profile ci; default and --all-features; ordinary nonignored controls; parser Nsite/count/literals specified in condition and source; no Julia/C runtime	cargo nextest run --workspace [default: no feature argument; all-features: --all-features] --locked --cargo-profile ci --no-fail-fast --retries 0	PASS named assertions both jobs; original row remains partial	111336155588	886/994	cc1c17c8e9c8c27f2f010d7ef3d1b898048f985b5e90a0c8650fbe41e5f3c3e7	https://github.com/AtelierArith/mvmc-rs/actions/runs/37168415174/job/111336155588	111336155518	887/996	cb2ce1026b52cb59b0e6a169eb59f16af1b95ca35270de117b77f9c07e4e21f7	https://github.com/AtelierArith/mvmc-rs/actions/runs/37168415174/job/111336155518	#184 condition audit / Pauli; #185 reconciliation; original row owner unchanged	File-helper error collection and every original overload/scenario require separate joins; native file reading does not certify helper diagnostics.
PR258:issue184_transfer_definition_boundary::transfer_definition_reads_c_hexadecimal_coefficients_not_zero_fallbacks	api:A087	CDefinitionBoundaryContextNotOriginalHelperVerification	DefinedCRead	Nsite=2; hexadecimal real 0x1.4p0 and imaginary -0x1p-1 read as (1.25,-0.5), not fallback zero.	parse_trans_definition	mvmc-expert-parsers::issue184_transfer_definition_boundary::transfer_definition_reads_c_hexadecimal_coefficients_not_zero_fallbacks	crates/mvmc-expert-parsers/tests/issue184_transfer_definition_boundary.rs:63	e5f98ef8057e13000a61d8ad5670c14446c30121480bd6fe8072a502bb0372c5	C readdef SHA256=6c53cb832f93d6cbfd7cea955fbb693738af5536b913d36af32b98eed38c32d9 readdef.c:1973-1996; J original=8bb1b9e8ae47b1512c00b321be05664ddcac0fd1; literal conditions, not oracle-generated output	40f3d09e1a53a3e3c5065e864a41d2ef71f3120a	37168415174	Linux; profile ci; default and --all-features; ordinary nonignored controls; parser Nsite/count/literals specified in condition and source; no Julia/C runtime	cargo nextest run --workspace [default: no feature argument; all-features: --all-features] --locked --cargo-profile ci --no-fail-fast --retries 0	PASS named assertions both jobs; original row remains partial	111336155588	887/994	cc1c17c8e9c8c27f2f010d7ef3d1b898048f985b5e90a0c8650fbe41e5f3c3e7	https://github.com/AtelierArith/mvmc-rs/actions/runs/37168415174/job/111336155588	111336155518	888/996	cb2ce1026b52cb59b0e6a169eb59f16af1b95ca35270de117b77f9c07e4e21f7	https://github.com/AtelierArith/mvmc-rs/actions/runs/37168415174/job/111336155518	#184 condition audit / Pauli; #185 reconciliation; original row owner unchanged	File-helper error collection and every original overload/scenario require separate joins; native file reading does not certify helper diagnostics.
PR258:issue184_transfer_definition_boundary::transfer_zero_count_ignores_body_and_positive_count_is_exact	api:A087	CDefinitionBoundaryContextNotOriginalHelperVerification	CountBoundary	Zero count ignores invalid body; positive count rejects fewer or additional physical rows. Not a malformed C scanf parity claim.	parse_trans_definition	mvmc-expert-parsers::issue184_transfer_definition_boundary::transfer_zero_count_ignores_body_and_positive_count_is_exact	crates/mvmc-expert-parsers/tests/issue184_transfer_definition_boundary.rs:71	e5f98ef8057e13000a61d8ad5670c14446c30121480bd6fe8072a502bb0372c5	C readdef SHA256=6c53cb832f93d6cbfd7cea955fbb693738af5536b913d36af32b98eed38c32d9 readdef.c:1973-1996; J original=8bb1b9e8ae47b1512c00b321be05664ddcac0fd1; literal conditions, not oracle-generated output	40f3d09e1a53a3e3c5065e864a41d2ef71f3120a	37168415174	Linux; profile ci; default and --all-features; ordinary nonignored controls; parser Nsite/count/literals specified in condition and source; no Julia/C runtime	cargo nextest run --workspace [default: no feature argument; all-features: --all-features] --locked --cargo-profile ci --no-fail-fast --retries 0	PASS named assertions both jobs; original row remains partial	111336155588	888/994	cc1c17c8e9c8c27f2f010d7ef3d1b898048f985b5e90a0c8650fbe41e5f3c3e7	https://github.com/AtelierArith/mvmc-rs/actions/runs/37168415174/job/111336155588	111336155518	889/996	cb2ce1026b52cb59b0e6a169eb59f16af1b95ca35270de117b77f9c07e4e21f7	https://github.com/AtelierArith/mvmc-rs/actions/runs/37168415174/job/111336155518	#184 condition audit / Pauli; #185 reconciliation; original row owner unchanged	File-helper error collection and every original overload/scenario require separate joins; native file reading does not certify helper diagnostics.
PR258:issue184_transfer_definition_boundary::transfer_zero_count_short_header_is_defined_body_ignore_not_stale_data	api:A087	CDefinitionBoundaryContextNotOriginalHelperVerification	DefinedCZero	Two-line count0 returns empty; two-line positive count rejects incomplete consumed header.	parse_trans_definition	mvmc-expert-parsers::issue184_transfer_definition_boundary::transfer_zero_count_short_header_is_defined_body_ignore_not_stale_data	crates/mvmc-expert-parsers/tests/issue184_transfer_definition_boundary.rs:158	e5f98ef8057e13000a61d8ad5670c14446c30121480bd6fe8072a502bb0372c5	C readdef SHA256=6c53cb832f93d6cbfd7cea955fbb693738af5536b913d36af32b98eed38c32d9 readdef.c:1973-1996; J original=8bb1b9e8ae47b1512c00b321be05664ddcac0fd1; literal conditions, not oracle-generated output	40f3d09e1a53a3e3c5065e864a41d2ef71f3120a	37168415174	Linux; profile ci; default and --all-features; ordinary nonignored controls; parser Nsite/count/literals specified in condition and source; no Julia/C runtime	cargo nextest run --workspace [default: no feature argument; all-features: --all-features] --locked --cargo-profile ci --no-fail-fast --retries 0	PASS named assertions both jobs; original row remains partial	111336155588	889/994	cc1c17c8e9c8c27f2f010d7ef3d1b898048f985b5e90a0c8650fbe41e5f3c3e7	https://github.com/AtelierArith/mvmc-rs/actions/runs/37168415174/job/111336155588	111336155518	891/996	cb2ce1026b52cb59b0e6a169eb59f16af1b95ca35270de117b77f9c07e4e21f7	https://github.com/AtelierArith/mvmc-rs/actions/runs/37168415174/job/111336155518	#184 condition audit / Pauli; #185 reconciliation; original row owner unchanged	File-helper error collection and every original overload/scenario require separate joins; native file reading does not certify helper diagnostics.
PR261:issue184_coulomb_definition_boundary::coulomb_file_reader_preserves_nonfinite_c_numeric_values_without_policy_rejection	api:A008;api:A011	CDefinitionBoundaryContextNotOriginalHelperVerification	ParserOnlyNonfinite	Both readers retain +inf/-inf/NaN as C %lf accepts; no runnable model or finite solver approval.	parse_coulomb_intra_definition / parse_coulomb_inter_definition	mvmc-expert-parsers::issue184_coulomb_definition_boundary::coulomb_file_reader_preserves_nonfinite_c_numeric_values_without_policy_rejection	crates/mvmc-expert-parsers/tests/issue184_coulomb_definition_boundary.rs:140	4439f8eed49e1ed5bbcb6cc70cd20d5228a4b465336aebfcd59663fe8c35cecb	C readdef SHA256=6c53cb832f93d6cbfd7cea955fbb693738af5536b913d36af32b98eed38c32d9 readdef.c:2017-2035;2063-2082; J original=8bb1b9e8ae47b1512c00b321be05664ddcac0fd1; literal conditions, not oracle-generated output	a5b34d52cf6cbc5485bb2dcd29e958bae97c990a	37169038401	Linux; profile ci; default and --all-features; ordinary nonignored controls; parser Nsite/count/literals specified in condition and source; no Julia/C runtime	cargo nextest run --workspace [default: no feature argument; all-features: --all-features] --locked --cargo-profile ci --no-fail-fast --retries 0	PASS named assertions both jobs; original row remains partial	111338027080	818/1005	32db4858686c2841dc33f407782397e32a1ec732e5aed9e02b6844098cd84860	https://github.com/AtelierArith/mvmc-rs/actions/runs/37169038401/job/111338027080	111338027030	819/1007	ba4250c2064e46c3320a8a17a4b8c512e4370785d81bae7360684873763cb9d6	https://github.com/AtelierArith/mvmc-rs/actions/runs/37169038401/job/111338027030	#184 condition audit / Pauli; #185 reconciliation; original row owner unchanged	Native definition and content-helper conditions differ; original term/error overloads and model output remain unverified.
PR261:issue184_coulomb_definition_boundary::coulomb_native_hex_coefficients_do_not_use_zero_fallback	api:A008;api:A011	CDefinitionBoundaryContextNotOriginalHelperVerification	DefinedCRead	Both families read hexadecimal intra1.25/inter-0.5 rather than fallback zero.	parse_coulomb_intra_definition / parse_coulomb_inter_definition	mvmc-expert-parsers::issue184_coulomb_definition_boundary::coulomb_native_hex_coefficients_do_not_use_zero_fallback	crates/mvmc-expert-parsers/tests/issue184_coulomb_definition_boundary.rs:78	4439f8eed49e1ed5bbcb6cc70cd20d5228a4b465336aebfcd59663fe8c35cecb	C readdef SHA256=6c53cb832f93d6cbfd7cea955fbb693738af5536b913d36af32b98eed38c32d9 readdef.c:2017-2035;2063-2082; J original=8bb1b9e8ae47b1512c00b321be05664ddcac0fd1; literal conditions, not oracle-generated output	a5b34d52cf6cbc5485bb2dcd29e958bae97c990a	37169038401	Linux; profile ci; default and --all-features; ordinary nonignored controls; parser Nsite/count/literals specified in condition and source; no Julia/C runtime	cargo nextest run --workspace [default: no feature argument; all-features: --all-features] --locked --cargo-profile ci --no-fail-fast --retries 0	PASS named assertions both jobs; original row remains partial	111338027080	819/1005	32db4858686c2841dc33f407782397e32a1ec732e5aed9e02b6844098cd84860	https://github.com/AtelierArith/mvmc-rs/actions/runs/37169038401/job/111338027080	111338027030	821/1007	ba4250c2064e46c3320a8a17a4b8c512e4370785d81bae7360684873763cb9d6	https://github.com/AtelierArith/mvmc-rs/actions/runs/37169038401/job/111338027030	#184 condition audit / Pauli; #185 reconciliation; original row owner unchanged	Native definition and content-helper conditions differ; original term/error overloads and model output remain unverified.
PR261:issue184_coulomb_definition_boundary::coulomb_invalid_consumed_records_reject_without_partial_success	api:A008;api:A011	CDefinitionBoundaryContextNotOriginalHelperVerification	RustSafetyRejection	Negative/OOB, malformed scalar, missing coordinate or consumed blank rejects; no partial payload or undefined C behavior claim.	parse_coulomb_intra_definition / parse_coulomb_inter_definition	mvmc-expert-parsers::issue184_coulomb_definition_boundary::coulomb_invalid_consumed_records_reject_without_partial_success	crates/mvmc-expert-parsers/tests/issue184_coulomb_definition_boundary.rs:158	4439f8eed49e1ed5bbcb6cc70cd20d5228a4b465336aebfcd59663fe8c35cecb	C readdef SHA256=6c53cb832f93d6cbfd7cea955fbb693738af5536b913d36af32b98eed38c32d9 readdef.c:2017-2035;2063-2082; J original=8bb1b9e8ae47b1512c00b321be05664ddcac0fd1; literal conditions, not oracle-generated output	a5b34d52cf6cbc5485bb2dcd29e958bae97c990a	37169038401	Linux; profile ci; default and --all-features; ordinary nonignored controls; parser Nsite/count/literals specified in condition and source; no Julia/C runtime	cargo nextest run --workspace [default: no feature argument; all-features: --all-features] --locked --cargo-profile ci --no-fail-fast --retries 0	PASS named assertions both jobs; original row remains partial	111338027080	820/1005	32db4858686c2841dc33f407782397e32a1ec732e5aed9e02b6844098cd84860	https://github.com/AtelierArith/mvmc-rs/actions/runs/37169038401/job/111338027080	111338027030	820/1007	ba4250c2064e46c3320a8a17a4b8c512e4370785d81bae7360684873763cb9d6	https://github.com/AtelierArith/mvmc-rs/actions/runs/37169038401/job/111338027030	#184 condition audit / Pauli; #185 reconciliation; original row owner unchanged	Native definition and content-helper conditions differ; original term/error overloads and model output remain unverified.
PR261:issue184_coulomb_definition_boundary::coulomb_omitted_scalar_retains_initialized_then_prior_value	api:A008;api:A011	CDefinitionBoundaryContextNotOriginalHelperVerification	DefinedCCarry	Intra values [0,-0.5,-0.5], inter [0,1.25,1.25]: initialized scalar0 then previous scan value.	parse_coulomb_intra_definition / parse_coulomb_inter_definition	mvmc-expert-parsers::issue184_coulomb_definition_boundary::coulomb_omitted_scalar_retains_initialized_then_prior_value	crates/mvmc-expert-parsers/tests/issue184_coulomb_definition_boundary.rs:91	4439f8eed49e1ed5bbcb6cc70cd20d5228a4b465336aebfcd59663fe8c35cecb	C readdef SHA256=6c53cb832f93d6cbfd7cea955fbb693738af5536b913d36af32b98eed38c32d9 readdef.c:2017-2035;2063-2082; J original=8bb1b9e8ae47b1512c00b321be05664ddcac0fd1; literal conditions, not oracle-generated output	a5b34d52cf6cbc5485bb2dcd29e958bae97c990a	37169038401	Linux; profile ci; default and --all-features; ordinary nonignored controls; parser Nsite/count/literals specified in condition and source; no Julia/C runtime	cargo nextest run --workspace [default: no feature argument; all-features: --all-features] --locked --cargo-profile ci --no-fail-fast --retries 0	PASS named assertions both jobs; original row remains partial	111338027080	821/1005	32db4858686c2841dc33f407782397e32a1ec732e5aed9e02b6844098cd84860	https://github.com/AtelierArith/mvmc-rs/actions/runs/37169038401/job/111338027080	111338027030	822/1007	ba4250c2064e46c3320a8a17a4b8c512e4370785d81bae7360684873763cb9d6	https://github.com/AtelierArith/mvmc-rs/actions/runs/37169038401/job/111338027030	#184 condition audit / Pauli; #185 reconciliation; original row owner unchanged	Native definition and content-helper conditions differ; original term/error overloads and model output remain unverified.
PR261:issue184_coulomb_definition_boundary::coulomb_original_valid_literals_preserve_coordinates_and_values	api:A008;api:A011	CDefinitionBoundaryContextNotOriginalHelperVerification	DefinedCRead	Nsite4: intra (0,4),(1,4); inter (0,1,1),(1,2,1) preserve coordinates/order/literals.	parse_coulomb_intra_definition / parse_coulomb_inter_definition	mvmc-expert-parsers::issue184_coulomb_definition_boundary::coulomb_original_valid_literals_preserve_coordinates_and_values	crates/mvmc-expert-parsers/tests/issue184_coulomb_definition_boundary.rs:59	4439f8eed49e1ed5bbcb6cc70cd20d5228a4b465336aebfcd59663fe8c35cecb	C readdef SHA256=6c53cb832f93d6cbfd7cea955fbb693738af5536b913d36af32b98eed38c32d9 readdef.c:2017-2035;2063-2082; J original=8bb1b9e8ae47b1512c00b321be05664ddcac0fd1; literal conditions, not oracle-generated output	a5b34d52cf6cbc5485bb2dcd29e958bae97c990a	37169038401	Linux; profile ci; default and --all-features; ordinary nonignored controls; parser Nsite/count/literals specified in condition and source; no Julia/C runtime	cargo nextest run --workspace [default: no feature argument; all-features: --all-features] --locked --cargo-profile ci --no-fail-fast --retries 0	PASS named assertions both jobs; original row remains partial	111338027080	822/1005	32db4858686c2841dc33f407782397e32a1ec732e5aed9e02b6844098cd84860	https://github.com/AtelierArith/mvmc-rs/actions/runs/37169038401/job/111338027080	111338027030	823/1007	ba4250c2064e46c3320a8a17a4b8c512e4370785d81bae7360684873763cb9d6	https://github.com/AtelierArith/mvmc-rs/actions/runs/37169038401/job/111338027030	#184 condition audit / Pauli; #185 reconciliation; original row owner unchanged	Native definition and content-helper conditions differ; original term/error overloads and model output remain unverified.
PR261:issue184_coulomb_definition_boundary::coulomb_short_zero_header_ignores_body_but_positive_header_is_incomplete	api:A008;api:A011	CDefinitionBoundaryContextNotOriginalHelperVerification	DefinedCZero	Both intra/inter accept two-line zero count; positive incomplete header rejects.	parse_coulomb_intra_definition / parse_coulomb_inter_definition	mvmc-expert-parsers::issue184_coulomb_definition_boundary::coulomb_short_zero_header_ignores_body_but_positive_header_is_incomplete	crates/mvmc-expert-parsers/tests/issue184_coulomb_definition_boundary.rs:120	4439f8eed49e1ed5bbcb6cc70cd20d5228a4b465336aebfcd59663fe8c35cecb	C readdef SHA256=6c53cb832f93d6cbfd7cea955fbb693738af5536b913d36af32b98eed38c32d9 readdef.c:2017-2035;2063-2082; J original=8bb1b9e8ae47b1512c00b321be05664ddcac0fd1; literal conditions, not oracle-generated output	a5b34d52cf6cbc5485bb2dcd29e958bae97c990a	37169038401	Linux; profile ci; default and --all-features; ordinary nonignored controls; parser Nsite/count/literals specified in condition and source; no Julia/C runtime	cargo nextest run --workspace [default: no feature argument; all-features: --all-features] --locked --cargo-profile ci --no-fail-fast --retries 0	PASS named assertions both jobs; original row remains partial	111338027080	823/1005	32db4858686c2841dc33f407782397e32a1ec732e5aed9e02b6844098cd84860	https://github.com/AtelierArith/mvmc-rs/actions/runs/37169038401/job/111338027080	111338027030	824/1007	ba4250c2064e46c3320a8a17a4b8c512e4370785d81bae7360684873763cb9d6	https://github.com/AtelierArith/mvmc-rs/actions/runs/37169038401/job/111338027030	#184 condition audit / Pauli; #185 reconciliation; original row owner unchanged	Native definition and content-helper conditions differ; original term/error overloads and model output remain unverified.
PR261:issue184_coulomb_definition_boundary::coulomb_zero_count_ignores_body_and_diagonal_inter_is_not_rejected	api:A008;api:A011	CDefinitionBoundaryContextNotOriginalHelperVerification	DefinedCRead	Count0 ignores body; complete inter diagonal (2,2,-1) is retained without Julia-only diagonal rejection.	parse_coulomb_intra_definition / parse_coulomb_inter_definition	mvmc-expert-parsers::issue184_coulomb_definition_boundary::coulomb_zero_count_ignores_body_and_diagonal_inter_is_not_rejected	crates/mvmc-expert-parsers/tests/issue184_coulomb_definition_boundary.rs:107	4439f8eed49e1ed5bbcb6cc70cd20d5228a4b465336aebfcd59663fe8c35cecb	C readdef SHA256=6c53cb832f93d6cbfd7cea955fbb693738af5536b913d36af32b98eed38c32d9 readdef.c:2017-2035;2063-2082; J original=8bb1b9e8ae47b1512c00b321be05664ddcac0fd1; literal conditions, not oracle-generated output	a5b34d52cf6cbc5485bb2dcd29e958bae97c990a	37169038401	Linux; profile ci; default and --all-features; ordinary nonignored controls; parser Nsite/count/literals specified in condition and source; no Julia/C runtime	cargo nextest run --workspace [default: no feature argument; all-features: --all-features] --locked --cargo-profile ci --no-fail-fast --retries 0	PASS named assertions both jobs; original row remains partial	111338027080	824/1005	32db4858686c2841dc33f407782397e32a1ec732e5aed9e02b6844098cd84860	https://github.com/AtelierArith/mvmc-rs/actions/runs/37169038401/job/111338027080	111338027030	825/1007	ba4250c2064e46c3320a8a17a4b8c512e4370785d81bae7360684873763cb9d6	https://github.com/AtelierArith/mvmc-rs/actions/runs/37169038401/job/111338027030	#184 condition audit / Pauli; #185 reconciliation; original row owner unchanged	Native definition and content-helper conditions differ; original term/error overloads and model output remain unverified.
PR261:issue184_coulomb_definition_boundary::headerless_coulomb_helpers_are_separate_julia_architecture	api:A009;api:A012	PartialContentHelperCondition	HelperArchitecture	Headerless helpers retain literal intra4/inter1; not certification of every Julia parse/error overload.	parse_coulomb_intra_content / parse_coulomb_inter_content	mvmc-expert-parsers::issue184_coulomb_definition_boundary::headerless_coulomb_helpers_are_separate_julia_architecture	crates/mvmc-expert-parsers/tests/issue184_coulomb_definition_boundary.rs:216	4439f8eed49e1ed5bbcb6cc70cd20d5228a4b465336aebfcd59663fe8c35cecb	C readdef SHA256=6c53cb832f93d6cbfd7cea955fbb693738af5536b913d36af32b98eed38c32d9 readdef.c:2017-2035;2063-2082; J original=8bb1b9e8ae47b1512c00b321be05664ddcac0fd1; literal conditions, not oracle-generated output	a5b34d52cf6cbc5485bb2dcd29e958bae97c990a	37169038401	Linux; profile ci; default and --all-features; ordinary nonignored controls; parser Nsite/count/literals specified in condition and source; no Julia/C runtime	cargo nextest run --workspace [default: no feature argument; all-features: --all-features] --locked --cargo-profile ci --no-fail-fast --retries 0	PASS named assertions both jobs; original row remains partial	111338027080	825/1005	32db4858686c2841dc33f407782397e32a1ec732e5aed9e02b6844098cd84860	https://github.com/AtelierArith/mvmc-rs/actions/runs/37169038401/job/111338027080	111338027030	826/1007	ba4250c2064e46c3320a8a17a4b8c512e4370785d81bae7360684873763cb9d6	https://github.com/AtelierArith/mvmc-rs/actions/runs/37169038401/job/111338027030	#184 condition audit / Pauli; #185 reconciliation; original row owner unchanged	Native definition and content-helper conditions differ; original term/error overloads and model output remain unverified.
PR261:issue184_coulomb_definition_boundary::public_coulomb_loader_rejects_missing_and_mismatched_declared_counts	api:A001;api:A007;api:A008;api:A011	PartialPublicLoaderConditionWithFamilyArchitectureContext	RequiredPublicLoader	Both required families: missing file rejects; valid hex loads; declared-short/excess physical count rejects.	mvmc_expert_parsers::parse_expert_mode_files -> parse_coulomb_intra_definition / parse_coulomb_inter_definition	mvmc-expert-parsers::issue184_coulomb_definition_boundary::public_coulomb_loader_rejects_missing_and_mismatched_declared_counts	crates/mvmc-expert-parsers/tests/issue184_coulomb_definition_boundary.rs:179	4439f8eed49e1ed5bbcb6cc70cd20d5228a4b465336aebfcd59663fe8c35cecb	C readdef SHA256=6c53cb832f93d6cbfd7cea955fbb693738af5536b913d36af32b98eed38c32d9 readdef.c:2017-2035;2063-2082; J original=8bb1b9e8ae47b1512c00b321be05664ddcac0fd1; literal conditions, not oracle-generated output	a5b34d52cf6cbc5485bb2dcd29e958bae97c990a	37169038401	Linux; profile ci; default and --all-features; ordinary nonignored controls; parser Nsite/count/literals specified in condition and source; no Julia/C runtime	cargo nextest run --workspace [default: no feature argument; all-features: --all-features] --locked --cargo-profile ci --no-fail-fast --retries 0	PASS named assertions both jobs; original row remains partial	111338027080	826/1005	32db4858686c2841dc33f407782397e32a1ec732e5aed9e02b6844098cd84860	https://github.com/AtelierArith/mvmc-rs/actions/runs/37169038401/job/111338027080	111338027030	827/1007	ba4250c2064e46c3320a8a17a4b8c512e4370785d81bae7360684873763cb9d6	https://github.com/AtelierArith/mvmc-rs/actions/runs/37169038401/job/111338027030	#184 condition audit / Pauli; #185 reconciliation; original row owner unchanged	Native definition and content-helper conditions differ; original term/error overloads and model output remain unverified.
PR263:issue184_pair_value_definition_boundaries::headerless_pair_helpers_remain_separate_convenience_apis	api:A019;api:A034	PartialContentHelperCondition	HelperArchitecture	Headerless Hund/Exchange helpers retain (0,1,0.5); this does not certify their Julia self-interaction diagnostic contract.	parse_hund_content / parse_exchange_content	mvmc-expert-parsers::issue184_pair_value_definition_boundaries::headerless_pair_helpers_remain_separate_convenience_apis	crates/mvmc-expert-parsers/tests/issue184_pair_value_definition_boundaries.rs:189	66dd3a75dcbdd2f29d6a7afaa6d025af53709f80d43927f678b763aafeb33a24	C readdef SHA256=6c53cb832f93d6cbfd7cea955fbb693738af5536b913d36af32b98eed38c32d9 readdef.c:2063-2082; J original=8bb1b9e8ae47b1512c00b321be05664ddcac0fd1; literal conditions, not oracle-generated output	7e0456b8f2aeef4c311ddba68d956eab3ee4b909	37169525530	Linux; profile ci; default and --all-features; ordinary nonignored controls; parser Nsite/count/literals specified in condition and source; no Julia/C runtime	cargo nextest run --workspace [default: no feature argument; all-features: --all-features] --locked --cargo-profile ci --no-fail-fast --retries 0	PASS named assertions both jobs; original row remains partial	111339450357	870/1014	44a96c15c1c0baa85bf0a674c32da7521fcdc659e26fbda6f5297400186224cc	https://github.com/AtelierArith/mvmc-rs/actions/runs/37169525530/job/111339450357	111339450420	871/1016	88099a3bea7262154fe5c863181c3bf725254a3c6667a5b5c68ffd925b35a92b	https://github.com/AtelierArith/mvmc-rs/actions/runs/37169525530/job/111339450420	#184 condition audit / Pauli; #185 reconciliation; original row owner unchanged	C-defined diagonal retention differs from Julia convenience-helper rejection; helper diagnostics and numerical Hamiltonian consumption are separate.
PR263:issue184_pair_value_definition_boundaries::pair_hex_coefficients_are_not_zero_fallbacks	api:A018;api:A033	CDefinitionBoundaryContextNotOriginalHelperVerification	DefinedCRead	Hund/Exchange retain (0,1,1.25),(1,2,-0.5) from hexadecimal scalars.	parse_hund_definition / parse_exchange_definition	mvmc-expert-parsers::issue184_pair_value_definition_boundaries::pair_hex_coefficients_are_not_zero_fallbacks	crates/mvmc-expert-parsers/tests/issue184_pair_value_definition_boundaries.rs:89	66dd3a75dcbdd2f29d6a7afaa6d025af53709f80d43927f678b763aafeb33a24	C readdef SHA256=6c53cb832f93d6cbfd7cea955fbb693738af5536b913d36af32b98eed38c32d9 readdef.c:2063-2082; J original=8bb1b9e8ae47b1512c00b321be05664ddcac0fd1; literal conditions, not oracle-generated output	7e0456b8f2aeef4c311ddba68d956eab3ee4b909	37169525530	Linux; profile ci; default and --all-features; ordinary nonignored controls; parser Nsite/count/literals specified in condition and source; no Julia/C runtime	cargo nextest run --workspace [default: no feature argument; all-features: --all-features] --locked --cargo-profile ci --no-fail-fast --retries 0	PASS named assertions both jobs; original row remains partial	111339450357	871/1014	44a96c15c1c0baa85bf0a674c32da7521fcdc659e26fbda6f5297400186224cc	https://github.com/AtelierArith/mvmc-rs/actions/runs/37169525530/job/111339450357	111339450420	872/1016	88099a3bea7262154fe5c863181c3bf725254a3c6667a5b5c68ffd925b35a92b	https://github.com/AtelierArith/mvmc-rs/actions/runs/37169525530/job/111339450420	#184 condition audit / Pauli; #185 reconciliation; original row owner unchanged	C-defined diagonal retention differs from Julia convenience-helper rejection; helper diagnostics and numerical Hamiltonian consumption are separate.
PR263:issue184_pair_value_definition_boundaries::pair_invalid_consumed_rows_reject_partial_results_and_count_mismatch	api:A018;api:A033	CDefinitionBoundaryContextNotOriginalHelperVerification	RustSafetyRejection	Both pair families reject negative/OOB/malformed/missing/blank consumed rows and count mismatch, without partial publication.	parse_hund_definition / parse_exchange_definition	mvmc-expert-parsers::issue184_pair_value_definition_boundaries::pair_invalid_consumed_rows_reject_partial_results_and_count_mismatch	crates/mvmc-expert-parsers/tests/issue184_pair_value_definition_boundaries.rs:141	66dd3a75dcbdd2f29d6a7afaa6d025af53709f80d43927f678b763aafeb33a24	C readdef SHA256=6c53cb832f93d6cbfd7cea955fbb693738af5536b913d36af32b98eed38c32d9 readdef.c:2063-2082; J original=8bb1b9e8ae47b1512c00b321be05664ddcac0fd1; literal conditions, not oracle-generated output	7e0456b8f2aeef4c311ddba68d956eab3ee4b909	37169525530	Linux; profile ci; default and --all-features; ordinary nonignored controls; parser Nsite/count/literals specified in condition and source; no Julia/C runtime	cargo nextest run --workspace [default: no feature argument; all-features: --all-features] --locked --cargo-profile ci --no-fail-fast --retries 0	PASS named assertions both jobs; original row remains partial	111339450357	872/1014	44a96c15c1c0baa85bf0a674c32da7521fcdc659e26fbda6f5297400186224cc	https://github.com/AtelierArith/mvmc-rs/actions/runs/37169525530/job/111339450357	111339450420	873/1016	88099a3bea7262154fe5c863181c3bf725254a3c6667a5b5c68ffd925b35a92b	https://github.com/AtelierArith/mvmc-rs/actions/runs/37169525530/job/111339450420	#184 condition audit / Pauli; #185 reconciliation; original row owner unchanged	C-defined diagonal retention differs from Julia convenience-helper rejection; helper diagnostics and numerical Hamiltonian consumption are separate.
PR263:issue184_pair_value_definition_boundaries::pair_literals_preserve_order_sign_and_diagonal_without_expansion	api:A018;api:A033	CDefinitionBoundaryContextNotOriginalHelperVerification	DefinedCRead	Hund and Exchange preserve (2,2,-1.5),(3,0,2),(0,3,-0.25) without expansion, sign change or diagonal prohibition.	parse_hund_definition / parse_exchange_definition	mvmc-expert-parsers::issue184_pair_value_definition_boundaries::pair_literals_preserve_order_sign_and_diagonal_without_expansion	crates/mvmc-expert-parsers/tests/issue184_pair_value_definition_boundaries.rs:82	66dd3a75dcbdd2f29d6a7afaa6d025af53709f80d43927f678b763aafeb33a24	C readdef SHA256=6c53cb832f93d6cbfd7cea955fbb693738af5536b913d36af32b98eed38c32d9 readdef.c:2063-2082; J original=8bb1b9e8ae47b1512c00b321be05664ddcac0fd1; literal conditions, not oracle-generated output	7e0456b8f2aeef4c311ddba68d956eab3ee4b909	37169525530	Linux; profile ci; default and --all-features; ordinary nonignored controls; parser Nsite/count/literals specified in condition and source; no Julia/C runtime	cargo nextest run --workspace [default: no feature argument; all-features: --all-features] --locked --cargo-profile ci --no-fail-fast --retries 0	PASS named assertions both jobs; original row remains partial	111339450357	873/1014	44a96c15c1c0baa85bf0a674c32da7521fcdc659e26fbda6f5297400186224cc	https://github.com/AtelierArith/mvmc-rs/actions/runs/37169525530/job/111339450357	111339450420	874/1016	88099a3bea7262154fe5c863181c3bf725254a3c6667a5b5c68ffd925b35a92b	https://github.com/AtelierArith/mvmc-rs/actions/runs/37169525530/job/111339450420	#184 condition audit / Pauli; #185 reconciliation; original row owner unchanged	C-defined diagonal retention differs from Julia convenience-helper rejection; helper diagnostics and numerical Hamiltonian consumption are separate.
PR263:issue184_pair_value_definition_boundaries::pair_nonfinite_values_are_parser_only_not_runnable_model_policy	api:A018;api:A033	CDefinitionBoundaryContextNotOriginalHelperVerification	ParserOnlyNonfinite	Hund/Exchange retain infinities and NaN at parser boundary only.	parse_hund_definition / parse_exchange_definition	mvmc-expert-parsers::issue184_pair_value_definition_boundaries::pair_nonfinite_values_are_parser_only_not_runnable_model_policy	crates/mvmc-expert-parsers/tests/issue184_pair_value_definition_boundaries.rs:132	66dd3a75dcbdd2f29d6a7afaa6d025af53709f80d43927f678b763aafeb33a24	C readdef SHA256=6c53cb832f93d6cbfd7cea955fbb693738af5536b913d36af32b98eed38c32d9 readdef.c:2063-2082; J original=8bb1b9e8ae47b1512c00b321be05664ddcac0fd1; literal conditions, not oracle-generated output	7e0456b8f2aeef4c311ddba68d956eab3ee4b909	37169525530	Linux; profile ci; default and --all-features; ordinary nonignored controls; parser Nsite/count/literals specified in condition and source; no Julia/C runtime	cargo nextest run --workspace [default: no feature argument; all-features: --all-features] --locked --cargo-profile ci --no-fail-fast --retries 0	PASS named assertions both jobs; original row remains partial	111339450357	874/1014	44a96c15c1c0baa85bf0a674c32da7521fcdc659e26fbda6f5297400186224cc	https://github.com/AtelierArith/mvmc-rs/actions/runs/37169525530/job/111339450357	111339450420	875/1016	88099a3bea7262154fe5c863181c3bf725254a3c6667a5b5c68ffd925b35a92b	https://github.com/AtelierArith/mvmc-rs/actions/runs/37169525530/job/111339450420	#184 condition audit / Pauli; #185 reconciliation; original row owner unchanged	C-defined diagonal retention differs from Julia convenience-helper rejection; helper diagnostics and numerical Hamiltonian consumption are separate.
PR263:issue184_pair_value_definition_boundaries::pair_omitted_scalar_retains_initialized_then_prior_value	api:A018;api:A033	CDefinitionBoundaryContextNotOriginalHelperVerification	DefinedCCarry	Both pair families retain values [0,-0.5,-0.5] after initialized then omitted scalar scans.	parse_hund_definition / parse_exchange_definition	mvmc-expert-parsers::issue184_pair_value_definition_boundaries::pair_omitted_scalar_retains_initialized_then_prior_value	crates/mvmc-expert-parsers/tests/issue184_pair_value_definition_boundaries.rs:96	66dd3a75dcbdd2f29d6a7afaa6d025af53709f80d43927f678b763aafeb33a24	C readdef SHA256=6c53cb832f93d6cbfd7cea955fbb693738af5536b913d36af32b98eed38c32d9 readdef.c:2063-2082; J original=8bb1b9e8ae47b1512c00b321be05664ddcac0fd1; literal conditions, not oracle-generated output	7e0456b8f2aeef4c311ddba68d956eab3ee4b909	37169525530	Linux; profile ci; default and --all-features; ordinary nonignored controls; parser Nsite/count/literals specified in condition and source; no Julia/C runtime	cargo nextest run --workspace [default: no feature argument; all-features: --all-features] --locked --cargo-profile ci --no-fail-fast --retries 0	PASS named assertions both jobs; original row remains partial	111339450357	875/1014	44a96c15c1c0baa85bf0a674c32da7521fcdc659e26fbda6f5297400186224cc	https://github.com/AtelierArith/mvmc-rs/actions/runs/37169525530/job/111339450357	111339450420	876/1016	88099a3bea7262154fe5c863181c3bf725254a3c6667a5b5c68ffd925b35a92b	https://github.com/AtelierArith/mvmc-rs/actions/runs/37169525530/job/111339450420	#184 condition audit / Pauli; #185 reconciliation; original row owner unchanged	C-defined diagonal retention differs from Julia convenience-helper rejection; helper diagnostics and numerical Hamiltonian consumption are separate.
PR263:issue184_pair_value_definition_boundaries::pair_short_zero_header_is_supported_but_positive_header_is_incomplete	api:A018;api:A033	CDefinitionBoundaryContextNotOriginalHelperVerification	DefinedCZero	Both accept two-line zero count; positive short header rejects.	parse_hund_definition / parse_exchange_definition	mvmc-expert-parsers::issue184_pair_value_definition_boundaries::pair_short_zero_header_is_supported_but_positive_header_is_incomplete	crates/mvmc-expert-parsers/tests/issue184_pair_value_definition_boundaries.rs:110	66dd3a75dcbdd2f29d6a7afaa6d025af53709f80d43927f678b763aafeb33a24	C readdef SHA256=6c53cb832f93d6cbfd7cea955fbb693738af5536b913d36af32b98eed38c32d9 readdef.c:2063-2082; J original=8bb1b9e8ae47b1512c00b321be05664ddcac0fd1; literal conditions, not oracle-generated output	7e0456b8f2aeef4c311ddba68d956eab3ee4b909	37169525530	Linux; profile ci; default and --all-features; ordinary nonignored controls; parser Nsite/count/literals specified in condition and source; no Julia/C runtime	cargo nextest run --workspace [default: no feature argument; all-features: --all-features] --locked --cargo-profile ci --no-fail-fast --retries 0	PASS named assertions both jobs; original row remains partial	111339450357	876/1014	44a96c15c1c0baa85bf0a674c32da7521fcdc659e26fbda6f5297400186224cc	https://github.com/AtelierArith/mvmc-rs/actions/runs/37169525530/job/111339450357	111339450420	877/1016	88099a3bea7262154fe5c863181c3bf725254a3c6667a5b5c68ffd925b35a92b	https://github.com/AtelierArith/mvmc-rs/actions/runs/37169525530/job/111339450420	#184 condition audit / Pauli; #185 reconciliation; original row owner unchanged	C-defined diagonal retention differs from Julia convenience-helper rejection; helper diagnostics and numerical Hamiltonian consumption are separate.
PR263:issue184_pair_value_definition_boundaries::pair_zero_count_ignores_body	api:A018;api:A033	CDefinitionBoundaryContextNotOriginalHelperVerification	DefinedCZero	Hund/Exchange zero-count definitions ignore body and return empty.	parse_hund_definition / parse_exchange_definition	mvmc-expert-parsers::issue184_pair_value_definition_boundaries::pair_zero_count_ignores_body	crates/mvmc-expert-parsers/tests/issue184_pair_value_definition_boundaries.rs:103	66dd3a75dcbdd2f29d6a7afaa6d025af53709f80d43927f678b763aafeb33a24	C readdef SHA256=6c53cb832f93d6cbfd7cea955fbb693738af5536b913d36af32b98eed38c32d9 readdef.c:2063-2082; J original=8bb1b9e8ae47b1512c00b321be05664ddcac0fd1; literal conditions, not oracle-generated output	7e0456b8f2aeef4c311ddba68d956eab3ee4b909	37169525530	Linux; profile ci; default and --all-features; ordinary nonignored controls; parser Nsite/count/literals specified in condition and source; no Julia/C runtime	cargo nextest run --workspace [default: no feature argument; all-features: --all-features] --locked --cargo-profile ci --no-fail-fast --retries 0	PASS named assertions both jobs; original row remains partial	111339450357	877/1014	44a96c15c1c0baa85bf0a674c32da7521fcdc659e26fbda6f5297400186224cc	https://github.com/AtelierArith/mvmc-rs/actions/runs/37169525530/job/111339450357	111339450420	878/1016	88099a3bea7262154fe5c863181c3bf725254a3c6667a5b5c68ffd925b35a92b	https://github.com/AtelierArith/mvmc-rs/actions/runs/37169525530/job/111339450420	#184 condition audit / Pauli; #185 reconciliation; original row owner unchanged	C-defined diagonal retention differs from Julia convenience-helper rejection; helper diagnostics and numerical Hamiltonian consumption are separate.
PR263:issue184_pair_value_definition_boundaries::public_pair_loaders_reject_missing_and_invalid_required_files	api:A001;api:A007;api:A018;api:A033	PartialPublicLoaderConditionWithFamilyArchitectureContext	RequiredPublicLoader	Both required families: missing rejects, valid diagonal hexadecimal -0.5 loads, short/OOB fails.	mvmc_expert_parsers::parse_expert_mode_files -> parse_hund_definition / parse_exchange_definition	mvmc-expert-parsers::issue184_pair_value_definition_boundaries::public_pair_loaders_reject_missing_and_invalid_required_files	crates/mvmc-expert-parsers/tests/issue184_pair_value_definition_boundaries.rs:159	66dd3a75dcbdd2f29d6a7afaa6d025af53709f80d43927f678b763aafeb33a24	C readdef SHA256=6c53cb832f93d6cbfd7cea955fbb693738af5536b913d36af32b98eed38c32d9 readdef.c:2063-2082; J original=8bb1b9e8ae47b1512c00b321be05664ddcac0fd1; literal conditions, not oracle-generated output	7e0456b8f2aeef4c311ddba68d956eab3ee4b909	37169525530	Linux; profile ci; default and --all-features; ordinary nonignored controls; parser Nsite/count/literals specified in condition and source; no Julia/C runtime	cargo nextest run --workspace [default: no feature argument; all-features: --all-features] --locked --cargo-profile ci --no-fail-fast --retries 0	PASS named assertions both jobs; original row remains partial	111339450357	878/1014	44a96c15c1c0baa85bf0a674c32da7521fcdc659e26fbda6f5297400186224cc	https://github.com/AtelierArith/mvmc-rs/actions/runs/37169525530/job/111339450357	111339450420	880/1016	88099a3bea7262154fe5c863181c3bf725254a3c6667a5b5c68ffd925b35a92b	https://github.com/AtelierArith/mvmc-rs/actions/runs/37169525530/job/111339450420	#184 condition audit / Pauli; #185 reconciliation; original row owner unchanged	C-defined diagonal retention differs from Julia convenience-helper rejection; helper diagnostics and numerical Hamiltonian consumption are separate.
PR265:runtime_contract::real_fsz_pairhop_is_not_rejected_by_issue_43_gate	scenario:S409	ContextOnlyNotScenarioVerification	ContextOnlyRuntimeRejection	Archived component payload composed with unchanged wavefunction inputs; seed1 and both namelist metadata branches do not reject solely issue43 real-FSZ gate. This is an error-path smoke, not model energy/RNG trajectory verification.	mvmc_core::vmc_para_opt rejection boundary	mvmc-core::runtime_contract::real_fsz_pairhop_is_not_rejected_by_issue_43_gate	crates/mvmc-core/tests/runtime_contract.rs:300	199764acb1840f1955a8f4e8b77ebc7ae641c189a13af985d2f88154060957f8	C readdef SHA256=6c53cb832f93d6cbfd7cea955fbb693738af5536b913d36af32b98eed38c32d9 readdef.c:2063-2082; caller PairHop forward/reverse expansion; J original=8bb1b9e8ae47b1512c00b321be05664ddcac0fd1; literal conditions, not oracle-generated output	982bd995bac48f9952745c9daebb727b121ba43d	37171100066	Linux; profile ci; default and --all-features; ordinary nonignored controls; parser Nsite/count/literals specified in condition and source; no Julia/C runtime	cargo nextest run --workspace [default: no feature argument; all-features: --all-features] --locked --cargo-profile ci --no-fail-fast --retries 0	PASS rejection smoke only; independent model verification NOT_RUN	111344053559	640/1024	f9bd5162ae866a8e008eff46fb55e757e86a2eb3cb536d30134c0a8f374fb129	https://github.com/AtelierArith/mvmc-rs/actions/runs/37171100066/job/111344053559	111344053620	642/1026	b3c29a96205ead913ada5b88cb3be1b94b31eb4ba20d5eacdb853c8da0d5129f	https://github.com/AtelierArith/mvmc-rs/actions/runs/37171100066/job/111344053620	#184 condition audit / Pauli; #185 reconciliation; original row owner unchanged	Archived helper composition is not acceptance of count1/seven-row C input; original e2e energy/RNG/20-step fixtures remain unverified.
PR265:issue184_pairhop_definition_boundary::pairhop_diagonal_and_duplicate_rows_expand_without_deduplication	api:A051	CDefinitionBoundaryContextNotOriginalHelperVerification	DefinedCRead	Two identical diagonal input records yield four diagonal terms; no diagonal rejection or deduplication.	parse_pairhop_definition	mvmc-expert-parsers::issue184_pairhop_definition_boundary::pairhop_diagonal_and_duplicate_rows_expand_without_deduplication	crates/mvmc-expert-parsers/tests/issue184_pairhop_definition_boundary.rs:63	7feced89f7217bba33b89a17b7a15b1661c107615f89ce5686349312847d64ff	C readdef SHA256=6c53cb832f93d6cbfd7cea955fbb693738af5536b913d36af32b98eed38c32d9 readdef.c:2063-2082; caller PairHop forward/reverse expansion; J original=8bb1b9e8ae47b1512c00b321be05664ddcac0fd1; literal conditions, not oracle-generated output	982bd995bac48f9952745c9daebb727b121ba43d	37171100066	Linux; profile ci; default and --all-features; ordinary nonignored controls; parser Nsite/count/literals specified in condition and source; no Julia/C runtime	cargo nextest run --workspace [default: no feature argument; all-features: --all-features] --locked --cargo-profile ci --no-fail-fast --retries 0	PASS named assertions both jobs; original row remains partial	111344053559	878/1024	f9bd5162ae866a8e008eff46fb55e757e86a2eb3cb536d30134c0a8f374fb129	https://github.com/AtelierArith/mvmc-rs/actions/runs/37171100066/job/111344053559	111344053620	880/1026	b3c29a96205ead913ada5b88cb3be1b94b31eb4ba20d5eacdb853c8da0d5129f	https://github.com/AtelierArith/mvmc-rs/actions/runs/37171100066/job/111344053620	#184 condition audit / Pauli; #185 reconciliation; original row owner unchanged	Archived helper composition is not acceptance of count1/seven-row C input; original e2e energy/RNG/20-step fixtures remain unverified.
PR265:issue184_pairhop_definition_boundary::pairhop_headerless_helper_keeps_separate_partial_error_collection	api:A052	PartialContentHelperCondition	HelperArchitecture	Headerless valid and invalid records retain two terms, one error, is_success=false; independent of strict native definition file.	parse_pairhop_content	mvmc-expert-parsers::issue184_pairhop_definition_boundary::pairhop_headerless_helper_keeps_separate_partial_error_collection	crates/mvmc-expert-parsers/tests/issue184_pairhop_definition_boundary.rs:173	7feced89f7217bba33b89a17b7a15b1661c107615f89ce5686349312847d64ff	C readdef SHA256=6c53cb832f93d6cbfd7cea955fbb693738af5536b913d36af32b98eed38c32d9 readdef.c:2063-2082; caller PairHop forward/reverse expansion; J original=8bb1b9e8ae47b1512c00b321be05664ddcac0fd1; literal conditions, not oracle-generated output	982bd995bac48f9952745c9daebb727b121ba43d	37171100066	Linux; profile ci; default and --all-features; ordinary nonignored controls; parser Nsite/count/literals specified in condition and source; no Julia/C runtime	cargo nextest run --workspace [default: no feature argument; all-features: --all-features] --locked --cargo-profile ci --no-fail-fast --retries 0	PASS named assertions both jobs; original row remains partial	111344053559	879/1024	f9bd5162ae866a8e008eff46fb55e757e86a2eb3cb536d30134c0a8f374fb129	https://github.com/AtelierArith/mvmc-rs/actions/runs/37171100066/job/111344053559	111344053620	882/1026	b3c29a96205ead913ada5b88cb3be1b94b31eb4ba20d5eacdb853c8da0d5129f	https://github.com/AtelierArith/mvmc-rs/actions/runs/37171100066/job/111344053620	#184 condition audit / Pauli; #185 reconciliation; original row owner unchanged	Archived helper composition is not acceptance of count1/seven-row C input; original e2e energy/RNG/20-step fixtures remain unverified.
PR265:issue184_pairhop_definition_boundary::pairhop_hex_and_signed_zero_are_preserved_in_both_directions	api:A051	CDefinitionBoundaryContextNotOriginalHelperVerification	DefinedCRead	Hexadecimal -0.5 and signed-zero bits retained in both directions; exact conversion, not computed floating-point bitwise acceptance.	parse_pairhop_definition	mvmc-expert-parsers::issue184_pairhop_definition_boundary::pairhop_hex_and_signed_zero_are_preserved_in_both_directions	crates/mvmc-expert-parsers/tests/issue184_pairhop_definition_boundary.rs:68	7feced89f7217bba33b89a17b7a15b1661c107615f89ce5686349312847d64ff	C readdef SHA256=6c53cb832f93d6cbfd7cea955fbb693738af5536b913d36af32b98eed38c32d9 readdef.c:2063-2082; caller PairHop forward/reverse expansion; J original=8bb1b9e8ae47b1512c00b321be05664ddcac0fd1; literal conditions, not oracle-generated output	982bd995bac48f9952745c9daebb727b121ba43d	37171100066	Linux; profile ci; default and --all-features; ordinary nonignored controls; parser Nsite/count/literals specified in condition and source; no Julia/C runtime	cargo nextest run --workspace [default: no feature argument; all-features: --all-features] --locked --cargo-profile ci --no-fail-fast --retries 0	PASS named assertions both jobs; original row remains partial	111344053559	880/1024	f9bd5162ae866a8e008eff46fb55e757e86a2eb3cb536d30134c0a8f374fb129	https://github.com/AtelierArith/mvmc-rs/actions/runs/37171100066/job/111344053559	111344053620	883/1026	b3c29a96205ead913ada5b88cb3be1b94b31eb4ba20d5eacdb853c8da0d5129f	https://github.com/AtelierArith/mvmc-rs/actions/runs/37171100066/job/111344053620	#184 condition audit / Pauli; #185 reconciliation; original row owner unchanged	Archived helper composition is not acceptance of count1/seven-row C input; original e2e energy/RNG/20-step fixtures remain unverified.
PR265:issue184_pairhop_definition_boundary::pairhop_invalid_rows_and_input_count_mismatch_return_no_partial_payload	api:A051	CDefinitionBoundaryContextNotOriginalHelperVerification	RustSafetyRejection	Negative/OOB, bad scalar, missing coordinate, blank and count mismatch reject without partial section.	parse_pairhop_definition	mvmc-expert-parsers::issue184_pairhop_definition_boundary::pairhop_invalid_rows_and_input_count_mismatch_return_no_partial_payload	crates/mvmc-expert-parsers/tests/issue184_pairhop_definition_boundary.rs:116	7feced89f7217bba33b89a17b7a15b1661c107615f89ce5686349312847d64ff	C readdef SHA256=6c53cb832f93d6cbfd7cea955fbb693738af5536b913d36af32b98eed38c32d9 readdef.c:2063-2082; caller PairHop forward/reverse expansion; J original=8bb1b9e8ae47b1512c00b321be05664ddcac0fd1; literal conditions, not oracle-generated output	982bd995bac48f9952745c9daebb727b121ba43d	37171100066	Linux; profile ci; default and --all-features; ordinary nonignored controls; parser Nsite/count/literals specified in condition and source; no Julia/C runtime	cargo nextest run --workspace [default: no feature argument; all-features: --all-features] --locked --cargo-profile ci --no-fail-fast --retries 0	PASS named assertions both jobs; original row remains partial	111344053559	882/1024	f9bd5162ae866a8e008eff46fb55e757e86a2eb3cb536d30134c0a8f374fb129	https://github.com/AtelierArith/mvmc-rs/actions/runs/37171100066/job/111344053559	111344053620	885/1026	b3c29a96205ead913ada5b88cb3be1b94b31eb4ba20d5eacdb853c8da0d5129f	https://github.com/AtelierArith/mvmc-rs/actions/runs/37171100066/job/111344053620	#184 condition audit / Pauli; #185 reconciliation; original row owner unchanged	Archived helper composition is not acceptance of count1/seven-row C input; original e2e energy/RNG/20-step fixtures remain unverified.
PR265:issue184_pairhop_definition_boundary::pairhop_native_expansion_preserves_forward_reverse_order_and_sign	api:A051	CDefinitionBoundaryContextNotOriginalHelperVerification	DefinedCRead	Input (3,0,-0.5),(1,2,1.25) produces four forward/reverse terms with identical scalar sign.	parse_pairhop_definition	mvmc-expert-parsers::issue184_pairhop_definition_boundary::pairhop_native_expansion_preserves_forward_reverse_order_and_sign	crates/mvmc-expert-parsers/tests/issue184_pairhop_definition_boundary.rs:55	7feced89f7217bba33b89a17b7a15b1661c107615f89ce5686349312847d64ff	C readdef SHA256=6c53cb832f93d6cbfd7cea955fbb693738af5536b913d36af32b98eed38c32d9 readdef.c:2063-2082; caller PairHop forward/reverse expansion; J original=8bb1b9e8ae47b1512c00b321be05664ddcac0fd1; literal conditions, not oracle-generated output	982bd995bac48f9952745c9daebb727b121ba43d	37171100066	Linux; profile ci; default and --all-features; ordinary nonignored controls; parser Nsite/count/literals specified in condition and source; no Julia/C runtime	cargo nextest run --workspace [default: no feature argument; all-features: --all-features] --locked --cargo-profile ci --no-fail-fast --retries 0	PASS named assertions both jobs; original row remains partial	111344053559	883/1024	f9bd5162ae866a8e008eff46fb55e757e86a2eb3cb536d30134c0a8f374fb129	https://github.com/AtelierArith/mvmc-rs/actions/runs/37171100066/job/111344053559	111344053620	884/1026	b3c29a96205ead913ada5b88cb3be1b94b31eb4ba20d5eacdb853c8da0d5129f	https://github.com/AtelierArith/mvmc-rs/actions/runs/37171100066/job/111344053620	#184 condition audit / Pauli; #185 reconciliation; original row owner unchanged	Archived helper composition is not acceptance of count1/seven-row C input; original e2e energy/RNG/20-step fixtures remain unverified.
PR265:issue184_pairhop_definition_boundary::pairhop_omitted_scalar_retains_initialized_then_prior_value	api:A051	CDefinitionBoundaryContextNotOriginalHelperVerification	DefinedCCarry	Three input rows with values [0,-0.5,-0.5] expand to six forward/reverse terms.	parse_pairhop_definition	mvmc-expert-parsers::issue184_pairhop_definition_boundary::pairhop_omitted_scalar_retains_initialized_then_prior_value	crates/mvmc-expert-parsers/tests/issue184_pairhop_definition_boundary.rs:77	7feced89f7217bba33b89a17b7a15b1661c107615f89ce5686349312847d64ff	C readdef SHA256=6c53cb832f93d6cbfd7cea955fbb693738af5536b913d36af32b98eed38c32d9 readdef.c:2063-2082; caller PairHop forward/reverse expansion; J original=8bb1b9e8ae47b1512c00b321be05664ddcac0fd1; literal conditions, not oracle-generated output	982bd995bac48f9952745c9daebb727b121ba43d	37171100066	Linux; profile ci; default and --all-features; ordinary nonignored controls; parser Nsite/count/literals specified in condition and source; no Julia/C runtime	cargo nextest run --workspace [default: no feature argument; all-features: --all-features] --locked --cargo-profile ci --no-fail-fast --retries 0	PASS named assertions both jobs; original row remains partial	111344053559	884/1024	f9bd5162ae866a8e008eff46fb55e757e86a2eb3cb536d30134c0a8f374fb129	https://github.com/AtelierArith/mvmc-rs/actions/runs/37171100066/job/111344053559	111344053620	886/1026	b3c29a96205ead913ada5b88cb3be1b94b31eb4ba20d5eacdb853c8da0d5129f	https://github.com/AtelierArith/mvmc-rs/actions/runs/37171100066/job/111344053620	#184 condition audit / Pauli; #185 reconciliation; original row owner unchanged	Archived helper composition is not acceptance of count1/seven-row C input; original e2e energy/RNG/20-step fixtures remain unverified.
PR265:issue184_pairhop_definition_boundary::pairhop_nonfinite_parser_values_are_not_runnable_model_approval	api:A051	CDefinitionBoundaryContextNotOriginalHelperVerification	ParserOnlyNonfinite	Input +inf/-inf/NaN produces six retained terms; parser-only, no numerical model approval.	parse_pairhop_definition	mvmc-expert-parsers::issue184_pairhop_definition_boundary::pairhop_nonfinite_parser_values_are_not_runnable_model_approval	crates/mvmc-expert-parsers/tests/issue184_pairhop_definition_boundary.rs:106	7feced89f7217bba33b89a17b7a15b1661c107615f89ce5686349312847d64ff	C readdef SHA256=6c53cb832f93d6cbfd7cea955fbb693738af5536b913d36af32b98eed38c32d9 readdef.c:2063-2082; caller PairHop forward/reverse expansion; J original=8bb1b9e8ae47b1512c00b321be05664ddcac0fd1; literal conditions, not oracle-generated output	982bd995bac48f9952745c9daebb727b121ba43d	37171100066	Linux; profile ci; default and --all-features; ordinary nonignored controls; parser Nsite/count/literals specified in condition and source; no Julia/C runtime	cargo nextest run --workspace [default: no feature argument; all-features: --all-features] --locked --cargo-profile ci --no-fail-fast --retries 0	PASS named assertions both jobs; original row remains partial	111344053559	885/1024	f9bd5162ae866a8e008eff46fb55e757e86a2eb3cb536d30134c0a8f374fb129	https://github.com/AtelierArith/mvmc-rs/actions/runs/37171100066/job/111344053559	111344053620	887/1026	b3c29a96205ead913ada5b88cb3be1b94b31eb4ba20d5eacdb853c8da0d5129f	https://github.com/AtelierArith/mvmc-rs/actions/runs/37171100066/job/111344053620	#184 condition audit / Pauli; #185 reconciliation; original row owner unchanged	Archived helper composition is not acceptance of count1/seven-row C input; original e2e energy/RNG/20-step fixtures remain unverified.
PR265:issue184_pairhop_definition_boundary::pairhop_zero_and_short_zero_headers_ignore_body_positive_requires_header	api:A051	CDefinitionBoundaryContextNotOriginalHelperVerification	DefinedCZero	Long or two-line zero count ignores body; two-line positive header rejects.	parse_pairhop_definition	mvmc-expert-parsers::issue184_pairhop_definition_boundary::pairhop_zero_and_short_zero_headers_ignore_body_positive_requires_header	crates/mvmc-expert-parsers/tests/issue184_pairhop_definition_boundary.rs:92	7feced89f7217bba33b89a17b7a15b1661c107615f89ce5686349312847d64ff	C readdef SHA256=6c53cb832f93d6cbfd7cea955fbb693738af5536b913d36af32b98eed38c32d9 readdef.c:2063-2082; caller PairHop forward/reverse expansion; J original=8bb1b9e8ae47b1512c00b321be05664ddcac0fd1; literal conditions, not oracle-generated output	982bd995bac48f9952745c9daebb727b121ba43d	37171100066	Linux; profile ci; default and --all-features; ordinary nonignored controls; parser Nsite/count/literals specified in condition and source; no Julia/C runtime	cargo nextest run --workspace [default: no feature argument; all-features: --all-features] --locked --cargo-profile ci --no-fail-fast --retries 0	PASS named assertions both jobs; original row remains partial	111344053559	886/1024	f9bd5162ae866a8e008eff46fb55e757e86a2eb3cb536d30134c0a8f374fb129	https://github.com/AtelierArith/mvmc-rs/actions/runs/37171100066/job/111344053559	111344053620	888/1026	b3c29a96205ead913ada5b88cb3be1b94b31eb4ba20d5eacdb853c8da0d5129f	https://github.com/AtelierArith/mvmc-rs/actions/runs/37171100066/job/111344053620	#184 condition audit / Pauli; #185 reconciliation; original row owner unchanged	Archived helper composition is not acceptance of count1/seven-row C input; original e2e energy/RNG/20-step fixtures remain unverified.
PR265:issue184_pairhop_definition_boundary::public_pairhop_loader_rejects_missing_and_invalid_required_definition	api:A001;api:A007;api:A051	PartialPublicLoaderConditionWithFamilyArchitectureContext	RequiredPublicLoader	Required missing PairHop rejects; complete diagonal hex -0.5 yields two terms; short/OOB rejects.	mvmc_expert_parsers::parse_expert_mode_files -> parse_pairhop_definition	mvmc-expert-parsers::issue184_pairhop_definition_boundary::public_pairhop_loader_rejects_missing_and_invalid_required_definition	crates/mvmc-expert-parsers/tests/issue184_pairhop_definition_boundary.rs:145	7feced89f7217bba33b89a17b7a15b1661c107615f89ce5686349312847d64ff	C readdef SHA256=6c53cb832f93d6cbfd7cea955fbb693738af5536b913d36af32b98eed38c32d9 readdef.c:2063-2082; caller PairHop forward/reverse expansion; J original=8bb1b9e8ae47b1512c00b321be05664ddcac0fd1; literal conditions, not oracle-generated output	982bd995bac48f9952745c9daebb727b121ba43d	37171100066	Linux; profile ci; default and --all-features; ordinary nonignored controls; parser Nsite/count/literals specified in condition and source; no Julia/C runtime	cargo nextest run --workspace [default: no feature argument; all-features: --all-features] --locked --cargo-profile ci --no-fail-fast --retries 0	PASS named assertions both jobs; original row remains partial	111344053559	888/1024	f9bd5162ae866a8e008eff46fb55e757e86a2eb3cb536d30134c0a8f374fb129	https://github.com/AtelierArith/mvmc-rs/actions/runs/37171100066/job/111344053559	111344053620	889/1026	b3c29a96205ead913ada5b88cb3be1b94b31eb4ba20d5eacdb853c8da0d5129f	https://github.com/AtelierArith/mvmc-rs/actions/runs/37171100066/job/111344053620	#184 condition audit / Pauli; #185 reconciliation; original row owner unchanged	Archived helper composition is not acceptance of count1/seven-row C input; original e2e energy/RNG/20-step fixtures remain unverified.
PR265:pairhop::public_loader_rejects_archived_count_one_seven_row_component_input	api:A001;api:A007;api:A051	PartialPublicLoaderConditionWithFamilyArchitectureContext	RequiredPublicLoader	Unchanged archived helper fixture declares count1 with seven rows; strict public PairHop definition rejects InvalidInput. Archived helper composition remains distinct from native acceptance.	mvmc_expert_parsers::parse_expert_mode_files -> parse_pairhop_definition	mvmc-expert-parsers::pairhop::public_loader_rejects_archived_count_one_seven_row_component_input	crates/mvmc-expert-parsers/tests/pairhop.rs:182	984d22bfaa56e83c2a05a369ad20ee7d4bf831d8b78e14b784795e283dc48408	C readdef SHA256=6c53cb832f93d6cbfd7cea955fbb693738af5536b913d36af32b98eed38c32d9 readdef.c:2063-2082; caller PairHop forward/reverse expansion; J original=8bb1b9e8ae47b1512c00b321be05664ddcac0fd1; literal conditions, not oracle-generated output	982bd995bac48f9952745c9daebb727b121ba43d	37171100066	Linux; profile ci; default and --all-features; ordinary nonignored controls; parser Nsite/count/literals specified in condition and source; no Julia/C runtime	cargo nextest run --workspace [default: no feature argument; all-features: --all-features] --locked --cargo-profile ci --no-fail-fast --retries 0	PASS named assertions both jobs; original row remains partial	111344053559	939/1024	f9bd5162ae866a8e008eff46fb55e757e86a2eb3cb536d30134c0a8f374fb129	https://github.com/AtelierArith/mvmc-rs/actions/runs/37171100066/job/111344053559	111344053620	941/1026	b3c29a96205ead913ada5b88cb3be1b94b31eb4ba20d5eacdb853c8da0d5129f	https://github.com/AtelierArith/mvmc-rs/actions/runs/37171100066/job/111344053620	#184 condition audit / Pauli; #185 reconciliation; original row owner unchanged	Archived helper composition is not acceptance of count1/seven-row C input; original e2e energy/RNG/20-step fixtures remain unverified.
PR268:issue184_locspin_definition_boundary::locspin_bounds_overflow_missing_header_reject_before_partial_publication	api:A043	CDefinitionBoundaryContextNotOriginalHelperVerification	RustSafetyRejection	Negative/OOB site, integer overflow2147483648 or absent valid count header rejects atomically.	parse_locspin_def / parse_locspin_content	mvmc-expert-parsers::issue184_locspin_definition_boundary::locspin_bounds_overflow_missing_header_reject_before_partial_publication	crates/mvmc-expert-parsers/tests/issue184_locspin_definition_boundary.rs:111	5c94b5fe65d226feb29afdb1c6af7972f913dfc44ebc1bc475666619191172ae	C readdef SHA256=6c53cb832f93d6cbfd7cea955fbb693738af5536b913d36af32b98eed38c32d9 readdef.c:1999-2015;118-124;874-876; J original=8bb1b9e8ae47b1512c00b321be05664ddcac0fd1; literal conditions, not oracle-generated output	5f0748c1601e133e533b3768c31d34e63450754d	37171828186	Linux; profile ci; default and --all-features; ordinary nonignored controls; parser Nsite/count/literals specified in condition and source; no Julia/C runtime	cargo nextest run --workspace [default: no feature argument; all-features: --all-features] --locked --cargo-profile ci --no-fail-fast --retries 0	PASS named assertions both jobs; original row remains partial	111346157286	844/1033	555a6a3110dbf2fe73983c388694f4b8cfaa3bcfb5c9d1d0f1fbe8c08245db7f	https://github.com/AtelierArith/mvmc-rs/actions/runs/37171828186/job/111346157286	111346157318	847/1035	41e3f42da24b675dc1fbfdeacf0414cb599627ac443ce31c090a49676f8163fb	https://github.com/AtelierArith/mvmc-rs/actions/runs/37171828186/job/111346157318	#184 condition audit / Pauli; #185 reconciliation; original row owner unchanged	Complete native indexed table permits negative/nonbinary integers; Julia helper error reporting/partial result semantics remain separately unresolved.
PR268:issue184_locspin_definition_boundary::locspin_complete_negative_and_nonbinary_scalars_are_not_normalized	api:A043	CDefinitionBoundaryContextNotOriginalHelperVerification	DefinedCRead	Complete Nsite3 table retains [-1,2,17]; no inferred0/1 restriction or normalization.	parse_locspin_def / parse_locspin_content	mvmc-expert-parsers::issue184_locspin_definition_boundary::locspin_complete_negative_and_nonbinary_scalars_are_not_normalized	crates/mvmc-expert-parsers/tests/issue184_locspin_definition_boundary.rs:71	5c94b5fe65d226feb29afdb1c6af7972f913dfc44ebc1bc475666619191172ae	C readdef SHA256=6c53cb832f93d6cbfd7cea955fbb693738af5536b913d36af32b98eed38c32d9 readdef.c:1999-2015;118-124;874-876; J original=8bb1b9e8ae47b1512c00b321be05664ddcac0fd1; literal conditions, not oracle-generated output	5f0748c1601e133e533b3768c31d34e63450754d	37171828186	Linux; profile ci; default and --all-features; ordinary nonignored controls; parser Nsite/count/literals specified in condition and source; no Julia/C runtime	cargo nextest run --workspace [default: no feature argument; all-features: --all-features] --locked --cargo-profile ci --no-fail-fast --retries 0	PASS named assertions both jobs; original row remains partial	111346157286	845/1033	555a6a3110dbf2fe73983c388694f4b8cfaa3bcfb5c9d1d0f1fbe8c08245db7f	https://github.com/AtelierArith/mvmc-rs/actions/runs/37171828186/job/111346157286	111346157318	848/1035	41e3f42da24b675dc1fbfdeacf0414cb599627ac443ce31c090a49676f8163fb	https://github.com/AtelierArith/mvmc-rs/actions/runs/37171828186/job/111346157318	#184 condition audit / Pauli; #185 reconciliation; original row owner unchanged	Complete native indexed table permits negative/nonbinary integers; Julia helper error reporting/partial result semantics remain separately unresolved.
PR268:issue184_locspin_definition_boundary::locspin_complete_permuted_table_is_site_indexed_not_input_order	api:A043	CDefinitionBoundaryContextNotOriginalHelperVerification	DefinedCRead	Nsite3; complete rows for sites2/0/1 return site-indexed [1,0,0], not input order.	parse_locspin_def / parse_locspin_content	mvmc-expert-parsers::issue184_locspin_definition_boundary::locspin_complete_permuted_table_is_site_indexed_not_input_order	crates/mvmc-expert-parsers/tests/issue184_locspin_definition_boundary.rs:55	5c94b5fe65d226feb29afdb1c6af7972f913dfc44ebc1bc475666619191172ae	C readdef SHA256=6c53cb832f93d6cbfd7cea955fbb693738af5536b913d36af32b98eed38c32d9 readdef.c:1999-2015;118-124;874-876; J original=8bb1b9e8ae47b1512c00b321be05664ddcac0fd1; literal conditions, not oracle-generated output	5f0748c1601e133e533b3768c31d34e63450754d	37171828186	Linux; profile ci; default and --all-features; ordinary nonignored controls; parser Nsite/count/literals specified in condition and source; no Julia/C runtime	cargo nextest run --workspace [default: no feature argument; all-features: --all-features] --locked --cargo-profile ci --no-fail-fast --retries 0	PASS named assertions both jobs; original row remains partial	111346157286	846/1033	555a6a3110dbf2fe73983c388694f4b8cfaa3bcfb5c9d1d0f1fbe8c08245db7f	https://github.com/AtelierArith/mvmc-rs/actions/runs/37171828186/job/111346157286	111346157318	850/1035	41e3f42da24b675dc1fbfdeacf0414cb599627ac443ce31c090a49676f8163fb	https://github.com/AtelierArith/mvmc-rs/actions/runs/37171828186/job/111346157318	#184 condition audit / Pauli; #185 reconciliation; original row owner unchanged	Complete native indexed table permits negative/nonbinary integers; Julia helper error reporting/partial result semantics remain separately unresolved.
PR268:issue184_locspin_definition_boundary::locspin_decimal_prefix_and_defined_stale_scalar_site_are_preserved	api:A043	CDefinitionBoundaryContextNotOriginalHelperVerification	DefinedCCarry	Decimal-prefix/carry rows produce [2,2,3]; initialized blank first row followed by site1 still completes two sites.	parse_locspin_def / parse_locspin_content	mvmc-expert-parsers::issue184_locspin_definition_boundary::locspin_decimal_prefix_and_defined_stale_scalar_site_are_preserved	crates/mvmc-expert-parsers/tests/issue184_locspin_definition_boundary.rs:85	5c94b5fe65d226feb29afdb1c6af7972f913dfc44ebc1bc475666619191172ae	C readdef SHA256=6c53cb832f93d6cbfd7cea955fbb693738af5536b913d36af32b98eed38c32d9 readdef.c:1999-2015;118-124;874-876; J original=8bb1b9e8ae47b1512c00b321be05664ddcac0fd1; literal conditions, not oracle-generated output	5f0748c1601e133e533b3768c31d34e63450754d	37171828186	Linux; profile ci; default and --all-features; ordinary nonignored controls; parser Nsite/count/literals specified in condition and source; no Julia/C runtime	cargo nextest run --workspace [default: no feature argument; all-features: --all-features] --locked --cargo-profile ci --no-fail-fast --retries 0	PASS named assertions both jobs; original row remains partial	111346157286	847/1033	555a6a3110dbf2fe73983c388694f4b8cfaa3bcfb5c9d1d0f1fbe8c08245db7f	https://github.com/AtelierArith/mvmc-rs/actions/runs/37171828186/job/111346157286	111346157318	849/1035	41e3f42da24b675dc1fbfdeacf0414cb599627ac443ce31c090a49676f8163fb	https://github.com/AtelierArith/mvmc-rs/actions/runs/37171828186/job/111346157318	#184 condition audit / Pauli; #185 reconciliation; original row owner unchanged	Complete native indexed table permits negative/nonbinary integers; Julia helper error reporting/partial result semantics remain separately unresolved.
PR268:issue184_locspin_definition_boundary::locspin_exact_nsite_body_and_complete_coverage_are_safety_boundaries	api:A043	CDefinitionBoundaryContextNotOriginalHelperVerification	RustSafetyRejection	Short/excess physical rows or duplicate with unwritten site rejects; C uninitialized hole is not defined portable input.	parse_locspin_def / parse_locspin_content	mvmc-expert-parsers::issue184_locspin_definition_boundary::locspin_exact_nsite_body_and_complete_coverage_are_safety_boundaries	crates/mvmc-expert-parsers/tests/issue184_locspin_definition_boundary.rs:99	5c94b5fe65d226feb29afdb1c6af7972f913dfc44ebc1bc475666619191172ae	C readdef SHA256=6c53cb832f93d6cbfd7cea955fbb693738af5536b913d36af32b98eed38c32d9 readdef.c:1999-2015;118-124;874-876; J original=8bb1b9e8ae47b1512c00b321be05664ddcac0fd1; literal conditions, not oracle-generated output	5f0748c1601e133e533b3768c31d34e63450754d	37171828186	Linux; profile ci; default and --all-features; ordinary nonignored controls; parser Nsite/count/literals specified in condition and source; no Julia/C runtime	cargo nextest run --workspace [default: no feature argument; all-features: --all-features] --locked --cargo-profile ci --no-fail-fast --retries 0	PASS named assertions both jobs; original row remains partial	111346157286	848/1033	555a6a3110dbf2fe73983c388694f4b8cfaa3bcfb5c9d1d0f1fbe8c08245db7f	https://github.com/AtelierArith/mvmc-rs/actions/runs/37171828186/job/111346157286	111346157318	852/1035	41e3f42da24b675dc1fbfdeacf0414cb599627ac443ce31c090a49676f8163fb	https://github.com/AtelierArith/mvmc-rs/actions/runs/37171828186/job/111346157318	#184 condition audit / Pauli; #185 reconciliation; original row owner unchanged	Complete native indexed table permits negative/nonbinary integers; Julia helper error reporting/partial result semantics remain separately unresolved.
PR268:issue184_locspin_definition_boundary::locspin_header_token_is_informational_and_not_body_or_one_count	api:A043	CDefinitionBoundaryContextNotOriginalHelperVerification	DefinedCRead	Header Arbitrary +7 tail retained as7 independently of two zero scalars; negative header retained parser-only.	parse_locspin_def / parse_locspin_content	mvmc-expert-parsers::issue184_locspin_definition_boundary::locspin_header_token_is_informational_and_not_body_or_one_count	crates/mvmc-expert-parsers/tests/issue184_locspin_definition_boundary.rs:62	5c94b5fe65d226feb29afdb1c6af7972f913dfc44ebc1bc475666619191172ae	C readdef SHA256=6c53cb832f93d6cbfd7cea955fbb693738af5536b913d36af32b98eed38c32d9 readdef.c:1999-2015;118-124;874-876; J original=8bb1b9e8ae47b1512c00b321be05664ddcac0fd1; literal conditions, not oracle-generated output	5f0748c1601e133e533b3768c31d34e63450754d	37171828186	Linux; profile ci; default and --all-features; ordinary nonignored controls; parser Nsite/count/literals specified in condition and source; no Julia/C runtime	cargo nextest run --workspace [default: no feature argument; all-features: --all-features] --locked --cargo-profile ci --no-fail-fast --retries 0	PASS named assertions both jobs; original row remains partial	111346157286	849/1033	555a6a3110dbf2fe73983c388694f4b8cfaa3bcfb5c9d1d0f1fbe8c08245db7f	https://github.com/AtelierArith/mvmc-rs/actions/runs/37171828186/job/111346157286	111346157318	851/1035	41e3f42da24b675dc1fbfdeacf0414cb599627ac443ce31c090a49676f8163fb	https://github.com/AtelierArith/mvmc-rs/actions/runs/37171828186/job/111346157318	#184 condition audit / Pauli; #185 reconciliation; original row owner unchanged	Complete native indexed table permits negative/nonbinary integers; Julia helper error reporting/partial result semantics remain separately unresolved.
PR268:issue184_locspin_definition_boundary::locspin_permissive_content_helper_remains_separate	api:A044	PartialContentHelperCondition	HelperArchitecture	Permissive content helper drops negative site0 scalar and retains (1,2); original Julia error reporting is not thereby certified.	parse_locspin_content	mvmc-expert-parsers::issue184_locspin_definition_boundary::locspin_permissive_content_helper_remains_separate	crates/mvmc-expert-parsers/tests/issue184_locspin_definition_boundary.rs:150	5c94b5fe65d226feb29afdb1c6af7972f913dfc44ebc1bc475666619191172ae	C readdef SHA256=6c53cb832f93d6cbfd7cea955fbb693738af5536b913d36af32b98eed38c32d9 readdef.c:1999-2015;118-124;874-876; J original=8bb1b9e8ae47b1512c00b321be05664ddcac0fd1; literal conditions, not oracle-generated output	5f0748c1601e133e533b3768c31d34e63450754d	37171828186	Linux; profile ci; default and --all-features; ordinary nonignored controls; parser Nsite/count/literals specified in condition and source; no Julia/C runtime	cargo nextest run --workspace [default: no feature argument; all-features: --all-features] --locked --cargo-profile ci --no-fail-fast --retries 0	PASS named assertions both jobs; original row remains partial	111346157286	850/1033	555a6a3110dbf2fe73983c388694f4b8cfaa3bcfb5c9d1d0f1fbe8c08245db7f	https://github.com/AtelierArith/mvmc-rs/actions/runs/37171828186/job/111346157286	111346157318	853/1035	41e3f42da24b675dc1fbfdeacf0414cb599627ac443ce31c090a49676f8163fb	https://github.com/AtelierArith/mvmc-rs/actions/runs/37171828186/job/111346157318	#184 condition audit / Pauli; #185 reconciliation; original row owner unchanged	Complete native indexed table permits negative/nonbinary integers; Julia helper error reporting/partial result semantics remain separately unresolved.
PR268:issue184_locspin_definition_boundary::locspin_scalar_omission_preserves_initialized_then_previous_integer	api:A043	CDefinitionBoundaryContextNotOriginalHelperVerification	DefinedCCarry	Complete rows site0 omitted, site1 -2, site2 omitted produce [0,-2,-2].	parse_locspin_def / parse_locspin_content	mvmc-expert-parsers::issue184_locspin_definition_boundary::locspin_scalar_omission_preserves_initialized_then_previous_integer	crates/mvmc-expert-parsers/tests/issue184_locspin_definition_boundary.rs:78	5c94b5fe65d226feb29afdb1c6af7972f913dfc44ebc1bc475666619191172ae	C readdef SHA256=6c53cb832f93d6cbfd7cea955fbb693738af5536b913d36af32b98eed38c32d9 readdef.c:1999-2015;118-124;874-876; J original=8bb1b9e8ae47b1512c00b321be05664ddcac0fd1; literal conditions, not oracle-generated output	5f0748c1601e133e533b3768c31d34e63450754d	37171828186	Linux; profile ci; default and --all-features; ordinary nonignored controls; parser Nsite/count/literals specified in condition and source; no Julia/C runtime	cargo nextest run --workspace [default: no feature argument; all-features: --all-features] --locked --cargo-profile ci --no-fail-fast --retries 0	PASS named assertions both jobs; original row remains partial	111346157286	851/1033	555a6a3110dbf2fe73983c388694f4b8cfaa3bcfb5c9d1d0f1fbe8c08245db7f	https://github.com/AtelierArith/mvmc-rs/actions/runs/37171828186/job/111346157286	111346157318	854/1035	41e3f42da24b675dc1fbfdeacf0414cb599627ac443ce31c090a49676f8163fb	https://github.com/AtelierArith/mvmc-rs/actions/runs/37171828186/job/111346157318	#184 condition audit / Pauli; #185 reconciliation; original row owner unchanged	Complete native indexed table permits negative/nonbinary integers; Julia helper error reporting/partial result semantics remain separately unresolved.
PR268:issue184_locspin_definition_boundary::public_locspin_loader_rejects_advertised_missing_or_incomplete_definition	api:A001;api:A007;api:A043	PartialPublicLoaderConditionWithFamilyArchitectureContext	RequiredPublicLoader	Advertised missing/short table rejects; header0 with complete permuted site1=2/site0=-1 preserves indexed values and informational header0.	mvmc_expert_parsers::parse_expert_mode_files -> parse_locspin_def / parse_locspin_content	mvmc-expert-parsers::issue184_locspin_definition_boundary::public_locspin_loader_rejects_advertised_missing_or_incomplete_definition	crates/mvmc-expert-parsers/tests/issue184_locspin_definition_boundary.rs:124	5c94b5fe65d226feb29afdb1c6af7972f913dfc44ebc1bc475666619191172ae	C readdef SHA256=6c53cb832f93d6cbfd7cea955fbb693738af5536b913d36af32b98eed38c32d9 readdef.c:1999-2015;118-124;874-876; J original=8bb1b9e8ae47b1512c00b321be05664ddcac0fd1; literal conditions, not oracle-generated output	5f0748c1601e133e533b3768c31d34e63450754d	37171828186	Linux; profile ci; default and --all-features; ordinary nonignored controls; parser Nsite/count/literals specified in condition and source; no Julia/C runtime	cargo nextest run --workspace [default: no feature argument; all-features: --all-features] --locked --cargo-profile ci --no-fail-fast --retries 0	PASS named assertions both jobs; original row remains partial	111346157286	852/1033	555a6a3110dbf2fe73983c388694f4b8cfaa3bcfb5c9d1d0f1fbe8c08245db7f	https://github.com/AtelierArith/mvmc-rs/actions/runs/37171828186/job/111346157286	111346157318	855/1035	41e3f42da24b675dc1fbfdeacf0414cb599627ac443ce31c090a49676f8163fb	https://github.com/AtelierArith/mvmc-rs/actions/runs/37171828186/job/111346157318	#184 condition audit / Pauli; #185 reconciliation; original row owner unchanged	Complete native indexed table permits negative/nonbinary integers; Julia helper error reporting/partial result semantics remain separately unresolved.
PR270:issue184_qptrans_definition_boundary::public_qptrans_aliases_preserve_raw_signs_and_effective_ap_lifecycle	api:A056	CDefinitionBoundaryContextNotOriginalHelperVerification	DefinedCRead	TransSym/QPTrans aliases with NMPTrans +/-1 retain raw [-1,2]; effective periodic signs[1,1], AP signs[-1,2]. No downstream full Slater trajectory proof.	parse_qptrans_def / parse_qptrans_content / QPTransEntry::boundary_sign	mvmc-expert-parsers::issue184_qptrans_definition_boundary::public_qptrans_aliases_preserve_raw_signs_and_effective_ap_lifecycle	crates/mvmc-expert-parsers/tests/issue184_qptrans_definition_boundary.rs:160	5868645c0884dbeb100496cc7981eec361dd10192f81ee3f7224faccf7148888	C readdef SHA256=6c53cb832f93d6cbfd7cea955fbb693738af5536b913d36af32b98eed38c32d9 readdef.c:2232-2265;118-124;874-876; J original=8bb1b9e8ae47b1512c00b321be05664ddcac0fd1; literal conditions, not oracle-generated output	4d89e2a4b5c160bb3469f4b5bbde40fe1c7cdef5	37172837109	Linux; profile ci; default and --all-features; ordinary nonignored controls; parser Nsite/count/literals specified in condition and source; no Julia/C runtime	cargo nextest run --workspace [default: no feature argument; all-features: --all-features] --locked --cargo-profile ci --no-fail-fast --retries 0	PASS named assertions both jobs; original row remains partial	111349156674	906/1043	03ffccb01f6ff29dd82fd98fb7aeac36f0dca6a9525553e548bed51c4b6e6d16	https://github.com/AtelierArith/mvmc-rs/actions/runs/37172837109/job/111349156674	111349156624	913/1045	9225b0c711e78c789cd77c7d33a49f657564583d338a240b85a289ae80574f32	https://github.com/AtelierArith/mvmc-rs/actions/runs/37172837109/job/111349156624	#184 condition audit / Pauli; #185 reconciliation; original row owner unchanged	Generic Julia momentum/phase API is not this indexed representation; inverse/normalization/model consumers require separate joins; two-line zero header differs from C source lifecycle.
PR270:issue184_qptrans_definition_boundary::qptrans_content_helper_remains_separate_and_permissive	api:A057	PartialContentHelperCondition	HelperArchitecture	Indexed Rust content helper permits partial map[1,-1]; not original generic QPTransTerm momentum/phase API.	parse_qptrans_content	mvmc-expert-parsers::issue184_qptrans_definition_boundary::qptrans_content_helper_remains_separate_and_permissive	crates/mvmc-expert-parsers/tests/issue184_qptrans_definition_boundary.rs:199	5868645c0884dbeb100496cc7981eec361dd10192f81ee3f7224faccf7148888	C readdef SHA256=6c53cb832f93d6cbfd7cea955fbb693738af5536b913d36af32b98eed38c32d9 readdef.c:2232-2265;118-124;874-876; J original=8bb1b9e8ae47b1512c00b321be05664ddcac0fd1; literal conditions, not oracle-generated output	4d89e2a4b5c160bb3469f4b5bbde40fe1c7cdef5	37172837109	Linux; profile ci; default and --all-features; ordinary nonignored controls; parser Nsite/count/literals specified in condition and source; no Julia/C runtime	cargo nextest run --workspace [default: no feature argument; all-features: --all-features] --locked --cargo-profile ci --no-fail-fast --retries 0	PASS named assertions both jobs; original row remains partial	111349156674	907/1043	03ffccb01f6ff29dd82fd98fb7aeac36f0dca6a9525553e548bed51c4b6e6d16	https://github.com/AtelierArith/mvmc-rs/actions/runs/37172837109/job/111349156674	111349156624	909/1045	9225b0c711e78c789cd77c7d33a49f657564583d338a240b85a289ae80574f32	https://github.com/AtelierArith/mvmc-rs/actions/runs/37172837109/job/111349156624	#184 condition audit / Pauli; #185 reconciliation; original row owner unchanged	Generic Julia momentum/phase API is not this indexed representation; inverse/normalization/model consumers require separate joins; two-line zero header differs from C source lifecycle.
PR270:issue184_qptrans_definition_boundary::public_qptrans_missing_or_invalid_section_never_returns_partial_model	api:A001;api:A007;api:A056	PartialPublicLoaderConditionWithFamilyArchitectureContext	RequiredPublicLoader	Both required aliases missing or invalid mapping rejects InvalidInput; no partial ExpertModeData returned.	mvmc_expert_parsers::parse_expert_mode_files -> parse_qptrans_def / parse_qptrans_content / QPTransEntry::boundary_sign	mvmc-expert-parsers::issue184_qptrans_definition_boundary::public_qptrans_missing_or_invalid_section_never_returns_partial_model	crates/mvmc-expert-parsers/tests/issue184_qptrans_definition_boundary.rs:181	5868645c0884dbeb100496cc7981eec361dd10192f81ee3f7224faccf7148888	C readdef SHA256=6c53cb832f93d6cbfd7cea955fbb693738af5536b913d36af32b98eed38c32d9 readdef.c:2232-2265;118-124;874-876; J original=8bb1b9e8ae47b1512c00b321be05664ddcac0fd1; literal conditions, not oracle-generated output	4d89e2a4b5c160bb3469f4b5bbde40fe1c7cdef5	37172837109	Linux; profile ci; default and --all-features; ordinary nonignored controls; parser Nsite/count/literals specified in condition and source; no Julia/C runtime	cargo nextest run --workspace [default: no feature argument; all-features: --all-features] --locked --cargo-profile ci --no-fail-fast --retries 0	PASS named assertions both jobs; original row remains partial	111349156674	908/1043	03ffccb01f6ff29dd82fd98fb7aeac36f0dca6a9525553e548bed51c4b6e6d16	https://github.com/AtelierArith/mvmc-rs/actions/runs/37172837109/job/111349156674	111349156624	908/1045	9225b0c711e78c789cd77c7d33a49f657564583d338a240b85a289ae80574f32	https://github.com/AtelierArith/mvmc-rs/actions/runs/37172837109/job/111349156624	#184 condition audit / Pauli; #185 reconciliation; original row owner unchanged	Generic Julia momentum/phase API is not this indexed representation; inverse/normalization/model consumers require separate joins; two-line zero header differs from C source lifecycle.
PR270:issue184_qptrans_definition_boundary::qptrans_hex_complex_weights_and_reordered_maps_are_indexed	api:A056	CDefinitionBoundaryContextNotOriginalHelperVerification	DefinedCRead	Nsite2/count2: weights indexed0=(0.25,-0.125),1=(-3,0.5); complete reordered maps/inverses [1,0]; raw signs retained.	parse_qptrans_def / parse_qptrans_content / QPTransEntry::boundary_sign	mvmc-expert-parsers::issue184_qptrans_definition_boundary::qptrans_hex_complex_weights_and_reordered_maps_are_indexed	crates/mvmc-expert-parsers/tests/issue184_qptrans_definition_boundary.rs:59	5868645c0884dbeb100496cc7981eec361dd10192f81ee3f7224faccf7148888	C readdef SHA256=6c53cb832f93d6cbfd7cea955fbb693738af5536b913d36af32b98eed38c32d9 readdef.c:2232-2265;118-124;874-876; J original=8bb1b9e8ae47b1512c00b321be05664ddcac0fd1; literal conditions, not oracle-generated output	4d89e2a4b5c160bb3469f4b5bbde40fe1c7cdef5	37172837109	Linux; profile ci; default and --all-features; ordinary nonignored controls; parser Nsite/count/literals specified in condition and source; no Julia/C runtime	cargo nextest run --workspace [default: no feature argument; all-features: --all-features] --locked --cargo-profile ci --no-fail-fast --retries 0	PASS named assertions both jobs; original row remains partial	111349156674	909/1043	03ffccb01f6ff29dd82fd98fb7aeac36f0dca6a9525553e548bed51c4b6e6d16	https://github.com/AtelierArith/mvmc-rs/actions/runs/37172837109/job/111349156674	111349156624	911/1045	9225b0c711e78c789cd77c7d33a49f657564583d338a240b85a289ae80574f32	https://github.com/AtelierArith/mvmc-rs/actions/runs/37172837109/job/111349156624	#184 condition audit / Pauli; #185 reconciliation; original row owner unchanged	Generic Julia momentum/phase API is not this indexed representation; inverse/normalization/model consumers require separate joins; two-line zero header differs from C source lifecycle.
PR270:issue184_qptrans_definition_boundary::qptrans_defined_scan_failure_keeps_reset_weight_or_prior_mapping_fields	api:A056	CDefinitionBoundaryContextNotOriginalHelperVerification	DefinedCCarry	Blank weight yields reset0; complete mapping carries sign7; incomplete scan causing inverse hole rejects rather than fabricate.	parse_qptrans_def / parse_qptrans_content / QPTransEntry::boundary_sign	mvmc-expert-parsers::issue184_qptrans_definition_boundary::qptrans_defined_scan_failure_keeps_reset_weight_or_prior_mapping_fields	crates/mvmc-expert-parsers/tests/issue184_qptrans_definition_boundary.rs:85	5868645c0884dbeb100496cc7981eec361dd10192f81ee3f7224faccf7148888	C readdef SHA256=6c53cb832f93d6cbfd7cea955fbb693738af5536b913d36af32b98eed38c32d9 readdef.c:2232-2265;118-124;874-876; J original=8bb1b9e8ae47b1512c00b321be05664ddcac0fd1; literal conditions, not oracle-generated output	4d89e2a4b5c160bb3469f4b5bbde40fe1c7cdef5	37172837109	Linux; profile ci; default and --all-features; ordinary nonignored controls; parser Nsite/count/literals specified in condition and source; no Julia/C runtime	cargo nextest run --workspace [default: no feature argument; all-features: --all-features] --locked --cargo-profile ci --no-fail-fast --retries 0	PASS named assertions both jobs; original row remains partial	111349156674	910/1043	03ffccb01f6ff29dd82fd98fb7aeac36f0dca6a9525553e548bed51c4b6e6d16	https://github.com/AtelierArith/mvmc-rs/actions/runs/37172837109/job/111349156674	111349156624	910/1045	9225b0c711e78c789cd77c7d33a49f657564583d338a240b85a289ae80574f32	https://github.com/AtelierArith/mvmc-rs/actions/runs/37172837109/job/111349156624	#184 condition audit / Pauli; #185 reconciliation; original row owner unchanged	Generic Julia momentum/phase API is not this indexed representation; inverse/normalization/model consumers require separate joins; two-line zero header differs from C source lifecycle.
PR270:issue184_qptrans_definition_boundary::qptrans_physical_count_truncation_and_extra_records_fail	api:A056	CDefinitionBoundaryContextNotOriginalHelperVerification	CountBoundary	Short weights/maps or additional physical blank record rejects; no unsafe fgets EOF behavior emulation.	parse_qptrans_def / parse_qptrans_content / QPTransEntry::boundary_sign	mvmc-expert-parsers::issue184_qptrans_definition_boundary::qptrans_physical_count_truncation_and_extra_records_fail	crates/mvmc-expert-parsers/tests/issue184_qptrans_definition_boundary.rs:101	5868645c0884dbeb100496cc7981eec361dd10192f81ee3f7224faccf7148888	C readdef SHA256=6c53cb832f93d6cbfd7cea955fbb693738af5536b913d36af32b98eed38c32d9 readdef.c:2232-2265;118-124;874-876; J original=8bb1b9e8ae47b1512c00b321be05664ddcac0fd1; literal conditions, not oracle-generated output	4d89e2a4b5c160bb3469f4b5bbde40fe1c7cdef5	37172837109	Linux; profile ci; default and --all-features; ordinary nonignored controls; parser Nsite/count/literals specified in condition and source; no Julia/C runtime	cargo nextest run --workspace [default: no feature argument; all-features: --all-features] --locked --cargo-profile ci --no-fail-fast --retries 0	PASS named assertions both jobs; original row remains partial	111349156674	911/1043	03ffccb01f6ff29dd82fd98fb7aeac36f0dca6a9525553e548bed51c4b6e6d16	https://github.com/AtelierArith/mvmc-rs/actions/runs/37172837109/job/111349156674	111349156624	925/1045	9225b0c711e78c789cd77c7d33a49f657564583d338a240b85a289ae80574f32	https://github.com/AtelierArith/mvmc-rs/actions/runs/37172837109/job/111349156624	#184 condition audit / Pauli; #185 reconciliation; original row owner unchanged	Generic Julia momentum/phase API is not this indexed representation; inverse/normalization/model consumers require separate joins; two-line zero header differs from C source lifecycle.
PR270:issue184_qptrans_definition_boundary::qptrans_indices_integer_overflow_and_invalid_header_are_safe_errors	api:A056	CDefinitionBoundaryContextNotOriginalHelperVerification	RustSafetyRejection	Weight/translation/origin/target OOB, integer overflow and negative header reject before publication.	parse_qptrans_def / parse_qptrans_content / QPTransEntry::boundary_sign	mvmc-expert-parsers::issue184_qptrans_definition_boundary::qptrans_indices_integer_overflow_and_invalid_header_are_safe_errors	crates/mvmc-expert-parsers/tests/issue184_qptrans_definition_boundary.rs:129	5868645c0884dbeb100496cc7981eec361dd10192f81ee3f7224faccf7148888	C readdef SHA256=6c53cb832f93d6cbfd7cea955fbb693738af5536b913d36af32b98eed38c32d9 readdef.c:2232-2265;118-124;874-876; J original=8bb1b9e8ae47b1512c00b321be05664ddcac0fd1; literal conditions, not oracle-generated output	4d89e2a4b5c160bb3469f4b5bbde40fe1c7cdef5	37172837109	Linux; profile ci; default and --all-features; ordinary nonignored controls; parser Nsite/count/literals specified in condition and source; no Julia/C runtime	cargo nextest run --workspace [default: no feature argument; all-features: --all-features] --locked --cargo-profile ci --no-fail-fast --retries 0	PASS named assertions both jobs; original row remains partial	111349156674	912/1043	03ffccb01f6ff29dd82fd98fb7aeac36f0dca6a9525553e548bed51c4b6e6d16	https://github.com/AtelierArith/mvmc-rs/actions/runs/37172837109/job/111349156674	111349156624	912/1045	9225b0c711e78c789cd77c7d33a49f657564583d338a240b85a289ae80574f32	https://github.com/AtelierArith/mvmc-rs/actions/runs/37172837109/job/111349156624	#184 condition audit / Pauli; #185 reconciliation; original row owner unchanged	Generic Julia momentum/phase API is not this indexed representation; inverse/normalization/model consumers require separate joins; two-line zero header differs from C source lifecycle.
PR270:issue184_qptrans_definition_boundary::qptrans_unwritten_weight_forward_and_inverse_slots_are_not_fabricated	api:A056	CDefinitionBoundaryContextNotOriginalHelperVerification	RustSafetyRejection	Unwritten weight, forward origin or inverse target rejects; uninitialized C slots are not defined parity inputs.	parse_qptrans_def / parse_qptrans_content / QPTransEntry::boundary_sign	mvmc-expert-parsers::issue184_qptrans_definition_boundary::qptrans_unwritten_weight_forward_and_inverse_slots_are_not_fabricated	crates/mvmc-expert-parsers/tests/issue184_qptrans_definition_boundary.rs:114	5868645c0884dbeb100496cc7981eec361dd10192f81ee3f7224faccf7148888	C readdef SHA256=6c53cb832f93d6cbfd7cea955fbb693738af5536b913d36af32b98eed38c32d9 readdef.c:2232-2265;118-124;874-876; J original=8bb1b9e8ae47b1512c00b321be05664ddcac0fd1; literal conditions, not oracle-generated output	4d89e2a4b5c160bb3469f4b5bbde40fe1c7cdef5	37172837109	Linux; profile ci; default and --all-features; ordinary nonignored controls; parser Nsite/count/literals specified in condition and source; no Julia/C runtime	cargo nextest run --workspace [default: no feature argument; all-features: --all-features] --locked --cargo-profile ci --no-fail-fast --retries 0	PASS named assertions both jobs; original row remains partial	111349156674	913/1043	03ffccb01f6ff29dd82fd98fb7aeac36f0dca6a9525553e548bed51c4b6e6d16	https://github.com/AtelierArith/mvmc-rs/actions/runs/37172837109/job/111349156674	111349156624	914/1045	9225b0c711e78c789cd77c7d33a49f657564583d338a240b85a289ae80574f32	https://github.com/AtelierArith/mvmc-rs/actions/runs/37172837109/job/111349156624	#184 condition audit / Pauli; #185 reconciliation; original row owner unchanged	Generic Julia momentum/phase API is not this indexed representation; inverse/normalization/model consumers require separate joins; two-line zero header differs from C source lifecycle.
PR270:issue184_qptrans_definition_boundary::qptrans_weight_fields_reset_and_mapping_sign_retains_native_carry	api:A056	CDefinitionBoundaryContextNotOriginalHelperVerification	DefinedCCarry	Weight fields reset per row: index-only second row gives0; mapping sign starts0 then carries -2 across remaining records.	parse_qptrans_def / parse_qptrans_content / QPTransEntry::boundary_sign	mvmc-expert-parsers::issue184_qptrans_definition_boundary::qptrans_weight_fields_reset_and_mapping_sign_retains_native_carry	crates/mvmc-expert-parsers/tests/issue184_qptrans_definition_boundary.rs:74	5868645c0884dbeb100496cc7981eec361dd10192f81ee3f7224faccf7148888	C readdef SHA256=6c53cb832f93d6cbfd7cea955fbb693738af5536b913d36af32b98eed38c32d9 readdef.c:2232-2265;118-124;874-876; J original=8bb1b9e8ae47b1512c00b321be05664ddcac0fd1; literal conditions, not oracle-generated output	4d89e2a4b5c160bb3469f4b5bbde40fe1c7cdef5	37172837109	Linux; profile ci; default and --all-features; ordinary nonignored controls; parser Nsite/count/literals specified in condition and source; no Julia/C runtime	cargo nextest run --workspace [default: no feature argument; all-features: --all-features] --locked --cargo-profile ci --no-fail-fast --retries 0	PASS named assertions both jobs; original row remains partial	111349156674	914/1043	03ffccb01f6ff29dd82fd98fb7aeac36f0dca6a9525553e548bed51c4b6e6d16	https://github.com/AtelierArith/mvmc-rs/actions/runs/37172837109/job/111349156674	111349156624	915/1045	9225b0c711e78c789cd77c7d33a49f657564583d338a240b85a289ae80574f32	https://github.com/AtelierArith/mvmc-rs/actions/runs/37172837109/job/111349156624	#184 condition audit / Pauli; #185 reconciliation; original row owner unchanged	Generic Julia momentum/phase API is not this indexed representation; inverse/normalization/model consumers require separate joins; two-line zero header differs from C source lifecycle.
PR270:issue184_qptrans_definition_boundary::qptrans_zero_ignores_body_but_requires_full_defined_header	api:A056	CDefinitionBoundaryContextNotOriginalHelperVerification	UnresolvedCContractDifference	Five-line count0 ignores even long body; Rust rejects two-line count0. C ReadBuffInt then ignored header EOF and GetInfoTransSym NArray0 performs no body reads: short-zero discrepancy remains, not native parity PASS.	parse_qptrans_def / parse_qptrans_content / QPTransEntry::boundary_sign	mvmc-expert-parsers::issue184_qptrans_definition_boundary::qptrans_zero_ignores_body_but_requires_full_defined_header	crates/mvmc-expert-parsers/tests/issue184_qptrans_definition_boundary.rs:147	5868645c0884dbeb100496cc7981eec361dd10192f81ee3f7224faccf7148888	C readdef SHA256=6c53cb832f93d6cbfd7cea955fbb693738af5536b913d36af32b98eed38c32d9 readdef.c:2232-2265;118-124;874-876; J original=8bb1b9e8ae47b1512c00b321be05664ddcac0fd1; literal conditions, not oracle-generated output	4d89e2a4b5c160bb3469f4b5bbde40fe1c7cdef5	37172837109	Linux; profile ci; default and --all-features; ordinary nonignored controls; parser Nsite/count/literals specified in condition and source; no Julia/C runtime	cargo nextest run --workspace [default: no feature argument; all-features: --all-features] --locked --cargo-profile ci --no-fail-fast --retries 0	Rust assertion PASS both jobs; C-contract discrepancy unresolved	111349156674	915/1043	03ffccb01f6ff29dd82fd98fb7aeac36f0dca6a9525553e548bed51c4b6e6d16	https://github.com/AtelierArith/mvmc-rs/actions/runs/37172837109/job/111349156674	111349156624	916/1045	9225b0c711e78c789cd77c7d33a49f657564583d338a240b85a289ae80574f32	https://github.com/AtelierArith/mvmc-rs/actions/runs/37172837109/job/111349156624	#184 condition audit / Pauli; #185 reconciliation; original row owner unchanged	Generic Julia momentum/phase API is not this indexed representation; inverse/normalization/model consumers require separate joins; two-line zero header differs from C source lifecycle.
PR273:issue184_qptrans_definition_boundary::qptrans_zero_accepts_two_to_five_header_lines_and_ignores_unconsumed_body	api:A056	PartialReaderPolicyContextNotWholeOriginalVerification	DefinedCZero	Two to five physical header lines with count0 produce empty indexed sections; unconsumed malformed/long body is ignored.	parse_qptrans_def / parse_expert_mode_files	mvmc-expert-parsers::issue184_qptrans_definition_boundary::qptrans_zero_accepts_two_to_five_header_lines_and_ignores_unconsumed_body	crates/mvmc-expert-parsers/tests/issue184_qptrans_definition_boundary.rs:147	953655295cb97870f108f1569aa7ee7cb87f77ba508d021f57c786869ea378dc	C readdef SHA256=6c53cb832f93d6cbfd7cea955fbb693738af5536b913d36af32b98eed38c32d9;118-124,874-876,2232-2265; source authority only, no native execution	35ac648ebf3e2b0c561ce5d592a89e3ff28c0f00	37174830753	Linux; profile ci; default / --all-features; literal count/header cases; public Nsite2 NElec1 NMPTrans +/-1; no C/Julia execution	cargo nextest run --workspace [default: no feature argument; all-features: --all-features] --locked --cargo-profile ci --no-fail-fast --retries 0	PASS named assertions both jobs; whole original row unchanged	111355185604	920/1047	05c94066311f588f71a6b657738343eee19617ef6cf0d1bebbed0b1003165016	https://github.com/AtelierArith/mvmc-rs/actions/runs/37174830753/job/111355185604	111355185560	924/1049	46a9e5c79bfa45dd0dbe23c4f8ed72ffdd2002b9469545547abc68343dcf8ddd	https://github.com/AtelierArith/mvmc-rs/actions/runs/37174830753/job/111355185560	#184 / #185 condition reconciliation; original owners retained	Full original overloads/scenarios, runnable model and native execution remain unverified.
PR273:issue184_qptrans_definition_boundary::qptrans_count_header_errors_and_positive_short_headers_remain_rejected	api:A056	PartialReaderPolicyContextNotWholeOriginalVerification	RustSafetyRejection	Missing/blank/malformed/negative/overflow counts and positive short headers remain errors.	parse_qptrans_def / parse_expert_mode_files	mvmc-expert-parsers::issue184_qptrans_definition_boundary::qptrans_count_header_errors_and_positive_short_headers_remain_rejected	crates/mvmc-expert-parsers/tests/issue184_qptrans_definition_boundary.rs:168	953655295cb97870f108f1569aa7ee7cb87f77ba508d021f57c786869ea378dc	C readdef SHA256=6c53cb832f93d6cbfd7cea955fbb693738af5536b913d36af32b98eed38c32d9;118-124,874-876,2232-2265; source authority only, no native execution	35ac648ebf3e2b0c561ce5d592a89e3ff28c0f00	37174830753	Linux; profile ci; default / --all-features; literal count/header cases; public Nsite2 NElec1 NMPTrans +/-1; no C/Julia execution	cargo nextest run --workspace [default: no feature argument; all-features: --all-features] --locked --cargo-profile ci --no-fail-fast --retries 0	PASS named assertions both jobs; whole original row unchanged	111355185604	913/1047	05c94066311f588f71a6b657738343eee19617ef6cf0d1bebbed0b1003165016	https://github.com/AtelierArith/mvmc-rs/actions/runs/37174830753/job/111355185604	111355185560	914/1049	46a9e5c79bfa45dd0dbe23c4f8ed72ffdd2002b9469545547abc68343dcf8ddd	https://github.com/AtelierArith/mvmc-rs/actions/runs/37174830753/job/111355185560	#184 / #185 condition reconciliation; original owners retained	Full original overloads/scenarios, runnable model and native execution remain unverified.
PR273:issue184_qptrans_definition_boundary::qptrans_consumed_header_length_limits_do_not_apply_to_zero_unconsumed_lines	api:A056	PartialReaderPolicyContextNotWholeOriginalVerification	ConsumedHeaderBoundary	Consumed first/second header lines reject length255/256, accept254; positive consumed headers retain limits; zero unconsumed long lines are ignored.	parse_qptrans_def / parse_expert_mode_files	mvmc-expert-parsers::issue184_qptrans_definition_boundary::qptrans_consumed_header_length_limits_do_not_apply_to_zero_unconsumed_lines	crates/mvmc-expert-parsers/tests/issue184_qptrans_definition_boundary.rs:189	953655295cb97870f108f1569aa7ee7cb87f77ba508d021f57c786869ea378dc	C readdef SHA256=6c53cb832f93d6cbfd7cea955fbb693738af5536b913d36af32b98eed38c32d9;118-124,874-876,2232-2265; source authority only, no native execution	35ac648ebf3e2b0c561ce5d592a89e3ff28c0f00	37174830753	Linux; profile ci; default / --all-features; literal count/header cases; public Nsite2 NElec1 NMPTrans +/-1; no C/Julia execution	cargo nextest run --workspace [default: no feature argument; all-features: --all-features] --locked --cargo-profile ci --no-fail-fast --retries 0	PASS named assertions both jobs; whole original row unchanged	111355185604	910/1047	05c94066311f588f71a6b657738343eee19617ef6cf0d1bebbed0b1003165016	https://github.com/AtelierArith/mvmc-rs/actions/runs/37174830753/job/111355185604	111355185560	911/1049	46a9e5c79bfa45dd0dbe23c4f8ed72ffdd2002b9469545547abc68343dcf8ddd	https://github.com/AtelierArith/mvmc-rs/actions/runs/37174830753/job/111355185560	#184 / #185 condition reconciliation; original owners retained	Full original overloads/scenarios, runnable model and native execution remain unverified.
PR273:issue184_qptrans_definition_boundary::public_qptrans_aliases_accept_short_zero_as_empty_parsed_sections	api:A001,api:A007,api:A056	PartialReaderPolicyContextNotWholeOriginalVerification	PublicLoaderZero	TransSym and QPTrans aliases with NMPTrans +1/-1 load short zero as empty parsed sections; not runnable-model approval.	parse_qptrans_def / parse_expert_mode_files	mvmc-expert-parsers::issue184_qptrans_definition_boundary::public_qptrans_aliases_accept_short_zero_as_empty_parsed_sections	crates/mvmc-expert-parsers/tests/issue184_qptrans_definition_boundary.rs:219	953655295cb97870f108f1569aa7ee7cb87f77ba508d021f57c786869ea378dc	C readdef SHA256=6c53cb832f93d6cbfd7cea955fbb693738af5536b913d36af32b98eed38c32d9;118-124,874-876,2232-2265; source authority only, no native execution	35ac648ebf3e2b0c561ce5d592a89e3ff28c0f00	37174830753	Linux; profile ci; default / --all-features; literal count/header cases; public Nsite2 NElec1 NMPTrans +/-1; no C/Julia execution	cargo nextest run --workspace [default: no feature argument; all-features: --all-features] --locked --cargo-profile ci --no-fail-fast --retries 0	PASS named assertions both jobs; whole original row unchanged	111355185604	907/1047	05c94066311f588f71a6b657738343eee19617ef6cf0d1bebbed0b1003165016	https://github.com/AtelierArith/mvmc-rs/actions/runs/37174830753/job/111355185604	111355185560	909/1049	46a9e5c79bfa45dd0dbe23c4f8ed72ffdd2002b9469545547abc68343dcf8ddd	https://github.com/AtelierArith/mvmc-rs/actions/runs/37174830753/job/111355185560	#184 / #185 condition reconciliation; original owners retained	Full original overloads/scenarios, runnable model and native execution remain unverified.
PR273:issue184_qptrans_definition_boundary::public_qptrans_aliases_reject_malformed_count_and_positive_short_header	api:A001,api:A007,api:A056	PartialReaderPolicyContextNotWholeOriginalVerification	PublicLoaderRejection	Both aliases report malformed counts and positive short headers as input errors; no partial parsed section.	parse_qptrans_def / parse_expert_mode_files	mvmc-expert-parsers::issue184_qptrans_definition_boundary::public_qptrans_aliases_reject_malformed_count_and_positive_short_header	crates/mvmc-expert-parsers/tests/issue184_qptrans_definition_boundary.rs:241	953655295cb97870f108f1569aa7ee7cb87f77ba508d021f57c786869ea378dc	C readdef SHA256=6c53cb832f93d6cbfd7cea955fbb693738af5536b913d36af32b98eed38c32d9;118-124,874-876,2232-2265; source authority only, no native execution	35ac648ebf3e2b0c561ce5d592a89e3ff28c0f00	37174830753	Linux; profile ci; default / --all-features; literal count/header cases; public Nsite2 NElec1 NMPTrans +/-1; no C/Julia execution	cargo nextest run --workspace [default: no feature argument; all-features: --all-features] --locked --cargo-profile ci --no-fail-fast --retries 0	PASS named assertions both jobs; whole original row unchanged	111355185604	909/1047	05c94066311f588f71a6b657738343eee19617ef6cf0d1bebbed0b1003165016	https://github.com/AtelierArith/mvmc-rs/actions/runs/37174830753/job/111355185604	111355185560	912/1049	46a9e5c79bfa45dd0dbe23c4f8ed72ffdd2002b9469545547abc68343dcf8ddd	https://github.com/AtelierArith/mvmc-rs/actions/runs/37174830753/job/111355185560	#184 / #185 condition reconciliation; original owners retained	Full original overloads/scenarios, runnable model and native execution remain unverified.
Original58:mvmc-expert-parsers::issue184_original_qp_public_conditions::original_four_site_public_forward_inverse_sign_and_default_opttrans_conditions	assertion:M0111;assertion:M0112;assertion:M0113;assertion:M0114;assertion:M0115;assertion:M0116;assertion:M0117;assertion:M0118;assertion:M0119;assertion:M0120;assertion:M0121;assertion:M0122;assertion:M0123;assertion:M0124;assertion:M0125;assertion:M0126;assertion:M0127;assertion:M0128;assertion:M0129;assertion:M0130	ScopedOriginalAssertion	HelperArchitectureAndDefinedMath	Original exact conditions only; fresh inverse/nonoptional fields distinct; no whole parent/API/model/RNG	mvmc-expert-parsers::issue184_original_qp_public_conditions::original_four_site_public_forward_inverse_sign_and_default_opttrans_conditions	mvmc-expert-parsers::issue184_original_qp_public_conditions::original_four_site_public_forward_inverse_sign_and_default_opttrans_conditions	crates/mvmc-expert-parsers/tests/issue184_original_qp_public_conditions.rs:54	c6817da78d69e8b1dcd9eedcce739e23b0ddc5534baa79a2c53755d01187bf56	8bb1b9e8ae47b1512c00b321be05664ddcac0fd1; Julia8bb test_orbital_qptrans_utils.jl:187-219,258-286; C readdef6c53:2232-2265,1138-1143; fresh inverse query vs stored Julia arrays explicit	20eac4bbd13ce65b052bc33cbd105e5998da1977 (source PR head; executed merge=7d0d3c38b993310b7a245aa83952c06a754465c6 base=4d39231688b55b22ebbd1c23cac2e4bc0884080b)	37176110758	Original4site NElec2/NLocSpin0/NMPTrans2;16site NElec8/NLocSpin16/NMPTrans4; original complete QP payloads, no runner	cargo nextest run --workspace [default:no feature argument; all:--all-features] --locked --cargo-profile ci --no-fail-fast --retries 0	PASS scoped conditions bothjobs	111358928722	879/1049	4d6f2769fb931d2ca4eeb98e1700253032371127909a7a1840ad3ea2e7df3d48	https://github.com/AtelierArith/mvmc-rs/actions/runs/37176110758/job/111358928722	111358928702	881/1051	026593ffce7288fb35fa6d4dab3af691a9672ec8ef295a0d96f702b89df730d1	https://github.com/AtelierArith/mvmc-rs/actions/runs/37176110758/job/111358928702	#184/#185 reconciliation; original row owners retained	Every other API/scenario/model/RNG and incomplete condition remains pending
Original58:mvmc-expert-parsers::issue184_original_qp_public_conditions::original_sixteen_site_public_inverse_identities_signs_and_default_opttrans_conditions	assertion:M0135;assertion:M0136;assertion:M0137;assertion:M0138;assertion:M0139;assertion:M0140;assertion:M0141;assertion:M0142;assertion:M0143;assertion:M0144	ScopedOriginalAssertion	HelperArchitectureAndDefinedMath	Original exact conditions only; fresh inverse/nonoptional fields distinct; no whole parent/API/model/RNG	mvmc-expert-parsers::issue184_original_qp_public_conditions::original_sixteen_site_public_inverse_identities_signs_and_default_opttrans_conditions	mvmc-expert-parsers::issue184_original_qp_public_conditions::original_sixteen_site_public_inverse_identities_signs_and_default_opttrans_conditions	crates/mvmc-expert-parsers/tests/issue184_original_qp_public_conditions.rs:92	c6817da78d69e8b1dcd9eedcce739e23b0ddc5534baa79a2c53755d01187bf56	8bb1b9e8ae47b1512c00b321be05664ddcac0fd1; Julia8bb test_orbital_qptrans_utils.jl:187-219,258-286; C readdef6c53:2232-2265,1138-1143; fresh inverse query vs stored Julia arrays explicit	20eac4bbd13ce65b052bc33cbd105e5998da1977 (source PR head; executed merge=7d0d3c38b993310b7a245aa83952c06a754465c6 base=4d39231688b55b22ebbd1c23cac2e4bc0884080b)	37176110758	Original4site NElec2/NLocSpin0/NMPTrans2;16site NElec8/NLocSpin16/NMPTrans4; original complete QP payloads, no runner	cargo nextest run --workspace [default:no feature argument; all:--all-features] --locked --cargo-profile ci --no-fail-fast --retries 0	PASS scoped conditions bothjobs	111358928722	880/1049	4d6f2769fb931d2ca4eeb98e1700253032371127909a7a1840ad3ea2e7df3d48	https://github.com/AtelierArith/mvmc-rs/actions/runs/37176110758/job/111358928722	111358928702	882/1051	026593ffce7288fb35fa6d4dab3af691a9672ec8ef295a0d96f702b89df730d1	https://github.com/AtelierArith/mvmc-rs/actions/runs/37176110758/job/111358928702	#184/#185 reconciliation; original row owners retained	Every other API/scenario/model/RNG and incomplete condition remains pending
Original58:mvmc-expert-parsers::issue184_original_qp_weight_refresh::original_data_opttrans_initialization_preserves_fixed_and_orders_full_weights	assertion:M0305;assertion:M0306	ScopedOriginalAssertion	HelperArchitectureAndDefinedMath	Original exact conditions only; fresh inverse/nonoptional fields distinct; no whole parent/API/model/RNG	mvmc-expert-parsers::issue184_original_qp_weight_refresh::original_data_opttrans_initialization_preserves_fixed_and_orders_full_weights	mvmc-expert-parsers::issue184_original_qp_weight_refresh::original_data_opttrans_initialization_preserves_fixed_and_orders_full_weights	crates/mvmc-expert-parsers/tests/issue184_original_qp_weight_refresh.rs:20	b6fd801402642b3f6237fd19f26dbd8a7c59b421c5362fe253165553591707b3	8bb1b9e8ae47b1512c00b321be05664ddcac0fd1; Julia8bb test_qp_weight.jl:119-164; C qp.c ab53:48-59,127-145; slice branch vs C FlagOptTrans/preallocation explicit	3685af77e2020735007afb2729db61343a249ab5 (source PR head; executed merge=61dc5839189a96eecd2d592598c187c6c7ecb323 base=a76b87c6149dc00ef30c2efd3e8c008e952d1665)	37176832646	Original GaussLeg1/Stot0/NMPTrans2/Para[1,2]/Opt[0.5,1.5]; update fixed[1,2,3], noOpt then Opt[0.5,1.5]; exact dyadic expectations	cargo nextest run --workspace [default:no feature argument; all:--all-features] --locked --cargo-profile ci --no-fail-fast --retries 0	PASS scoped conditions bothjobs	111361088626	880/1051	22f8e33567fe70044d940cda4757c1e68dbd43575f00339b2bfd73b3aa748fb9	https://github.com/AtelierArith/mvmc-rs/actions/runs/37176832646/job/111361088626	111361088657	882/1053	520dbc2853073cc596e81f1e106517df4ce54f9e5996c79c58653be1d1081857	https://github.com/AtelierArith/mvmc-rs/actions/runs/37176832646/job/111361088657	#184/#185 reconciliation; original row owners retained	Every other API/scenario/model/RNG and incomplete condition remains pending
Original58:mvmc-expert-parsers::issue184_original_qp_weight_refresh::original_update_switches_from_copy_to_two_opttrans_blocks_without_changing_fixed	assertion:M0307;assertion:M0308;assertion:M0309;assertion:M0310;assertion:M0311;assertion:M0312;assertion:M0313;assertion:M0314;assertion:M0315	ScopedOriginalAssertion	HelperArchitectureAndDefinedMath	Original exact conditions only; fresh inverse/nonoptional fields distinct; no whole parent/API/model/RNG	mvmc-expert-parsers::issue184_original_qp_weight_refresh::original_update_switches_from_copy_to_two_opttrans_blocks_without_changing_fixed	mvmc-expert-parsers::issue184_original_qp_weight_refresh::original_update_switches_from_copy_to_two_opttrans_blocks_without_changing_fixed	crates/mvmc-expert-parsers/tests/issue184_original_qp_weight_refresh.rs:37	b6fd801402642b3f6237fd19f26dbd8a7c59b421c5362fe253165553591707b3	8bb1b9e8ae47b1512c00b321be05664ddcac0fd1; Julia8bb test_qp_weight.jl:119-164; C qp.c ab53:48-59,127-145; slice branch vs C FlagOptTrans/preallocation explicit	3685af77e2020735007afb2729db61343a249ab5 (source PR head; executed merge=61dc5839189a96eecd2d592598c187c6c7ecb323 base=a76b87c6149dc00ef30c2efd3e8c008e952d1665)	37176832646	Original GaussLeg1/Stot0/NMPTrans2/Para[1,2]/Opt[0.5,1.5]; update fixed[1,2,3], noOpt then Opt[0.5,1.5]; exact dyadic expectations	cargo nextest run --workspace [default:no feature argument; all:--all-features] --locked --cargo-profile ci --no-fail-fast --retries 0	PASS scoped conditions bothjobs	111361088626	881/1051	22f8e33567fe70044d940cda4757c1e68dbd43575f00339b2bfd73b3aa748fb9	https://github.com/AtelierArith/mvmc-rs/actions/runs/37176832646/job/111361088626	111361088657	883/1053	520dbc2853073cc596e81f1e106517df4ce54f9e5996c79c58653be1d1081857	https://github.com/AtelierArith/mvmc-rs/actions/runs/37176832646/job/111361088657	#184/#185 reconciliation; original row owners retained	Every other API/scenario/model/RNG and incomplete condition remains pending
Original58:mvmc-expert-parsers::issue184_original_quadrature_conditions::original_four_node_pi_symmetry_and_eight_node_sine_integral	assertion:M0282;assertion:M0283;assertion:M0284;assertion:M0285;assertion:M0286;assertion:M0287;assertion:M0288	ScopedOriginalAssertion	HelperArchitectureAndDefinedMath	Original exact conditions only; fresh inverse/nonoptional fields distinct; no whole parent/API/model/RNG	mvmc-expert-parsers::issue184_original_quadrature_conditions::original_four_node_pi_symmetry_and_eight_node_sine_integral	mvmc-expert-parsers::issue184_original_quadrature_conditions::original_four_node_pi_symmetry_and_eight_node_sine_integral	crates/mvmc-expert-parsers/tests/issue184_original_quadrature_conditions.rs:9	f74abc2630739a9f11db4a02c7e97e6e8fe4560f177621988df3b449733fb02d	8bb1b9e8ae47b1512c00b321be05664ddcac0fd1; Julia8bb test_qp_weight.jl:30-41,77-91,176-198; C qp.c ab53:60-81/gauleg3235/legendre2573; analytic integral and product identities only	4f60c811b92832609a6b64e4f281f4a680613cc3 (source PR head; executed merge=b7babab534817a6d6407327b47256c43853a291f base=d24675667e954f598fe7271f84e2cb1f87abfb61)	37177550253	Original n4 [0,pi] symmetry, n8 sin integral2; public GaussLeg4/Stot1/NMPTrans1/Para[1]; original local abs1e-10, no downstream budget	cargo nextest run --workspace [default:no feature argument; all:--all-features] --locked --cargo-profile ci --no-fail-fast --retries 0	PASS scoped conditions bothjobs	111363234573	882/1053	a8eaddf75ebb874db2bfe46942db025813eff089465cb58319ee28005da657d0	https://github.com/AtelierArith/mvmc-rs/actions/runs/37177550253/job/111363234573	111363234554	884/1055	a06077787c990ff4a00a362f6ef44611d8755ce0e9bab7dda0879a68bfc807c4	https://github.com/AtelierArith/mvmc-rs/actions/runs/37177550253/job/111363234554	#184/#185 reconciliation; original row owners retained	Every other API/scenario/model/RNG and incomplete condition remains pending
Original58:mvmc-expert-parsers::issue184_original_quadrature_conditions::original_four_node_stot_one_public_weights_and_trigonometric_products	assertion:M0293;assertion:M0294;assertion:M0295;assertion:M0296;assertion:M0297;assertion:M0298;assertion:M0316;assertion:M0317;assertion:M0318;assertion:M0319	ScopedOriginalAssertion	HelperArchitectureAndDefinedMath	Original exact conditions only; fresh inverse/nonoptional fields distinct; no whole parent/API/model/RNG	mvmc-expert-parsers::issue184_original_quadrature_conditions::original_four_node_stot_one_public_weights_and_trigonometric_products	mvmc-expert-parsers::issue184_original_quadrature_conditions::original_four_node_stot_one_public_weights_and_trigonometric_products	crates/mvmc-expert-parsers/tests/issue184_original_quadrature_conditions.rs:37	f74abc2630739a9f11db4a02c7e97e6e8fe4560f177621988df3b449733fb02d	8bb1b9e8ae47b1512c00b321be05664ddcac0fd1; Julia8bb test_qp_weight.jl:30-41,77-91,176-198; C qp.c ab53:60-81/gauleg3235/legendre2573; analytic integral and product identities only	4f60c811b92832609a6b64e4f281f4a680613cc3 (source PR head; executed merge=b7babab534817a6d6407327b47256c43853a291f base=d24675667e954f598fe7271f84e2cb1f87abfb61)	37177550253	Original n4 [0,pi] symmetry, n8 sin integral2; public GaussLeg4/Stot1/NMPTrans1/Para[1]; original local abs1e-10, no downstream budget	cargo nextest run --workspace [default:no feature argument; all:--all-features] --locked --cargo-profile ci --no-fail-fast --retries 0	PASS scoped conditions bothjobs	111363234573	883/1053	a8eaddf75ebb874db2bfe46942db025813eff089465cb58319ee28005da657d0	https://github.com/AtelierArith/mvmc-rs/actions/runs/37177550253/job/111363234573	111363234554	887/1055	a06077787c990ff4a00a362f6ef44611d8755ce0e9bab7dda0879a68bfc807c4	https://github.com/AtelierArith/mvmc-rs/actions/runs/37177550253/job/111363234554	#184/#185 reconciliation; original row owners retained	Every other API/scenario/model/RNG and incomplete condition remains pending
