id	kind	julia_symbol_or_scenario	julia_source	rust_entry	cli_scope	implementation_scope	authority_or_intentional_difference	failure_boundary	gate_type	fixture_provenance	command	settings	result	owner
S001	script-entry-or-reference-aid	MVMCExpertModeParsers.jl/test/runtests.jl	MVMCExpertModeParsers.jl/test/runtests.jl:1	crates/mvmc-expert-parsers/src/lib.rs::parse_expert_mode_files_with_c_opt_trans	Expert namelist is parsed by mvmc CLI; no per-section CLI; strict C completeness before runner/output	executable bounded production mapping; independent scenario replay unverified	C readdef layout/counts/flags authoritative; Julia parser warnings/permissive recovery are not C support	Aggregation entry only: includes 13+ parser test files; no standalone assertions, no single equivalent Rust test	E0 scenario-to-production mapping; proposed gate only unless result names executed record	J=8bb1b9e8ae47b1512c00b321be05664ddcac0fd1; source SHA256=1d392c65c4fdd5950d550d6df643c4ad647760657f70e9231b9539ef0e24e244; C=extern/mVMC-1.3.0; independent expectation provenance must be read from named fixtures; no regeneration/run in documentation audit	No single focused gate: child scenario rows require individual Rust assertion mappings; whole-crate command is not equivalence evidence	No seed or model at this include-only entry; actual settings belong to each included testset	INVENTORY ONLY; gap owner #184 runner reviewer: audit each included testset; no aggregate pass claimed	#184/#178
S002	testset	@testset "DH2 parser uses C index-table layout" begin	MVMCExpertModeParsers.jl/test/test_doublon_holon_parser.jl:78	crates/mvmc-expert-parsers/src/parsers/doublon_holon.rs::parse_doublon_holon_2site_content	Expert namelist is parsed by mvmc CLI; no per-section CLI; strict C completeness before runner/output	executable bounded production mapping; independent scenario replay unverified	C readdef layout/counts/flags authoritative; Julia parser warnings/permissive recovery are not C support	Exact success, canonical neighbor matrix, ordered optimization flags, ComplexType; no RNG/output involved	Focused assertion mapping with explicitly outstanding synthetic-case equivalence audit	J=8bb1b9e8ae47b1512c00b321be05664ddcac0fd1; source SHA256=056adcb37bb95a5d37dec759eafacba19075ce63a784a65453a3df3fff19f410; C=extern/mVMC-1.3.0; independent expectation provenance must be read from named fixtures; no regeneration/run in documentation audit	cargo nextest run --locked --cargo-profile test-fast -p mvmc-expert-parsers --test dh2 -E 'test(historical_julia_diagnostics_except_c_integer_flag_extensions)' --no-fail-fast --retries 0	Julia _dh2_content: Nsite=3 count=1 ComplexType=1 rows=[0 1 2 0;1 2 0 0;2 0 1 0] flags=[1,0,1,0,1,0]; scrambled flags=[0,1,1,0,0,1]; no RNG	EXISTING FOCUSED GATE, not rerun here; coverage gap owner #184 reviewer: historical parser.txt assertions cover shape/flags but prove exact synthetic neighbor rows and scrambled flag case against fixture before claiming scenario equivalence	#184/#178
S003	testset	@testset "DH4 parser uses C index-table layout" begin	MVMCExpertModeParsers.jl/test/test_doublon_holon_parser.jl:94	crates/mvmc-expert-parsers/src/parsers/doublon_holon.rs::parse_doublon_holon_4site_content	Expert namelist is parsed by mvmc CLI; no per-section CLI; strict C completeness before runner/output	executable bounded production mapping; independent scenario replay unverified	C readdef layout/counts/flags authoritative; Julia parser warnings/permissive recovery are not C support	Exact success, canonical neighbor matrix, ordered optimization flags, ComplexType; no RNG/output involved	Focused assertion mapping with explicitly outstanding synthetic-case equivalence audit	J=8bb1b9e8ae47b1512c00b321be05664ddcac0fd1; source SHA256=056adcb37bb95a5d37dec759eafacba19075ce63a784a65453a3df3fff19f410; C=extern/mVMC-1.3.0; independent expectation provenance must be read from named fixtures; no regeneration/run in documentation audit	cargo nextest run --locked --cargo-profile test-fast -p mvmc-expert-parsers --test dh4 -E 'test(historical_julia_diagnostics_except_c_integer_flag_extensions)' --no-fail-fast --retries 0	Julia _dh4_content: Nsite=2 count=1 ComplexType=0 rows=[0 1 0 1 0 0;1 0 1 0 1 0] flags=[0,1,0,1,0,1,0,1,0,1]; no RNG	EXISTING FOCUSED GATE, not rerun here; coverage gap owner #184 reviewer: historical parser.txt assertions cover shape/flags but prove exact synthetic neighbor rows and scrambled flag case against fixture before claiming scenario equivalence	#184/#178
S004	testset	@testset "DH parsers reject malformed C tables" begin	MVMCExpertModeParsers.jl/test/test_doublon_holon_parser.jl:104	crates/mvmc-expert-parsers/src/parsers/doublon_holon.rs::parse_doublon_holon_2site_content; crates/mvmc-expert-parsers/src/parsers/doublon_holon.rs::parse_doublon_holon_4site_content	Expert namelist is parsed by mvmc CLI; no per-section CLI; strict C completeness before runner/output	rejected titled invalid scope; validation counterpart exists, not a blanket rejection of valid combinations	C readdef layout/counts/flags authoritative; Julia parser warnings/permissive recovery are not C support	Validation/load failure before init/output unless title targets callback/output/SR; state/RNG/files boundary must be asserted by candidate gate; current collective callbacks fail after completed sample, not rollback	E0 scenario-to-production mapping; proposed gate only unless result names executed record	J=8bb1b9e8ae47b1512c00b321be05664ddcac0fd1; source SHA256=056adcb37bb95a5d37dec759eafacba19075ce63a784a65453a3df3fff19f410; C=extern/mVMC-1.3.0; independent expectation provenance must be read from named fixtures; no regeneration/run in documentation audit	cargo nextest run --locked --cargo-profile test-fast -p mvmc-expert-parsers --no-fail-fast --retries 0	No local scalar override; inherited fixture/synthetic constructor arguments; No file-wide stochastic settings	UNVERIFIED: individual Julia scenario not replayed against Rust; candidate gate is not evidence of equivalent assertions	#184/#178
S005	testset	@testset "Deprecated DH value-term shims remain outside runtime data" begin	MVMCExpertModeParsers.jl/test/test_doublon_holon_parser.jl:115	crates/mvmc-expert-parsers/src/parsers/doublon_holon.rs::parse_doublon_holon_2site_content; crates/mvmc-expert-parsers/src/utils/validation.rs::validate_doublon_holon_2site_indices; crates/mvmc-expert-parsers/src/parsers/doublon_holon.rs::parse_doublon_holon_4site_content; crates/mvmc-expert-parsers/src/utils/validation.rs::validate_doublon_holon_4site_indices	Expert namelist is parsed by mvmc CLI; no per-section CLI; strict C completeness before runner/output	executable bounded production mapping; independent scenario replay unverified	C readdef layout/counts/flags authoritative; Julia parser warnings/permissive recovery are not C support	Sampling/proposed moves/acceptance must remain exact; numerical comparisons only for computed values; no implicit rejection rollback claim	E0 scenario-to-production mapping; proposed gate only unless result names executed record	J=8bb1b9e8ae47b1512c00b321be05664ddcac0fd1; source SHA256=056adcb37bb95a5d37dec759eafacba19075ce63a784a65453a3df3fff19f410; C=extern/mVMC-1.3.0; independent expectation provenance must be read from named fixtures; no regeneration/run in documentation audit	cargo nextest run --locked --cargo-profile test-fast -p mvmc-expert-parsers --no-fail-fast --retries 0	No local scalar override; inherited fixture/synthetic constructor arguments; No file-wide stochastic settings	UNVERIFIED: individual Julia scenario not replayed against Rust; candidate gate is not evidence of equivalent assertions	#184/#178
S006	testset	@testset "DH projection layout and opt flags are C-compatible" begin	MVMCExpertModeParsers.jl/test/test_doublon_holon_parser.jl:134	crates/mvmc-expert-parsers/src/types.rs::ExpertModeData; crates/mvmc-expert-parsers/src/types.rs::GutzwillerTerm; crates/mvmc-expert-parsers/src/types.rs::JastrowTerm; crates/mvmc-expert-parsers/src/types.rs::DoublonHolon2SiteIndex; crates/mvmc-expert-parsers/src/types.rs::DoublonHolon4SiteIndex; crates/mvmc-expert-parsers/src/types.rs::projection_layout; crates/mvmc-expert-parsers/src/types.rs::projection_parameters; crates/mvmc-expert-parsers/src/utils/opt_flag.rs::set_dh_opt_flags	Expert namelist is parsed by mvmc CLI; no per-section CLI; strict C completeness before runner/output	executable bounded production mapping; independent scenario replay unverified	C readdef layout/counts/flags authoritative; Julia parser warnings/permissive recovery are not C support	Exact RNG/config/count/status/indices/flags and untouched copy tails; computed normalization/inverse values follow #190; no claimed full trajectory from snapshots	E0 scenario-to-production mapping; proposed gate only unless result names executed record	J=8bb1b9e8ae47b1512c00b321be05664ddcac0fd1; source SHA256=056adcb37bb95a5d37dec759eafacba19075ce63a784a65453a3df3fff19f410; C=extern/mVMC-1.3.0; independent expectation provenance must be read from named fixtures; no regeneration/run in documentation audit	cargo nextest run --locked --cargo-profile test-fast -p mvmc-expert-parsers --no-fail-fast --retries 0	No local scalar override; inherited fixture/synthetic constructor arguments; No file-wide stochastic settings	UNVERIFIED: individual Julia scenario not replayed against Rust; candidate gate is not evidence of equivalent assertions	#184/#178
S007	testset	@testset "DH dispatch and public parse path are fatal-if-present" begin	MVMCExpertModeParsers.jl/test/test_doublon_holon_parser.jl:175	crates/mvmc-expert-parsers/src/types.rs::ExpertModeData; crates/mvmc-expert-parsers/src/lib.rs::parse_expert_mode_files_mode; crates/mvmc-expert-parsers/src/lib.rs::parse_expert_mode_files; crates/mvmc-expert-parsers/src/types.rs::projection_layout	Expert namelist is parsed by mvmc CLI; no per-section CLI; strict C completeness before runner/output	rejected titled invalid scope; validation counterpart exists, not a blanket rejection of valid combinations	C readdef layout/counts/flags authoritative; Julia parser warnings/permissive recovery are not C support	Validation/load failure before init/output unless title targets callback/output/SR; state/RNG/files boundary must be asserted by candidate gate; current collective callbacks fail after completed sample, not rollback	E0 scenario-to-production mapping; proposed gate only unless result names executed record	J=8bb1b9e8ae47b1512c00b321be05664ddcac0fd1; source SHA256=056adcb37bb95a5d37dec759eafacba19075ce63a784a65453a3df3fff19f410; C=extern/mVMC-1.3.0; independent expectation provenance must be read from named fixtures; no regeneration/run in documentation audit	cargo nextest run --locked --cargo-profile test-fast -p mvmc-expert-parsers --no-fail-fast --retries 0	Testset scalar settings: data.modpara.nsite = 3; No file-wide stochastic settings	UNVERIFIED: individual Julia scenario not replayed against Rust; candidate gate is not evidence of equivalent assertions	#184/#178
S008	testset	@testset "DH final layout is used for orbital opt flags regardless of namelist order" begin	MVMCExpertModeParsers.jl/test/test_doublon_holon_parser.jl:214	crates/mvmc-expert-parsers/src/lib.rs::parse_expert_mode_files; crates/mvmc-expert-parsers/src/types.rs::projection_layout	Expert namelist is parsed by mvmc CLI; no per-section CLI; strict C completeness before runner/output	executable bounded production mapping; independent scenario replay unverified	INTENTIONAL C/JULIA DIFFERENCE: C counts blocks before reading; Rust sorts definitions; Julia rejects Parallel-before-AP. Do not port Julia order rejection.	Exact RNG/config/count/status/indices/flags and untouched copy tails; computed normalization/inverse values follow #190; no claimed full trajectory from snapshots	E0 scenario-to-production mapping; proposed gate only unless result names executed record	J=8bb1b9e8ae47b1512c00b321be05664ddcac0fd1; source SHA256=056adcb37bb95a5d37dec759eafacba19075ce63a784a65453a3df3fff19f410; C=extern/mVMC-1.3.0; independent expectation provenance must be read from named fixtures; no regeneration/run in documentation audit	cargo nextest run --locked --cargo-profile test-fast -p mvmc-expert-parsers --no-fail-fast --retries 0	No local scalar override; inherited fixture/synthetic constructor arguments; No file-wide stochastic settings	UNVERIFIED: individual Julia scenario not replayed against Rust; candidate gate is not evidence of equivalent assertions	#184/#178
S009	testset	@testset "SpinJastrow inputs hard-fail before projection layout is used" begin	MVMCExpertModeParsers.jl/test/test_doublon_holon_parser.jl:235	crates/mvmc-expert-parsers/src/lib.rs::parse_expert_mode_files	Expert namelist is parsed by mvmc CLI; no per-section CLI; strict C completeness before runner/output	executable bounded production mapping; independent scenario replay unverified	C readdef layout/counts/flags authoritative; Julia parser warnings/permissive recovery are not C support; C full site mapping/declared width and signed flags differ from historical permissive Julia examples	Exact RNG/config/count/status/indices/flags and untouched copy tails; computed normalization/inverse values follow #190; no claimed full trajectory from snapshots	E0 scenario-to-production mapping; proposed gate only unless result names executed record	J=8bb1b9e8ae47b1512c00b321be05664ddcac0fd1; source SHA256=056adcb37bb95a5d37dec759eafacba19075ce63a784a65453a3df3fff19f410; C=extern/mVMC-1.3.0; independent expectation provenance must be read from named fixtures; no regeneration/run in documentation audit	cargo nextest run --locked --cargo-profile test-fast -p mvmc-expert-parsers --no-fail-fast --retries 0	No local scalar override; inherited fixture/synthetic constructor arguments; No file-wide stochastic settings	UNVERIFIED: individual Julia scenario not replayed against Rust; candidate gate is not evidence of equivalent assertions	#184/#178
S010	testset	@testset "GreenTwoExTerm type and ExpertModeData field" begin	MVMCExpertModeParsers.jl/test/test_green_two_ex_parser.jl:5	crates/mvmc-expert-parsers/src/types.rs::GreenTwoExTerm; crates/mvmc-expert-parsers/src/types.rs::ExpertModeData	Expert namelist is parsed by mvmc CLI; no per-section CLI; strict C completeness before runner/output	executable bounded production mapping; independent scenario replay unverified	C readdef layout/counts/flags authoritative; Julia parser warnings/permissive recovery are not C support	Sampling/proposed moves/acceptance must remain exact; numerical comparisons only for computed values; no implicit rejection rollback claim	E0 scenario-to-production mapping; proposed gate only unless result names executed record	J=8bb1b9e8ae47b1512c00b321be05664ddcac0fd1; source SHA256=f7563411720d27553a08d4283a012446d02a8724ca9951614f7b3174fefe4485; C=extern/mVMC-1.3.0; independent expectation provenance must be read from named fixtures; no regeneration/run in documentation audit	cargo nextest run --locked --cargo-profile test-fast -p mvmc-expert-parsers --no-fail-fast --retries 0	No local scalar override; inherited fixture/synthetic constructor arguments; No file-wide stochastic settings	UNVERIFIED: individual Julia scenario not replayed against Rust; candidate gate is not evidence of equivalent assertions	#184/#178
S011	testset	@testset "parse_green_two_ex_content" begin	MVMCExpertModeParsers.jl/test/test_green_two_ex_parser.jl:49	crates/mvmc-expert-parsers/src/lib.rs::parse_expert_mode_files_with_c_opt_trans	Expert namelist is parsed by mvmc CLI; no per-section CLI; strict C completeness before runner/output	executable bounded production mapping; independent scenario replay unverified	C readdef layout/counts/flags authoritative; Julia parser warnings/permissive recovery are not C support	Sampling/proposed moves/acceptance must remain exact; numerical comparisons only for computed values; no implicit rejection rollback claim	E0 scenario-to-production mapping; proposed gate only unless result names executed record	J=8bb1b9e8ae47b1512c00b321be05664ddcac0fd1; source SHA256=f7563411720d27553a08d4283a012446d02a8724ca9951614f7b3174fefe4485; C=extern/mVMC-1.3.0; independent expectation provenance must be read from named fixtures; no regeneration/run in documentation audit	cargo nextest run --locked --cargo-profile test-fast -p mvmc-expert-parsers --no-fail-fast --retries 0	No local scalar override; inherited fixture/synthetic constructor arguments; No file-wide stochastic settings	UNVERIFIED: individual Julia scenario not replayed against Rust; candidate gate is not evidence of equivalent assertions	#184/#178
S012	testset	@testset "valid content maps columns with C reorder" begin	MVMCExpertModeParsers.jl/test/test_green_two_ex_parser.jl:50	crates/mvmc-expert-parsers/src/parsers/green.rs::parse_green_two_ex_content	Expert namelist is parsed by mvmc CLI; no per-section CLI; strict C completeness before runner/output	executable bounded production mapping; independent scenario replay unverified	C readdef layout/counts/flags authoritative; Julia parser warnings/permissive recovery are not C support	Sampling/proposed moves/acceptance must remain exact; numerical comparisons only for computed values; no implicit rejection rollback claim	E0 scenario-to-production mapping; proposed gate only unless result names executed record	J=8bb1b9e8ae47b1512c00b321be05664ddcac0fd1; source SHA256=f7563411720d27553a08d4283a012446d02a8724ca9951614f7b3174fefe4485; C=extern/mVMC-1.3.0; independent expectation provenance must be read from named fixtures; no regeneration/run in documentation audit	cargo nextest run --locked --cargo-profile test-fast -p mvmc-expert-parsers --no-fail-fast --retries 0	No local scalar override; inherited fixture/synthetic constructor arguments; No file-wide stochastic settings	UNVERIFIED: individual Julia scenario not replayed against Rust; candidate gate is not evidence of equivalent assertions	#184/#178
S013	testset	@testset "header count must match parsed rows" begin	MVMCExpertModeParsers.jl/test/test_green_two_ex_parser.jl:63	crates/mvmc-expert-parsers/src/parsers/green.rs::parse_green_two_ex_content	Expert namelist is parsed by mvmc CLI; no per-section CLI; strict C completeness before runner/output	executable bounded production mapping; independent scenario replay unverified	C readdef layout/counts/flags authoritative; Julia parser warnings/permissive recovery are not C support	Exact RNG/config/count/status/indices/flags and untouched copy tails; computed normalization/inverse values follow #190; no claimed full trajectory from snapshots	E0 scenario-to-production mapping; proposed gate only unless result names executed record	J=8bb1b9e8ae47b1512c00b321be05664ddcac0fd1; source SHA256=f7563411720d27553a08d4283a012446d02a8724ca9951614f7b3174fefe4485; C=extern/mVMC-1.3.0; independent expectation provenance must be read from named fixtures; no regeneration/run in documentation audit	cargo nextest run --locked --cargo-profile test-fast -p mvmc-expert-parsers --no-fail-fast --retries 0	No local scalar override; inherited fixture/synthetic constructor arguments; No file-wide stochastic settings	UNVERIFIED: individual Julia scenario not replayed against Rust; candidate gate is not evidence of equivalent assertions	#184/#178
S014	testset	@testset "a data row that is not exactly 8 integers is rejected" begin	MVMCExpertModeParsers.jl/test/test_green_two_ex_parser.jl:73	crates/mvmc-expert-parsers/src/parsers/green.rs::parse_green_two_ex_content	Expert namelist is parsed by mvmc CLI; no per-section CLI; strict C completeness before runner/output	rejected titled invalid scope; validation counterpart exists, not a blanket rejection of valid combinations	C readdef layout/counts/flags authoritative; Julia parser warnings/permissive recovery are not C support	Validation/load failure before init/output unless title targets callback/output/SR; state/RNG/files boundary must be asserted by candidate gate; current collective callbacks fail after completed sample, not rollback	E0 scenario-to-production mapping; proposed gate only unless result names executed record	J=8bb1b9e8ae47b1512c00b321be05664ddcac0fd1; source SHA256=f7563411720d27553a08d4283a012446d02a8724ca9951614f7b3174fefe4485; C=extern/mVMC-1.3.0; independent expectation provenance must be read from named fixtures; no regeneration/run in documentation audit	cargo nextest run --locked --cargo-profile test-fast -p mvmc-expert-parsers --no-fail-fast --retries 0	No local scalar override; inherited fixture/synthetic constructor arguments; No file-wide stochastic settings	UNVERIFIED: individual Julia scenario not replayed against Rust; candidate gate is not evidence of equivalent assertions	#184/#178
S015	testset	@testset "non-integer field is rejected" begin	MVMCExpertModeParsers.jl/test/test_green_two_ex_parser.jl:80	crates/mvmc-expert-parsers/src/parsers/green.rs::parse_green_two_ex_content	Expert namelist is parsed by mvmc CLI; no per-section CLI; strict C completeness before runner/output	rejected titled invalid scope; validation counterpart exists, not a blanket rejection of valid combinations	C readdef layout/counts/flags authoritative; Julia parser warnings/permissive recovery are not C support	Validation/load failure before init/output unless title targets callback/output/SR; state/RNG/files boundary must be asserted by candidate gate; current collective callbacks fail after completed sample, not rollback	E0 scenario-to-production mapping; proposed gate only unless result names executed record	J=8bb1b9e8ae47b1512c00b321be05664ddcac0fd1; source SHA256=f7563411720d27553a08d4283a012446d02a8724ca9951614f7b3174fefe4485; C=extern/mVMC-1.3.0; independent expectation provenance must be read from named fixtures; no regeneration/run in documentation audit	cargo nextest run --locked --cargo-profile test-fast -p mvmc-expert-parsers --no-fail-fast --retries 0	No local scalar override; inherited fixture/synthetic constructor arguments; No file-wide stochastic settings	UNVERIFIED: individual Julia scenario not replayed against Rust; candidate gate is not evidence of equivalent assertions	#184/#178
S016	testset	@testset "spin outside {0,1} is rejected" begin	MVMCExpertModeParsers.jl/test/test_green_two_ex_parser.jl:86	crates/mvmc-expert-parsers/src/parsers/green.rs::parse_green_two_ex_content	Expert namelist is parsed by mvmc CLI; no per-section CLI; strict C completeness before runner/output	rejected titled invalid scope; validation counterpart exists, not a blanket rejection of valid combinations	C readdef layout/counts/flags authoritative; Julia parser warnings/permissive recovery are not C support	Validation/load failure before init/output unless title targets callback/output/SR; state/RNG/files boundary must be asserted by candidate gate; current collective callbacks fail after completed sample, not rollback	E0 scenario-to-production mapping; proposed gate only unless result names executed record	J=8bb1b9e8ae47b1512c00b321be05664ddcac0fd1; source SHA256=f7563411720d27553a08d4283a012446d02a8724ca9951614f7b3174fefe4485; C=extern/mVMC-1.3.0; independent expectation provenance must be read from named fixtures; no regeneration/run in documentation audit	cargo nextest run --locked --cargo-profile test-fast -p mvmc-expert-parsers --no-fail-fast --retries 0	No local scalar override; inherited fixture/synthetic constructor arguments; No file-wide stochastic settings	UNVERIFIED: individual Julia scenario not replayed against Rust; candidate gate is not evidence of equivalent assertions	#184/#178
S017	testset	@testset "header count must be a non-negative integer in token 2" begin	MVMCExpertModeParsers.jl/test/test_green_two_ex_parser.jl:92	crates/mvmc-expert-parsers/src/parsers/green.rs::parse_green_two_ex_content	Expert namelist is parsed by mvmc CLI; no per-section CLI; strict C completeness before runner/output	executable bounded production mapping; independent scenario replay unverified	C readdef layout/counts/flags authoritative; Julia parser warnings/permissive recovery are not C support	Exact RNG/config/count/status/indices/flags and untouched copy tails; computed normalization/inverse values follow #190; no claimed full trajectory from snapshots	E0 scenario-to-production mapping; proposed gate only unless result names executed record	J=8bb1b9e8ae47b1512c00b321be05664ddcac0fd1; source SHA256=f7563411720d27553a08d4283a012446d02a8724ca9951614f7b3174fefe4485; C=extern/mVMC-1.3.0; independent expectation provenance must be read from named fixtures; no regeneration/run in documentation audit	cargo nextest run --locked --cargo-profile test-fast -p mvmc-expert-parsers --no-fail-fast --retries 0	No local scalar override; inherited fixture/synthetic constructor arguments; No file-wide stochastic settings	UNVERIFIED: individual Julia scenario not replayed against Rust; candidate gate is not evidence of equivalent assertions	#184/#178
S018	testset	@testset "TwoBodyGEx dispatch" begin	MVMCExpertModeParsers.jl/test/test_green_two_ex_parser.jl:110	crates/mvmc-expert-parsers/src/types.rs::ExpertModeData; crates/mvmc-expert-parsers/src/lib.rs::parse_expert_mode_files_mode	Expert namelist is parsed by mvmc CLI; no per-section CLI; strict C completeness before runner/output	executable bounded production mapping; independent scenario replay unverified	C readdef layout/counts/flags authoritative; Julia parser warnings/permissive recovery are not C support	Sampling/proposed moves/acceptance must remain exact; numerical comparisons only for computed values; no implicit rejection rollback claim	E0 scenario-to-production mapping; proposed gate only unless result names executed record	J=8bb1b9e8ae47b1512c00b321be05664ddcac0fd1; source SHA256=f7563411720d27553a08d4283a012446d02a8724ca9951614f7b3174fefe4485; C=extern/mVMC-1.3.0; independent expectation provenance must be read from named fixtures; no regeneration/run in documentation audit	cargo nextest run --locked --cargo-profile test-fast -p mvmc-expert-parsers --no-fail-fast --retries 0	No local scalar override; inherited fixture/synthetic constructor arguments; No file-wide stochastic settings	UNVERIFIED: individual Julia scenario not replayed against Rust; candidate gate is not evidence of equivalent assertions	#184/#178
S019	testset	@testset "TwoBodyGEx is fatal on the public parse_expert_mode_files path" begin	MVMCExpertModeParsers.jl/test/test_green_two_ex_parser.jl:129	crates/mvmc-expert-parsers/src/lib.rs::parse_expert_mode_files	Expert namelist is parsed by mvmc CLI; no per-section CLI; strict C completeness before runner/output	rejected titled invalid scope; validation counterpart exists, not a blanket rejection of valid combinations	C readdef layout/counts/flags authoritative; Julia parser warnings/permissive recovery are not C support	Validation/load failure before init/output unless title targets callback/output/SR; state/RNG/files boundary must be asserted by candidate gate; current collective callbacks fail after completed sample, not rollback	E0 scenario-to-production mapping; proposed gate only unless result names executed record	J=8bb1b9e8ae47b1512c00b321be05664ddcac0fd1; source SHA256=f7563411720d27553a08d4283a012446d02a8724ca9951614f7b3174fefe4485; C=extern/mVMC-1.3.0; independent expectation provenance must be read from named fixtures; no regeneration/run in documentation audit	cargo nextest run --locked --cargo-profile test-fast -p mvmc-expert-parsers --no-fail-fast --retries 0	No local scalar override; inherited fixture/synthetic constructor arguments; No file-wide stochastic settings	UNVERIFIED: individual Julia scenario not replayed against Rust; candidate gate is not evidence of equivalent assertions	#184/#178
S020	testset	@testset "Expert Mode Data Integration" begin	MVMCExpertModeParsers.jl/test/test_integration.jl:8	crates/mvmc-expert-parsers/src/types.rs::ExpertModeData; crates/mvmc-expert-parsers/src/types.rs::ModParaParameters; crates/mvmc-expert-parsers/src/types.rs::TransferTerm; crates/mvmc-expert-parsers/src/types.rs::CoulombIntraTerm; crates/mvmc-expert-parsers/src/types.rs::GutzwillerTerm	Expert namelist is parsed by mvmc CLI; no per-section CLI; strict C completeness before runner/output	executable bounded production mapping; independent scenario replay unverified	C readdef layout/counts/flags authoritative; Julia parser warnings/permissive recovery are not C support	Sampling/proposed moves/acceptance must remain exact; numerical comparisons only for computed values; no implicit rejection rollback claim	E0 scenario-to-production mapping; proposed gate only unless result names executed record	J=8bb1b9e8ae47b1512c00b321be05664ddcac0fd1; source SHA256=8993bca5b0f473acfcb2f7a6793243901054a9491fd84cfff9422e1f41b28cc2; C=extern/mVMC-1.3.0; independent expectation provenance must be read from named fixtures; no regeneration/run in documentation audit	cargo nextest run --locked --cargo-profile test-fast -p mvmc-expert-parsers --no-fail-fast --retries 0	Testset scalar settings: @test data.modpara.nsite == 0; data.modpara = ModParaParameters(nsite = 4, nelec = 2, nlocspin = 0); @test data.modpara.nsite == 4; No file-wide stochastic settings	UNVERIFIED: individual Julia scenario not replayed against Rust; candidate gate is not evidence of equivalent assertions	#184/#178
S021	testset	@testset "Namelist Parsing" begin	MVMCExpertModeParsers.jl/test/test_integration.jl:28	crates/mvmc-expert-parsers/src/utils/file.rs::parse_namelist_content	Expert namelist is parsed by mvmc CLI; no per-section CLI; strict C completeness before runner/output	executable bounded production mapping; independent scenario replay unverified	C readdef layout/counts/flags authoritative; Julia parser warnings/permissive recovery are not C support	Sampling/proposed moves/acceptance must remain exact; numerical comparisons only for computed values; no implicit rejection rollback claim	E0 scenario-to-production mapping; proposed gate only unless result names executed record	J=8bb1b9e8ae47b1512c00b321be05664ddcac0fd1; source SHA256=8993bca5b0f473acfcb2f7a6793243901054a9491fd84cfff9422e1f41b28cc2; C=extern/mVMC-1.3.0; independent expectation provenance must be read from named fixtures; no regeneration/run in documentation audit	cargo nextest run --locked --cargo-profile test-fast -p mvmc-expert-parsers --no-fail-fast --retries 0	No local scalar override; inherited fixture/synthetic constructor arguments; No file-wide stochastic settings	UNVERIFIED: individual Julia scenario not replayed against Rust; candidate gate is not evidence of equivalent assertions	#184/#178
S022	testset	@testset "build_orbital_sgn_matrix! sz-conserved Tests" begin	MVMCExpertModeParsers.jl/test/test_orbital_qptrans_utils.jl:22	ExpertModeData::build_orbital_matrices (types.rs1262–1315); parse_expert_mode_files	Public parser/helper leaf scope; normal/pureGeneral periodic/AP and QP literal/default mappings; not runner/OptTransMPI policy	Bounded supported C-complete inputs; sparseJulia constructors adapted; Rust returned matrices/entries vsJulia mutating parallel arrays intentional; not wholehelperbranch equivalence	Cdeclared complete normalNsite²/generaltriangle; periodic signs+1 orantisym,APpreserves; AP+Parallelcombined branch notprovedbythisbatch	Exact integer shape/cells/signs/maps; noRNG/sampling/kernel/numericbudget claim; missingfixture availability branches SOURCEONLY	E1 bounded leaf assertions + explicit architecture/source-only limits; issue-184-orbital50-review.tsv exactID→testline	J8bb1b9e8ae47b1512c00b321be05664ddcac0fd1 helperSHA10dfb9bd80014ae877d5ed70e2729501afe86ec6d33d53d6d94dbb08b6afab92/testSHAfe430c50c3efd22b3007e93cad377a427fcbedf5bc3b47d446a2ae017e65bd01; RusttestSHA10835405ff3d19cc397e151ab8b4f6d6d0f998ce1fc8d3cea473be22b76cf977; original16samplefixturescmp0	cargo nextest run -p mvmc-expert-parsers --test issue184_orbital_qptrans_semantics --locked --no-fail-fast --retries 0; exactcase normal_and_general_orbital_signs_follow_complete_c_reader_contract	Nsite4,NMP±4;complete16rows preservingoriginalthreeassertedcells	Parent0b0ce725-4cc0-417e-9045-9ef493365796 terminal0 5PASS0skip .010s sourcesSHAverified/fixturescmp0; historical7f29d38b5PASS separate. 46leaf assertions,4availabilitySOURCEONLY;6inverseintentionalAPI outside50. NOTwholeAPI/kernel/runner PASS	#184 Chandra mapping; Pauli parser implementation; parent independent source/run
S023	testset	@testset "build_orbital_sgn_matrix! fsz Tests" begin	MVMCExpertModeParsers.jl/test/test_orbital_qptrans_utils.jl:71	ExpertModeData::build_orbital_matrices (types.rs1262–1315); parse_expert_mode_files	Public parser/helper leaf scope; normal/pureGeneral periodic/AP and QP literal/default mappings; not runner/OptTransMPI policy	Bounded supported C-complete inputs; sparseJulia constructors adapted; Rust returned matrices/entries vsJulia mutating parallel arrays intentional; not wholehelperbranch equivalence	Cdeclared complete normalNsite²/generaltriangle; periodic signs+1 orantisym,APpreserves; AP+Parallelcombined branch notprovedbythisbatch	Exact integer shape/cells/signs/maps; noRNG/sampling/kernel/numericbudget claim; missingfixture availability branches SOURCEONLY	E1 bounded leaf assertions + explicit architecture/source-only limits; issue-184-orbital50-review.tsv exactID→testline	J8bb1b9e8ae47b1512c00b321be05664ddcac0fd1 helperSHA10dfb9bd80014ae877d5ed70e2729501afe86ec6d33d53d6d94dbb08b6afab92/testSHAfe430c50c3efd22b3007e93cad377a427fcbedf5bc3b47d446a2ae017e65bd01; RusttestSHA10835405ff3d19cc397e151ab8b4f6d6d0f998ce1fc8d3cea473be22b76cf977; original16samplefixturescmp0	cargo nextest run -p mvmc-expert-parsers --test issue184_orbital_qptrans_semantics --locked --no-fail-fast --retries 0; exactcase normal_and_general_orbital_signs_follow_complete_c_reader_contract	Nsite2,pureGeneral,NMP±2,complete6pairs;4x4 antisym	Parent0b0ce725-4cc0-417e-9045-9ef493365796 terminal0 5PASS0skip .010s sourcesSHAverified/fixturescmp0; historical7f29d38b5PASS separate. 46leaf assertions,4availabilitySOURCEONLY;6inverseintentionalAPI outside50. NOTwholeAPI/kernel/runner PASS	#184 Chandra mapping; Pauli parser implementation; parent independent source/run
S024	testset	@testset "build_orbital_sgn_matrix! with real data Tests" begin	MVMCExpertModeParsers.jl/test/test_orbital_qptrans_utils.jl:101	ExpertModeData::build_orbital_matrices (types.rs1262–1315); parse_expert_mode_files	Public parser/helper leaf scope; normal/pureGeneral periodic/AP and QP literal/default mappings; not runner/OptTransMPI policy	Bounded supported C-complete inputs; sparseJulia constructors adapted; Rust returned matrices/entries vsJulia mutating parallel arrays intentional; not wholehelperbranch equivalence	Cdeclared complete normalNsite²/generaltriangle; periodic signs+1 orantisym,APpreserves; AP+Parallelcombined branch notprovedbythisbatch	Exact integer shape/cells/signs/maps; noRNG/sampling/kernel/numericbudget claim; missingfixture availability branches SOURCEONLY	E1 bounded leaf assertions + explicit architecture/source-only limits; issue-184-orbital50-review.tsv exactID→testline	J8bb1b9e8ae47b1512c00b321be05664ddcac0fd1 helperSHA10dfb9bd80014ae877d5ed70e2729501afe86ec6d33d53d6d94dbb08b6afab92/testSHAfe430c50c3efd22b3007e93cad377a427fcbedf5bc3b47d446a2ae017e65bd01; RusttestSHA10835405ff3d19cc397e151ab8b4f6d6d0f998ce1fc8d3cea473be22b76cf977; original16samplefixturescmp0	cargo nextest run -p mvmc-expert-parsers --test issue184_orbital_qptrans_semantics --locked --no-fail-fast --retries 0; exactcase original_heisenberg_sixteen_site_orbital_sample_has_periodic_signs	OriginalHeisenberg16site,256rows64flags,NMP4;NElec1vsJ8 unrelatedsignleaf	Parent0b0ce725-4cc0-417e-9045-9ef493365796 terminal0 5PASS0skip .010s sourcesSHAverified/fixturescmp0; historical7f29d38b5PASS separate. 46leaf assertions,4availabilitySOURCEONLY;6inverseintentionalAPI outside50. NOTwholeAPI/kernel/runner PASS	#184 Chandra mapping; Pauli parser implementation; parent independent source/run
S025	testset	@testset "build_qp_trans_mappings! basic Tests" begin	MVMCExpertModeParsers.jl/test/test_orbital_qptrans_utils.jl:150	parse_expert_mode_files -> qp_trans_entries(site_map/site_sign/weight),qp_opt_trans/qp_opt_trans_sgn	Public parser/helper leaf scope; normal/pureGeneral periodic/AP and QP literal/default mappings; not runner/OptTransMPI policy	Bounded supported C-complete inputs; sparseJulia constructors adapted; Rust returned matrices/entries vsJulia mutating parallel arrays intentional; not wholehelperbranch equivalence	Complete literal TransSym mappings; APoff+1/APonfile signs; defaultOptidentity; inversearray RustAPI intentionally absent	Exact integer shape/cells/signs/maps; noRNG/sampling/kernel/numericbudget claim; missingfixture availability branches SOURCEONLY	E1 bounded leaf assertions + explicit architecture/source-only limits; issue-184-orbital50-review.tsv exactID→testline	J8bb1b9e8ae47b1512c00b321be05664ddcac0fd1 helperSHA10dfb9bd80014ae877d5ed70e2729501afe86ec6d33d53d6d94dbb08b6afab92/testSHAfe430c50c3efd22b3007e93cad377a427fcbedf5bc3b47d446a2ae017e65bd01; RusttestSHA10835405ff3d19cc397e151ab8b4f6d6d0f998ce1fc8d3cea473be22b76cf977; original16samplefixturescmp0	cargo nextest run -p mvmc-expert-parsers --test issue184_orbital_qptrans_semantics --locked --no-fail-fast --retries 0; exactcase original_four_site_identity_cyclic_and_default_opttrans_are_loaded	Nsite4,QP2,NMP2,weights1/1,identity/cyclic[1,2,3,0],defaultOptidentity	Parent0b0ce725-4cc0-417e-9045-9ef493365796 terminal0 5PASS0skip .010s sourcesSHAverified/fixturescmp0; historical7f29d38b5PASS separate. 46leaf assertions,4availabilitySOURCEONLY;6inverseintentionalAPI outside50. NOTwholeAPI/kernel/runner PASS	#184 Chandra mapping; Pauli parser implementation; parent independent source/run
S026	testset	@testset "build_qp_trans_mappings! with real data Tests" begin	MVMCExpertModeParsers.jl/test/test_orbital_qptrans_utils.jl:232	parse_expert_mode_files -> qp_trans_entries(site_map/site_sign/weight),qp_opt_trans/qp_opt_trans_sgn	Public parser/helper leaf scope; normal/pureGeneral periodic/AP and QP literal/default mappings; not runner/OptTransMPI policy	Bounded supported C-complete inputs; sparseJulia constructors adapted; Rust returned matrices/entries vsJulia mutating parallel arrays intentional; not wholehelperbranch equivalence	Complete literal TransSym mappings; APoff+1/APonfile signs; defaultOptidentity; inversearray RustAPI intentionally absent	Exact integer shape/cells/signs/maps; noRNG/sampling/kernel/numericbudget claim; missingfixture availability branches SOURCEONLY	E1 bounded leaf assertions + explicit architecture/source-only limits; issue-184-orbital50-review.tsv exactID→testline	J8bb1b9e8ae47b1512c00b321be05664ddcac0fd1 helperSHA10dfb9bd80014ae877d5ed70e2729501afe86ec6d33d53d6d94dbb08b6afab92/testSHAfe430c50c3efd22b3007e93cad377a427fcbedf5bc3b47d446a2ae017e65bd01; RusttestSHA10835405ff3d19cc397e151ab8b4f6d6d0f998ce1fc8d3cea473be22b76cf977; original16samplefixturescmp0	cargo nextest run -p mvmc-expert-parsers --test issue184_orbital_qptrans_semantics --locked --no-fail-fast --retries 0; exactcase original_heisenberg_sixteen_site_translation_sample_and_default_identity	OriginalHeisenberg16siteQP4,64mappingrows,NMP4;4signvectors×16 entries/defaultidentity	Parent0b0ce725-4cc0-417e-9045-9ef493365796 terminal0 5PASS0skip .010s sourcesSHAverified/fixturescmp0; historical7f29d38b5PASS separate. 46leaf assertions,4availabilitySOURCEONLY;6inverseintentionalAPI outside50. NOTwholeAPI/kernel/runner PASS	#184 Chandra mapping; Pauli parser implementation; parent independent source/run
S027	testset	@testset "build_qp_trans_mappings! APFlag Tests" begin	MVMCExpertModeParsers.jl/test/test_orbital_qptrans_utils.jl:296	parse_expert_mode_files -> qp_trans_entries(site_map/site_sign/weight),qp_opt_trans/qp_opt_trans_sgn	Public parser/helper leaf scope; normal/pureGeneral periodic/AP and QP literal/default mappings; not runner/OptTransMPI policy	Bounded supported C-complete inputs; sparseJulia constructors adapted; Rust returned matrices/entries vsJulia mutating parallel arrays intentional; not wholehelperbranch equivalence	Complete literal TransSym mappings; APoff+1/APonfile signs; defaultOptidentity; inversearray RustAPI intentionally absent	Exact integer shape/cells/signs/maps; noRNG/sampling/kernel/numericbudget claim; missingfixture availability branches SOURCEONLY	E1 bounded leaf assertions + explicit architecture/source-only limits; issue-184-orbital50-review.tsv exactID→testline	J8bb1b9e8ae47b1512c00b321be05664ddcac0fd1 helperSHA10dfb9bd80014ae877d5ed70e2729501afe86ec6d33d53d6d94dbb08b6afab92/testSHAfe430c50c3efd22b3007e93cad377a427fcbedf5bc3b47d446a2ae017e65bd01; RusttestSHA10835405ff3d19cc397e151ab8b4f6d6d0f998ce1fc8d3cea473be22b76cf977; original16samplefixturescmp0	cargo nextest run -p mvmc-expert-parsers --test issue184_orbital_qptrans_semantics --locked --no-fail-fast --retries 0; exactcase original_antiperiodic_cyclic_input_preserves_all_four_signs	Nsite4,QP1,NMP-4,cyclicsigns[-1,1,-1,1]	Parent0b0ce725-4cc0-417e-9045-9ef493365796 terminal0 5PASS0skip .010s sourcesSHAverified/fixturescmp0; historical7f29d38b5PASS separate. 46leaf assertions,4availabilitySOURCEONLY;6inverseintentionalAPI outside50. NOTwholeAPI/kernel/runner PASS	#184 Chandra mapping; Pauli parser implementation; parent independent source/run
S028	testset	@testset "Orbital and QPTrans Utilities Tests" begin	MVMCExpertModeParsers.jl/test/test_orbital_qptrans_utils.jl:337	parse_expert_mode_files -> qp_trans_entries(site_map/site_sign/weight),qp_opt_trans/qp_opt_trans_sgn	Public parser/helper leaf scope; normal/pureGeneral periodic/AP and QP literal/default mappings; not runner/OptTransMPI policy	Bounded supported C-complete inputs; sparseJulia constructors adapted; Rust returned matrices/entries vsJulia mutating parallel arrays intentional; not wholehelperbranch equivalence	Complete literal TransSym mappings; APoff+1/APonfile signs; defaultOptidentity; inversearray RustAPI intentionally absent	Exact integer shape/cells/signs/maps; noRNG/sampling/kernel/numericbudget claim; missingfixture availability branches SOURCEONLY	E1 bounded leaf assertions + explicit architecture/source-only limits; issue-184-orbital50-review.tsv exactID→testline	J8bb1b9e8ae47b1512c00b321be05664ddcac0fd1 helperSHA10dfb9bd80014ae877d5ed70e2729501afe86ec6d33d53d6d94dbb08b6afab92/testSHAfe430c50c3efd22b3007e93cad377a427fcbedf5bc3b47d446a2ae017e65bd01; RusttestSHA10835405ff3d19cc397e151ab8b4f6d6d0f998ce1fc8d3cea473be22b76cf977; original16samplefixturescmp0	cargo nextest run -p mvmc-expert-parsers --test issue184_orbital_qptrans_semantics --locked --no-fail-fast --retries 0; exactcase all five named cases in issue184_orbital_qptrans_semantics	Fivecases settings per orbital50artifact; seed/RNG none; helperbranches beyond original assertedconditions unverified	Parent0b0ce725-4cc0-417e-9045-9ef493365796 terminal0 5PASS0skip .010s sourcesSHAverified/fixturescmp0; historical7f29d38b5PASS separate. 46leaf assertions,4availabilitySOURCEONLY;6inverseintentionalAPI outside50. NOTwholeAPI/kernel/runner PASS	#184 Chandra mapping; Pauli parser implementation; parent independent source/run
S029	testset	@testset "parameter_init: complex flag + RBM initialization" begin	MVMCExpertModeParsers.jl/test/test_parameter_init_complexflag_rbm.jl:91	crates/mvmc-expert-parsers/src/utils/parameter_init.rs::init_parameter	Optimization initialization; PhysCal consumes one init block on clone then restores fixed values; seed override optional	executable bounded production mapping; independent scenario replay unverified	Exact C SFMT draw/flag contract; complex mode inferred from enabled family declarations, not Julia-only ModPara override	Exact RNG/config/count/status/indices/flags and untouched copy tails; computed normalization/inverse values follow #190; no claimed full trajectory from snapshots	E0 scenario-to-production mapping; proposed gate only unless result names executed record	J=8bb1b9e8ae47b1512c00b321be05664ddcac0fd1; source SHA256=011d508626489e1d8b9107c4ea167efa1fee348afd4d4db5cb5d4eec0ea90b4b; C=extern/mVMC-1.3.0; independent expectation provenance must be read from named fixtures; no regeneration/run in documentation audit	cargo nextest run --locked --cargo-profile test-fast -p mvmc-expert-parsers --test c_orbital_initialization --test optimization_flags --no-fail-fast --retries 0	No local scalar override; inherited fixture/synthetic constructor arguments; No file-wide stochastic settings	UNVERIFIED: individual Julia scenario not replayed against Rust; candidate gate is not evidence of equivalent assertions	#177/#180/#181
S030	testset	@testset "real RBM init uses NProj offset and OptFlag" begin	MVMCExpertModeParsers.jl/test/test_parameter_init_complexflag_rbm.jl:92	crates/mvmc-expert-parsers/src/utils/opt_flag.rs::set_rbm_opt_flags; crates/mvmc-expert-parsers/src/utils/parameter_init.rs::init_parameter	Optimization initialization; PhysCal consumes one init block on clone then restores fixed values; seed override optional	executable bounded production mapping; independent scenario replay unverified	Exact C SFMT draw/flag contract; complex mode inferred from enabled family declarations, not Julia-only ModPara override	Exact RNG/config/count/status/indices/flags and untouched copy tails; computed normalization/inverse values follow #190; no claimed full trajectory from snapshots	E0 scenario-to-production mapping; proposed gate only unless result names executed record	J=8bb1b9e8ae47b1512c00b321be05664ddcac0fd1; source SHA256=011d508626489e1d8b9107c4ea167efa1fee348afd4d4db5cb5d4eec0ea90b4b; C=extern/mVMC-1.3.0; independent expectation provenance must be read from named fixtures; no regeneration/run in documentation audit	cargo nextest run --locked --cargo-profile test-fast -p mvmc-expert-parsers --test c_orbital_initialization --test optimization_flags --no-fail-fast --retries 0	No local scalar override; inherited fixture/synthetic constructor arguments; No file-wide stochastic settings	UNVERIFIED: individual Julia scenario not replayed against Rust; candidate gate is not evidence of equivalent assertions	#177/#180/#181
S031	testset	@testset "complex RBM init is enabled by ModPara.complex_flag" begin	MVMCExpertModeParsers.jl/test/test_parameter_init_complexflag_rbm.jl:128	crates/mvmc-expert-parsers/src/utils/opt_flag.rs::set_rbm_opt_flags; crates/mvmc-expert-parsers/src/utils/parameter_init.rs::init_parameter	Optimization initialization; PhysCal consumes one init block on clone then restores fixed values; seed override optional	executable bounded production mapping; independent scenario replay unverified	Exact C SFMT draw/flag contract; complex mode inferred from enabled family declarations, not Julia-only ModPara override	Exact RNG/config/count/status/indices/flags and untouched copy tails; computed normalization/inverse values follow #190; no claimed full trajectory from snapshots	E0 scenario-to-production mapping; proposed gate only unless result names executed record	J=8bb1b9e8ae47b1512c00b321be05664ddcac0fd1; source SHA256=011d508626489e1d8b9107c4ea167efa1fee348afd4d4db5cb5d4eec0ea90b4b; C=extern/mVMC-1.3.0; independent expectation provenance must be read from named fixtures; no regeneration/run in documentation audit	cargo nextest run --locked --cargo-profile test-fast -p mvmc-expert-parsers --test c_orbital_initialization --test optimization_flags --no-fail-fast --retries 0	No local scalar override; inherited fixture/synthetic constructor arguments; No file-wide stochastic settings	UNVERIFIED: individual Julia scenario not replayed against Rust; candidate gate is not evidence of equivalent assertions	#177/#180/#181
S032	testset	@testset "complex RBM init is enabled by complex gutzwiller flag (AllComplexFlag)" begin	MVMCExpertModeParsers.jl/test/test_parameter_init_complexflag_rbm.jl:154	crates/mvmc-expert-parsers/src/utils/opt_flag.rs::set_rbm_opt_flags; crates/mvmc-expert-parsers/src/utils/parameter_init.rs::init_parameter	Optimization initialization; PhysCal consumes one init block on clone then restores fixed values; seed override optional	executable bounded production mapping; independent scenario replay unverified	Exact C SFMT draw/flag contract; complex mode inferred from enabled family declarations, not Julia-only ModPara override	Exact RNG/config/count/status/indices/flags and untouched copy tails; computed normalization/inverse values follow #190; no claimed full trajectory from snapshots	E0 scenario-to-production mapping; proposed gate only unless result names executed record	J=8bb1b9e8ae47b1512c00b321be05664ddcac0fd1; source SHA256=011d508626489e1d8b9107c4ea167efa1fee348afd4d4db5cb5d4eec0ea90b4b; C=extern/mVMC-1.3.0; independent expectation provenance must be read from named fixtures; no regeneration/run in documentation audit	cargo nextest run --locked --cargo-profile test-fast -p mvmc-expert-parsers --test c_orbital_initialization --test optimization_flags --no-fail-fast --retries 0	No local scalar override; inherited fixture/synthetic constructor arguments; No file-wide stochastic settings	UNVERIFIED: individual Julia scenario not replayed against Rust; candidate gate is not evidence of equivalent assertions	#177/#180/#181
S033	testset	@testset "Basic init_parameter! Tests" begin	MVMCExpertModeParsers.jl/test/test_parameter_initialization.jl:39	crates/mvmc-expert-parsers/src/types.rs::ExpertModeData; crates/mvmc-expert-parsers/src/types.rs::GutzwillerTerm; crates/mvmc-expert-parsers/src/types.rs::JastrowTerm; crates/mvmc-expert-parsers/src/types.rs::OrbitalTerm; crates/mvmc-expert-parsers/src/utils/parameter_init.rs::init_parameter	Optimization initialization; PhysCal consumes one init block on clone then restores fixed values; seed override optional	executable bounded production mapping; independent scenario replay unverified	Exact C SFMT draw/flag contract; complex mode inferred from enabled family declarations, not Julia-only ModPara override	Sampling/proposed moves/acceptance must remain exact; numerical comparisons only for computed values; no implicit rejection rollback claim	E0 scenario-to-production mapping; proposed gate only unless result names executed record	J=8bb1b9e8ae47b1512c00b321be05664ddcac0fd1; source SHA256=c2c46086c95a392e4b33ae1d5fd36fc270c605dafce2b3e88a1b19325dc427a6; C=extern/mVMC-1.3.0; independent expectation provenance must be read from named fixtures; no regeneration/run in documentation audit	cargo nextest run --locked --cargo-profile test-fast -p mvmc-expert-parsers --test c_orbital_initialization --test optimization_flags --no-fail-fast --retries 0	Testset scalar settings: data.modpara.complex_flag = 0 # Real parameters; File-wide declarations (inherited where used): # Helper function to create a seeded SFMT RNG;function create_seeded_rng(seed::Int);Random.seed!(rng, seed);function seeded_rng(seed::Integer);Random.seed!(rng, seed);data.modpara.rnd_seed = 123456789;rng = seeded_rng(data.modpara.rnd_seed);data.modpara.rnd_seed = 123456789;rng = seeded_rng(data.modpara.rnd_seed);data.modpara.rnd_seed = 123456789;rng = seeded_rng(data.modpara.rnd_seed);data.modpara.rnd_seed = 123456789;rng = seeded_rng(data.modpara.rnd_seed);test_random_seed();Test that random seed works correctly.;function test_random_seed();# Test: Different seed should give different values;data1.modpara.rnd_seed = 123456789;data2.modpara.rnd_seed = 987654321 # Different seed;# Initialize with different seeds;rng1 = create_seeded_rng(data1.modpara.rnd_seed);rng2 = create_seeded_rng(data2.modpara.rnd_seed);data.modpara.rnd_seed = 123456789;rng = seeded_rng(data.modpara.rnd_seed);data.modpara.rnd_seed = 123456789;rng = seeded_rng(data.modpara.rnd_seed);test_random_seed()	UNVERIFIED: individual Julia scenario not replayed against Rust; candidate gate is not evidence of equivalent assertions	#177/#180/#181
S034	testset	@testset "Complex init_parameter! Tests" begin	MVMCExpertModeParsers.jl/test/test_parameter_initialization.jl:93	crates/mvmc-expert-parsers/src/types.rs::ExpertModeData; crates/mvmc-expert-parsers/src/types.rs::OrbitalTerm; crates/mvmc-expert-parsers/src/utils/parameter_init.rs::init_parameter	Optimization initialization; PhysCal consumes one init block on clone then restores fixed values; seed override optional	executable bounded production mapping; independent scenario replay unverified	Exact C SFMT draw/flag contract; complex mode inferred from enabled family declarations, not Julia-only ModPara override	Sampling/proposed moves/acceptance must remain exact; numerical comparisons only for computed values; no implicit rejection rollback claim	E0 scenario-to-production mapping; proposed gate only unless result names executed record	J=8bb1b9e8ae47b1512c00b321be05664ddcac0fd1; source SHA256=c2c46086c95a392e4b33ae1d5fd36fc270c605dafce2b3e88a1b19325dc427a6; C=extern/mVMC-1.3.0; independent expectation provenance must be read from named fixtures; no regeneration/run in documentation audit	cargo nextest run --locked --cargo-profile test-fast -p mvmc-expert-parsers --test c_orbital_initialization --test optimization_flags --no-fail-fast --retries 0	Testset scalar settings: data.modpara.complex_flag = 1 # Complex parameters; File-wide declarations (inherited where used): # Helper function to create a seeded SFMT RNG;function create_seeded_rng(seed::Int);Random.seed!(rng, seed);function seeded_rng(seed::Integer);Random.seed!(rng, seed);data.modpara.rnd_seed = 123456789;rng = seeded_rng(data.modpara.rnd_seed);data.modpara.rnd_seed = 123456789;rng = seeded_rng(data.modpara.rnd_seed);data.modpara.rnd_seed = 123456789;rng = seeded_rng(data.modpara.rnd_seed);data.modpara.rnd_seed = 123456789;rng = seeded_rng(data.modpara.rnd_seed);test_random_seed();Test that random seed works correctly.;function test_random_seed();# Test: Different seed should give different values;data1.modpara.rnd_seed = 123456789;data2.modpara.rnd_seed = 987654321 # Different seed;# Initialize with different seeds;rng1 = create_seeded_rng(data1.modpara.rnd_seed);rng2 = create_seeded_rng(data2.modpara.rnd_seed);data.modpara.rnd_seed = 123456789;rng = seeded_rng(data.modpara.rnd_seed);data.modpara.rnd_seed = 123456789;rng = seeded_rng(data.modpara.rnd_seed);test_random_seed()	UNVERIFIED: individual Julia scenario not replayed against Rust; candidate gate is not evidence of equivalent assertions	#177/#180/#181
S035	testset	@testset "OptFlag handling Tests" begin	MVMCExpertModeParsers.jl/test/test_parameter_initialization.jl:128	crates/mvmc-expert-parsers/src/types.rs::ExpertModeData; crates/mvmc-expert-parsers/src/types.rs::OrbitalTerm; crates/mvmc-expert-parsers/src/utils/parameter_init.rs::init_parameter; crates/mvmc-core/src/sync.rs::sync_modified_parameter_local	Optimization initialization; PhysCal consumes one init block on clone then restores fixed values; seed override optional	executable bounded production mapping; independent scenario replay unverified	Exact C SFMT draw/flag contract; complex mode inferred from enabled family declarations, not Julia-only ModPara override	Exact RNG/config/count/status/indices/flags and untouched copy tails; computed normalization/inverse values follow #190; no claimed full trajectory from snapshots	E0 scenario-to-production mapping; proposed gate only unless result names executed record	J=8bb1b9e8ae47b1512c00b321be05664ddcac0fd1; source SHA256=c2c46086c95a392e4b33ae1d5fd36fc270c605dafce2b3e88a1b19325dc427a6; C=extern/mVMC-1.3.0; independent expectation provenance must be read from named fixtures; no regeneration/run in documentation audit	cargo nextest run --locked --cargo-profile test-fast -p mvmc-expert-parsers --test c_orbital_initialization --test optimization_flags --no-fail-fast --retries 0	Testset scalar settings: data.modpara.complex_flag = 0; File-wide declarations (inherited where used): # Helper function to create a seeded SFMT RNG;function create_seeded_rng(seed::Int);Random.seed!(rng, seed);function seeded_rng(seed::Integer);Random.seed!(rng, seed);data.modpara.rnd_seed = 123456789;rng = seeded_rng(data.modpara.rnd_seed);data.modpara.rnd_seed = 123456789;rng = seeded_rng(data.modpara.rnd_seed);data.modpara.rnd_seed = 123456789;rng = seeded_rng(data.modpara.rnd_seed);data.modpara.rnd_seed = 123456789;rng = seeded_rng(data.modpara.rnd_seed);test_random_seed();Test that random seed works correctly.;function test_random_seed();# Test: Different seed should give different values;data1.modpara.rnd_seed = 123456789;data2.modpara.rnd_seed = 987654321 # Different seed;# Initialize with different seeds;rng1 = create_seeded_rng(data1.modpara.rnd_seed);rng2 = create_seeded_rng(data2.modpara.rnd_seed);data.modpara.rnd_seed = 123456789;rng = seeded_rng(data.modpara.rnd_seed);data.modpara.rnd_seed = 123456789;rng = seeded_rng(data.modpara.rnd_seed);test_random_seed()	UNVERIFIED: individual Julia scenario not replayed against Rust; candidate gate is not evidence of equivalent assertions	#177/#180/#181
S036	testset	@testset "sync_modified_parameter! Tests" begin	MVMCExpertModeParsers.jl/test/test_parameter_initialization.jl:165	crates/mvmc-expert-parsers/src/types.rs::ExpertModeData; crates/mvmc-expert-parsers/src/types.rs::OrbitalTerm; crates/mvmc-core/src/sync.rs::sync_modified_parameter_local; crates/mvmc-expert-parsers/src/utils/parameter_init.rs::initialize_parameters	Optimization initialization; PhysCal consumes one init block on clone then restores fixed values; seed override optional	executable bounded production mapping; independent scenario replay unverified	Exact C SFMT draw/flag contract; complex mode inferred from enabled family declarations, not Julia-only ModPara override	Sampling/proposed moves/acceptance must remain exact; numerical comparisons only for computed values; no implicit rejection rollback claim	E0 scenario-to-production mapping; proposed gate only unless result names executed record	J=8bb1b9e8ae47b1512c00b321be05664ddcac0fd1; source SHA256=c2c46086c95a392e4b33ae1d5fd36fc270c605dafce2b3e88a1b19325dc427a6; C=extern/mVMC-1.3.0; independent expectation provenance must be read from named fixtures; no regeneration/run in documentation audit	cargo nextest run --locked --cargo-profile test-fast -p mvmc-expert-parsers --test c_orbital_initialization --test optimization_flags --no-fail-fast --retries 0	Testset scalar settings: data.modpara.complex_flag = 0; File-wide declarations (inherited where used): # Helper function to create a seeded SFMT RNG;function create_seeded_rng(seed::Int);Random.seed!(rng, seed);function seeded_rng(seed::Integer);Random.seed!(rng, seed);data.modpara.rnd_seed = 123456789;rng = seeded_rng(data.modpara.rnd_seed);data.modpara.rnd_seed = 123456789;rng = seeded_rng(data.modpara.rnd_seed);data.modpara.rnd_seed = 123456789;rng = seeded_rng(data.modpara.rnd_seed);data.modpara.rnd_seed = 123456789;rng = seeded_rng(data.modpara.rnd_seed);test_random_seed();Test that random seed works correctly.;function test_random_seed();# Test: Different seed should give different values;data1.modpara.rnd_seed = 123456789;data2.modpara.rnd_seed = 987654321 # Different seed;# Initialize with different seeds;rng1 = create_seeded_rng(data1.modpara.rnd_seed);rng2 = create_seeded_rng(data2.modpara.rnd_seed);data.modpara.rnd_seed = 123456789;rng = seeded_rng(data.modpara.rnd_seed);data.modpara.rnd_seed = 123456789;rng = seeded_rng(data.modpara.rnd_seed);test_random_seed()	UNVERIFIED: individual Julia scenario not replayed against Rust; candidate gate is not evidence of equivalent assertions	#177/#180/#181
S037	testset	@testset "initialize_parameters! Tests" begin	MVMCExpertModeParsers.jl/test/test_parameter_initialization.jl:210	crates/mvmc-expert-parsers/src/types.rs::ExpertModeData; crates/mvmc-expert-parsers/src/types.rs::GutzwillerTerm; crates/mvmc-expert-parsers/src/types.rs::JastrowTerm; crates/mvmc-expert-parsers/src/types.rs::OrbitalTerm; crates/mvmc-expert-parsers/src/utils/parameter_init.rs::initialize_parameters	Optimization initialization; PhysCal consumes one init block on clone then restores fixed values; seed override optional	executable bounded production mapping; independent scenario replay unverified	Exact C SFMT draw/flag contract; complex mode inferred from enabled family declarations, not Julia-only ModPara override	Sampling/proposed moves/acceptance must remain exact; numerical comparisons only for computed values; no implicit rejection rollback claim	E0 scenario-to-production mapping; proposed gate only unless result names executed record	J=8bb1b9e8ae47b1512c00b321be05664ddcac0fd1; source SHA256=c2c46086c95a392e4b33ae1d5fd36fc270c605dafce2b3e88a1b19325dc427a6; C=extern/mVMC-1.3.0; independent expectation provenance must be read from named fixtures; no regeneration/run in documentation audit	cargo nextest run --locked --cargo-profile test-fast -p mvmc-expert-parsers --test c_orbital_initialization --test optimization_flags --no-fail-fast --retries 0	Testset scalar settings: data.modpara.complex_flag = 0; File-wide declarations (inherited where used): # Helper function to create a seeded SFMT RNG;function create_seeded_rng(seed::Int);Random.seed!(rng, seed);function seeded_rng(seed::Integer);Random.seed!(rng, seed);data.modpara.rnd_seed = 123456789;rng = seeded_rng(data.modpara.rnd_seed);data.modpara.rnd_seed = 123456789;rng = seeded_rng(data.modpara.rnd_seed);data.modpara.rnd_seed = 123456789;rng = seeded_rng(data.modpara.rnd_seed);data.modpara.rnd_seed = 123456789;rng = seeded_rng(data.modpara.rnd_seed);test_random_seed();Test that random seed works correctly.;function test_random_seed();# Test: Different seed should give different values;data1.modpara.rnd_seed = 123456789;data2.modpara.rnd_seed = 987654321 # Different seed;# Initialize with different seeds;rng1 = create_seeded_rng(data1.modpara.rnd_seed);rng2 = create_seeded_rng(data2.modpara.rnd_seed);data.modpara.rnd_seed = 123456789;rng = seeded_rng(data.modpara.rnd_seed);data.modpara.rnd_seed = 123456789;rng = seeded_rng(data.modpara.rnd_seed);test_random_seed()	UNVERIFIED: individual Julia scenario not replayed against Rust; candidate gate is not evidence of equivalent assertions	#177/#180/#181
S038	testset	@testset "Random Seed Tests" begin	MVMCExpertModeParsers.jl/test/test_parameter_initialization.jl:253	crates/mvmc-expert-parsers/src/types.rs::ExpertModeData; crates/mvmc-expert-parsers/src/types.rs::OrbitalTerm; crates/mvmc-expert-parsers/src/utils/parameter_init.rs::initialize_parameters	Optimization initialization; PhysCal consumes one init block on clone then restores fixed values; seed override optional	executable bounded production mapping; independent scenario replay unverified	Exact C SFMT draw/flag contract; complex mode inferred from enabled family declarations, not Julia-only ModPara override	Exact RNG/config/count/status/indices/flags and untouched copy tails; computed normalization/inverse values follow #190; no claimed full trajectory from snapshots	E0 scenario-to-production mapping; proposed gate only unless result names executed record	J=8bb1b9e8ae47b1512c00b321be05664ddcac0fd1; source SHA256=c2c46086c95a392e4b33ae1d5fd36fc270c605dafce2b3e88a1b19325dc427a6; C=extern/mVMC-1.3.0; independent expectation provenance must be read from named fixtures; no regeneration/run in documentation audit	cargo nextest run --locked --cargo-profile test-fast -p mvmc-expert-parsers --test c_orbital_initialization --test optimization_flags --no-fail-fast --retries 0	Testset scalar settings: data1.modpara.complex_flag = 0; data2.modpara.complex_flag = 0; File-wide declarations (inherited where used): # Helper function to create a seeded SFMT RNG;function create_seeded_rng(seed::Int);Random.seed!(rng, seed);function seeded_rng(seed::Integer);Random.seed!(rng, seed);data.modpara.rnd_seed = 123456789;rng = seeded_rng(data.modpara.rnd_seed);data.modpara.rnd_seed = 123456789;rng = seeded_rng(data.modpara.rnd_seed);data.modpara.rnd_seed = 123456789;rng = seeded_rng(data.modpara.rnd_seed);data.modpara.rnd_seed = 123456789;rng = seeded_rng(data.modpara.rnd_seed);test_random_seed();Test that random seed works correctly.;function test_random_seed();# Test: Different seed should give different values;data1.modpara.rnd_seed = 123456789;data2.modpara.rnd_seed = 987654321 # Different seed;# Initialize with different seeds;rng1 = create_seeded_rng(data1.modpara.rnd_seed);rng2 = create_seeded_rng(data2.modpara.rnd_seed);data.modpara.rnd_seed = 123456789;rng = seeded_rng(data.modpara.rnd_seed);data.modpara.rnd_seed = 123456789;rng = seeded_rng(data.modpara.rnd_seed);test_random_seed()	UNVERIFIED: individual Julia scenario not replayed against Rust; candidate gate is not evidence of equivalent assertions	#177/#180/#181
S039	testset	@testset "RBM Initialization Tests" begin	MVMCExpertModeParsers.jl/test/test_parameter_initialization.jl:304	crates/mvmc-expert-parsers/src/types.rs::ExpertModeData; crates/mvmc-expert-parsers/src/types.rs::ChargeRBMPhysLayerTerm; crates/mvmc-expert-parsers/src/types.rs::GutzwillerTerm; crates/mvmc-expert-parsers/src/types.rs::OrbitalTerm; crates/mvmc-expert-parsers/src/utils/parameter_init.rs::init_parameter	Optimization initialization; PhysCal consumes one init block on clone then restores fixed values; seed override optional	executable bounded production mapping; independent scenario replay unverified	Exact C SFMT draw/flag contract; complex mode inferred from enabled family declarations, not Julia-only ModPara override	Sampling/proposed moves/acceptance must remain exact; numerical comparisons only for computed values; no implicit rejection rollback claim	E0 scenario-to-production mapping; proposed gate only unless result names executed record	J=8bb1b9e8ae47b1512c00b321be05664ddcac0fd1; source SHA256=c2c46086c95a392e4b33ae1d5fd36fc270c605dafce2b3e88a1b19325dc427a6; C=extern/mVMC-1.3.0; independent expectation provenance must be read from named fixtures; no regeneration/run in documentation audit	cargo nextest run --locked --cargo-profile test-fast -p mvmc-expert-parsers --test c_orbital_initialization --test optimization_flags --no-fail-fast --retries 0	Testset scalar settings: data.modpara.complex_flag = 0; File-wide declarations (inherited where used): # Helper function to create a seeded SFMT RNG;function create_seeded_rng(seed::Int);Random.seed!(rng, seed);function seeded_rng(seed::Integer);Random.seed!(rng, seed);data.modpara.rnd_seed = 123456789;rng = seeded_rng(data.modpara.rnd_seed);data.modpara.rnd_seed = 123456789;rng = seeded_rng(data.modpara.rnd_seed);data.modpara.rnd_seed = 123456789;rng = seeded_rng(data.modpara.rnd_seed);data.modpara.rnd_seed = 123456789;rng = seeded_rng(data.modpara.rnd_seed);test_random_seed();Test that random seed works correctly.;function test_random_seed();# Test: Different seed should give different values;data1.modpara.rnd_seed = 123456789;data2.modpara.rnd_seed = 987654321 # Different seed;# Initialize with different seeds;rng1 = create_seeded_rng(data1.modpara.rnd_seed);rng2 = create_seeded_rng(data2.modpara.rnd_seed);data.modpara.rnd_seed = 123456789;rng = seeded_rng(data.modpara.rnd_seed);data.modpara.rnd_seed = 123456789;rng = seeded_rng(data.modpara.rnd_seed);test_random_seed()	UNVERIFIED: individual Julia scenario not replayed against Rust; candidate gate is not evidence of equivalent assertions	#177/#180/#181
S040	testset	@testset "Empty Orbital Terms Tests" begin	MVMCExpertModeParsers.jl/test/test_parameter_initialization.jl:346	crates/mvmc-expert-parsers/src/types.rs::ExpertModeData; crates/mvmc-expert-parsers/src/utils/parameter_init.rs::initialize_parameters; crates/mvmc-core/src/sync.rs::sync_modified_parameter_local	Optimization initialization; PhysCal consumes one init block on clone then restores fixed values; seed override optional	executable bounded production mapping; independent scenario replay unverified	Exact C SFMT draw/flag contract; complex mode inferred from enabled family declarations, not Julia-only ModPara override	Sampling/proposed moves/acceptance must remain exact; numerical comparisons only for computed values; no implicit rejection rollback claim	E0 scenario-to-production mapping; proposed gate only unless result names executed record	J=8bb1b9e8ae47b1512c00b321be05664ddcac0fd1; source SHA256=c2c46086c95a392e4b33ae1d5fd36fc270c605dafce2b3e88a1b19325dc427a6; C=extern/mVMC-1.3.0; independent expectation provenance must be read from named fixtures; no regeneration/run in documentation audit	cargo nextest run --locked --cargo-profile test-fast -p mvmc-expert-parsers --test c_orbital_initialization --test optimization_flags --no-fail-fast --retries 0	Testset scalar settings: data.modpara.complex_flag = 0; File-wide declarations (inherited where used): # Helper function to create a seeded SFMT RNG;function create_seeded_rng(seed::Int);Random.seed!(rng, seed);function seeded_rng(seed::Integer);Random.seed!(rng, seed);data.modpara.rnd_seed = 123456789;rng = seeded_rng(data.modpara.rnd_seed);data.modpara.rnd_seed = 123456789;rng = seeded_rng(data.modpara.rnd_seed);data.modpara.rnd_seed = 123456789;rng = seeded_rng(data.modpara.rnd_seed);data.modpara.rnd_seed = 123456789;rng = seeded_rng(data.modpara.rnd_seed);test_random_seed();Test that random seed works correctly.;function test_random_seed();# Test: Different seed should give different values;data1.modpara.rnd_seed = 123456789;data2.modpara.rnd_seed = 987654321 # Different seed;# Initialize with different seeds;rng1 = create_seeded_rng(data1.modpara.rnd_seed);rng2 = create_seeded_rng(data2.modpara.rnd_seed);data.modpara.rnd_seed = 123456789;rng = seeded_rng(data.modpara.rnd_seed);data.modpara.rnd_seed = 123456789;rng = seeded_rng(data.modpara.rnd_seed);test_random_seed()	UNVERIFIED: individual Julia scenario not replayed against Rust; candidate gate is not evidence of equivalent assertions	#177/#180/#181
S041	testset	@testset "Parameter Initialization Tests" begin	MVMCExpertModeParsers.jl/test/test_parameter_initialization.jl:374	crates/mvmc-expert-parsers/src/utils/parameter_init.rs::init_parameter	Optimization initialization; PhysCal consumes one init block on clone then restores fixed values; seed override optional	executable bounded production mapping; independent scenario replay unverified	Exact C SFMT draw/flag contract; complex mode inferred from enabled family declarations, not Julia-only ModPara override	Sampling/proposed moves/acceptance must remain exact; numerical comparisons only for computed values; no implicit rejection rollback claim	E0 scenario-to-production mapping; proposed gate only unless result names executed record	J=8bb1b9e8ae47b1512c00b321be05664ddcac0fd1; source SHA256=c2c46086c95a392e4b33ae1d5fd36fc270c605dafce2b3e88a1b19325dc427a6; C=extern/mVMC-1.3.0; independent expectation provenance must be read from named fixtures; no regeneration/run in documentation audit	cargo nextest run --locked --cargo-profile test-fast -p mvmc-expert-parsers --test c_orbital_initialization --test optimization_flags --no-fail-fast --retries 0	No local scalar override; inherited fixture/synthetic constructor arguments; File-wide declarations (inherited where used): # Helper function to create a seeded SFMT RNG;function create_seeded_rng(seed::Int);Random.seed!(rng, seed);function seeded_rng(seed::Integer);Random.seed!(rng, seed);data.modpara.rnd_seed = 123456789;rng = seeded_rng(data.modpara.rnd_seed);data.modpara.rnd_seed = 123456789;rng = seeded_rng(data.modpara.rnd_seed);data.modpara.rnd_seed = 123456789;rng = seeded_rng(data.modpara.rnd_seed);data.modpara.rnd_seed = 123456789;rng = seeded_rng(data.modpara.rnd_seed);test_random_seed();Test that random seed works correctly.;function test_random_seed();# Test: Different seed should give different values;data1.modpara.rnd_seed = 123456789;data2.modpara.rnd_seed = 987654321 # Different seed;# Initialize with different seeds;rng1 = create_seeded_rng(data1.modpara.rnd_seed);rng2 = create_seeded_rng(data2.modpara.rnd_seed);data.modpara.rnd_seed = 123456789;rng = seeded_rng(data.modpara.rnd_seed);data.modpara.rnd_seed = 123456789;rng = seeded_rng(data.modpara.rnd_seed);test_random_seed()	UNVERIFIED: individual Julia scenario not replayed against Rust; candidate gate is not evidence of equivalent assertions	#177/#180/#181
S042	testset	@testset "Parse Expert Mode Files Tests" begin	MVMCExpertModeParsers.jl/test/test_parse_expert_mode_files.jl:96	crates/mvmc-expert-parsers/src/lib.rs::parse_expert_mode_files	Expert namelist is parsed by mvmc CLI; no per-section CLI; strict C completeness before runner/output	executable bounded production mapping; independent scenario replay unverified	C readdef layout/counts/flags authoritative; Julia parser warnings/permissive recovery are not C support	Sampling/proposed moves/acceptance must remain exact; numerical comparisons only for computed values; no implicit rejection rollback claim	E0 scenario-to-production mapping; proposed gate only unless result names executed record	J=8bb1b9e8ae47b1512c00b321be05664ddcac0fd1; source SHA256=dcf0f3d8ed0a272e06696a32ec5e3e060b3acee153392144c6594b9cb662cc10; C=extern/mVMC-1.3.0; independent expectation provenance must be read from named fixtures; no regeneration/run in documentation audit	cargo nextest run --locked --cargo-profile test-fast -p mvmc-expert-parsers --no-fail-fast --retries 0	Testset scalar settings: @test parsed_data.modpara.nsite == expected.n_site; @test parsed_data.modpara.nelec == expected.n_elec; No file-wide stochastic settings	UNVERIFIED: individual Julia scenario not replayed against Rust; candidate gate is not evidence of equivalent assertions	#184/#178
S043	testset	@testset "Parse Expert Mode Files Tests" begin	MVMCExpertModeParsers.jl/test/test_parse_expert_mode_files.jl:204	crates/mvmc-expert-parsers/src/lib.rs::parse_expert_mode_files_with_c_opt_trans	Expert namelist is parsed by mvmc CLI; no per-section CLI; strict C completeness before runner/output	executable bounded production mapping; independent scenario replay unverified	C readdef layout/counts/flags authoritative; Julia parser warnings/permissive recovery are not C support	Sampling/proposed moves/acceptance must remain exact; numerical comparisons only for computed values; no implicit rejection rollback claim	E0 scenario-to-production mapping; proposed gate only unless result names executed record	J=8bb1b9e8ae47b1512c00b321be05664ddcac0fd1; source SHA256=dcf0f3d8ed0a272e06696a32ec5e3e060b3acee153392144c6594b9cb662cc10; C=extern/mVMC-1.3.0; independent expectation provenance must be read from named fixtures; no regeneration/run in documentation audit	cargo nextest run --locked --cargo-profile test-fast -p mvmc-expert-parsers --no-fail-fast --retries 0	No local scalar override; inherited fixture/synthetic constructor arguments; No file-wide stochastic settings	UNVERIFIED: individual Julia scenario not replayed against Rust; candidate gate is not evidence of equivalent assertions	#184/#178
S044	testset	@testset "ModPara Parser" begin	MVMCExpertModeParsers.jl/test/test_parsers.jl:12	crates/mvmc-expert-parsers/src/types.rs::ModParaParameters; crates/mvmc-expert-parsers/src/parsers/modpara.rs::parse_modpara_content	Expert namelist is parsed by mvmc CLI; no per-section CLI; strict C completeness before runner/output	executable bounded production mapping; independent scenario replay unverified	C readdef layout/counts/flags authoritative; Julia parser warnings/permissive recovery are not C support	Sampling/proposed moves/acceptance must remain exact; numerical comparisons only for computed values; no implicit rejection rollback claim	E0 scenario-to-production mapping; proposed gate only unless result names executed record	J=8bb1b9e8ae47b1512c00b321be05664ddcac0fd1; source SHA256=8336b21bca7627749e27c588e537e30c20ea4a6383733bae3e93a44461980185; C=extern/mVMC-1.3.0; independent expectation provenance must be read from named fixtures; no regeneration/run in documentation audit	cargo nextest run --locked --cargo-profile test-fast -p mvmc-expert-parsers --no-fail-fast --retries 0	Testset scalar settings: params = ModParaParameters(nsite = 4, nelec = 2, nlocspin = 0); @test params.nsite == 4; @test params.nelec == 2; @test defaults.nsrcg == 0; NStore = 0; @test result.data.nsite == 4; @test result.data.nelec == 2; @test result.data.nsrcg == 1; File-wide declarations (inherited where used): @test defaults.nsrcg == 0;@test defaults.nstore_o == 1;LanczosMode = 0;NStore = 0;@test result.data.nstore_o == 0;@test result.data.nsrcg == 1	UNVERIFIED: individual Julia scenario not replayed against Rust; candidate gate is not evidence of equivalent assertions	#184/#178
S045	testset	@testset "Transfer Parser" begin	MVMCExpertModeParsers.jl/test/test_parsers.jl:53	crates/mvmc-expert-parsers/src/types.rs::TransferTerm; crates/mvmc-expert-parsers/src/parsers/trans.rs::parse_trans_content	Expert namelist is parsed by mvmc CLI; no per-section CLI; strict C completeness before runner/output	executable bounded production mapping; independent scenario replay unverified	C readdef layout/counts/flags authoritative; Julia parser warnings/permissive recovery are not C support	Sampling/proposed moves/acceptance must remain exact; numerical comparisons only for computed values; no implicit rejection rollback claim	E0 scenario-to-production mapping; proposed gate only unless result names executed record	J=8bb1b9e8ae47b1512c00b321be05664ddcac0fd1; source SHA256=8336b21bca7627749e27c588e537e30c20ea4a6383733bae3e93a44461980185; C=extern/mVMC-1.3.0; independent expectation provenance must be read from named fixtures; no regeneration/run in documentation audit	cargo nextest run --locked --cargo-profile test-fast -p mvmc-expert-parsers --no-fail-fast --retries 0	No local scalar override; inherited fixture/synthetic constructor arguments; File-wide declarations (inherited where used): @test defaults.nsrcg == 0;@test defaults.nstore_o == 1;LanczosMode = 0;NStore = 0;@test result.data.nstore_o == 0;@test result.data.nsrcg == 1	UNVERIFIED: individual Julia scenario not replayed against Rust; candidate gate is not evidence of equivalent assertions	#184/#178
S046	testset	@testset "Coulomb Parser" begin	MVMCExpertModeParsers.jl/test/test_parsers.jl:80	crates/mvmc-expert-parsers/src/types.rs::CoulombIntraTerm; crates/mvmc-expert-parsers/src/parsers/coulomb.rs::parse_coulomb_intra_content	Expert namelist is parsed by mvmc CLI; no per-section CLI; strict C completeness before runner/output	executable bounded production mapping; independent scenario replay unverified	C readdef layout/counts/flags authoritative; Julia parser warnings/permissive recovery are not C support	Sampling/proposed moves/acceptance must remain exact; numerical comparisons only for computed values; no implicit rejection rollback claim	E0 scenario-to-production mapping; proposed gate only unless result names executed record	J=8bb1b9e8ae47b1512c00b321be05664ddcac0fd1; source SHA256=8336b21bca7627749e27c588e537e30c20ea4a6383733bae3e93a44461980185; C=extern/mVMC-1.3.0; independent expectation provenance must be read from named fixtures; no regeneration/run in documentation audit	cargo nextest run --locked --cargo-profile test-fast -p mvmc-expert-parsers --no-fail-fast --retries 0	No local scalar override; inherited fixture/synthetic constructor arguments; File-wide declarations (inherited where used): @test defaults.nsrcg == 0;@test defaults.nstore_o == 1;LanczosMode = 0;NStore = 0;@test result.data.nstore_o == 0;@test result.data.nsrcg == 1	UNVERIFIED: individual Julia scenario not replayed against Rust; candidate gate is not evidence of equivalent assertions	#184/#178
S047	testset	@testset "PairHop Parser" begin	MVMCExpertModeParsers.jl/test/test_parsers.jl:99	crates/mvmc-expert-parsers/src/types.rs::PairHopTerm; crates/mvmc-expert-parsers/src/parsers/pairhop.rs::parse_pairhop_content	Expert namelist is parsed by mvmc CLI; no per-section CLI; strict C completeness before runner/output	executable bounded production mapping; independent scenario replay unverified	C readdef layout/counts/flags authoritative; Julia parser warnings/permissive recovery are not C support	Sampling/proposed moves/acceptance must remain exact; numerical comparisons only for computed values; no implicit rejection rollback claim	E0 scenario-to-production mapping; proposed gate only unless result names executed record	J=8bb1b9e8ae47b1512c00b321be05664ddcac0fd1; source SHA256=8336b21bca7627749e27c588e537e30c20ea4a6383733bae3e93a44461980185; C=extern/mVMC-1.3.0; independent expectation provenance must be read from named fixtures; no regeneration/run in documentation audit	cargo nextest run --locked --cargo-profile test-fast -p mvmc-expert-parsers --no-fail-fast --retries 0	No local scalar override; inherited fixture/synthetic constructor arguments; File-wide declarations (inherited where used): @test defaults.nsrcg == 0;@test defaults.nstore_o == 1;LanczosMode = 0;NStore = 0;@test result.data.nstore_o == 0;@test result.data.nsrcg == 1	UNVERIFIED: individual Julia scenario not replayed against Rust; candidate gate is not evidence of equivalent assertions	#184/#178
S048	testset	@testset "Gutzwiller Parser" begin	MVMCExpertModeParsers.jl/test/test_parsers.jl:146	crates/mvmc-expert-parsers/src/types.rs::GutzwillerTerm; crates/mvmc-expert-parsers/src/parsers/gutzwiller.rs::parse_gutzwiller_content	Expert namelist is parsed by mvmc CLI; no per-section CLI; strict C completeness before runner/output	executable bounded production mapping; independent scenario replay unverified	C readdef layout/counts/flags authoritative; Julia parser warnings/permissive recovery are not C support; C full site mapping/declared width and signed flags differ from historical permissive Julia examples	Sampling/proposed moves/acceptance must remain exact; numerical comparisons only for computed values; no implicit rejection rollback claim	E0 scenario-to-production mapping; proposed gate only unless result names executed record	J=8bb1b9e8ae47b1512c00b321be05664ddcac0fd1; source SHA256=8336b21bca7627749e27c588e537e30c20ea4a6383733bae3e93a44461980185; C=extern/mVMC-1.3.0; independent expectation provenance must be read from named fixtures; no regeneration/run in documentation audit	cargo nextest run --locked --cargo-profile test-fast -p mvmc-expert-parsers --no-fail-fast --retries 0	No local scalar override; inherited fixture/synthetic constructor arguments; File-wide declarations (inherited where used): @test defaults.nsrcg == 0;@test defaults.nstore_o == 1;LanczosMode = 0;NStore = 0;@test result.data.nstore_o == 0;@test result.data.nsrcg == 1	UNVERIFIED: individual Julia scenario not replayed against Rust; candidate gate is not evidence of equivalent assertions	#184/#178
S049	testset	@testset "Jastrow Parser" begin	MVMCExpertModeParsers.jl/test/test_parsers.jl:166	crates/mvmc-expert-parsers/src/types.rs::JastrowTerm; crates/mvmc-expert-parsers/src/parsers/jastrow.rs::parse_jastrow_content	Expert namelist is parsed by mvmc CLI; no per-section CLI; strict C completeness before runner/output	executable bounded production mapping; independent scenario replay unverified	C readdef layout/counts/flags authoritative; Julia parser warnings/permissive recovery are not C support; C full site mapping/declared width and signed flags differ from historical permissive Julia examples	Sampling/proposed moves/acceptance must remain exact; numerical comparisons only for computed values; no implicit rejection rollback claim	E0 scenario-to-production mapping; proposed gate only unless result names executed record	J=8bb1b9e8ae47b1512c00b321be05664ddcac0fd1; source SHA256=8336b21bca7627749e27c588e537e30c20ea4a6383733bae3e93a44461980185; C=extern/mVMC-1.3.0; independent expectation provenance must be read from named fixtures; no regeneration/run in documentation audit	cargo nextest run --locked --cargo-profile test-fast -p mvmc-expert-parsers --no-fail-fast --retries 0	No local scalar override; inherited fixture/synthetic constructor arguments; File-wide declarations (inherited where used): @test defaults.nsrcg == 0;@test defaults.nstore_o == 1;LanczosMode = 0;NStore = 0;@test result.data.nstore_o == 0;@test result.data.nsrcg == 1	UNVERIFIED: individual Julia scenario not replayed against Rust; candidate gate is not evidence of equivalent assertions	#184/#178
S050	testset	@testset "Orbital Parser" begin	MVMCExpertModeParsers.jl/test/test_parsers.jl:187	crates/mvmc-expert-parsers/src/types.rs::OrbitalTerm; crates/mvmc-expert-parsers/src/parsers/orbital.rs::parse_orbital_content	Expert namelist is parsed by mvmc CLI; no per-section CLI; strict C completeness before runner/output	executable bounded production mapping; independent scenario replay unverified	C readdef layout/counts/flags authoritative; Julia parser warnings/permissive recovery are not C support; C full site mapping/declared width and signed flags differ from historical permissive Julia examples	Sampling/proposed moves/acceptance must remain exact; numerical comparisons only for computed values; no implicit rejection rollback claim	E0 scenario-to-production mapping; proposed gate only unless result names executed record	J=8bb1b9e8ae47b1512c00b321be05664ddcac0fd1; source SHA256=8336b21bca7627749e27c588e537e30c20ea4a6383733bae3e93a44461980185; C=extern/mVMC-1.3.0; independent expectation provenance must be read from named fixtures; no regeneration/run in documentation audit	cargo nextest run --locked --cargo-profile test-fast -p mvmc-expert-parsers --no-fail-fast --retries 0	No local scalar override; inherited fixture/synthetic constructor arguments; File-wide declarations (inherited where used): @test defaults.nsrcg == 0;@test defaults.nstore_o == 1;LanczosMode = 0;NStore = 0;@test result.data.nstore_o == 0;@test result.data.nsrcg == 1	UNVERIFIED: individual Julia scenario not replayed against Rust; candidate gate is not evidence of equivalent assertions	#184/#178
S051	testset	@testset "Gauss-Legendre Quadrature Tests" begin	MVMCExpertModeParsers.jl/test/test_qp_weight.jl:20	crates/mvmc-expert-parsers/src/utils/qp_weight.rs::gauss_legendre	Via both runners; --opt-trans opt-in C default; grouped OptTrans multi-sector rejected	executable bounded production mapping; independent scenario replay unverified	C quadrature/sign/momentum and OptTrans activation; numerical #190, discrete sectors exact	Sampling/proposed moves/acceptance must remain exact; numerical comparisons only for computed values; no implicit rejection rollback claim	E0 scenario-to-production mapping; proposed gate only unless result names executed record	J=8bb1b9e8ae47b1512c00b321be05664ddcac0fd1; source SHA256=e1d1dc374df410a5c6bb1fc5a4819be9aeb4227e67611b5b87b0504d8016d8f9; C=extern/mVMC-1.3.0; independent expectation provenance must be read from named fixtures; no regeneration/run in documentation audit	cargo nextest run --locked --cargo-profile test-fast -p mvmc-core --test opttrans --no-fail-fast --retries 0	No local scalar override; inherited fixture/synthetic constructor arguments; File-wide declarations (inherited where used): data.modpara.nsp_gauss_leg = 4;data.modpara.nmp_trans = 1;test_init_qp_weight_nsp_gauss_leg_1();function test_init_qp_weight_nsp_gauss_leg_1();data.modpara.nsp_gauss_leg = 1;data.modpara.nmp_trans = 2;data.modpara.nsp_gauss_leg = 1;data.modpara.nmp_trans = 2;data.modpara.nsp_gauss_leg = 4;data.modpara.nmp_trans = 1;test_init_qp_weight_nsp_gauss_leg_1()	UNVERIFIED: individual Julia scenario not replayed against Rust; candidate gate is not evidence of equivalent assertions	#178/#180/#181
S052	testset	@testset "Legendre Polynomial Tests" begin	MVMCExpertModeParsers.jl/test/test_qp_weight.jl:51	crates/mvmc-expert-parsers/src/utils/qp_weight.rs::legendre_poly	Via both runners; --opt-trans opt-in C default; grouped OptTrans multi-sector rejected	executable bounded production mapping; independent scenario replay unverified	C quadrature/sign/momentum and OptTrans activation; numerical #190, discrete sectors exact	Sampling/proposed moves/acceptance must remain exact; numerical comparisons only for computed values; no implicit rejection rollback claim	E0 scenario-to-production mapping; proposed gate only unless result names executed record	J=8bb1b9e8ae47b1512c00b321be05664ddcac0fd1; source SHA256=e1d1dc374df410a5c6bb1fc5a4819be9aeb4227e67611b5b87b0504d8016d8f9; C=extern/mVMC-1.3.0; independent expectation provenance must be read from named fixtures; no regeneration/run in documentation audit	cargo nextest run --locked --cargo-profile test-fast -p mvmc-core --test opttrans --no-fail-fast --retries 0	No local scalar override; inherited fixture/synthetic constructor arguments; File-wide declarations (inherited where used): data.modpara.nsp_gauss_leg = 4;data.modpara.nmp_trans = 1;test_init_qp_weight_nsp_gauss_leg_1();function test_init_qp_weight_nsp_gauss_leg_1();data.modpara.nsp_gauss_leg = 1;data.modpara.nmp_trans = 2;data.modpara.nsp_gauss_leg = 1;data.modpara.nmp_trans = 2;data.modpara.nsp_gauss_leg = 4;data.modpara.nmp_trans = 1;test_init_qp_weight_nsp_gauss_leg_1()	UNVERIFIED: individual Julia scenario not replayed against Rust; candidate gate is not evidence of equivalent assertions	#178/#180/#181
S053	testset	@testset "Basic init_qp_weight! Tests" begin	MVMCExpertModeParsers.jl/test/test_qp_weight.jl:75	crates/mvmc-expert-parsers/src/types.rs::ExpertModeData; crates/mvmc-expert-parsers/src/utils/qp_weight.rs::init_qp_weight_inplace; crates/mvmc-expert-parsers/src/utils/qp_weight.rs::init_qp_weight	Via both runners; --opt-trans opt-in C default; grouped OptTrans multi-sector rejected	executable bounded production mapping; independent scenario replay unverified	C quadrature/sign/momentum and OptTrans activation; numerical #190, discrete sectors exact	Sampling/proposed moves/acceptance must remain exact; numerical comparisons only for computed values; no implicit rejection rollback claim	E0 scenario-to-production mapping; proposed gate only unless result names executed record	J=8bb1b9e8ae47b1512c00b321be05664ddcac0fd1; source SHA256=e1d1dc374df410a5c6bb1fc5a4819be9aeb4227e67611b5b87b0504d8016d8f9; C=extern/mVMC-1.3.0; independent expectation provenance must be read from named fixtures; no regeneration/run in documentation audit	cargo nextest run --locked --cargo-profile test-fast -p mvmc-core --test opttrans --no-fail-fast --retries 0	Testset scalar settings: data.modpara.nsp_gauss_leg = 4; data.modpara.nmp_trans = 1; File-wide declarations (inherited where used): data.modpara.nsp_gauss_leg = 4;data.modpara.nmp_trans = 1;test_init_qp_weight_nsp_gauss_leg_1();function test_init_qp_weight_nsp_gauss_leg_1();data.modpara.nsp_gauss_leg = 1;data.modpara.nmp_trans = 2;data.modpara.nsp_gauss_leg = 1;data.modpara.nmp_trans = 2;data.modpara.nsp_gauss_leg = 4;data.modpara.nmp_trans = 1;test_init_qp_weight_nsp_gauss_leg_1()	UNVERIFIED: individual Julia scenario not replayed against Rust; candidate gate is not evidence of equivalent assertions	#178/#180/#181
S054	testset	@testset "init_qp_weight! NSPGaussLeg=1 Tests" begin	MVMCExpertModeParsers.jl/test/test_qp_weight.jl:101	crates/mvmc-expert-parsers/src/types.rs::ExpertModeData; crates/mvmc-expert-parsers/src/utils/qp_weight.rs::init_qp_weight_inplace; crates/mvmc-expert-parsers/src/utils/qp_weight.rs::init_qp_weight	Via both runners; --opt-trans opt-in C default; grouped OptTrans multi-sector rejected	executable bounded production mapping; independent scenario replay unverified	C quadrature/sign/momentum and OptTrans activation; numerical #190, discrete sectors exact	Sampling/proposed moves/acceptance must remain exact; numerical comparisons only for computed values; no implicit rejection rollback claim	E0 scenario-to-production mapping; proposed gate only unless result names executed record	J=8bb1b9e8ae47b1512c00b321be05664ddcac0fd1; source SHA256=e1d1dc374df410a5c6bb1fc5a4819be9aeb4227e67611b5b87b0504d8016d8f9; C=extern/mVMC-1.3.0; independent expectation provenance must be read from named fixtures; no regeneration/run in documentation audit	cargo nextest run --locked --cargo-profile test-fast -p mvmc-core --test opttrans --no-fail-fast --retries 0	Testset scalar settings: data.modpara.nsp_gauss_leg = 1; data.modpara.nmp_trans = 2; File-wide declarations (inherited where used): data.modpara.nsp_gauss_leg = 4;data.modpara.nmp_trans = 1;test_init_qp_weight_nsp_gauss_leg_1();function test_init_qp_weight_nsp_gauss_leg_1();data.modpara.nsp_gauss_leg = 1;data.modpara.nmp_trans = 2;data.modpara.nsp_gauss_leg = 1;data.modpara.nmp_trans = 2;data.modpara.nsp_gauss_leg = 4;data.modpara.nmp_trans = 1;test_init_qp_weight_nsp_gauss_leg_1()	UNVERIFIED: individual Julia scenario not replayed against Rust; candidate gate is not evidence of equivalent assertions	#178/#180/#181
S055	testset	@testset "init_qp_weight! uses ExpertModeData.opt_trans" begin	MVMCExpertModeParsers.jl/test/test_qp_weight.jl:120	crates/mvmc-expert-parsers/src/types.rs::ExpertModeData; crates/mvmc-expert-parsers/src/utils/qp_weight.rs::init_qp_weight_inplace; crates/mvmc-expert-parsers/src/utils/qp_weight.rs::init_qp_weight	Via both runners; --opt-trans opt-in C default; grouped OptTrans multi-sector rejected	executable bounded production mapping; independent scenario replay unverified	C quadrature/sign/momentum and OptTrans activation; numerical #190, discrete sectors exact	Sampling/proposed moves/acceptance must remain exact; numerical comparisons only for computed values; no implicit rejection rollback claim	E0 scenario-to-production mapping; proposed gate only unless result names executed record	J=8bb1b9e8ae47b1512c00b321be05664ddcac0fd1; source SHA256=e1d1dc374df410a5c6bb1fc5a4819be9aeb4227e67611b5b87b0504d8016d8f9; C=extern/mVMC-1.3.0; independent expectation provenance must be read from named fixtures; no regeneration/run in documentation audit	cargo nextest run --locked --cargo-profile test-fast -p mvmc-core --test opttrans --no-fail-fast --retries 0	Testset scalar settings: data.modpara.nsp_gauss_leg = 1; data.modpara.nmp_trans = 2; File-wide declarations (inherited where used): data.modpara.nsp_gauss_leg = 4;data.modpara.nmp_trans = 1;test_init_qp_weight_nsp_gauss_leg_1();function test_init_qp_weight_nsp_gauss_leg_1();data.modpara.nsp_gauss_leg = 1;data.modpara.nmp_trans = 2;data.modpara.nsp_gauss_leg = 1;data.modpara.nmp_trans = 2;data.modpara.nsp_gauss_leg = 4;data.modpara.nmp_trans = 1;test_init_qp_weight_nsp_gauss_leg_1()	UNVERIFIED: individual Julia scenario not replayed against Rust; candidate gate is not evidence of equivalent assertions	#178/#180/#181
S056	testset	@testset "update_qp_weight! Tests" begin	MVMCExpertModeParsers.jl/test/test_qp_weight.jl:146	crates/mvmc-expert-parsers/src/types.rs::QuantumProjectionWeights; crates/mvmc-expert-parsers/src/utils/qp_weight.rs::update_qp_weight	Via both runners; --opt-trans opt-in C default; grouped OptTrans multi-sector rejected	executable bounded production mapping; independent scenario replay unverified	C quadrature/sign/momentum and OptTrans activation; numerical #190, discrete sectors exact	Sampling/proposed moves/acceptance must remain exact; numerical comparisons only for computed values; no implicit rejection rollback claim	E0 scenario-to-production mapping; proposed gate only unless result names executed record	J=8bb1b9e8ae47b1512c00b321be05664ddcac0fd1; source SHA256=e1d1dc374df410a5c6bb1fc5a4819be9aeb4227e67611b5b87b0504d8016d8f9; C=extern/mVMC-1.3.0; independent expectation provenance must be read from named fixtures; no regeneration/run in documentation audit	cargo nextest run --locked --cargo-profile test-fast -p mvmc-core --test opttrans --no-fail-fast --retries 0	No local scalar override; inherited fixture/synthetic constructor arguments; File-wide declarations (inherited where used): data.modpara.nsp_gauss_leg = 4;data.modpara.nmp_trans = 1;test_init_qp_weight_nsp_gauss_leg_1();function test_init_qp_weight_nsp_gauss_leg_1();data.modpara.nsp_gauss_leg = 1;data.modpara.nmp_trans = 2;data.modpara.nsp_gauss_leg = 1;data.modpara.nmp_trans = 2;data.modpara.nsp_gauss_leg = 4;data.modpara.nmp_trans = 1;test_init_qp_weight_nsp_gauss_leg_1()	UNVERIFIED: individual Julia scenario not replayed against Rust; candidate gate is not evidence of equivalent assertions	#178/#180/#181
S057	testset	@testset "Trigonometric Values Tests" begin	MVMCExpertModeParsers.jl/test/test_qp_weight.jl:174	crates/mvmc-expert-parsers/src/types.rs::ExpertModeData; crates/mvmc-expert-parsers/src/utils/qp_weight.rs::init_qp_weight_inplace; crates/mvmc-expert-parsers/src/utils/qp_weight.rs::init_qp_weight	Via both runners; --opt-trans opt-in C default; grouped OptTrans multi-sector rejected	executable bounded production mapping; independent scenario replay unverified	C quadrature/sign/momentum and OptTrans activation; numerical #190, discrete sectors exact	Sampling/proposed moves/acceptance must remain exact; numerical comparisons only for computed values; no implicit rejection rollback claim	E0 scenario-to-production mapping; proposed gate only unless result names executed record	J=8bb1b9e8ae47b1512c00b321be05664ddcac0fd1; source SHA256=e1d1dc374df410a5c6bb1fc5a4819be9aeb4227e67611b5b87b0504d8016d8f9; C=extern/mVMC-1.3.0; independent expectation provenance must be read from named fixtures; no regeneration/run in documentation audit	cargo nextest run --locked --cargo-profile test-fast -p mvmc-core --test opttrans --no-fail-fast --retries 0	Testset scalar settings: data.modpara.nsp_gauss_leg = 4; data.modpara.nmp_trans = 1; File-wide declarations (inherited where used): data.modpara.nsp_gauss_leg = 4;data.modpara.nmp_trans = 1;test_init_qp_weight_nsp_gauss_leg_1();function test_init_qp_weight_nsp_gauss_leg_1();data.modpara.nsp_gauss_leg = 1;data.modpara.nmp_trans = 2;data.modpara.nsp_gauss_leg = 1;data.modpara.nmp_trans = 2;data.modpara.nsp_gauss_leg = 4;data.modpara.nmp_trans = 1;test_init_qp_weight_nsp_gauss_leg_1()	UNVERIFIED: individual Julia scenario not replayed against Rust; candidate gate is not evidence of equivalent assertions	#178/#180/#181
S058	testset	@testset "Quantum Projection Weight Tests" begin	MVMCExpertModeParsers.jl/test/test_qp_weight.jl:204	crates/mvmc-expert-parsers/src/utils/qp_weight.rs::init_qp_weight_inplace	Via both runners; --opt-trans opt-in C default; grouped OptTrans multi-sector rejected	executable bounded production mapping; independent scenario replay unverified	C quadrature/sign/momentum and OptTrans activation; numerical #190, discrete sectors exact	Sampling/proposed moves/acceptance must remain exact; numerical comparisons only for computed values; no implicit rejection rollback claim	E0 scenario-to-production mapping; proposed gate only unless result names executed record	J=8bb1b9e8ae47b1512c00b321be05664ddcac0fd1; source SHA256=e1d1dc374df410a5c6bb1fc5a4819be9aeb4227e67611b5b87b0504d8016d8f9; C=extern/mVMC-1.3.0; independent expectation provenance must be read from named fixtures; no regeneration/run in documentation audit	cargo nextest run --locked --cargo-profile test-fast -p mvmc-core --test opttrans --no-fail-fast --retries 0	No local scalar override; inherited fixture/synthetic constructor arguments; File-wide declarations (inherited where used): data.modpara.nsp_gauss_leg = 4;data.modpara.nmp_trans = 1;test_init_qp_weight_nsp_gauss_leg_1();function test_init_qp_weight_nsp_gauss_leg_1();data.modpara.nsp_gauss_leg = 1;data.modpara.nmp_trans = 2;data.modpara.nsp_gauss_leg = 1;data.modpara.nmp_trans = 2;data.modpara.nsp_gauss_leg = 4;data.modpara.nmp_trans = 1;test_init_qp_weight_nsp_gauss_leg_1()	UNVERIFIED: individual Julia scenario not replayed against Rust; candidate gate is not evidence of equivalent assertions	#178/#180/#181
S059	testset	@testset "Basic read_input_parameters! Tests" begin	MVMCExpertModeParsers.jl/test/test_read_input_parameters.jl:32	crates/mvmc-expert-parsers/src/types.rs::ExpertModeData; crates/mvmc-expert-parsers/src/types.rs::GutzwillerTerm; crates/mvmc-expert-parsers/src/types.rs::JastrowTerm; crates/mvmc-expert-parsers/src/types.rs::OrbitalTerm; crates/mvmc-expert-parsers/src/utils/read_input_parameters.rs::read_input_parameters	Runner initialization/SR; initial.def auto|none|path; --physcal fixed record plus explicit In overlays	executable bounded production mapping; independent scenario replay unverified	C declared parameter slots + post-SR gauge shifts; PhysCal disables correlation shifts; Julia inferred layouts/normalization may differ	Sampling/proposed moves/acceptance must remain exact; numerical comparisons only for computed values; no implicit rejection rollback claim	E0 scenario-to-production mapping; proposed gate only unless result names executed record	J=8bb1b9e8ae47b1512c00b321be05664ddcac0fd1; source SHA256=e807528afdf1bd94abd7b830fd7cb01cfa4fa2c1b935676ea5e816c92a42ef40; C=extern/mVMC-1.3.0; independent expectation provenance must be read from named fixtures; no regeneration/run in documentation audit	cargo nextest run --locked --cargo-profile test-fast -p mvmc-core --test initial_params --no-fail-fast --retries 0	No local scalar override; inherited fixture/synthetic constructor arguments; File-wide declarations (inherited where used): data.modpara = ModParaParameters(nsite = 2, nmp_trans = 1)	UNVERIFIED: individual Julia scenario not replayed against Rust; candidate gate is not evidence of equivalent assertions	#180/#181/#184
S060	testset	@testset "read_input_parameters! Orbital Tests" begin	MVMCExpertModeParsers.jl/test/test_read_input_parameters.jl:86	crates/mvmc-expert-parsers/src/types.rs::ExpertModeData; crates/mvmc-expert-parsers/src/types.rs::OrbitalTerm; crates/mvmc-expert-parsers/src/utils/read_input_parameters.rs::read_input_parameters	Runner initialization/SR; initial.def auto|none|path; --physcal fixed record plus explicit In overlays	executable bounded production mapping; independent scenario replay unverified	C declared parameter slots + post-SR gauge shifts; PhysCal disables correlation shifts; Julia inferred layouts/normalization may differ	Sampling/proposed moves/acceptance must remain exact; numerical comparisons only for computed values; no implicit rejection rollback claim	E0 scenario-to-production mapping; proposed gate only unless result names executed record	J=8bb1b9e8ae47b1512c00b321be05664ddcac0fd1; source SHA256=e807528afdf1bd94abd7b830fd7cb01cfa4fa2c1b935676ea5e816c92a42ef40; C=extern/mVMC-1.3.0; independent expectation provenance must be read from named fixtures; no regeneration/run in documentation audit	cargo nextest run --locked --cargo-profile test-fast -p mvmc-core --test initial_params --no-fail-fast --retries 0	No local scalar override; inherited fixture/synthetic constructor arguments; File-wide declarations (inherited where used): data.modpara = ModParaParameters(nsite = 2, nmp_trans = 1)	UNVERIFIED: individual Julia scenario not replayed against Rust; candidate gate is not evidence of equivalent assertions	#180/#181/#184
S061	testset	@testset "read_input_parameters! Orbital overlays by parameter idx" begin	MVMCExpertModeParsers.jl/test/test_read_input_parameters.jl:130	crates/mvmc-expert-parsers/src/types.rs::ExpertModeData; crates/mvmc-expert-parsers/src/types.rs::OrbitalTerm; crates/mvmc-expert-parsers/src/utils/read_input_parameters.rs::read_input_parameters	Runner initialization/SR; initial.def auto|none|path; --physcal fixed record plus explicit In overlays	executable bounded production mapping; independent scenario replay unverified	C declared parameter slots + post-SR gauge shifts; PhysCal disables correlation shifts; Julia inferred layouts/normalization may differ	Sampling/proposed moves/acceptance must remain exact; numerical comparisons only for computed values; no implicit rejection rollback claim	E0 scenario-to-production mapping; proposed gate only unless result names executed record	J=8bb1b9e8ae47b1512c00b321be05664ddcac0fd1; source SHA256=e807528afdf1bd94abd7b830fd7cb01cfa4fa2c1b935676ea5e816c92a42ef40; C=extern/mVMC-1.3.0; independent expectation provenance must be read from named fixtures; no regeneration/run in documentation audit	cargo nextest run --locked --cargo-profile test-fast -p mvmc-core --test initial_params --no-fail-fast --retries 0	No local scalar override; inherited fixture/synthetic constructor arguments; File-wide declarations (inherited where used): data.modpara = ModParaParameters(nsite = 2, nmp_trans = 1)	UNVERIFIED: individual Julia scenario not replayed against Rust; candidate gate is not evidence of equivalent assertions	#180/#181/#184
S062	testset	@testset "read_input_parameters! OrbitalGeneral overlays by parameter idx" begin	MVMCExpertModeParsers.jl/test/test_read_input_parameters.jl:160	crates/mvmc-expert-parsers/src/types.rs::ExpertModeData; crates/mvmc-expert-parsers/src/types.rs::OrbitalTerm; crates/mvmc-expert-parsers/src/utils/read_input_parameters.rs::read_input_parameters	Runner initialization/SR; initial.def auto|none|path; --physcal fixed record plus explicit In overlays	executable bounded production mapping; independent scenario replay unverified	C declared parameter slots + post-SR gauge shifts; PhysCal disables correlation shifts; Julia inferred layouts/normalization may differ	Sampling/proposed moves/acceptance must remain exact; numerical comparisons only for computed values; no implicit rejection rollback claim	E0 scenario-to-production mapping; proposed gate only unless result names executed record	J=8bb1b9e8ae47b1512c00b321be05664ddcac0fd1; source SHA256=e807528afdf1bd94abd7b830fd7cb01cfa4fa2c1b935676ea5e816c92a42ef40; C=extern/mVMC-1.3.0; independent expectation provenance must be read from named fixtures; no regeneration/run in documentation audit	cargo nextest run --locked --cargo-profile test-fast -p mvmc-core --test initial_params --no-fail-fast --retries 0	No local scalar override; inherited fixture/synthetic constructor arguments; File-wide declarations (inherited where used): data.modpara = ModParaParameters(nsite = 2, nmp_trans = 1)	UNVERIFIED: individual Julia scenario not replayed against Rust; candidate gate is not evidence of equivalent assertions	#180/#181/#184
S063	testset	@testset "read_input_parameters! Complex Tests" begin	MVMCExpertModeParsers.jl/test/test_read_input_parameters.jl:195	crates/mvmc-expert-parsers/src/types.rs::ExpertModeData; crates/mvmc-expert-parsers/src/types.rs::GutzwillerTerm; crates/mvmc-expert-parsers/src/utils/read_input_parameters.rs::read_input_parameters	Runner initialization/SR; initial.def auto|none|path; --physcal fixed record plus explicit In overlays	executable bounded production mapping; independent scenario replay unverified	C declared parameter slots + post-SR gauge shifts; PhysCal disables correlation shifts; Julia inferred layouts/normalization may differ	Sampling/proposed moves/acceptance must remain exact; numerical comparisons only for computed values; no implicit rejection rollback claim	E0 scenario-to-production mapping; proposed gate only unless result names executed record	J=8bb1b9e8ae47b1512c00b321be05664ddcac0fd1; source SHA256=e807528afdf1bd94abd7b830fd7cb01cfa4fa2c1b935676ea5e816c92a42ef40; C=extern/mVMC-1.3.0; independent expectation provenance must be read from named fixtures; no regeneration/run in documentation audit	cargo nextest run --locked --cargo-profile test-fast -p mvmc-core --test initial_params --no-fail-fast --retries 0	No local scalar override; inherited fixture/synthetic constructor arguments; File-wide declarations (inherited where used): data.modpara = ModParaParameters(nsite = 2, nmp_trans = 1)	UNVERIFIED: individual Julia scenario not replayed against Rust; candidate gate is not evidence of equivalent assertions	#180/#181/#184
S064	testset	@testset "read_input_parameters! Missing File Tests" begin	MVMCExpertModeParsers.jl/test/test_read_input_parameters.jl:232	crates/mvmc-expert-parsers/src/types.rs::ExpertModeData; crates/mvmc-expert-parsers/src/types.rs::GutzwillerTerm; crates/mvmc-expert-parsers/src/utils/read_input_parameters.rs::read_input_parameters	Runner initialization/SR; initial.def auto|none|path; --physcal fixed record plus explicit In overlays	executable bounded production mapping; independent scenario replay unverified	C declared parameter slots + post-SR gauge shifts; PhysCal disables correlation shifts; Julia inferred layouts/normalization may differ	Validation/load failure before init/output unless title targets callback/output/SR; state/RNG/files boundary must be asserted by candidate gate; current collective callbacks fail after completed sample, not rollback	E0 scenario-to-production mapping; proposed gate only unless result names executed record	J=8bb1b9e8ae47b1512c00b321be05664ddcac0fd1; source SHA256=e807528afdf1bd94abd7b830fd7cb01cfa4fa2c1b935676ea5e816c92a42ef40; C=extern/mVMC-1.3.0; independent expectation provenance must be read from named fixtures; no regeneration/run in documentation audit	cargo nextest run --locked --cargo-profile test-fast -p mvmc-core --test initial_params --no-fail-fast --retries 0	No local scalar override; inherited fixture/synthetic constructor arguments; File-wide declarations (inherited where used): data.modpara = ModParaParameters(nsite = 2, nmp_trans = 1)	UNVERIFIED: individual Julia scenario not replayed against Rust; candidate gate is not evidence of equivalent assertions	#180/#181/#184
S065	testset	@testset "read_input_parameters! OrbitalParallel and OptTrans overlays" begin	MVMCExpertModeParsers.jl/test/test_read_input_parameters.jl:257	crates/mvmc-expert-parsers/src/types.rs::ExpertModeData; crates/mvmc-expert-parsers/src/types.rs::OrbitalTerm; crates/mvmc-expert-parsers/src/utils/read_input_parameters.rs::read_input_parameters	--features mpi and detected launcher; root-only stdout/output; no JULIA_MVMC_MPI env compatibility promise	executable bounded production mapping; independent scenario replay unverified	C/Julia NSplitSize=group SIZE; current draft follows width/remainder and full-chain/comm1 measurement semantics; prior chain-length/burn-marker failures require fresh independent state verification; protocol success not parity	Sampling/proposed moves/acceptance must remain exact; numerical comparisons only for computed values; no implicit rejection rollback claim	E0 scenario-to-production mapping; proposed gate only unless result names executed record	J=8bb1b9e8ae47b1512c00b321be05664ddcac0fd1; source SHA256=e807528afdf1bd94abd7b830fd7cb01cfa4fa2c1b935676ea5e816c92a42ef40; C=extern/mVMC-1.3.0; independent expectation provenance must be read from named fixtures; no regeneration/run in documentation audit	cargo nextest run --locked --cargo-profile test-fast -p mvmc-core --features mpi --test mpi_issue179_collectives --test mpi_issue179_state --no-fail-fast --retries 0	No local scalar override; inherited fixture/synthetic constructor arguments; File-wide declarations (inherited where used): data.modpara = ModParaParameters(nsite = 2, nmp_trans = 1)	UNVERIFIED: individual Julia scenario not replayed against Rust; candidate gate is not evidence of equivalent assertions	#177/#178/#179
S066	testset	@testset "OptTrans definition parser" begin	MVMCExpertModeParsers.jl/test/test_read_input_parameters.jl:319	crates/mvmc-expert-parsers/src/types.rs::ExpertModeData; crates/mvmc-expert-parsers/src/types.rs::ModParaParameters; crates/mvmc-expert-parsers/src/lib.rs::parse_expert_mode_files_mode	Runner initialization/SR; initial.def auto|none|path; --physcal fixed record plus explicit In overlays	executable bounded production mapping; independent scenario replay unverified	C declared parameter slots + post-SR gauge shifts; PhysCal disables correlation shifts; Julia inferred layouts/normalization may differ	Sampling/proposed moves/acceptance must remain exact; numerical comparisons only for computed values; no implicit rejection rollback claim	E0 scenario-to-production mapping; proposed gate only unless result names executed record	J=8bb1b9e8ae47b1512c00b321be05664ddcac0fd1; source SHA256=e807528afdf1bd94abd7b830fd7cb01cfa4fa2c1b935676ea5e816c92a42ef40; C=extern/mVMC-1.3.0; independent expectation provenance must be read from named fixtures; no regeneration/run in documentation audit	cargo nextest run --locked --cargo-profile test-fast -p mvmc-core --test initial_params --no-fail-fast --retries 0	Testset scalar settings: data.modpara = ModParaParameters(nsite = 2, nmp_trans = 1); File-wide declarations (inherited where used): data.modpara = ModParaParameters(nsite = 2, nmp_trans = 1)	UNVERIFIED: individual Julia scenario not replayed against Rust; candidate gate is not evidence of equivalent assertions	#180/#181/#184
S067	testset	@testset "read_input_parameters! DH overlays" begin	MVMCExpertModeParsers.jl/test/test_read_input_parameters.jl:364	crates/mvmc-expert-parsers/src/types.rs::ExpertModeData; crates/mvmc-expert-parsers/src/types.rs::DoublonHolon2SiteIndex; crates/mvmc-expert-parsers/src/types.rs::DoublonHolon4SiteIndex; crates/mvmc-expert-parsers/src/utils/read_input_parameters.rs::read_input_parameters	Runner initialization/SR; initial.def auto|none|path; --physcal fixed record plus explicit In overlays	executable bounded production mapping; independent scenario replay unverified	C declared parameter slots + post-SR gauge shifts; PhysCal disables correlation shifts; Julia inferred layouts/normalization may differ	Sampling/proposed moves/acceptance must remain exact; numerical comparisons only for computed values; no implicit rejection rollback claim	E0 scenario-to-production mapping; proposed gate only unless result names executed record	J=8bb1b9e8ae47b1512c00b321be05664ddcac0fd1; source SHA256=e807528afdf1bd94abd7b830fd7cb01cfa4fa2c1b935676ea5e816c92a42ef40; C=extern/mVMC-1.3.0; independent expectation provenance must be read from named fixtures; no regeneration/run in documentation audit	cargo nextest run --locked --cargo-profile test-fast -p mvmc-core --test initial_params --no-fail-fast --retries 0	No local scalar override; inherited fixture/synthetic constructor arguments; File-wide declarations (inherited where used): data.modpara = ModParaParameters(nsite = 2, nmp_trans = 1)	UNVERIFIED: individual Julia scenario not replayed against Rust; candidate gate is not evidence of equivalent assertions	#180/#181/#184
S068	testset	@testset "_orbital_parallel_offset branches" begin	MVMCExpertModeParsers.jl/test/test_read_input_parameters.jl:527	crates/mvmc-expert-parsers/src/types.rs::ExpertModeData; crates/mvmc-expert-parsers/src/utils/parameter_init.rs::n_slater	--features mpi and detected launcher; root-only stdout/output; no JULIA_MVMC_MPI env compatibility promise	executable bounded production mapping; independent scenario replay unverified	C/Julia NSplitSize=group SIZE; current draft follows width/remainder and full-chain/comm1 measurement semantics; prior chain-length/burn-marker failures require fresh independent state verification; protocol success not parity	Sampling/proposed moves/acceptance must remain exact; numerical comparisons only for computed values; no implicit rejection rollback claim	E0 scenario-to-production mapping; proposed gate only unless result names executed record	J=8bb1b9e8ae47b1512c00b321be05664ddcac0fd1; source SHA256=e807528afdf1bd94abd7b830fd7cb01cfa4fa2c1b935676ea5e816c92a42ef40; C=extern/mVMC-1.3.0; independent expectation provenance must be read from named fixtures; no regeneration/run in documentation audit	cargo nextest run --locked --cargo-profile test-fast -p mvmc-core --features mpi --test mpi_issue179_collectives --test mpi_issue179_state --no-fail-fast --retries 0	No local scalar override; inherited fixture/synthetic constructor arguments; File-wide declarations (inherited where used): data.modpara = ModParaParameters(nsite = 2, nmp_trans = 1)	UNVERIFIED: individual Julia scenario not replayed against Rust; candidate gate is not evidence of equivalent assertions	#177/#178/#179
S069	testset	@testset "InOrbitalParallel exact offset (heuristic-fragile config)" begin	MVMCExpertModeParsers.jl/test/test_read_input_parameters.jl:559	crates/mvmc-expert-parsers/src/types.rs::ExpertModeData; crates/mvmc-expert-parsers/src/types.rs::OrbitalTerm; crates/mvmc-expert-parsers/src/utils/read_input_parameters.rs::read_input_parameters	--features mpi and detected launcher; root-only stdout/output; no JULIA_MVMC_MPI env compatibility promise	executable bounded production mapping; independent scenario replay unverified	C/Julia NSplitSize=group SIZE; current draft follows width/remainder and full-chain/comm1 measurement semantics; prior chain-length/burn-marker failures require fresh independent state verification; protocol success not parity	Sampling/proposed moves/acceptance must remain exact; numerical comparisons only for computed values; no implicit rejection rollback claim	E0 scenario-to-production mapping; proposed gate only unless result names executed record	J=8bb1b9e8ae47b1512c00b321be05664ddcac0fd1; source SHA256=e807528afdf1bd94abd7b830fd7cb01cfa4fa2c1b935676ea5e816c92a42ef40; C=extern/mVMC-1.3.0; independent expectation provenance must be read from named fixtures; no regeneration/run in documentation audit	cargo nextest run --locked --cargo-profile test-fast -p mvmc-core --features mpi --test mpi_issue179_collectives --test mpi_issue179_state --no-fail-fast --retries 0	No local scalar override; inherited fixture/synthetic constructor arguments; File-wide declarations (inherited where used): data.modpara = ModParaParameters(nsite = 2, nmp_trans = 1)	UNVERIFIED: individual Julia scenario not replayed against Rust; candidate gate is not evidence of equivalent assertions	#177/#178/#179
S070	testset	@testset "parse records NArrayAP for OrbitalParallel offset" begin	MVMCExpertModeParsers.jl/test/test_read_input_parameters.jl:605	crates/mvmc-expert-parsers/src/types.rs::ExpertModeData; crates/mvmc-expert-parsers/src/lib.rs::parse_expert_mode_files_mode	--features mpi and detected launcher; root-only stdout/output; no JULIA_MVMC_MPI env compatibility promise	executable bounded production mapping; independent scenario replay unverified	C/Julia NSplitSize=group SIZE; current draft follows width/remainder and full-chain/comm1 measurement semantics; prior chain-length/burn-marker failures require fresh independent state verification; protocol success not parity	Sampling/proposed moves/acceptance must remain exact; numerical comparisons only for computed values; no implicit rejection rollback claim	E0 scenario-to-production mapping; proposed gate only unless result names executed record	J=8bb1b9e8ae47b1512c00b321be05664ddcac0fd1; source SHA256=e807528afdf1bd94abd7b830fd7cb01cfa4fa2c1b935676ea5e816c92a42ef40; C=extern/mVMC-1.3.0; independent expectation provenance must be read from named fixtures; no regeneration/run in documentation audit	cargo nextest run --locked --cargo-profile test-fast -p mvmc-core --features mpi --test mpi_issue179_collectives --test mpi_issue179_state --no-fail-fast --retries 0	No local scalar override; inherited fixture/synthetic constructor arguments; File-wide declarations (inherited where used): data.modpara = ModParaParameters(nsite = 2, nmp_trans = 1)	UNVERIFIED: individual Julia scenario not replayed against Rust; candidate gate is not evidence of equivalent assertions	#177/#178/#179
S071	testset	@testset "NArrayAP from header count, not max(idx)+1" begin	MVMCExpertModeParsers.jl/test/test_read_input_parameters.jl:657	crates/mvmc-expert-parsers/src/types.rs::ExpertModeData; crates/mvmc-expert-parsers/src/lib.rs::parse_expert_mode_files_mode; crates/mvmc-expert-parsers/src/utils/read_input_parameters.rs::read_input_parameters	Runner initialization/SR; initial.def auto|none|path; --physcal fixed record plus explicit In overlays	executable bounded production mapping; independent scenario replay unverified	C declared parameter slots + post-SR gauge shifts; PhysCal disables correlation shifts; Julia inferred layouts/normalization may differ	Exact RNG/config/count/status/indices/flags and untouched copy tails; computed normalization/inverse values follow #190; no claimed full trajectory from snapshots	E0 scenario-to-production mapping; proposed gate only unless result names executed record	J=8bb1b9e8ae47b1512c00b321be05664ddcac0fd1; source SHA256=e807528afdf1bd94abd7b830fd7cb01cfa4fa2c1b935676ea5e816c92a42ef40; C=extern/mVMC-1.3.0; independent expectation provenance must be read from named fixtures; no regeneration/run in documentation audit	cargo nextest run --locked --cargo-profile test-fast -p mvmc-core --test initial_params --no-fail-fast --retries 0	No local scalar override; inherited fixture/synthetic constructor arguments; File-wide declarations (inherited where used): data.modpara = ModParaParameters(nsite = 2, nmp_trans = 1)	UNVERIFIED: individual Julia scenario not replayed against Rust; candidate gate is not evidence of equivalent assertions	#180/#181/#184
S072	testset	@testset "OrbitalParallel-before-AntiParallel is rejected" begin	MVMCExpertModeParsers.jl/test/test_read_input_parameters.jl:731	crates/mvmc-expert-parsers/src/lib.rs::parse_expert_mode_files	--features mpi and detected launcher; root-only stdout/output; no JULIA_MVMC_MPI env compatibility promise	rejected titled invalid scope; validation counterpart exists, not a blanket rejection of valid combinations	INTENTIONAL C/JULIA DIFFERENCE: C counts blocks before reading; Rust sorts definitions; Julia rejects Parallel-before-AP. Do not port Julia order rejection.	Validation/load failure before init/output unless title targets callback/output/SR; state/RNG/files boundary must be asserted by candidate gate; current collective callbacks fail after completed sample, not rollback	E0 scenario-to-production mapping; proposed gate only unless result names executed record	J=8bb1b9e8ae47b1512c00b321be05664ddcac0fd1; source SHA256=e807528afdf1bd94abd7b830fd7cb01cfa4fa2c1b935676ea5e816c92a42ef40; C=extern/mVMC-1.3.0; independent expectation provenance must be read from named fixtures; no regeneration/run in documentation audit	cargo nextest run --locked --cargo-profile test-fast -p mvmc-core --features mpi --test mpi_issue179_collectives --test mpi_issue179_state --no-fail-fast --retries 0	No local scalar override; inherited fixture/synthetic constructor arguments; File-wide declarations (inherited where used): data.modpara = ModParaParameters(nsite = 2, nmp_trans = 1)	UNVERIFIED: individual Julia scenario not replayed against Rust; candidate gate is not evidence of equivalent assertions	#177/#178/#179
S073	testset	@testset "Read Input Parameters Tests" begin	MVMCExpertModeParsers.jl/test/test_read_input_parameters.jl:769	crates/mvmc-core/src/sync.rs::sync_modified_parameter_local	Runner initialization/SR; initial.def auto|none|path; --physcal fixed record plus explicit In overlays	executable bounded production mapping; independent scenario replay unverified	C declared parameter slots + post-SR gauge shifts; PhysCal disables correlation shifts; Julia inferred layouts/normalization may differ	Sampling/proposed moves/acceptance must remain exact; numerical comparisons only for computed values; no implicit rejection rollback claim	E0 scenario-to-production mapping; proposed gate only unless result names executed record	J=8bb1b9e8ae47b1512c00b321be05664ddcac0fd1; source SHA256=e807528afdf1bd94abd7b830fd7cb01cfa4fa2c1b935676ea5e816c92a42ef40; C=extern/mVMC-1.3.0; independent expectation provenance must be read from named fixtures; no regeneration/run in documentation audit	cargo nextest run --locked --cargo-profile test-fast -p mvmc-core --test initial_params --no-fail-fast --retries 0	No local scalar override; inherited fixture/synthetic constructor arguments; File-wide declarations (inherited where used): data.modpara = ModParaParameters(nsite = 2, nmp_trans = 1)	UNVERIFIED: individual Julia scenario not replayed against Rust; candidate gate is not evidence of equivalent assertions	#180/#181/#184
S074	testset	@testset "contract/read_input_parameters: RBM layout (count/offsets)" begin	MVMCExpertModeParsers.jl/test/test_read_input_parameters_rbm_layout.jl:4	crates/mvmc-expert-parsers/src/types.rs::ExpertModeData; crates/mvmc-expert-parsers/src/types.rs::ChargeRBMPhysLayerTerm; crates/mvmc-expert-parsers/src/types.rs::SpinRBMPhysLayerTerm; crates/mvmc-expert-parsers/src/types.rs::ChargeRBMHiddenLayerTerm; crates/mvmc-expert-parsers/src/types.rs::GeneralRBMHiddenLayerTerm; crates/mvmc-expert-parsers/src/types.rs::SpinRBMPhysHiddenTerm; crates/mvmc-expert-parsers/src/types.rs::count_rbm_parameters; crates/mvmc-expert-parsers/src/utils/opt_flag.rs::set_rbm_opt_flags	Runner initialization/SR; initial.def auto|none|path; --physcal fixed record plus explicit In overlays	executable bounded production mapping; independent scenario replay unverified	C declared parameter slots + post-SR gauge shifts; PhysCal disables correlation shifts; Julia inferred layouts/normalization may differ	Exact RNG/config/count/status/indices/flags and untouched copy tails; computed normalization/inverse values follow #190; no claimed full trajectory from snapshots	E0 scenario-to-production mapping; proposed gate only unless result names executed record	J=8bb1b9e8ae47b1512c00b321be05664ddcac0fd1; source SHA256=9a6d18956cd165756db7baf8a86954b6262de87c09a3822e9e584c6af92d51e1; C=extern/mVMC-1.3.0; independent expectation provenance must be read from named fixtures; no regeneration/run in documentation audit	cargo nextest run --locked --cargo-profile test-fast -p mvmc-core --test initial_params --no-fail-fast --retries 0	No local scalar override; inherited fixture/synthetic constructor arguments; No file-wide stochastic settings	UNVERIFIED: individual Julia scenario not replayed against Rust; candidate gate is not evidence of equivalent assertions	#180/#181/#184
S075	testset	@testset "SFMT19937 Slater Parameter Compatibility" begin	MVMCExpertModeParsers.jl/test/test_sfmt_compatibility.jl:32	crates/mvmc-expert-parsers/src/types.rs::ExpertModeData; crates/mvmc-expert-parsers/src/types.rs::GutzwillerTerm; crates/mvmc-expert-parsers/src/types.rs::JastrowTerm; crates/mvmc-expert-parsers/src/types.rs::OrbitalTerm; crates/sfmt19937/src/lib.rs::Sfmt19937Rng; crates/mvmc-expert-parsers/src/utils/parameter_init.rs::init_parameter; crates/mvmc-core/src/sync.rs::sync_modified_parameter_local	Optimization initialization; PhysCal consumes one init block on clone then restores fixed values; seed override optional	executable bounded production mapping; independent scenario replay unverified	Exact C SFMT draw/flag contract; complex mode inferred from enabled family declarations, not Julia-only ModPara override	Exact RNG/config/count/status/indices/flags and untouched copy tails; computed normalization/inverse values follow #190; no claimed full trajectory from snapshots	E0 scenario-to-production mapping; proposed gate only unless result names executed record	J=8bb1b9e8ae47b1512c00b321be05664ddcac0fd1; source SHA256=5a5d216421c308146dc2fc786bc8c74edbcc560f11f9bd5830222f6a3276cfc9; C=extern/mVMC-1.3.0; independent expectation provenance must be read from named fixtures; no regeneration/run in documentation audit	cargo nextest run --locked --cargo-profile test-fast -p mvmc-expert-parsers --test c_orbital_initialization --test optimization_flags --no-fail-fast --retries 0	Testset scalar settings: data.modpara.complex_flag = 0 # Real parameters (AllComplexFlag = 0); File-wide declarations (inherited where used): as C implementation when using the same random seed with SFMT19937RNG.;as C implementation when using the same seed (123456789) with SFMT19937RNG.;data.modpara.rnd_seed = 123456789 # Same seed as C implementation;Random.seed!(rng, 123456789);data.modpara.rnd_seed = 123456789;Random.seed!(rng, data.modpara.rnd_seed);as C implementation when using the same seed with SFMT19937RNG.;data.modpara.rnd_seed = 123456789;Random.seed!(rng, 123456789);data.modpara.rnd_seed = 123456789;Random.seed!(rng, 123456789);data.modpara.rnd_seed = 123456789;Random.seed!(rng, 123456789);data.modpara.rnd_seed = 123456789;Random.seed!(rng, 123456789);println("as C implementation when using the same random seed.")	UNVERIFIED: individual Julia scenario not replayed against Rust; candidate gate is not evidence of equivalent assertions	#177/#180/#181
S076	testset	@testset "SFMT19937 Full Workflow" begin	MVMCExpertModeParsers.jl/test/test_sfmt_compatibility.jl:117	crates/mvmc-expert-parsers/src/types.rs::ExpertModeData; crates/mvmc-expert-parsers/src/types.rs::GutzwillerTerm; crates/mvmc-expert-parsers/src/types.rs::JastrowTerm; crates/mvmc-expert-parsers/src/types.rs::OrbitalTerm; crates/sfmt19937/src/lib.rs::Sfmt19937Rng; crates/mvmc-expert-parsers/src/utils/parameter_init.rs::initialize_parameters; crates/sfmt19937/src/lib.rs::genrand_real2	Optimization initialization; PhysCal consumes one init block on clone then restores fixed values; seed override optional	executable bounded production mapping; independent scenario replay unverified	Exact C SFMT draw/flag contract; complex mode inferred from enabled family declarations, not Julia-only ModPara override	Exact RNG/config/count/status/indices/flags and untouched copy tails; computed normalization/inverse values follow #190; no claimed full trajectory from snapshots	E0 scenario-to-production mapping; proposed gate only unless result names executed record	J=8bb1b9e8ae47b1512c00b321be05664ddcac0fd1; source SHA256=5a5d216421c308146dc2fc786bc8c74edbcc560f11f9bd5830222f6a3276cfc9; C=extern/mVMC-1.3.0; independent expectation provenance must be read from named fixtures; no regeneration/run in documentation audit	cargo nextest run --locked --cargo-profile test-fast -p mvmc-expert-parsers --test c_orbital_initialization --test optimization_flags --no-fail-fast --retries 0	Testset scalar settings: data.modpara.complex_flag = 0; File-wide declarations (inherited where used): as C implementation when using the same random seed with SFMT19937RNG.;as C implementation when using the same seed (123456789) with SFMT19937RNG.;data.modpara.rnd_seed = 123456789 # Same seed as C implementation;Random.seed!(rng, 123456789);data.modpara.rnd_seed = 123456789;Random.seed!(rng, data.modpara.rnd_seed);as C implementation when using the same seed with SFMT19937RNG.;data.modpara.rnd_seed = 123456789;Random.seed!(rng, 123456789);data.modpara.rnd_seed = 123456789;Random.seed!(rng, 123456789);data.modpara.rnd_seed = 123456789;Random.seed!(rng, 123456789);data.modpara.rnd_seed = 123456789;Random.seed!(rng, 123456789);println("as C implementation when using the same random seed.")	UNVERIFIED: individual Julia scenario not replayed against Rust; candidate gate is not evidence of equivalent assertions	#177/#180/#181
S077	testset	@testset "SFMT19937 RBM Parameter Compatibility" begin	MVMCExpertModeParsers.jl/test/test_sfmt_compatibility.jl:164	crates/mvmc-expert-parsers/src/types.rs::ExpertModeData; crates/mvmc-expert-parsers/src/types.rs::GutzwillerTerm; crates/mvmc-expert-parsers/src/types.rs::JastrowTerm; crates/mvmc-expert-parsers/src/types.rs::GeneralRBMPhysLayerTerm; crates/sfmt19937/src/lib.rs::Sfmt19937Rng; crates/mvmc-expert-parsers/src/utils/parameter_init.rs::init_parameter	Optimization initialization; PhysCal consumes one init block on clone then restores fixed values; seed override optional	executable bounded production mapping; independent scenario replay unverified	Exact C SFMT draw/flag contract; complex mode inferred from enabled family declarations, not Julia-only ModPara override	Exact RNG/config/count/status/indices/flags and untouched copy tails; computed normalization/inverse values follow #190; no claimed full trajectory from snapshots	E0 scenario-to-production mapping; proposed gate only unless result names executed record	J=8bb1b9e8ae47b1512c00b321be05664ddcac0fd1; source SHA256=5a5d216421c308146dc2fc786bc8c74edbcc560f11f9bd5830222f6a3276cfc9; C=extern/mVMC-1.3.0; independent expectation provenance must be read from named fixtures; no regeneration/run in documentation audit	cargo nextest run --locked --cargo-profile test-fast -p mvmc-expert-parsers --test c_orbital_initialization --test optimization_flags --no-fail-fast --retries 0	Testset scalar settings: data.modpara.complex_flag = 0 # Real parameters; File-wide declarations (inherited where used): as C implementation when using the same random seed with SFMT19937RNG.;as C implementation when using the same seed (123456789) with SFMT19937RNG.;data.modpara.rnd_seed = 123456789 # Same seed as C implementation;Random.seed!(rng, 123456789);data.modpara.rnd_seed = 123456789;Random.seed!(rng, data.modpara.rnd_seed);as C implementation when using the same seed with SFMT19937RNG.;data.modpara.rnd_seed = 123456789;Random.seed!(rng, 123456789);data.modpara.rnd_seed = 123456789;Random.seed!(rng, 123456789);data.modpara.rnd_seed = 123456789;Random.seed!(rng, 123456789);data.modpara.rnd_seed = 123456789;Random.seed!(rng, 123456789);println("as C implementation when using the same random seed.")	UNVERIFIED: individual Julia scenario not replayed against Rust; candidate gate is not evidence of equivalent assertions	#177/#180/#181
S078	testset	@testset "SFMT19937 Complex RBM Parameter Compatibility" begin	MVMCExpertModeParsers.jl/test/test_sfmt_compatibility.jl:210	crates/mvmc-expert-parsers/src/types.rs::ExpertModeData; crates/mvmc-expert-parsers/src/types.rs::GutzwillerTerm; crates/mvmc-expert-parsers/src/types.rs::JastrowTerm; crates/mvmc-expert-parsers/src/types.rs::GeneralRBMPhysLayerTerm; crates/sfmt19937/src/lib.rs::Sfmt19937Rng; crates/mvmc-expert-parsers/src/utils/parameter_init.rs::init_parameter	Optimization initialization; PhysCal consumes one init block on clone then restores fixed values; seed override optional	executable bounded production mapping; independent scenario replay unverified	Exact C SFMT draw/flag contract; complex mode inferred from enabled family declarations, not Julia-only ModPara override	Exact RNG/config/count/status/indices/flags and untouched copy tails; computed normalization/inverse values follow #190; no claimed full trajectory from snapshots	E0 scenario-to-production mapping; proposed gate only unless result names executed record	J=8bb1b9e8ae47b1512c00b321be05664ddcac0fd1; source SHA256=5a5d216421c308146dc2fc786bc8c74edbcc560f11f9bd5830222f6a3276cfc9; C=extern/mVMC-1.3.0; independent expectation provenance must be read from named fixtures; no regeneration/run in documentation audit	cargo nextest run --locked --cargo-profile test-fast -p mvmc-expert-parsers --test c_orbital_initialization --test optimization_flags --no-fail-fast --retries 0	Testset scalar settings: data.modpara.complex_flag = 1 # Complex parameters; File-wide declarations (inherited where used): as C implementation when using the same random seed with SFMT19937RNG.;as C implementation when using the same seed (123456789) with SFMT19937RNG.;data.modpara.rnd_seed = 123456789 # Same seed as C implementation;Random.seed!(rng, 123456789);data.modpara.rnd_seed = 123456789;Random.seed!(rng, data.modpara.rnd_seed);as C implementation when using the same seed with SFMT19937RNG.;data.modpara.rnd_seed = 123456789;Random.seed!(rng, 123456789);data.modpara.rnd_seed = 123456789;Random.seed!(rng, 123456789);data.modpara.rnd_seed = 123456789;Random.seed!(rng, 123456789);data.modpara.rnd_seed = 123456789;Random.seed!(rng, 123456789);println("as C implementation when using the same random seed.")	UNVERIFIED: individual Julia scenario not replayed against Rust; candidate gate is not evidence of equivalent assertions	#177/#180/#181
S079	testset	@testset "SFMT19937 Initialization Order" begin	MVMCExpertModeParsers.jl/test/test_sfmt_compatibility.jl:265	crates/mvmc-expert-parsers/src/types.rs::ExpertModeData; crates/mvmc-expert-parsers/src/types.rs::GutzwillerTerm; crates/mvmc-expert-parsers/src/types.rs::JastrowTerm; crates/mvmc-expert-parsers/src/types.rs::GeneralRBMPhysLayerTerm; crates/mvmc-expert-parsers/src/types.rs::OrbitalTerm; crates/sfmt19937/src/lib.rs::Sfmt19937Rng; crates/mvmc-expert-parsers/src/utils/parameter_init.rs::init_parameter	Optimization initialization; PhysCal consumes one init block on clone then restores fixed values; seed override optional	executable bounded production mapping; independent scenario replay unverified	Exact C SFMT draw/flag contract; complex mode inferred from enabled family declarations, not Julia-only ModPara override	Exact RNG/config/count/status/indices/flags and untouched copy tails; computed normalization/inverse values follow #190; no claimed full trajectory from snapshots	E0 scenario-to-production mapping; proposed gate only unless result names executed record	J=8bb1b9e8ae47b1512c00b321be05664ddcac0fd1; source SHA256=5a5d216421c308146dc2fc786bc8c74edbcc560f11f9bd5830222f6a3276cfc9; C=extern/mVMC-1.3.0; independent expectation provenance must be read from named fixtures; no regeneration/run in documentation audit	cargo nextest run --locked --cargo-profile test-fast -p mvmc-expert-parsers --test c_orbital_initialization --test optimization_flags --no-fail-fast --retries 0	Testset scalar settings: data.modpara.complex_flag = 0; File-wide declarations (inherited where used): as C implementation when using the same random seed with SFMT19937RNG.;as C implementation when using the same seed (123456789) with SFMT19937RNG.;data.modpara.rnd_seed = 123456789 # Same seed as C implementation;Random.seed!(rng, 123456789);data.modpara.rnd_seed = 123456789;Random.seed!(rng, data.modpara.rnd_seed);as C implementation when using the same seed with SFMT19937RNG.;data.modpara.rnd_seed = 123456789;Random.seed!(rng, 123456789);data.modpara.rnd_seed = 123456789;Random.seed!(rng, 123456789);data.modpara.rnd_seed = 123456789;Random.seed!(rng, 123456789);data.modpara.rnd_seed = 123456789;Random.seed!(rng, 123456789);println("as C implementation when using the same random seed.")	UNVERIFIED: individual Julia scenario not replayed against Rust; candidate gate is not evidence of equivalent assertions	#177/#180/#181
S080	testset	@testset "SFMT19937 Detailed Verification" begin	MVMCExpertModeParsers.jl/test/test_sfmt_compatibility.jl:329	crates/mvmc-expert-parsers/src/types.rs::ExpertModeData; crates/mvmc-expert-parsers/src/types.rs::GutzwillerTerm; crates/mvmc-expert-parsers/src/types.rs::JastrowTerm; crates/mvmc-expert-parsers/src/types.rs::OrbitalTerm; crates/sfmt19937/src/lib.rs::Sfmt19937Rng; crates/mvmc-expert-parsers/src/utils/parameter_init.rs::init_parameter; crates/mvmc-core/src/sync.rs::sync_modified_parameter_local	Optimization initialization; PhysCal consumes one init block on clone then restores fixed values; seed override optional	executable bounded production mapping; independent scenario replay unverified	Exact C SFMT draw/flag contract; complex mode inferred from enabled family declarations, not Julia-only ModPara override	Exact RNG/config/count/status/indices/flags and untouched copy tails; computed normalization/inverse values follow #190; no claimed full trajectory from snapshots	E0 scenario-to-production mapping; proposed gate only unless result names executed record	J=8bb1b9e8ae47b1512c00b321be05664ddcac0fd1; source SHA256=5a5d216421c308146dc2fc786bc8c74edbcc560f11f9bd5830222f6a3276cfc9; C=extern/mVMC-1.3.0; independent expectation provenance must be read from named fixtures; no regeneration/run in documentation audit	cargo nextest run --locked --cargo-profile test-fast -p mvmc-expert-parsers --test c_orbital_initialization --test optimization_flags --no-fail-fast --retries 0	Testset scalar settings: data.modpara.complex_flag = 0; File-wide declarations (inherited where used): as C implementation when using the same random seed with SFMT19937RNG.;as C implementation when using the same seed (123456789) with SFMT19937RNG.;data.modpara.rnd_seed = 123456789 # Same seed as C implementation;Random.seed!(rng, 123456789);data.modpara.rnd_seed = 123456789;Random.seed!(rng, data.modpara.rnd_seed);as C implementation when using the same seed with SFMT19937RNG.;data.modpara.rnd_seed = 123456789;Random.seed!(rng, 123456789);data.modpara.rnd_seed = 123456789;Random.seed!(rng, 123456789);data.modpara.rnd_seed = 123456789;Random.seed!(rng, 123456789);data.modpara.rnd_seed = 123456789;Random.seed!(rng, 123456789);println("as C implementation when using the same random seed.")	UNVERIFIED: individual Julia scenario not replayed against Rust; candidate gate is not evidence of equivalent assertions	#177/#180/#181
S081	testset	@testset "contract/trans.def: spin1/spin2 are preserved" begin	MVMCExpertModeParsers.jl/test/test_trans_parser_spin_indices.jl:4	crates/mvmc-expert-parsers/src/parsers/trans.rs::parse_trans_content	Expert namelist is parsed by mvmc CLI; no per-section CLI; strict C completeness before runner/output	executable bounded production mapping; independent scenario replay unverified	C readdef layout/counts/flags authoritative; Julia parser warnings/permissive recovery are not C support	Exact RNG/config/count/status/indices/flags and untouched copy tails; computed normalization/inverse values follow #190; no claimed full trajectory from snapshots	E0 scenario-to-production mapping; proposed gate only unless result names executed record	J=8bb1b9e8ae47b1512c00b321be05664ddcac0fd1; source SHA256=0bc8600784abefa59d5a31d979a0589d22f299657b57a4eb6f90b6297ba50fde; C=extern/mVMC-1.3.0; independent expectation provenance must be read from named fixtures; no regeneration/run in documentation audit	cargo nextest run --locked --cargo-profile test-fast -p mvmc-expert-parsers --no-fail-fast --retries 0	No local scalar override; inherited fixture/synthetic constructor arguments; No file-wide stochastic settings	UNVERIFIED: individual Julia scenario not replayed against Rust; candidate gate is not evidence of equivalent assertions	#184/#178
S082	testset	@testset "File Utilities" begin	MVMCExpertModeParsers.jl/test/test_utils.jl:9	crates/mvmc-expert-parsers/src/utils/file.rs::read_def_file	Expert namelist is parsed by mvmc CLI; no per-section CLI; strict C completeness before runner/output	executable bounded production mapping; independent scenario replay unverified	C readdef layout/counts/flags authoritative; Julia parser warnings/permissive recovery are not C support	Sampling/proposed moves/acceptance must remain exact; numerical comparisons only for computed values; no implicit rejection rollback claim	E0 scenario-to-production mapping; proposed gate only unless result names executed record	J=8bb1b9e8ae47b1512c00b321be05664ddcac0fd1; source SHA256=b4d6adc85734d7f4e85bd18fda8f7a8e5c9722f03046842ab1c9d3cd0f5d43ca; C=extern/mVMC-1.3.0; independent expectation provenance must be read from named fixtures; no regeneration/run in documentation audit	cargo nextest run --locked --cargo-profile test-fast -p mvmc-expert-parsers --no-fail-fast --retries 0	No local scalar override; inherited fixture/synthetic constructor arguments; No file-wide stochastic settings	UNVERIFIED: individual Julia scenario not replayed against Rust; candidate gate is not evidence of equivalent assertions	#184/#178
S083	testset	@testset "String Processing" begin	MVMCExpertModeParsers.jl/test/test_utils.jl:40	crates/mvmc-expert-parsers/src/utils/file.rs::clean_line; crates/mvmc-expert-parsers/src/utils/file.rs::split_def_line	Expert namelist is parsed by mvmc CLI; no per-section CLI; strict C completeness before runner/output	executable bounded production mapping; independent scenario replay unverified	C readdef layout/counts/flags authoritative; Julia parser warnings/permissive recovery are not C support	Sampling/proposed moves/acceptance must remain exact; numerical comparisons only for computed values; no implicit rejection rollback claim	E0 scenario-to-production mapping; proposed gate only unless result names executed record	J=8bb1b9e8ae47b1512c00b321be05664ddcac0fd1; source SHA256=b4d6adc85734d7f4e85bd18fda8f7a8e5c9722f03046842ab1c9d3cd0f5d43ca; C=extern/mVMC-1.3.0; independent expectation provenance must be read from named fixtures; no regeneration/run in documentation audit	cargo nextest run --locked --cargo-profile test-fast -p mvmc-expert-parsers --no-fail-fast --retries 0	No local scalar override; inherited fixture/synthetic constructor arguments; No file-wide stochastic settings	UNVERIFIED: individual Julia scenario not replayed against Rust; candidate gate is not evidence of equivalent assertions	#184/#178
S084	testset	@testset "Complex Number Parsing" begin	MVMCExpertModeParsers.jl/test/test_utils.jl:54	crates/mvmc-expert-parsers/src/utils/file.rs::safe_parse_complex	Expert namelist is parsed by mvmc CLI; no per-section CLI; strict C completeness before runner/output	executable bounded production mapping; independent scenario replay unverified	C readdef layout/counts/flags authoritative; Julia parser warnings/permissive recovery are not C support	Sampling/proposed moves/acceptance must remain exact; numerical comparisons only for computed values; no implicit rejection rollback claim	E0 scenario-to-production mapping; proposed gate only unless result names executed record	J=8bb1b9e8ae47b1512c00b321be05664ddcac0fd1; source SHA256=b4d6adc85734d7f4e85bd18fda8f7a8e5c9722f03046842ab1c9d3cd0f5d43ca; C=extern/mVMC-1.3.0; independent expectation provenance must be read from named fixtures; no regeneration/run in documentation audit	cargo nextest run --locked --cargo-profile test-fast -p mvmc-expert-parsers --no-fail-fast --retries 0	No local scalar override; inherited fixture/synthetic constructor arguments; No file-wide stochastic settings	UNVERIFIED: individual Julia scenario not replayed against Rust; candidate gate is not evidence of equivalent assertions	#184/#178
S085	testset	@testset "Safe Parsing" begin	MVMCExpertModeParsers.jl/test/test_utils.jl:62	crates/mvmc-expert-parsers/src/utils/file.rs::safe_parse_int; crates/mvmc-expert-parsers/src/utils/file.rs::safe_parse_float; crates/mvmc-expert-parsers/src/utils/file.rs::safe_parse_complex	Expert namelist is parsed by mvmc CLI; no per-section CLI; strict C completeness before runner/output	executable bounded production mapping; independent scenario replay unverified	C readdef layout/counts/flags authoritative; Julia parser warnings/permissive recovery are not C support	Sampling/proposed moves/acceptance must remain exact; numerical comparisons only for computed values; no implicit rejection rollback claim	E0 scenario-to-production mapping; proposed gate only unless result names executed record	J=8bb1b9e8ae47b1512c00b321be05664ddcac0fd1; source SHA256=b4d6adc85734d7f4e85bd18fda8f7a8e5c9722f03046842ab1c9d3cd0f5d43ca; C=extern/mVMC-1.3.0; independent expectation provenance must be read from named fixtures; no regeneration/run in documentation audit	cargo nextest run --locked --cargo-profile test-fast -p mvmc-expert-parsers --no-fail-fast --retries 0	No local scalar override; inherited fixture/synthetic constructor arguments; No file-wide stochastic settings	UNVERIFIED: individual Julia scenario not replayed against Rust; candidate gate is not evidence of equivalent assertions	#184/#178
S086	testset	@testset "Path Utilities" begin	MVMCExpertModeParsers.jl/test/test_utils.jl:79	crates/mvmc-expert-parsers/src/lib.rs::parse_expert_mode_files_with_c_opt_trans	Expert namelist is parsed by mvmc CLI; no per-section CLI; strict C completeness before runner/output	executable bounded production mapping; independent scenario replay unverified	C readdef layout/counts/flags authoritative; Julia parser warnings/permissive recovery are not C support	Sampling/proposed moves/acceptance must remain exact; numerical comparisons only for computed values; no implicit rejection rollback claim	E0 scenario-to-production mapping; proposed gate only unless result names executed record	J=8bb1b9e8ae47b1512c00b321be05664ddcac0fd1; source SHA256=b4d6adc85734d7f4e85bd18fda8f7a8e5c9722f03046842ab1c9d3cd0f5d43ca; C=extern/mVMC-1.3.0; independent expectation provenance must be read from named fixtures; no regeneration/run in documentation audit	cargo nextest run --locked --cargo-profile test-fast -p mvmc-expert-parsers --no-fail-fast --retries 0	No local scalar override; inherited fixture/synthetic constructor arguments; No file-wide stochastic settings	UNVERIFIED: individual Julia scenario not replayed against Rust; candidate gate is not evidence of equivalent assertions	#184/#178
S087	testset	@testset "ModPara Validation" begin	MVMCExpertModeParsers.jl/test/test_validation.jl:13	crates/mvmc-expert-parsers/src/types.rs::ModParaParameters; crates/mvmc-expert-parsers/src/utils/validation.rs::validate_modpara_params	Expert namelist is parsed by mvmc CLI; no per-section CLI; strict C completeness before runner/output	executable bounded production mapping; independent scenario replay unverified	C readdef layout/counts/flags authoritative; Julia parser warnings/permissive recovery are not C support	Sampling/proposed moves/acceptance must remain exact; numerical comparisons only for computed values; no implicit rejection rollback claim	E0 scenario-to-production mapping; proposed gate only unless result names executed record	J=8bb1b9e8ae47b1512c00b321be05664ddcac0fd1; source SHA256=c31de68580afd29db514d8ddac1cd6a856f5904727b09ef9fd780e61fc486751; C=extern/mVMC-1.3.0; independent expectation provenance must be read from named fixtures; no regeneration/run in documentation audit	cargo nextest run --locked --cargo-profile test-fast -p mvmc-expert-parsers --no-fail-fast --retries 0	Testset scalar settings: valid_params = ModParaParameters(nsite = 4, nelec = 2, nlocspin = 0, ncond = -1); invalid_params = ModParaParameters(nsite = -1, nelec = -1, nlocspin = -1); No file-wide stochastic settings	UNVERIFIED: individual Julia scenario not replayed against Rust; candidate gate is not evidence of equivalent assertions	#184/#178
S088	testset	@testset "Transfer Terms Validation" begin	MVMCExpertModeParsers.jl/test/test_validation.jl:30	crates/mvmc-expert-parsers/src/types.rs::TransferTerm; crates/mvmc-expert-parsers/src/utils/validation.rs::validate_transfer_terms	Expert namelist is parsed by mvmc CLI; no per-section CLI; strict C completeness before runner/output	executable bounded production mapping; independent scenario replay unverified	C readdef layout/counts/flags authoritative; Julia parser warnings/permissive recovery are not C support	Sampling/proposed moves/acceptance must remain exact; numerical comparisons only for computed values; no implicit rejection rollback claim	E0 scenario-to-production mapping; proposed gate only unless result names executed record	J=8bb1b9e8ae47b1512c00b321be05664ddcac0fd1; source SHA256=c31de68580afd29db514d8ddac1cd6a856f5904727b09ef9fd780e61fc486751; C=extern/mVMC-1.3.0; independent expectation provenance must be read from named fixtures; no regeneration/run in documentation audit	cargo nextest run --locked --cargo-profile test-fast -p mvmc-expert-parsers --no-fail-fast --retries 0	Testset scalar settings: nsite = 4; No file-wide stochastic settings	UNVERIFIED: individual Julia scenario not replayed against Rust; candidate gate is not evidence of equivalent assertions	#184/#178
S089	testset	@testset "Coulomb Terms Validation" begin	MVMCExpertModeParsers.jl/test/test_validation.jl:52	crates/mvmc-expert-parsers/src/types.rs::CoulombIntraTerm; crates/mvmc-expert-parsers/src/utils/validation.rs::validate_coulomb_intra_terms; crates/mvmc-expert-parsers/src/types.rs::CoulombInterTerm; crates/mvmc-expert-parsers/src/utils/validation.rs::validate_coulomb_inter_terms	Expert namelist is parsed by mvmc CLI; no per-section CLI; strict C completeness before runner/output	executable bounded production mapping; independent scenario replay unverified	C readdef layout/counts/flags authoritative; Julia parser warnings/permissive recovery are not C support	Sampling/proposed moves/acceptance must remain exact; numerical comparisons only for computed values; no implicit rejection rollback claim	E0 scenario-to-production mapping; proposed gate only unless result names executed record	J=8bb1b9e8ae47b1512c00b321be05664ddcac0fd1; source SHA256=c31de68580afd29db514d8ddac1cd6a856f5904727b09ef9fd780e61fc486751; C=extern/mVMC-1.3.0; independent expectation provenance must be read from named fixtures; no regeneration/run in documentation audit	cargo nextest run --locked --cargo-profile test-fast -p mvmc-expert-parsers --no-fail-fast --retries 0	Testset scalar settings: nsite = 4; No file-wide stochastic settings	UNVERIFIED: individual Julia scenario not replayed against Rust; candidate gate is not evidence of equivalent assertions	#184/#178
S090	testset	@testset "Gutzwiller Terms Validation" begin	MVMCExpertModeParsers.jl/test/test_validation.jl:80	crates/mvmc-expert-parsers/src/types.rs::GutzwillerTerm; crates/mvmc-expert-parsers/src/utils/validation.rs::validate_gutzwiller_terms	Expert namelist is parsed by mvmc CLI; no per-section CLI; strict C completeness before runner/output	executable bounded production mapping; independent scenario replay unverified	C readdef layout/counts/flags authoritative; Julia parser warnings/permissive recovery are not C support; C full site mapping/declared width and signed flags differ from historical permissive Julia examples	Sampling/proposed moves/acceptance must remain exact; numerical comparisons only for computed values; no implicit rejection rollback claim	E0 scenario-to-production mapping; proposed gate only unless result names executed record	J=8bb1b9e8ae47b1512c00b321be05664ddcac0fd1; source SHA256=c31de68580afd29db514d8ddac1cd6a856f5904727b09ef9fd780e61fc486751; C=extern/mVMC-1.3.0; independent expectation provenance must be read from named fixtures; no regeneration/run in documentation audit	cargo nextest run --locked --cargo-profile test-fast -p mvmc-expert-parsers --no-fail-fast --retries 0	Testset scalar settings: nsite = 4; No file-wide stochastic settings	UNVERIFIED: individual Julia scenario not replayed against Rust; candidate gate is not evidence of equivalent assertions	#184/#178
S091	testset	@testset "Jastrow Terms Validation" begin	MVMCExpertModeParsers.jl/test/test_validation.jl:97	crates/mvmc-expert-parsers/src/types.rs::JastrowTerm; crates/mvmc-expert-parsers/src/utils/validation.rs::validate_jastrow_terms	Expert namelist is parsed by mvmc CLI; no per-section CLI; strict C completeness before runner/output	executable bounded production mapping; independent scenario replay unverified	C readdef layout/counts/flags authoritative; Julia parser warnings/permissive recovery are not C support; C full site mapping/declared width and signed flags differ from historical permissive Julia examples	Sampling/proposed moves/acceptance must remain exact; numerical comparisons only for computed values; no implicit rejection rollback claim	E0 scenario-to-production mapping; proposed gate only unless result names executed record	J=8bb1b9e8ae47b1512c00b321be05664ddcac0fd1; source SHA256=c31de68580afd29db514d8ddac1cd6a856f5904727b09ef9fd780e61fc486751; C=extern/mVMC-1.3.0; independent expectation provenance must be read from named fixtures; no regeneration/run in documentation audit	cargo nextest run --locked --cargo-profile test-fast -p mvmc-expert-parsers --no-fail-fast --retries 0	Testset scalar settings: nsite = 4; No file-wide stochastic settings	UNVERIFIED: individual Julia scenario not replayed against Rust; candidate gate is not evidence of equivalent assertions	#184/#178
S092	testset	@testset "Orbital Terms Validation" begin	MVMCExpertModeParsers.jl/test/test_validation.jl:114	crates/mvmc-expert-parsers/src/types.rs::OrbitalTerm; crates/mvmc-expert-parsers/src/utils/validation.rs::validate_orbital_terms	Expert namelist is parsed by mvmc CLI; no per-section CLI; strict C completeness before runner/output	executable bounded production mapping; independent scenario replay unverified	C readdef layout/counts/flags authoritative; Julia parser warnings/permissive recovery are not C support; C full site mapping/declared width and signed flags differ from historical permissive Julia examples	Sampling/proposed moves/acceptance must remain exact; numerical comparisons only for computed values; no implicit rejection rollback claim	E0 scenario-to-production mapping; proposed gate only unless result names executed record	J=8bb1b9e8ae47b1512c00b321be05664ddcac0fd1; source SHA256=c31de68580afd29db514d8ddac1cd6a856f5904727b09ef9fd780e61fc486751; C=extern/mVMC-1.3.0; independent expectation provenance must be read from named fixtures; no regeneration/run in documentation audit	cargo nextest run --locked --cargo-profile test-fast -p mvmc-expert-parsers --no-fail-fast --retries 0	Testset scalar settings: nsite = 4; No file-wide stochastic settings	UNVERIFIED: individual Julia scenario not replayed against Rust; candidate gate is not evidence of equivalent assertions	#184/#178
S093	testset	@testset "Expert Mode Data Validation" begin	MVMCExpertModeParsers.jl/test/test_validation.jl:131	crates/mvmc-expert-parsers/src/types.rs::ExpertModeData; crates/mvmc-expert-parsers/src/types.rs::ModParaParameters; crates/mvmc-expert-parsers/src/types.rs::TransferTerm; crates/mvmc-expert-parsers/src/types.rs::CoulombIntraTerm; crates/mvmc-expert-parsers/src/types.rs::GutzwillerTerm; crates/mvmc-expert-parsers/src/utils/validation.rs::validate_expert_mode_data	Expert namelist is parsed by mvmc CLI; no per-section CLI; strict C completeness before runner/output	executable bounded production mapping; independent scenario replay unverified	C readdef layout/counts/flags authoritative; Julia parser warnings/permissive recovery are not C support	Sampling/proposed moves/acceptance must remain exact; numerical comparisons only for computed values; no implicit rejection rollback claim	E0 scenario-to-production mapping; proposed gate only unless result names executed record	J=8bb1b9e8ae47b1512c00b321be05664ddcac0fd1; source SHA256=c31de68580afd29db514d8ddac1cd6a856f5904727b09ef9fd780e61fc486751; C=extern/mVMC-1.3.0; independent expectation provenance must be read from named fixtures; no regeneration/run in documentation audit	cargo nextest run --locked --cargo-profile test-fast -p mvmc-expert-parsers --no-fail-fast --retries 0	Testset scalar settings: data.modpara = ModParaParameters(nsite = 4, nelec = 2, nlocspin = 0); invalid_data.modpara = ModParaParameters(nsite = -1, nelec = -1, nlocspin = -1); No file-wide stochastic settings	UNVERIFIED: individual Julia scenario not replayed against Rust; candidate gate is not evidence of equivalent assertions	#184/#178
S094	testset	@testset "MVMCOptimizers.jl" begin	MVMCOptimizers.jl/test/runtests.jl:9	crates/mvmc-core/src/run.rs::vmc_para_opt	Optimization; real/cmp/FSZ; nsteps/nsmp; direct or standard CG; grouped direct within validator; grouped CG rejected	executable bounded production mapping; independent scenario replay unverified	C trajectory/SR/input authority; Julia architecture; final optimization-window output differs from C (owner output gap)	Sampling/proposed moves/acceptance must remain exact; numerical comparisons only for computed values; no implicit rejection rollback claim	E0 scenario-to-production mapping; proposed gate only unless result names executed record	J=8bb1b9e8ae47b1512c00b321be05664ddcac0fd1; source SHA256=76e78adf87222615e24c2e1373a9f7417e9e46d04c18e8810b521c755cfcff82; C=extern/mVMC-1.3.0; independent expectation provenance must be read from named fixtures; no regeneration/run in documentation audit	cargo nextest run --locked --cargo-profile test-fast -p mvmc-core --test run_smoke --test runner_config --no-fail-fast --retries 0	No local scalar override; inherited fixture/synthetic constructor arguments; No file-wide stochastic settings	UNVERIFIED: individual Julia scenario not replayed against Rust; candidate gate is not evidence of equivalent assertions	#180/#179
S095	testset	@testset "Legendre Polynomial" begin	MVMCOptimizers.jl/test/runtests.jl:10	crates/mvmc-expert-parsers/src/utils/qp_weight.rs::legendre_poly	Optimization; real/cmp/FSZ; nsteps/nsmp; direct or standard CG; grouped direct within validator; grouped CG rejected	executable bounded production mapping; independent scenario replay unverified	C trajectory/SR/input authority; Julia architecture; final optimization-window output differs from C (owner output gap)	Sampling/proposed moves/acceptance must remain exact; numerical comparisons only for computed values; no implicit rejection rollback claim	E0 scenario-to-production mapping; proposed gate only unless result names executed record	J=8bb1b9e8ae47b1512c00b321be05664ddcac0fd1; source SHA256=76e78adf87222615e24c2e1373a9f7417e9e46d04c18e8810b521c755cfcff82; C=extern/mVMC-1.3.0; independent expectation provenance must be read from named fixtures; no regeneration/run in documentation audit	cargo nextest run --locked --cargo-profile test-fast -p mvmc-core --test run_smoke --test runner_config --no-fail-fast --retries 0	No local scalar override; inherited fixture/synthetic constructor arguments; No file-wide stochastic settings	UNVERIFIED: individual Julia scenario not replayed against Rust; candidate gate is not evidence of equivalent assertions	#180/#179
S096	testset	@testset "Gauss-Legendre Quadrature" begin	MVMCOptimizers.jl/test/runtests.jl:29	crates/mvmc-expert-parsers/src/utils/qp_weight.rs::gauss_legendre	Optimization; real/cmp/FSZ; nsteps/nsmp; direct or standard CG; grouped direct within validator; grouped CG rejected	executable bounded production mapping; independent scenario replay unverified	C trajectory/SR/input authority; Julia architecture; final optimization-window output differs from C (owner output gap)	Sampling/proposed moves/acceptance must remain exact; numerical comparisons only for computed values; no implicit rejection rollback claim	E0 scenario-to-production mapping; proposed gate only unless result names executed record	J=8bb1b9e8ae47b1512c00b321be05664ddcac0fd1; source SHA256=76e78adf87222615e24c2e1373a9f7417e9e46d04c18e8810b521c755cfcff82; C=extern/mVMC-1.3.0; independent expectation provenance must be read from named fixtures; no regeneration/run in documentation audit	cargo nextest run --locked --cargo-profile test-fast -p mvmc-core --test run_smoke --test runner_config --no-fail-fast --retries 0	No local scalar override; inherited fixture/synthetic constructor arguments; No file-wide stochastic settings	UNVERIFIED: individual Julia scenario not replayed against Rust; candidate gate is not evidence of equivalent assertions	#180/#179
S097	testset	@testset "Slater Update Tests" begin	MVMCOptimizers.jl/test/runtests.jl:56	crates/mvmc-core/src/run.rs::vmc_para_opt	Optimization; real/cmp/FSZ; nsteps/nsmp; direct or standard CG; grouped direct within validator; grouped CG rejected	executable bounded production mapping; independent scenario replay unverified	C trajectory/SR/input authority; Julia architecture; final optimization-window output differs from C (owner output gap)	Sampling/proposed moves/acceptance must remain exact; numerical comparisons only for computed values; no implicit rejection rollback claim	E0 scenario-to-production mapping; proposed gate only unless result names executed record	J=8bb1b9e8ae47b1512c00b321be05664ddcac0fd1; source SHA256=76e78adf87222615e24c2e1373a9f7417e9e46d04c18e8810b521c755cfcff82; C=extern/mVMC-1.3.0; independent expectation provenance must be read from named fixtures; no regeneration/run in documentation audit	cargo nextest run --locked --cargo-profile test-fast -p mvmc-core --test run_smoke --test runner_config --no-fail-fast --retries 0	No local scalar override; inherited fixture/synthetic constructor arguments; No file-wide stochastic settings	UNVERIFIED: individual Julia scenario not replayed against Rust; candidate gate is not evidence of equivalent assertions	#180/#179
S098	testset	@testset "Unit Tests" begin	MVMCOptimizers.jl/test/runtests.jl:60	crates/mvmc-core/src/run.rs::vmc_para_opt	Optimization; real/cmp/FSZ; nsteps/nsmp; direct or standard CG; grouped direct within validator; grouped CG rejected	executable bounded production mapping; independent scenario replay unverified	C trajectory/SR/input authority; Julia architecture; final optimization-window output differs from C (owner output gap)	Sampling/proposed moves/acceptance must remain exact; numerical comparisons only for computed values; no implicit rejection rollback claim	E0 scenario-to-production mapping; proposed gate only unless result names executed record	J=8bb1b9e8ae47b1512c00b321be05664ddcac0fd1; source SHA256=76e78adf87222615e24c2e1373a9f7417e9e46d04c18e8810b521c755cfcff82; C=extern/mVMC-1.3.0; independent expectation provenance must be read from named fixtures; no regeneration/run in documentation audit	cargo nextest run --locked --cargo-profile test-fast -p mvmc-core --test run_smoke --test runner_config --no-fail-fast --retries 0	No local scalar override; inherited fixture/synthetic constructor arguments; No file-wide stochastic settings	UNVERIFIED: individual Julia scenario not replayed against Rust; candidate gate is not evidence of equivalent assertions	#180/#179
S099	testset	@testset "build_qp_trans_matrices success Tests" begin	MVMCOptimizers.jl/test/test_slater_update.jl:37	crates/mvmc-expert-parsers/src/types.rs::ExpertModeData; crates/mvmc-expert-parsers/src/types.rs::ModParaParameters; crates/mvmc-core/src/qp.rs::translated_site	Optimization; real/cmp/FSZ; nsteps/nsmp; direct or standard CG; grouped direct within validator; grouped CG rejected	executable bounded production mapping; independent scenario replay unverified	C trajectory/SR/input authority; Julia architecture; final optimization-window output differs from C (owner output gap)	Sampling/proposed moves/acceptance must remain exact; numerical comparisons only for computed values; no implicit rejection rollback claim	E0 scenario-to-production mapping; proposed gate only unless result names executed record	J=8bb1b9e8ae47b1512c00b321be05664ddcac0fd1; source SHA256=840d0d4d6a1474ff3d10188033c29ae969b837a32d638d4f64d1af9dedeed613; C=extern/mVMC-1.3.0; independent expectation provenance must be read from named fixtures; no regeneration/run in documentation audit	cargo nextest run --locked --cargo-profile test-fast -p mvmc-core --test run_smoke --test runner_config --no-fail-fast --retries 0	Testset scalar settings: data.modpara = ModParaParameters(nsite = 4, nelec = 2, nlocspin = 0); File-wide declarations (inherited where used): data.modpara.nsp_gauss_leg = 1;data.modpara.nmp_trans = 2;data.modpara.nsp_gauss_leg * data.modpara.nmp_trans * data.n_qp_opt_trans;data.modpara.nsp_gauss_leg = 1;data.modpara.nmp_trans = 2;# Initialize parameters with seeded RNG;Random.seed!(rng, data.modpara.rnd_seed);data.modpara.nsp_gauss_leg * abs(data.modpara.nmp_trans) * data.n_qp_opt_trans	UNVERIFIED: individual Julia scenario not replayed against Rust; candidate gate is not evidence of equivalent assertions	#180/#179
S100	testset	@testset "build_qp_trans_matrices error Tests" begin	MVMCOptimizers.jl/test/test_slater_update.jl:93	crates/mvmc-expert-parsers/src/types.rs::ExpertModeData; crates/mvmc-expert-parsers/src/types.rs::ModParaParameters; crates/mvmc-core/src/qp.rs::translated_site	Optimization; real/cmp/FSZ; nsteps/nsmp; direct or standard CG; grouped direct within validator; grouped CG rejected	executable bounded production mapping; independent scenario replay unverified	C trajectory/SR/input authority; Julia architecture; final optimization-window output differs from C (owner output gap)	Validation/load failure before init/output unless title targets callback/output/SR; state/RNG/files boundary must be asserted by candidate gate; current collective callbacks fail after completed sample, not rollback	E0 scenario-to-production mapping; proposed gate only unless result names executed record	J=8bb1b9e8ae47b1512c00b321be05664ddcac0fd1; source SHA256=840d0d4d6a1474ff3d10188033c29ae969b837a32d638d4f64d1af9dedeed613; C=extern/mVMC-1.3.0; independent expectation provenance must be read from named fixtures; no regeneration/run in documentation audit	cargo nextest run --locked --cargo-profile test-fast -p mvmc-core --test run_smoke --test runner_config --no-fail-fast --retries 0	Testset scalar settings: data.modpara = ModParaParameters(nsite = 4, nelec = 2, nlocspin = 0); File-wide declarations (inherited where used): data.modpara.nsp_gauss_leg = 1;data.modpara.nmp_trans = 2;data.modpara.nsp_gauss_leg * data.modpara.nmp_trans * data.n_qp_opt_trans;data.modpara.nsp_gauss_leg = 1;data.modpara.nmp_trans = 2;# Initialize parameters with seeded RNG;Random.seed!(rng, data.modpara.rnd_seed);data.modpara.nsp_gauss_leg * abs(data.modpara.nmp_trans) * data.n_qp_opt_trans	UNVERIFIED: individual Julia scenario not replayed against Rust; candidate gate is not evidence of equivalent assertions	#180/#179
S101	testset	@testset "build_qp_trans_matrices QPOptTrans Tests" begin	MVMCOptimizers.jl/test/test_slater_update.jl:119	crates/mvmc-expert-parsers/src/types.rs::ExpertModeData; crates/mvmc-expert-parsers/src/types.rs::ModParaParameters; crates/mvmc-core/src/qp.rs::translated_site; crates/mvmc-core/src/slater_update.rs::update_slater_elm	Optimization; real/cmp/FSZ; nsteps/nsmp; direct or standard CG; grouped direct within validator; grouped CG rejected	executable bounded production mapping; independent scenario replay unverified	C trajectory/SR/input authority; Julia architecture; final optimization-window output differs from C (owner output gap)	Sampling/proposed moves/acceptance must remain exact; numerical comparisons only for computed values; no implicit rejection rollback claim	E0 scenario-to-production mapping; proposed gate only unless result names executed record	J=8bb1b9e8ae47b1512c00b321be05664ddcac0fd1; source SHA256=840d0d4d6a1474ff3d10188033c29ae969b837a32d638d4f64d1af9dedeed613; C=extern/mVMC-1.3.0; independent expectation provenance must be read from named fixtures; no regeneration/run in documentation audit	cargo nextest run --locked --cargo-profile test-fast -p mvmc-core --test run_smoke --test runner_config --no-fail-fast --retries 0	Testset scalar settings: data.modpara = ModParaParameters(nsite = 4, nelec = 2, nlocspin = 0); File-wide declarations (inherited where used): data.modpara.nsp_gauss_leg = 1;data.modpara.nmp_trans = 2;data.modpara.nsp_gauss_leg * data.modpara.nmp_trans * data.n_qp_opt_trans;data.modpara.nsp_gauss_leg = 1;data.modpara.nmp_trans = 2;# Initialize parameters with seeded RNG;Random.seed!(rng, data.modpara.rnd_seed);data.modpara.nsp_gauss_leg * abs(data.modpara.nmp_trans) * data.n_qp_opt_trans	UNVERIFIED: individual Julia scenario not replayed against Rust; candidate gate is not evidence of equivalent assertions	#180/#179
S102	testset	@testset "update_slater_elm_fcmp! basic Tests" begin	MVMCOptimizers.jl/test/test_slater_update.jl:163	crates/mvmc-expert-parsers/src/types.rs::ExpertModeData; crates/mvmc-expert-parsers/src/types.rs::ModParaParameters; crates/mvmc-expert-parsers/src/types.rs::OrbitalTerm; crates/mvmc-expert-parsers/src/types.rs::build_orbital_matrices; crates/mvmc-expert-parsers/src/utils/qp_weight.rs::init_qp_weight_inplace; crates/mvmc-core/src/qp.rs::init_qp_weight; crates/mvmc-expert-parsers/src/utils/qp_weight.rs::init_qp_weight; crates/mvmc-core/src/state.rs::VmcOptimizationState; crates/mvmc-core/src/slater_update.rs::update_slater_elm	Optimization; real/cmp/FSZ; nsteps/nsmp; direct or standard CG; grouped direct within validator; grouped CG rejected	executable bounded production mapping; independent scenario replay unverified	C trajectory/SR/input authority; Julia architecture; final optimization-window output differs from C (owner output gap)	Sampling/proposed moves/acceptance must remain exact; numerical comparisons only for computed values; no implicit rejection rollback claim	E0 scenario-to-production mapping; proposed gate only unless result names executed record	J=8bb1b9e8ae47b1512c00b321be05664ddcac0fd1; source SHA256=840d0d4d6a1474ff3d10188033c29ae969b837a32d638d4f64d1af9dedeed613; C=extern/mVMC-1.3.0; independent expectation provenance must be read from named fixtures; no regeneration/run in documentation audit	cargo nextest run --locked --cargo-profile test-fast -p mvmc-core --test run_smoke --test runner_config --no-fail-fast --retries 0	Testset scalar settings: data.modpara = ModParaParameters(nsite = 4, nelec = 2, nlocspin = 0); data.modpara.nsp_gauss_leg = 1; data.modpara.nmp_trans = 2; File-wide declarations (inherited where used): data.modpara.nsp_gauss_leg = 1;data.modpara.nmp_trans = 2;data.modpara.nsp_gauss_leg * data.modpara.nmp_trans * data.n_qp_opt_trans;data.modpara.nsp_gauss_leg = 1;data.modpara.nmp_trans = 2;# Initialize parameters with seeded RNG;Random.seed!(rng, data.modpara.rnd_seed);data.modpara.nsp_gauss_leg * abs(data.modpara.nmp_trans) * data.n_qp_opt_trans	UNVERIFIED: individual Julia scenario not replayed against Rust; candidate gate is not evidence of equivalent assertions	#180/#179
S103	testset	@testset "update_slater_elm_fcmp! missing qp_weights Tests" begin	MVMCOptimizers.jl/test/test_slater_update.jl:238	crates/mvmc-expert-parsers/src/types.rs::ExpertModeData; crates/mvmc-expert-parsers/src/types.rs::ModParaParameters; crates/mvmc-expert-parsers/src/types.rs::OrbitalTerm; crates/mvmc-expert-parsers/src/types.rs::build_orbital_matrices; crates/mvmc-core/src/state.rs::VmcOptimizationState; crates/mvmc-core/src/slater_update.rs::update_slater_elm	Via both runners; --opt-trans opt-in C default; grouped OptTrans multi-sector rejected	executable bounded production mapping; independent scenario replay unverified	C quadrature/sign/momentum and OptTrans activation; numerical #190, discrete sectors exact	Validation/load failure before init/output unless title targets callback/output/SR; state/RNG/files boundary must be asserted by candidate gate; current collective callbacks fail after completed sample, not rollback	E0 scenario-to-production mapping; proposed gate only unless result names executed record	J=8bb1b9e8ae47b1512c00b321be05664ddcac0fd1; source SHA256=840d0d4d6a1474ff3d10188033c29ae969b837a32d638d4f64d1af9dedeed613; C=extern/mVMC-1.3.0; independent expectation provenance must be read from named fixtures; no regeneration/run in documentation audit	cargo nextest run --locked --cargo-profile test-fast -p mvmc-core --test opttrans --no-fail-fast --retries 0	Testset scalar settings: data.modpara = ModParaParameters(nsite = 4, nelec = 2, nlocspin = 0); data.modpara.nsp_gauss_leg = 1; data.modpara.nmp_trans = 2; File-wide declarations (inherited where used): data.modpara.nsp_gauss_leg = 1;data.modpara.nmp_trans = 2;data.modpara.nsp_gauss_leg * data.modpara.nmp_trans * data.n_qp_opt_trans;data.modpara.nsp_gauss_leg = 1;data.modpara.nmp_trans = 2;# Initialize parameters with seeded RNG;Random.seed!(rng, data.modpara.rnd_seed);data.modpara.nsp_gauss_leg * abs(data.modpara.nmp_trans) * data.n_qp_opt_trans	UNVERIFIED: individual Julia scenario not replayed against Rust; candidate gate is not evidence of equivalent assertions	#178/#180/#181
S104	testset	@testset "update_slater_elm_fcmp! with real data Tests" begin	MVMCOptimizers.jl/test/test_slater_update.jl:298	crates/mvmc-expert-parsers/src/lib.rs::parse_expert_mode_files; crates/sfmt19937/src/lib.rs::Sfmt19937Rng; crates/mvmc-expert-parsers/src/utils/parameter_init.rs::initialize_parameters; crates/mvmc-expert-parsers/src/utils/qp_weight.rs::init_qp_weight_inplace; crates/mvmc-core/src/qp.rs::init_qp_weight; crates/mvmc-expert-parsers/src/utils/qp_weight.rs::init_qp_weight; crates/mvmc-core/src/state.rs::VmcOptimizationState; crates/mvmc-core/src/slater_update.rs::update_slater_elm	Optimization; real/cmp/FSZ; nsteps/nsmp; direct or standard CG; grouped direct within validator; grouped CG rejected	executable bounded production mapping; independent scenario replay unverified	C trajectory/SR/input authority; Julia architecture; final optimization-window output differs from C (owner output gap)	Sampling/proposed moves/acceptance must remain exact; numerical comparisons only for computed values; no implicit rejection rollback claim	E0 scenario-to-production mapping; proposed gate only unless result names executed record	J=8bb1b9e8ae47b1512c00b321be05664ddcac0fd1; source SHA256=840d0d4d6a1474ff3d10188033c29ae969b837a32d638d4f64d1af9dedeed613; C=extern/mVMC-1.3.0; independent expectation provenance must be read from named fixtures; no regeneration/run in documentation audit	cargo nextest run --locked --cargo-profile test-fast -p mvmc-core --test run_smoke --test runner_config --no-fail-fast --retries 0	No local scalar override; inherited fixture/synthetic constructor arguments; File-wide declarations (inherited where used): data.modpara.nsp_gauss_leg = 1;data.modpara.nmp_trans = 2;data.modpara.nsp_gauss_leg * data.modpara.nmp_trans * data.n_qp_opt_trans;data.modpara.nsp_gauss_leg = 1;data.modpara.nmp_trans = 2;# Initialize parameters with seeded RNG;Random.seed!(rng, data.modpara.rnd_seed);data.modpara.nsp_gauss_leg * abs(data.modpara.nmp_trans) * data.n_qp_opt_trans	UNVERIFIED: individual Julia scenario not replayed against Rust; candidate gate is not evidence of equivalent assertions	#180/#179
S105	testset	@testset "Slater Update Tests" begin	MVMCOptimizers.jl/test/test_slater_update.jl:359	crates/mvmc-core/src/run.rs::vmc_para_opt	Optimization; real/cmp/FSZ; nsteps/nsmp; direct or standard CG; grouped direct within validator; grouped CG rejected	executable bounded production mapping; independent scenario replay unverified	C trajectory/SR/input authority; Julia architecture; final optimization-window output differs from C (owner output gap)	Sampling/proposed moves/acceptance must remain exact; numerical comparisons only for computed values; no implicit rejection rollback claim	E0 scenario-to-production mapping; proposed gate only unless result names executed record	J=8bb1b9e8ae47b1512c00b321be05664ddcac0fd1; source SHA256=840d0d4d6a1474ff3d10188033c29ae969b837a32d638d4f64d1af9dedeed613; C=extern/mVMC-1.3.0; independent expectation provenance must be read from named fixtures; no regeneration/run in documentation audit	cargo nextest run --locked --cargo-profile test-fast -p mvmc-core --test run_smoke --test runner_config --no-fail-fast --retries 0	No local scalar override; inherited fixture/synthetic constructor arguments; File-wide declarations (inherited where used): data.modpara.nsp_gauss_leg = 1;data.modpara.nmp_trans = 2;data.modpara.nsp_gauss_leg * data.modpara.nmp_trans * data.n_qp_opt_trans;data.modpara.nsp_gauss_leg = 1;data.modpara.nmp_trans = 2;# Initialize parameters with seeded RNG;Random.seed!(rng, data.modpara.rnd_seed);data.modpara.nsp_gauss_leg * abs(data.modpara.nmp_trans) * data.n_qp_opt_trans	UNVERIFIED: individual Julia scenario not replayed against Rust; candidate gate is not evidence of equivalent assertions	#180/#179
S106	script-entry-or-reference-aid	MVMCOptimizers.jl/test_unit/helpers/mock_data.jl	MVMCOptimizers.jl/test_unit/helpers/mock_data.jl:1	crates/mvmc-core/src/io.rs::format_c_double	No reference-generator/mock/benchmark/build-adapter CLI obligation	excluded reference aid/tool/mock, not production port requirement	Reference aid; ordinary Rust tests independent of C/Julia/toolbox runtimes	Sampling/proposed moves/acceptance must remain exact; numerical comparisons only for computed values; no implicit rejection rollback claim	E0 scenario-to-production mapping; proposed gate only unless result names executed record	J=8bb1b9e8ae47b1512c00b321be05664ddcac0fd1; source SHA256=89d4dd8b70646f83dcba83c14fdd6e828009e9a1622c02a401e281b918b5a641; C=extern/mVMC-1.3.0; independent expectation provenance must be read from named fixtures; no regeneration/run in documentation audit	SOURCE_ONLY: no production obligation; optional reference-tool invocation only	Deterministic synthetic testset; no externally selected stochastic seed; literal arrays/indices in source; no execution recorded	UNVERIFIED: individual Julia scenario not replayed against Rust; candidate gate is not evidence of equivalent assertions	#184
S107	script-entry-or-reference-aid	MVMCOptimizers.jl/test_unit/helpers/mock_state.jl	MVMCOptimizers.jl/test_unit/helpers/mock_state.jl:1	crates/mvmc-core/src/io.rs::format_c_double	No reference-generator/mock/benchmark/build-adapter CLI obligation	excluded reference aid/tool/mock, not production port requirement	Reference aid; ordinary Rust tests independent of C/Julia/toolbox runtimes	Sampling/proposed moves/acceptance must remain exact; numerical comparisons only for computed values; no implicit rejection rollback claim	E0 scenario-to-production mapping; proposed gate only unless result names executed record	J=8bb1b9e8ae47b1512c00b321be05664ddcac0fd1; source SHA256=30ab95c0afc1b6047ff6eb81ad9ea8293c2f22806407d4a91756e8043d866ae9; C=extern/mVMC-1.3.0; independent expectation provenance must be read from named fixtures; no regeneration/run in documentation audit	SOURCE_ONLY: no production obligation; optional reference-tool invocation only	Deterministic synthetic testset; no externally selected stochastic seed; literal arrays/indices in source; no execution recorded	UNVERIFIED: individual Julia scenario not replayed against Rust; candidate gate is not evidence of equivalent assertions	#184
S108	testset	@testset "split_loop matches C SplitLoop (mVMC/src/mVMC/splitloop.c:33-63)" begin	MVMCOptimizers.jl/test_unit/test_unit_parallel.jl:6	crates/mvmc-core/src/parallel.rs::partition_range	--features mpi and detected launcher; root-only stdout/output; no JULIA_MVMC_MPI env compatibility promise	executable bounded production mapping; independent scenario replay unverified	C/Julia NSplitSize=group SIZE; current draft follows width/remainder and full-chain/comm1 measurement semantics; prior chain-length/burn-marker failures require fresh independent state verification; protocol success not parity; support validator distinguishes normal Green positives from FSZ/Lanczos/CG/OptTrans rejections	Sampling/proposed moves/acceptance must remain exact; numerical comparisons only for computed values; no implicit rejection rollback claim	E0 scenario-to-production mapping; proposed gate only unless result names executed record	J=8bb1b9e8ae47b1512c00b321be05664ddcac0fd1; source SHA256=a2b582f61dc981c318f817fc0575cfadfdb8c93e34c5679aeaf7fdae48be5050; C=extern/mVMC-1.3.0; independent expectation provenance must be read from named fixtures; no regeneration/run in documentation audit	cargo nextest run --locked --cargo-profile test-fast -p mvmc-core --features mpi --test mpi_issue179_collectives --test mpi_issue179_state --no-fail-fast --retries 0	Testset scalar settings: (3, 2) => [(0, 1), (1, 3)], # F8: size0=3, NSplitSize=2 相当; File-wide declarations (inherited where used): (3, 2) => [(0, 1), (1, 3)], # F8: size0=3, NSplitSize=2 相当;# size0=3, NSplitSize=2: 最後の group が小さい (F8, warning のみで継続);using MVMCOptimizers: resolve_rnd_seed;@testset "resolve_rnd_seed C parity (spec §5-1, A5)" begin;@test resolve_rnd_seed(ctx, 11272, nothing) == 11272 # missing → parser default;@test resolve_rnd_seed(ctx, 0, nothing) == 0 # RndSeed==0 → seed 0 (C parity);@test resolve_rnd_seed(ctx, 123, nothing) == 123 # 正値;t = resolve_rnd_seed(ctx, -1, nothing) # 負値 → 時刻 seed;@test resolve_rnd_seed(ctx, 123, 777) == 777 # 明示 seed kwarg が優先;@test resolve_rnd_seed(ctx2, 100, nothing) == 103;modpara.nsrcg = 1;serial_modpara.nsrcg = 1;split_direct_modpara.nsplit_size = 2;split_direct_modpara.nsrcg = 0;split_cg_modpara.nsplit_size = 2;split_cg_modpara.nsrcg = 1;@test occursin("NSplitSize > 1 with SR-CG", sprint(showerror, err));modpara.nsrcg = 2;@testset "ModPara rnd_seed default matches C readdef.c:1967 (review F2)" begin;@test MVMCExpertModeParsers.ModParaParameters().rnd_seed == 11272	UNVERIFIED: individual Julia scenario not replayed against Rust; candidate gate is not evidence of equivalent assertions	#177/#178/#179
S109	testset	@testset "split_range is the 1-based Julia view of split_loop" begin	MVMCOptimizers.jl/test_unit/test_unit_parallel.jl:25	crates/mvmc-core/src/parallel.rs::partition_range	--features mpi and detected launcher; root-only stdout/output; no JULIA_MVMC_MPI env compatibility promise	executable bounded production mapping; independent scenario replay unverified	C/Julia NSplitSize=group SIZE; current draft follows width/remainder and full-chain/comm1 measurement semantics; prior chain-length/burn-marker failures require fresh independent state verification; protocol success not parity; support validator distinguishes normal Green positives from FSZ/Lanczos/CG/OptTrans rejections	Sampling/proposed moves/acceptance must remain exact; numerical comparisons only for computed values; no implicit rejection rollback claim	E0 scenario-to-production mapping; proposed gate only unless result names executed record	J=8bb1b9e8ae47b1512c00b321be05664ddcac0fd1; source SHA256=a2b582f61dc981c318f817fc0575cfadfdb8c93e34c5679aeaf7fdae48be5050; C=extern/mVMC-1.3.0; independent expectation provenance must be read from named fixtures; no regeneration/run in documentation audit	cargo nextest run --locked --cargo-profile test-fast -p mvmc-core --features mpi --test mpi_issue179_collectives --test mpi_issue179_state --no-fail-fast --retries 0	No local scalar override; inherited fixture/synthetic constructor arguments; File-wide declarations (inherited where used): (3, 2) => [(0, 1), (1, 3)], # F8: size0=3, NSplitSize=2 相当;# size0=3, NSplitSize=2: 最後の group が小さい (F8, warning のみで継続);using MVMCOptimizers: resolve_rnd_seed;@testset "resolve_rnd_seed C parity (spec §5-1, A5)" begin;@test resolve_rnd_seed(ctx, 11272, nothing) == 11272 # missing → parser default;@test resolve_rnd_seed(ctx, 0, nothing) == 0 # RndSeed==0 → seed 0 (C parity);@test resolve_rnd_seed(ctx, 123, nothing) == 123 # 正値;t = resolve_rnd_seed(ctx, -1, nothing) # 負値 → 時刻 seed;@test resolve_rnd_seed(ctx, 123, 777) == 777 # 明示 seed kwarg が優先;@test resolve_rnd_seed(ctx2, 100, nothing) == 103;modpara.nsrcg = 1;serial_modpara.nsrcg = 1;split_direct_modpara.nsplit_size = 2;split_direct_modpara.nsrcg = 0;split_cg_modpara.nsplit_size = 2;split_cg_modpara.nsrcg = 1;@test occursin("NSplitSize > 1 with SR-CG", sprint(showerror, err));modpara.nsrcg = 2;@testset "ModPara rnd_seed default matches C readdef.c:1967 (review F2)" begin;@test MVMCExpertModeParsers.ModParaParameters().rnd_seed == 11272	UNVERIFIED: individual Julia scenario not replayed against Rust; candidate gate is not evidence of equivalent assertions	#177/#178/#179
S110	testset	@testset "qp_split_range returns 1-based half-open QP ranges" begin	MVMCOptimizers.jl/test_unit/test_unit_parallel.jl:33	crates/mvmc-core/src/reducer.rs::SingleProcessReducer; crates/mvmc-core/src/parallel.rs::group_range; crates/mvmc-core/src/parallel.rs::local_range; crates/mvmc-core/src/mpi.rs::MpiContext; crates/mvmc-core/src/mpi.rs::MpiGroupContext; crates/mvmc-core/src/reducer.rs::SingleProcessReducer	--features mpi and detected launcher; root-only stdout/output; no JULIA_MVMC_MPI env compatibility promise	executable bounded production mapping; independent scenario replay unverified	C/Julia NSplitSize=group SIZE; current draft follows width/remainder and full-chain/comm1 measurement semantics; prior chain-length/burn-marker failures require fresh independent state verification; protocol success not parity; support validator distinguishes normal Green positives from FSZ/Lanczos/CG/OptTrans rejections	Sampling/proposed moves/acceptance must remain exact; numerical comparisons only for computed values; no implicit rejection rollback claim	E0 scenario-to-production mapping; proposed gate only unless result names executed record	J=8bb1b9e8ae47b1512c00b321be05664ddcac0fd1; source SHA256=a2b582f61dc981c318f817fc0575cfadfdb8c93e34c5679aeaf7fdae48be5050; C=extern/mVMC-1.3.0; independent expectation provenance must be read from named fixtures; no regeneration/run in documentation audit	cargo nextest run --locked --cargo-profile test-fast -p mvmc-core --features mpi --test mpi_issue179_collectives --test mpi_issue179_state --no-fail-fast --retries 0	No local scalar override; inherited fixture/synthetic constructor arguments; File-wide declarations (inherited where used): (3, 2) => [(0, 1), (1, 3)], # F8: size0=3, NSplitSize=2 相当;# size0=3, NSplitSize=2: 最後の group が小さい (F8, warning のみで継続);using MVMCOptimizers: resolve_rnd_seed;@testset "resolve_rnd_seed C parity (spec §5-1, A5)" begin;@test resolve_rnd_seed(ctx, 11272, nothing) == 11272 # missing → parser default;@test resolve_rnd_seed(ctx, 0, nothing) == 0 # RndSeed==0 → seed 0 (C parity);@test resolve_rnd_seed(ctx, 123, nothing) == 123 # 正値;t = resolve_rnd_seed(ctx, -1, nothing) # 負値 → 時刻 seed;@test resolve_rnd_seed(ctx, 123, 777) == 777 # 明示 seed kwarg が優先;@test resolve_rnd_seed(ctx2, 100, nothing) == 103;modpara.nsrcg = 1;serial_modpara.nsrcg = 1;split_direct_modpara.nsplit_size = 2;split_direct_modpara.nsrcg = 0;split_cg_modpara.nsplit_size = 2;split_cg_modpara.nsrcg = 1;@test occursin("NSplitSize > 1 with SR-CG", sprint(showerror, err));modpara.nsrcg = 2;@testset "ModPara rnd_seed default matches C readdef.c:1967 (review F2)" begin;@test MVMCExpertModeParsers.ModParaParameters().rnd_seed == 11272	UNVERIFIED: individual Julia scenario not replayed against Rust; candidate gate is not evidence of equivalent assertions	#177/#178/#179
S111	testset	@testset "serial scalar reductions are no-ops" begin	MVMCOptimizers.jl/test_unit/test_unit_parallel.jl:49	crates/mvmc-core/src/reducer.rs::SingleProcessReducer; crates/mvmc-core/src/mpi.rs::allreduce_sum_f64; crates/mvmc-core/src/mpi.rs::allreduce_sum_f64; crates/mvmc-core/src/reducer.rs::allreduce_sum_f64; NO standalone max-reduction API; Reducer::any_failure uses summed integer status, not max-value semantics	--features mpi and detected launcher; root-only stdout/output; no JULIA_MVMC_MPI env compatibility promise	executable bounded production mapping; independent scenario replay unverified	C/Julia NSplitSize=group SIZE; current draft follows width/remainder and full-chain/comm1 measurement semantics; prior chain-length/burn-marker failures require fresh independent state verification; protocol success not parity	Sampling/proposed moves/acceptance must remain exact; numerical comparisons only for computed values; no implicit rejection rollback claim	E0 scenario-to-production mapping; proposed gate only unless result names executed record	J=8bb1b9e8ae47b1512c00b321be05664ddcac0fd1; source SHA256=a2b582f61dc981c318f817fc0575cfadfdb8c93e34c5679aeaf7fdae48be5050; C=extern/mVMC-1.3.0; independent expectation provenance must be read from named fixtures; no regeneration/run in documentation audit	cargo nextest run --locked --cargo-profile test-fast -p mvmc-core --features mpi --test mpi_issue179_collectives --test mpi_issue179_state --no-fail-fast --retries 0	No local scalar override; inherited fixture/synthetic constructor arguments; File-wide declarations (inherited where used): (3, 2) => [(0, 1), (1, 3)], # F8: size0=3, NSplitSize=2 相当;# size0=3, NSplitSize=2: 最後の group が小さい (F8, warning のみで継続);using MVMCOptimizers: resolve_rnd_seed;@testset "resolve_rnd_seed C parity (spec §5-1, A5)" begin;@test resolve_rnd_seed(ctx, 11272, nothing) == 11272 # missing → parser default;@test resolve_rnd_seed(ctx, 0, nothing) == 0 # RndSeed==0 → seed 0 (C parity);@test resolve_rnd_seed(ctx, 123, nothing) == 123 # 正値;t = resolve_rnd_seed(ctx, -1, nothing) # 負値 → 時刻 seed;@test resolve_rnd_seed(ctx, 123, 777) == 777 # 明示 seed kwarg が優先;@test resolve_rnd_seed(ctx2, 100, nothing) == 103;modpara.nsrcg = 1;serial_modpara.nsrcg = 1;split_direct_modpara.nsplit_size = 2;split_direct_modpara.nsrcg = 0;split_cg_modpara.nsplit_size = 2;split_cg_modpara.nsrcg = 1;@test occursin("NSplitSize > 1 with SR-CG", sprint(showerror, err));modpara.nsrcg = 2;@testset "ModPara rnd_seed default matches C readdef.c:1967 (review F2)" begin;@test MVMCExpertModeParsers.ModParaParameters().rnd_seed == 11272	UNVERIFIED: individual Julia scenario not replayed against Rust; candidate gate is not evidence of equivalent assertions	#177/#178/#179
S112	testset	@testset "group1 assignment (C vmcmain.c:239)" begin	MVMCOptimizers.jl/test_unit/test_unit_parallel.jl:56	crates/mvmc-core/src/parallel.rs::partition_range	--features mpi and detected launcher; root-only stdout/output; no JULIA_MVMC_MPI env compatibility promise	executable bounded production mapping; independent scenario replay unverified	C/Julia NSplitSize=group SIZE; current draft follows width/remainder and full-chain/comm1 measurement semantics; prior chain-length/burn-marker failures require fresh independent state verification; protocol success not parity; support validator distinguishes normal Green positives from FSZ/Lanczos/CG/OptTrans rejections	Sampling/proposed moves/acceptance must remain exact; numerical comparisons only for computed values; no implicit rejection rollback claim	E0 scenario-to-production mapping; proposed gate only unless result names executed record	J=8bb1b9e8ae47b1512c00b321be05664ddcac0fd1; source SHA256=a2b582f61dc981c318f817fc0575cfadfdb8c93e34c5679aeaf7fdae48be5050; C=extern/mVMC-1.3.0; independent expectation provenance must be read from named fixtures; no regeneration/run in documentation audit	cargo nextest run --locked --cargo-profile test-fast -p mvmc-core --features mpi --test mpi_issue179_collectives --test mpi_issue179_state --no-fail-fast --retries 0	Testset scalar settings: # size0=3, NSplitSize=2: 最後の group が小さい (F8, warning のみで継続); File-wide declarations (inherited where used): (3, 2) => [(0, 1), (1, 3)], # F8: size0=3, NSplitSize=2 相当;# size0=3, NSplitSize=2: 最後の group が小さい (F8, warning のみで継続);using MVMCOptimizers: resolve_rnd_seed;@testset "resolve_rnd_seed C parity (spec §5-1, A5)" begin;@test resolve_rnd_seed(ctx, 11272, nothing) == 11272 # missing → parser default;@test resolve_rnd_seed(ctx, 0, nothing) == 0 # RndSeed==0 → seed 0 (C parity);@test resolve_rnd_seed(ctx, 123, nothing) == 123 # 正値;t = resolve_rnd_seed(ctx, -1, nothing) # 負値 → 時刻 seed;@test resolve_rnd_seed(ctx, 123, 777) == 777 # 明示 seed kwarg が優先;@test resolve_rnd_seed(ctx2, 100, nothing) == 103;modpara.nsrcg = 1;serial_modpara.nsrcg = 1;split_direct_modpara.nsplit_size = 2;split_direct_modpara.nsrcg = 0;split_cg_modpara.nsplit_size = 2;split_cg_modpara.nsrcg = 1;@test occursin("NSplitSize > 1 with SR-CG", sprint(showerror, err));modpara.nsrcg = 2;@testset "ModPara rnd_seed default matches C readdef.c:1967 (review F2)" begin;@test MVMCExpertModeParsers.ModParaParameters().rnd_seed == 11272	UNVERIFIED: individual Julia scenario not replayed against Rust; candidate gate is not evidence of equivalent assertions	#177/#178/#179
S113	testset	@testset "serial_context" begin	MVMCOptimizers.jl/test_unit/test_unit_parallel.jl:64	crates/mvmc-core/src/reducer.rs::SingleProcessReducer; crates/mvmc-core/src/mpi.rs::is_output_root; crates/mvmc-core/src/reducer.rs::is_output_root; crates/mvmc-core/src/run.rs::is_output_root	--features mpi and detected launcher; root-only stdout/output; no JULIA_MVMC_MPI env compatibility promise	executable bounded production mapping; independent scenario replay unverified	C/Julia NSplitSize=group SIZE; current draft follows width/remainder and full-chain/comm1 measurement semantics; prior chain-length/burn-marker failures require fresh independent state verification; protocol success not parity	Sampling/proposed moves/acceptance must remain exact; numerical comparisons only for computed values; no implicit rejection rollback claim	E0 scenario-to-production mapping; proposed gate only unless result names executed record	J=8bb1b9e8ae47b1512c00b321be05664ddcac0fd1; source SHA256=a2b582f61dc981c318f817fc0575cfadfdb8c93e34c5679aeaf7fdae48be5050; C=extern/mVMC-1.3.0; independent expectation provenance must be read from named fixtures; no regeneration/run in documentation audit	cargo nextest run --locked --cargo-profile test-fast -p mvmc-core --features mpi --test mpi_issue179_collectives --test mpi_issue179_state --no-fail-fast --retries 0	No local scalar override; inherited fixture/synthetic constructor arguments; File-wide declarations (inherited where used): (3, 2) => [(0, 1), (1, 3)], # F8: size0=3, NSplitSize=2 相当;# size0=3, NSplitSize=2: 最後の group が小さい (F8, warning のみで継続);using MVMCOptimizers: resolve_rnd_seed;@testset "resolve_rnd_seed C parity (spec §5-1, A5)" begin;@test resolve_rnd_seed(ctx, 11272, nothing) == 11272 # missing → parser default;@test resolve_rnd_seed(ctx, 0, nothing) == 0 # RndSeed==0 → seed 0 (C parity);@test resolve_rnd_seed(ctx, 123, nothing) == 123 # 正値;t = resolve_rnd_seed(ctx, -1, nothing) # 負値 → 時刻 seed;@test resolve_rnd_seed(ctx, 123, 777) == 777 # 明示 seed kwarg が優先;@test resolve_rnd_seed(ctx2, 100, nothing) == 103;modpara.nsrcg = 1;serial_modpara.nsrcg = 1;split_direct_modpara.nsplit_size = 2;split_direct_modpara.nsrcg = 0;split_cg_modpara.nsplit_size = 2;split_cg_modpara.nsrcg = 1;@test occursin("NSplitSize > 1 with SR-CG", sprint(showerror, err));modpara.nsrcg = 2;@testset "ModPara rnd_seed default matches C readdef.c:1967 (review F2)" begin;@test MVMCExpertModeParsers.ModParaParameters().rnd_seed == 11272	UNVERIFIED: individual Julia scenario not replayed against Rust; candidate gate is not evidence of equivalent assertions	#177/#178/#179
S114	testset	@testset "JULIA_MVMC_MPI policy (detection-policy spec 判定表, F3/F5/F12+A7)" begin	MVMCOptimizers.jl/test_unit/test_unit_parallel.jl:77	crates/mvmc-core/src/parallel.rs::partition_range	--features mpi and detected launcher; root-only stdout/output; no JULIA_MVMC_MPI env compatibility promise	executable bounded production mapping; independent scenario replay unverified	C/Julia NSplitSize=group SIZE; current draft follows width/remainder and full-chain/comm1 measurement semantics; prior chain-length/burn-marker failures require fresh independent state verification; protocol success not parity	Sampling/proposed moves/acceptance must remain exact; numerical comparisons only for computed values; no implicit rejection rollback claim	E0 scenario-to-production mapping; proposed gate only unless result names executed record	J=8bb1b9e8ae47b1512c00b321be05664ddcac0fd1; source SHA256=a2b582f61dc981c318f817fc0575cfadfdb8c93e34c5679aeaf7fdae48be5050; C=extern/mVMC-1.3.0; independent expectation provenance must be read from named fixtures; no regeneration/run in documentation audit	cargo nextest run --locked --cargo-profile test-fast -p mvmc-core --features mpi --test mpi_issue179_collectives --test mpi_issue179_state --no-fail-fast --retries 0	No local scalar override; inherited fixture/synthetic constructor arguments; File-wide declarations (inherited where used): (3, 2) => [(0, 1), (1, 3)], # F8: size0=3, NSplitSize=2 相当;# size0=3, NSplitSize=2: 最後の group が小さい (F8, warning のみで継続);using MVMCOptimizers: resolve_rnd_seed;@testset "resolve_rnd_seed C parity (spec §5-1, A5)" begin;@test resolve_rnd_seed(ctx, 11272, nothing) == 11272 # missing → parser default;@test resolve_rnd_seed(ctx, 0, nothing) == 0 # RndSeed==0 → seed 0 (C parity);@test resolve_rnd_seed(ctx, 123, nothing) == 123 # 正値;t = resolve_rnd_seed(ctx, -1, nothing) # 負値 → 時刻 seed;@test resolve_rnd_seed(ctx, 123, 777) == 777 # 明示 seed kwarg が優先;@test resolve_rnd_seed(ctx2, 100, nothing) == 103;modpara.nsrcg = 1;serial_modpara.nsrcg = 1;split_direct_modpara.nsplit_size = 2;split_direct_modpara.nsrcg = 0;split_cg_modpara.nsplit_size = 2;split_cg_modpara.nsrcg = 1;@test occursin("NSplitSize > 1 with SR-CG", sprint(showerror, err));modpara.nsrcg = 2;@testset "ModPara rnd_seed default matches C readdef.c:1967 (review F2)" begin;@test MVMCExpertModeParsers.ModParaParameters().rnd_seed == 11272	UNVERIFIED: individual Julia scenario not replayed against Rust; candidate gate is not evidence of equivalent assertions	#177/#178/#179
S115	testset	@testset "serial wrappers are no-ops" begin	MVMCOptimizers.jl/test_unit/test_unit_parallel.jl:141	crates/mvmc-core/src/reducer.rs::SingleProcessReducer; crates/mvmc-core/src/mpi.rs::broadcast_c64; crates/mvmc-core/src/mpi.rs::broadcast_c64; crates/mvmc-core/src/reducer.rs::broadcast_c64; crates/mvmc-core/src/mpi.rs::broadcast_i64; crates/mvmc-core/src/mpi.rs::broadcast_i64; crates/mvmc-core/src/mpi.rs::broadcast_i64; crates/mvmc-core/src/mpi.rs::broadcast_i64; crates/mvmc-core/src/mpi.rs::broadcast_i64; crates/mvmc-core/src/mpi.rs::broadcast_i64; crates/mvmc-core/src/mpi.rs::allreduce_sum_f64; crates/mvmc-core/src/mpi.rs::allreduce_sum_f64; crates/mvmc-core/src/reducer.rs::allreduce_sum_f64; crates/mvmc-core/src/mpi.rs::allreduce_sum_c64; crates/mvmc-core/src/mpi.rs::allreduce_sum_c64; crates/mvmc-core/src/reducer.rs::allreduce_sum_c64; crates/mvmc-core/src/mpi.rs::allreduce_sum_i64; crates/mvmc-core/src/mpi.rs::allreduce_sum_i64; crates/mvmc-core/src/reducer.rs::allreduce_sum_i64; crates/mvmc-core/src/run.rs::reduce_accumulators; crates/mvmc-core/src/mpi.rs::is_output_root; crates/mvmc-core/src/reducer.rs::is_output_root; crates/mvmc-core/src/run.rs::is_output_root; mpi::traits::CommunicatorCollectives::barrier via MpiContext::world(); no Reducer barrier API; crates/mvmc-core/src/counter.rs::reduce_counter	--features mpi and detected launcher; root-only stdout/output; no JULIA_MVMC_MPI env compatibility promise	executable bounded production mapping; independent scenario replay unverified	C/Julia NSplitSize=group SIZE; current draft follows width/remainder and full-chain/comm1 measurement semantics; prior chain-length/burn-marker failures require fresh independent state verification; protocol success not parity	Sampling/proposed moves/acceptance must remain exact; numerical comparisons only for computed values; no implicit rejection rollback claim	E0 scenario-to-production mapping; proposed gate only unless result names executed record	J=8bb1b9e8ae47b1512c00b321be05664ddcac0fd1; source SHA256=a2b582f61dc981c318f817fc0575cfadfdb8c93e34c5679aeaf7fdae48be5050; C=extern/mVMC-1.3.0; independent expectation provenance must be read from named fixtures; no regeneration/run in documentation audit	cargo nextest run --locked --cargo-profile test-fast -p mvmc-core --features mpi --test mpi_issue179_collectives --test mpi_issue179_state --no-fail-fast --retries 0	No local scalar override; inherited fixture/synthetic constructor arguments; File-wide declarations (inherited where used): (3, 2) => [(0, 1), (1, 3)], # F8: size0=3, NSplitSize=2 相当;# size0=3, NSplitSize=2: 最後の group が小さい (F8, warning のみで継続);using MVMCOptimizers: resolve_rnd_seed;@testset "resolve_rnd_seed C parity (spec §5-1, A5)" begin;@test resolve_rnd_seed(ctx, 11272, nothing) == 11272 # missing → parser default;@test resolve_rnd_seed(ctx, 0, nothing) == 0 # RndSeed==0 → seed 0 (C parity);@test resolve_rnd_seed(ctx, 123, nothing) == 123 # 正値;t = resolve_rnd_seed(ctx, -1, nothing) # 負値 → 時刻 seed;@test resolve_rnd_seed(ctx, 123, 777) == 777 # 明示 seed kwarg が優先;@test resolve_rnd_seed(ctx2, 100, nothing) == 103;modpara.nsrcg = 1;serial_modpara.nsrcg = 1;split_direct_modpara.nsplit_size = 2;split_direct_modpara.nsrcg = 0;split_cg_modpara.nsplit_size = 2;split_cg_modpara.nsrcg = 1;@test occursin("NSplitSize > 1 with SR-CG", sprint(showerror, err));modpara.nsrcg = 2;@testset "ModPara rnd_seed default matches C readdef.c:1967 (review F2)" begin;@test MVMCExpertModeParsers.ModParaParameters().rnd_seed == 11272	UNVERIFIED: individual Julia scenario not replayed against Rust; candidate gate is not evidence of equivalent assertions	#177/#178/#179
S116	testset	@testset "_chunk_ranges (C SafeMpiAllReduce, safempi.c:29 D_MpiSendMax)" begin	MVMCOptimizers.jl/test_unit/test_unit_parallel.jl:153	crates/mvmc-core/src/parallel.rs::partition_range	--features mpi and detected launcher; root-only stdout/output; no JULIA_MVMC_MPI env compatibility promise	executable bounded production mapping; independent scenario replay unverified	C/Julia NSplitSize=group SIZE; current draft follows width/remainder and full-chain/comm1 measurement semantics; prior chain-length/burn-marker failures require fresh independent state verification; protocol success not parity	Sampling/proposed moves/acceptance must remain exact; numerical comparisons only for computed values; no implicit rejection rollback claim	E0 scenario-to-production mapping; proposed gate only unless result names executed record	J=8bb1b9e8ae47b1512c00b321be05664ddcac0fd1; source SHA256=a2b582f61dc981c318f817fc0575cfadfdb8c93e34c5679aeaf7fdae48be5050; C=extern/mVMC-1.3.0; independent expectation provenance must be read from named fixtures; no regeneration/run in documentation audit	cargo nextest run --locked --cargo-profile test-fast -p mvmc-core --features mpi --test mpi_issue179_collectives --test mpi_issue179_state --no-fail-fast --retries 0	No local scalar override; inherited fixture/synthetic constructor arguments; File-wide declarations (inherited where used): (3, 2) => [(0, 1), (1, 3)], # F8: size0=3, NSplitSize=2 相当;# size0=3, NSplitSize=2: 最後の group が小さい (F8, warning のみで継続);using MVMCOptimizers: resolve_rnd_seed;@testset "resolve_rnd_seed C parity (spec §5-1, A5)" begin;@test resolve_rnd_seed(ctx, 11272, nothing) == 11272 # missing → parser default;@test resolve_rnd_seed(ctx, 0, nothing) == 0 # RndSeed==0 → seed 0 (C parity);@test resolve_rnd_seed(ctx, 123, nothing) == 123 # 正値;t = resolve_rnd_seed(ctx, -1, nothing) # 負値 → 時刻 seed;@test resolve_rnd_seed(ctx, 123, 777) == 777 # 明示 seed kwarg が優先;@test resolve_rnd_seed(ctx2, 100, nothing) == 103;modpara.nsrcg = 1;serial_modpara.nsrcg = 1;split_direct_modpara.nsplit_size = 2;split_direct_modpara.nsrcg = 0;split_cg_modpara.nsplit_size = 2;split_cg_modpara.nsrcg = 1;@test occursin("NSplitSize > 1 with SR-CG", sprint(showerror, err));modpara.nsrcg = 2;@testset "ModPara rnd_seed default matches C readdef.c:1967 (review F2)" begin;@test MVMCExpertModeParsers.ModParaParameters().rnd_seed == 11272	UNVERIFIED: individual Julia scenario not replayed against Rust; candidate gate is not evidence of equivalent assertions	#177/#178/#179
S117	testset	@testset "resolve_rnd_seed C parity (spec §5-1, A5)" begin	MVMCOptimizers.jl/test_unit/test_unit_parallel.jl:162	crates/mvmc-core/src/reducer.rs::SingleProcessReducer; crates/mvmc-core/src/run.rs::resolve_seed_with_reducer; crates/mvmc-core/src/mpi.rs::MpiContext; crates/mvmc-core/src/mpi.rs::MpiGroupContext; crates/mvmc-core/src/reducer.rs::SingleProcessReducer	--features mpi and detected launcher; root-only stdout/output; no JULIA_MVMC_MPI env compatibility promise	executable bounded production mapping; independent scenario replay unverified	C/Julia NSplitSize=group SIZE; current draft follows width/remainder and full-chain/comm1 measurement semantics; prior chain-length/burn-marker failures require fresh independent state verification; protocol success not parity	Exact RNG/config/count/status/indices/flags and untouched copy tails; computed normalization/inverse values follow #190; no claimed full trajectory from snapshots	E0 scenario-to-production mapping; proposed gate only unless result names executed record	J=8bb1b9e8ae47b1512c00b321be05664ddcac0fd1; source SHA256=a2b582f61dc981c318f817fc0575cfadfdb8c93e34c5679aeaf7fdae48be5050; C=extern/mVMC-1.3.0; independent expectation provenance must be read from named fixtures; no regeneration/run in documentation audit	cargo nextest run --locked --cargo-profile test-fast -p mvmc-core --features mpi --test mpi_issue179_collectives --test mpi_issue179_state --no-fail-fast --retries 0	Testset scalar settings: @test resolve_rnd_seed(ctx, 0, nothing) == 0 # RndSeed==0 → seed 0 (C parity); File-wide declarations (inherited where used): (3, 2) => [(0, 1), (1, 3)], # F8: size0=3, NSplitSize=2 相当;# size0=3, NSplitSize=2: 最後の group が小さい (F8, warning のみで継続);using MVMCOptimizers: resolve_rnd_seed;@testset "resolve_rnd_seed C parity (spec §5-1, A5)" begin;@test resolve_rnd_seed(ctx, 11272, nothing) == 11272 # missing → parser default;@test resolve_rnd_seed(ctx, 0, nothing) == 0 # RndSeed==0 → seed 0 (C parity);@test resolve_rnd_seed(ctx, 123, nothing) == 123 # 正値;t = resolve_rnd_seed(ctx, -1, nothing) # 負値 → 時刻 seed;@test resolve_rnd_seed(ctx, 123, 777) == 777 # 明示 seed kwarg が優先;@test resolve_rnd_seed(ctx2, 100, nothing) == 103;modpara.nsrcg = 1;serial_modpara.nsrcg = 1;split_direct_modpara.nsplit_size = 2;split_direct_modpara.nsrcg = 0;split_cg_modpara.nsplit_size = 2;split_cg_modpara.nsrcg = 1;@test occursin("NSplitSize > 1 with SR-CG", sprint(showerror, err));modpara.nsrcg = 2;@testset "ModPara rnd_seed default matches C readdef.c:1967 (review F2)" begin;@test MVMCExpertModeParsers.ModParaParameters().rnd_seed == 11272	UNVERIFIED: individual Julia scenario not replayed against Rust; candidate gate is not evidence of equivalent assertions	#177/#178/#179
S118	testset	@testset "MPI para-opt accepts standard SR-CG after collective implementation" begin	MVMCOptimizers.jl/test_unit/test_unit_parallel.jl:180	crates/mvmc-core/src/mpi.rs::MpiContext; crates/mvmc-core/src/mpi.rs::MpiGroupContext; crates/mvmc-core/src/reducer.rs::SingleProcessReducer; crates/mvmc-expert-parsers/src/types.rs::ModParaParameters; crates/mvmc-core/src/validation.rs::validate_supported_modpara; crates/mvmc-core/src/reducer.rs::SingleProcessReducer	--features mpi and detected launcher; root-only stdout/output; no JULIA_MVMC_MPI env compatibility promise	executable bounded production mapping; independent scenario replay unverified	C/Julia NSplitSize=group SIZE; current draft follows width/remainder and full-chain/comm1 measurement semantics; prior chain-length/burn-marker failures require fresh independent state verification; protocol success not parity	Sampling/proposed moves/acceptance must remain exact; numerical comparisons only for computed values; no implicit rejection rollback claim	E0 scenario-to-production mapping; proposed gate only unless result names executed record	J=8bb1b9e8ae47b1512c00b321be05664ddcac0fd1; source SHA256=a2b582f61dc981c318f817fc0575cfadfdb8c93e34c5679aeaf7fdae48be5050; C=extern/mVMC-1.3.0; independent expectation provenance must be read from named fixtures; no regeneration/run in documentation audit	cargo nextest run --locked --cargo-profile test-fast -p mvmc-core --features mpi --test mpi_issue179_collectives --test mpi_issue179_state --no-fail-fast --retries 0	Testset scalar settings: modpara.nsrcg = 1; serial_modpara.nsrcg = 1; split_direct_modpara.nsrcg = 0; split_cg_modpara.nsrcg = 1; modpara.nsrcg = 2; File-wide declarations (inherited where used): (3, 2) => [(0, 1), (1, 3)], # F8: size0=3, NSplitSize=2 相当;# size0=3, NSplitSize=2: 最後の group が小さい (F8, warning のみで継続);using MVMCOptimizers: resolve_rnd_seed;@testset "resolve_rnd_seed C parity (spec §5-1, A5)" begin;@test resolve_rnd_seed(ctx, 11272, nothing) == 11272 # missing → parser default;@test resolve_rnd_seed(ctx, 0, nothing) == 0 # RndSeed==0 → seed 0 (C parity);@test resolve_rnd_seed(ctx, 123, nothing) == 123 # 正値;t = resolve_rnd_seed(ctx, -1, nothing) # 負値 → 時刻 seed;@test resolve_rnd_seed(ctx, 123, 777) == 777 # 明示 seed kwarg が優先;@test resolve_rnd_seed(ctx2, 100, nothing) == 103;modpara.nsrcg = 1;serial_modpara.nsrcg = 1;split_direct_modpara.nsplit_size = 2;split_direct_modpara.nsrcg = 0;split_cg_modpara.nsplit_size = 2;split_cg_modpara.nsrcg = 1;@test occursin("NSplitSize > 1 with SR-CG", sprint(showerror, err));modpara.nsrcg = 2;@testset "ModPara rnd_seed default matches C readdef.c:1967 (review F2)" begin;@test MVMCExpertModeParsers.ModParaParameters().rnd_seed == 11272	UNVERIFIED: individual Julia scenario not replayed against Rust; candidate gate is not evidence of equivalent assertions	#177/#178/#179
S119	testset	@testset "ModPara rnd_seed default matches C readdef.c:1967 (review F2)" begin	MVMCOptimizers.jl/test_unit/test_unit_parallel.jl:227	crates/mvmc-expert-parsers/src/types.rs::ModParaParameters	--features mpi and detected launcher; root-only stdout/output; no JULIA_MVMC_MPI env compatibility promise	executable bounded production mapping; independent scenario replay unverified	C/Julia NSplitSize=group SIZE; current draft follows width/remainder and full-chain/comm1 measurement semantics; prior chain-length/burn-marker failures require fresh independent state verification; protocol success not parity	Exact RNG/config/count/status/indices/flags and untouched copy tails; computed normalization/inverse values follow #190; no claimed full trajectory from snapshots	E0 scenario-to-production mapping; proposed gate only unless result names executed record	J=8bb1b9e8ae47b1512c00b321be05664ddcac0fd1; source SHA256=a2b582f61dc981c318f817fc0575cfadfdb8c93e34c5679aeaf7fdae48be5050; C=extern/mVMC-1.3.0; independent expectation provenance must be read from named fixtures; no regeneration/run in documentation audit	cargo nextest run --locked --cargo-profile test-fast -p mvmc-core --features mpi --test mpi_issue179_collectives --test mpi_issue179_state --no-fail-fast --retries 0	No local scalar override; inherited fixture/synthetic constructor arguments; File-wide declarations (inherited where used): (3, 2) => [(0, 1), (1, 3)], # F8: size0=3, NSplitSize=2 相当;# size0=3, NSplitSize=2: 最後の group が小さい (F8, warning のみで継続);using MVMCOptimizers: resolve_rnd_seed;@testset "resolve_rnd_seed C parity (spec §5-1, A5)" begin;@test resolve_rnd_seed(ctx, 11272, nothing) == 11272 # missing → parser default;@test resolve_rnd_seed(ctx, 0, nothing) == 0 # RndSeed==0 → seed 0 (C parity);@test resolve_rnd_seed(ctx, 123, nothing) == 123 # 正値;t = resolve_rnd_seed(ctx, -1, nothing) # 負値 → 時刻 seed;@test resolve_rnd_seed(ctx, 123, 777) == 777 # 明示 seed kwarg が優先;@test resolve_rnd_seed(ctx2, 100, nothing) == 103;modpara.nsrcg = 1;serial_modpara.nsrcg = 1;split_direct_modpara.nsplit_size = 2;split_direct_modpara.nsrcg = 0;split_cg_modpara.nsplit_size = 2;split_cg_modpara.nsrcg = 1;@test occursin("NSplitSize > 1 with SR-CG", sprint(showerror, err));modpara.nsrcg = 2;@testset "ModPara rnd_seed default matches C readdef.c:1967 (review F2)" begin;@test MVMCExpertModeParsers.ModParaParameters().rnd_seed == 11272	UNVERIFIED: individual Julia scenario not replayed against Rust; candidate gate is not evidence of equivalent assertions	#177/#178/#179
S120	testset	@testset "parameter pack/unpack roundtrip (spec §5-2, F4)" begin	MVMCOptimizers.jl/test_unit/test_unit_parallel.jl:233	crates/mvmc-expert-parsers/src/lib.rs::parse_expert_mode_files; crates/mvmc-expert-parsers/src/types.rs::count_variational_parameters; crates/mvmc-core/src/sync.rs::pack_variational_parameters; crates/mvmc-core/src/sr.rs::update_parameter_value; crates/mvmc-core/src/sync.rs::unpack_variational_parameters	--features mpi and detected launcher; root-only stdout/output; no JULIA_MVMC_MPI env compatibility promise	executable bounded production mapping; independent scenario replay unverified	C/Julia NSplitSize=group SIZE; current draft follows width/remainder and full-chain/comm1 measurement semantics; prior chain-length/burn-marker failures require fresh independent state verification; protocol success not parity	Sampling/proposed moves/acceptance must remain exact; numerical comparisons only for computed values; no implicit rejection rollback claim	E0 scenario-to-production mapping; proposed gate only unless result names executed record	J=8bb1b9e8ae47b1512c00b321be05664ddcac0fd1; source SHA256=a2b582f61dc981c318f817fc0575cfadfdb8c93e34c5679aeaf7fdae48be5050; C=extern/mVMC-1.3.0; independent expectation provenance must be read from named fixtures; no regeneration/run in documentation audit	cargo nextest run --locked --cargo-profile test-fast -p mvmc-core --features mpi --test mpi_issue179_collectives --test mpi_issue179_state --no-fail-fast --retries 0	No local scalar override; inherited fixture/synthetic constructor arguments; File-wide declarations (inherited where used): (3, 2) => [(0, 1), (1, 3)], # F8: size0=3, NSplitSize=2 相当;# size0=3, NSplitSize=2: 最後の group が小さい (F8, warning のみで継続);using MVMCOptimizers: resolve_rnd_seed;@testset "resolve_rnd_seed C parity (spec §5-1, A5)" begin;@test resolve_rnd_seed(ctx, 11272, nothing) == 11272 # missing → parser default;@test resolve_rnd_seed(ctx, 0, nothing) == 0 # RndSeed==0 → seed 0 (C parity);@test resolve_rnd_seed(ctx, 123, nothing) == 123 # 正値;t = resolve_rnd_seed(ctx, -1, nothing) # 負値 → 時刻 seed;@test resolve_rnd_seed(ctx, 123, 777) == 777 # 明示 seed kwarg が優先;@test resolve_rnd_seed(ctx2, 100, nothing) == 103;modpara.nsrcg = 1;serial_modpara.nsrcg = 1;split_direct_modpara.nsplit_size = 2;split_direct_modpara.nsrcg = 0;split_cg_modpara.nsplit_size = 2;split_cg_modpara.nsrcg = 1;@test occursin("NSplitSize > 1 with SR-CG", sprint(showerror, err));modpara.nsrcg = 2;@testset "ModPara rnd_seed default matches C readdef.c:1967 (review F2)" begin;@test MVMCExpertModeParsers.ModParaParameters().rnd_seed == 11272	UNVERIFIED: individual Julia scenario not replayed against Rust; candidate gate is not evidence of equivalent assertions	#177/#178/#179
S121	testset	@testset "direct-assignment unpack repairs duplicate idx and preserves signed zero (R1)" begin	MVMCOptimizers.jl/test_unit/test_unit_parallel.jl:261	crates/mvmc-expert-parsers/src/lib.rs::parse_expert_mode_files; crates/mvmc-core/src/sync.rs::pack_variational_parameters; crates/mvmc-core/src/sync.rs::unpack_variational_parameters; crates/mvmc-expert-parsers/src/types.rs::projection_layout; crates/mvmc-expert-parsers/src/types.rs::has_rbm_terms; crates/mvmc-core/src/sampling/rbm.rs::has_terms; crates/mvmc-expert-parsers/src/types.rs::count_rbm_parameters; crates/mvmc-expert-parsers/src/types.rs::ChargeRBMPhysLayerTerm	--features mpi and detected launcher; root-only stdout/output; no JULIA_MVMC_MPI env compatibility promise	executable bounded production mapping; independent scenario replay unverified	C/Julia NSplitSize=group SIZE; current draft follows width/remainder and full-chain/comm1 measurement semantics; prior chain-length/burn-marker failures require fresh independent state verification; protocol success not parity	Exact RNG/config/count/status/indices/flags and untouched copy tails; computed normalization/inverse values follow #190; no claimed full trajectory from snapshots	E0 scenario-to-production mapping; proposed gate only unless result names executed record	J=8bb1b9e8ae47b1512c00b321be05664ddcac0fd1; source SHA256=a2b582f61dc981c318f817fc0575cfadfdb8c93e34c5679aeaf7fdae48be5050; C=extern/mVMC-1.3.0; independent expectation provenance must be read from named fixtures; no regeneration/run in documentation audit	cargo nextest run --locked --cargo-profile test-fast -p mvmc-core --features mpi --test mpi_issue179_collectives --test mpi_issue179_state --no-fail-fast --retries 0	No local scalar override; inherited fixture/synthetic constructor arguments; File-wide declarations (inherited where used): (3, 2) => [(0, 1), (1, 3)], # F8: size0=3, NSplitSize=2 相当;# size0=3, NSplitSize=2: 最後の group が小さい (F8, warning のみで継続);using MVMCOptimizers: resolve_rnd_seed;@testset "resolve_rnd_seed C parity (spec §5-1, A5)" begin;@test resolve_rnd_seed(ctx, 11272, nothing) == 11272 # missing → parser default;@test resolve_rnd_seed(ctx, 0, nothing) == 0 # RndSeed==0 → seed 0 (C parity);@test resolve_rnd_seed(ctx, 123, nothing) == 123 # 正値;t = resolve_rnd_seed(ctx, -1, nothing) # 負値 → 時刻 seed;@test resolve_rnd_seed(ctx, 123, 777) == 777 # 明示 seed kwarg が優先;@test resolve_rnd_seed(ctx2, 100, nothing) == 103;modpara.nsrcg = 1;serial_modpara.nsrcg = 1;split_direct_modpara.nsplit_size = 2;split_direct_modpara.nsrcg = 0;split_cg_modpara.nsplit_size = 2;split_cg_modpara.nsrcg = 1;@test occursin("NSplitSize > 1 with SR-CG", sprint(showerror, err));modpara.nsrcg = 2;@testset "ModPara rnd_seed default matches C readdef.c:1967 (review F2)" begin;@test MVMCExpertModeParsers.ModParaParameters().rnd_seed == 11272	UNVERIFIED: individual Julia scenario not replayed against Rust; candidate gate is not evidence of equivalent assertions	#177/#178/#179
S122	testset	@testset "sync_modified_parameter!(ctx, data) serial == legacy" begin	MVMCOptimizers.jl/test_unit/test_unit_parallel.jl:309	crates/mvmc-core/src/sync.rs::sync_modified_parameter_local; crates/mvmc-expert-parsers/src/lib.rs::parse_expert_mode_files; crates/mvmc-core/src/reducer.rs::SingleProcessReducer; crates/mvmc-core/src/sync.rs::pack_variational_parameters	--features mpi and detected launcher; root-only stdout/output; no JULIA_MVMC_MPI env compatibility promise	executable bounded production mapping; independent scenario replay unverified	C/Julia NSplitSize=group SIZE; current draft follows width/remainder and full-chain/comm1 measurement semantics; prior chain-length/burn-marker failures require fresh independent state verification; protocol success not parity	Sampling/proposed moves/acceptance must remain exact; numerical comparisons only for computed values; no implicit rejection rollback claim	E0 scenario-to-production mapping; proposed gate only unless result names executed record	J=8bb1b9e8ae47b1512c00b321be05664ddcac0fd1; source SHA256=a2b582f61dc981c318f817fc0575cfadfdb8c93e34c5679aeaf7fdae48be5050; C=extern/mVMC-1.3.0; independent expectation provenance must be read from named fixtures; no regeneration/run in documentation audit	cargo nextest run --locked --cargo-profile test-fast -p mvmc-core --features mpi --test mpi_issue179_collectives --test mpi_issue179_state --no-fail-fast --retries 0	No local scalar override; inherited fixture/synthetic constructor arguments; File-wide declarations (inherited where used): (3, 2) => [(0, 1), (1, 3)], # F8: size0=3, NSplitSize=2 相当;# size0=3, NSplitSize=2: 最後の group が小さい (F8, warning のみで継続);using MVMCOptimizers: resolve_rnd_seed;@testset "resolve_rnd_seed C parity (spec §5-1, A5)" begin;@test resolve_rnd_seed(ctx, 11272, nothing) == 11272 # missing → parser default;@test resolve_rnd_seed(ctx, 0, nothing) == 0 # RndSeed==0 → seed 0 (C parity);@test resolve_rnd_seed(ctx, 123, nothing) == 123 # 正値;t = resolve_rnd_seed(ctx, -1, nothing) # 負値 → 時刻 seed;@test resolve_rnd_seed(ctx, 123, 777) == 777 # 明示 seed kwarg が優先;@test resolve_rnd_seed(ctx2, 100, nothing) == 103;modpara.nsrcg = 1;serial_modpara.nsrcg = 1;split_direct_modpara.nsplit_size = 2;split_direct_modpara.nsrcg = 0;split_cg_modpara.nsplit_size = 2;split_cg_modpara.nsrcg = 1;@test occursin("NSplitSize > 1 with SR-CG", sprint(showerror, err));modpara.nsrcg = 2;@testset "ModPara rnd_seed default matches C readdef.c:1967 (review F2)" begin;@test MVMCExpertModeParsers.ModParaParameters().rnd_seed == 11272	UNVERIFIED: individual Julia scenario not replayed against Rust; candidate gate is not evidence of equivalent assertions	#177/#178/#179
S123	testset	@testset "unit/parameter_sync: sync_modified_parameter!" begin	MVMCOptimizers.jl/test_unit/test_unit_parameter_sync.jl:13	crates/mvmc-core/src/sync.rs::sync_modified_parameter_local	Runner initialization/SR; initial.def auto|none|path; --physcal fixed record plus explicit In overlays	executable bounded production mapping; independent scenario replay unverified	C declared parameter slots + post-SR gauge shifts; PhysCal disables correlation shifts; Julia inferred layouts/normalization may differ	Sampling/proposed moves/acceptance must remain exact; numerical comparisons only for computed values; no implicit rejection rollback claim	E0 scenario-to-production mapping; proposed gate only unless result names executed record	J=8bb1b9e8ae47b1512c00b321be05664ddcac0fd1; source SHA256=49937cd1879e850aea8992d5ddafba96c5d1b1fcfe56261b94ff230bb8e0b171; C=extern/mVMC-1.3.0; independent expectation provenance must be read from named fixtures; no regeneration/run in documentation audit	cargo nextest run --locked --cargo-profile test-fast -p mvmc-core --test initial_params --no-fail-fast --retries 0	No local scalar override; inherited fixture/synthetic constructor arguments; No file-wide stochastic settings	UNVERIFIED: individual Julia scenario not replayed against Rust; candidate gate is not evidence of equivalent assertions	#180/#181/#184
S124	testset	@testset "shift gutzwiller/jastrow when all optimized (default)" begin	MVMCOptimizers.jl/test_unit/test_unit_parameter_sync.jl:14	crates/mvmc-expert-parsers/src/types.rs::ExpertModeData; crates/mvmc-expert-parsers/src/types.rs::GutzwillerTerm; crates/mvmc-expert-parsers/src/types.rs::JastrowTerm; crates/mvmc-core/src/sync.rs::sync_modified_parameter_local	Runner initialization/SR; initial.def auto|none|path; --physcal fixed record plus explicit In overlays	executable bounded production mapping; independent scenario replay unverified	C declared parameter slots + post-SR gauge shifts; PhysCal disables correlation shifts; Julia inferred layouts/normalization may differ	Sampling/proposed moves/acceptance must remain exact; numerical comparisons only for computed values; no implicit rejection rollback claim	E0 scenario-to-production mapping; proposed gate only unless result names executed record	J=8bb1b9e8ae47b1512c00b321be05664ddcac0fd1; source SHA256=49937cd1879e850aea8992d5ddafba96c5d1b1fcfe56261b94ff230bb8e0b171; C=extern/mVMC-1.3.0; independent expectation provenance must be read from named fixtures; no regeneration/run in documentation audit	cargo nextest run --locked --cargo-profile test-fast -p mvmc-core --test initial_params --no-fail-fast --retries 0	No local scalar override; inherited fixture/synthetic constructor arguments; No file-wide stochastic settings	UNVERIFIED: individual Julia scenario not replayed against Rust; candidate gate is not evidence of equivalent assertions	#180/#181/#184
S125	testset	@testset "no shift when not all optimized (explicit flags)" begin	MVMCOptimizers.jl/test_unit/test_unit_parameter_sync.jl:47	crates/mvmc-expert-parsers/src/types.rs::ExpertModeData; crates/mvmc-expert-parsers/src/types.rs::GutzwillerTerm; crates/mvmc-expert-parsers/src/types.rs::JastrowTerm; crates/mvmc-core/src/sync.rs::sync_modified_parameter_local	Runner initialization/SR; initial.def auto|none|path; --physcal fixed record plus explicit In overlays	executable bounded production mapping; independent scenario replay unverified	C declared parameter slots + post-SR gauge shifts; PhysCal disables correlation shifts; Julia inferred layouts/normalization may differ	Exact RNG/config/count/status/indices/flags and untouched copy tails; computed normalization/inverse values follow #190; no claimed full trajectory from snapshots	E0 scenario-to-production mapping; proposed gate only unless result names executed record	J=8bb1b9e8ae47b1512c00b321be05664ddcac0fd1; source SHA256=49937cd1879e850aea8992d5ddafba96c5d1b1fcfe56261b94ff230bb8e0b171; C=extern/mVMC-1.3.0; independent expectation provenance must be read from named fixtures; no regeneration/run in documentation audit	cargo nextest run --locked --cargo-profile test-fast -p mvmc-core --test initial_params --no-fail-fast --retries 0	No local scalar override; inherited fixture/synthetic constructor arguments; No file-wide stochastic settings	UNVERIFIED: individual Julia scenario not replayed against Rust; candidate gate is not evidence of equivalent assertions	#180/#181/#184
S126	testset	@testset "rescale orbital terms to D_AMP_MAX" begin	MVMCOptimizers.jl/test_unit/test_unit_parameter_sync.jl:74	crates/mvmc-expert-parsers/src/types.rs::ExpertModeData; crates/mvmc-expert-parsers/src/types.rs::OrbitalTerm; crates/mvmc-core/src/sync.rs::sync_modified_parameter_local	Runner initialization/SR; initial.def auto|none|path; --physcal fixed record plus explicit In overlays	executable bounded production mapping; independent scenario replay unverified	C declared parameter slots + post-SR gauge shifts; PhysCal disables correlation shifts; Julia inferred layouts/normalization may differ	Sampling/proposed moves/acceptance must remain exact; numerical comparisons only for computed values; no implicit rejection rollback claim	E0 scenario-to-production mapping; proposed gate only unless result names executed record	J=8bb1b9e8ae47b1512c00b321be05664ddcac0fd1; source SHA256=49937cd1879e850aea8992d5ddafba96c5d1b1fcfe56261b94ff230bb8e0b171; C=extern/mVMC-1.3.0; independent expectation provenance must be read from named fixtures; no regeneration/run in documentation audit	cargo nextest run --locked --cargo-profile test-fast -p mvmc-core --test initial_params --no-fail-fast --retries 0	No local scalar override; inherited fixture/synthetic constructor arguments; No file-wide stochastic settings	UNVERIFIED: individual Julia scenario not replayed against Rust; candidate gate is not evidence of equivalent assertions	#180/#181/#184
S127	testset	@testset "correlation shifts can be disabled while Slater rescale remains enabled" begin	MVMCOptimizers.jl/test_unit/test_unit_parameter_sync.jl:93	crates/mvmc-expert-parsers/src/types.rs::ExpertModeData; crates/mvmc-expert-parsers/src/types.rs::GutzwillerTerm; crates/mvmc-expert-parsers/src/types.rs::JastrowTerm; crates/mvmc-expert-parsers/src/types.rs::DoublonHolon2SiteIndex; crates/mvmc-expert-parsers/src/types.rs::OrbitalTerm; crates/mvmc-expert-parsers/src/types.rs::projection_layout; crates/mvmc-core/src/sync.rs::sync_modified_parameter_local	Runner initialization/SR; initial.def auto|none|path; --physcal fixed record plus explicit In overlays	executable bounded production mapping; independent scenario replay unverified	C declared parameter slots + post-SR gauge shifts; PhysCal disables correlation shifts; Julia inferred layouts/normalization may differ	Sampling/proposed moves/acceptance must remain exact; numerical comparisons only for computed values; no implicit rejection rollback claim	E0 scenario-to-production mapping; proposed gate only unless result names executed record	J=8bb1b9e8ae47b1512c00b321be05664ddcac0fd1; source SHA256=49937cd1879e850aea8992d5ddafba96c5d1b1fcfe56261b94ff230bb8e0b171; C=extern/mVMC-1.3.0; independent expectation provenance must be read from named fixtures; no regeneration/run in documentation audit	cargo nextest run --locked --cargo-profile test-fast -p mvmc-core --test initial_params --no-fail-fast --retries 0	No local scalar override; inherited fixture/synthetic constructor arguments; No file-wide stochastic settings	UNVERIFIED: individual Julia scenario not replayed against Rust; candidate gate is not evidence of equivalent assertions	#180/#181/#184
S128	testset	@testset "para_qp_trans is NOT normalized (C normalizes OptTrans, not ParaQPTrans)" begin	MVMCOptimizers.jl/test_unit/test_unit_parameter_sync.jl:119	crates/mvmc-expert-parsers/src/types.rs::ExpertModeData; crates/mvmc-core/src/sync.rs::sync_modified_parameter_local	Runner initialization/SR; initial.def auto|none|path; --physcal fixed record plus explicit In overlays	executable bounded production mapping; independent scenario replay unverified	C declared parameter slots + post-SR gauge shifts; PhysCal disables correlation shifts; Julia inferred layouts/normalization may differ	Sampling/proposed moves/acceptance must remain exact; numerical comparisons only for computed values; no implicit rejection rollback claim	E0 scenario-to-production mapping; proposed gate only unless result names executed record	J=8bb1b9e8ae47b1512c00b321be05664ddcac0fd1; source SHA256=49937cd1879e850aea8992d5ddafba96c5d1b1fcfe56261b94ff230bb8e0b171; C=extern/mVMC-1.3.0; independent expectation provenance must be read from named fixtures; no regeneration/run in documentation audit	cargo nextest run --locked --cargo-profile test-fast -p mvmc-core --test initial_params --no-fail-fast --retries 0	No local scalar override; inherited fixture/synthetic constructor arguments; No file-wide stochastic settings	UNVERIFIED: individual Julia scenario not replayed against Rust; candidate gate is not evidence of equivalent assertions	#180/#181/#184
S129	testset	@testset "OptTrans is normalized separately from ParaQPTrans" begin	MVMCOptimizers.jl/test_unit/test_unit_parameter_sync.jl:141	crates/mvmc-expert-parsers/src/types.rs::ExpertModeData; crates/mvmc-core/src/sync.rs::sync_modified_parameter_local	Runner initialization/SR; initial.def auto|none|path; --physcal fixed record plus explicit In overlays	executable bounded production mapping; independent scenario replay unverified	C declared parameter slots + post-SR gauge shifts; PhysCal disables correlation shifts; Julia inferred layouts/normalization may differ	Sampling/proposed moves/acceptance must remain exact; numerical comparisons only for computed values; no implicit rejection rollback claim	E0 scenario-to-production mapping; proposed gate only unless result names executed record	J=8bb1b9e8ae47b1512c00b321be05664ddcac0fd1; source SHA256=49937cd1879e850aea8992d5ddafba96c5d1b1fcfe56261b94ff230bb8e0b171; C=extern/mVMC-1.3.0; independent expectation provenance must be read from named fixtures; no regeneration/run in documentation audit	cargo nextest run --locked --cargo-profile test-fast -p mvmc-core --test initial_params --no-fail-fast --retries 0	No local scalar override; inherited fixture/synthetic constructor arguments; No file-wide stochastic settings	UNVERIFIED: individual Julia scenario not replayed against Rust; candidate gate is not evidence of equivalent assertions	#180/#181/#184
S130	testset	@testset "DH2 shift subtracts bin averages and shifts Gutzwiller" begin	MVMCOptimizers.jl/test_unit/test_unit_parameter_sync.jl:163	crates/mvmc-expert-parsers/src/types.rs::ExpertModeData; crates/mvmc-expert-parsers/src/types.rs::GutzwillerTerm; crates/mvmc-expert-parsers/src/types.rs::DoublonHolon2SiteIndex; crates/mvmc-expert-parsers/src/types.rs::projection_layout; crates/mvmc-core/src/sync.rs::sync_modified_parameter_local	Runner initialization/SR; initial.def auto|none|path; --physcal fixed record plus explicit In overlays	executable bounded production mapping; independent scenario replay unverified	C declared parameter slots + post-SR gauge shifts; PhysCal disables correlation shifts; Julia inferred layouts/normalization may differ	Sampling/proposed moves/acceptance must remain exact; numerical comparisons only for computed values; no implicit rejection rollback claim	E0 scenario-to-production mapping; proposed gate only unless result names executed record	J=8bb1b9e8ae47b1512c00b321be05664ddcac0fd1; source SHA256=49937cd1879e850aea8992d5ddafba96c5d1b1fcfe56261b94ff230bb8e0b171; C=extern/mVMC-1.3.0; independent expectation provenance must be read from named fixtures; no regeneration/run in documentation audit	cargo nextest run --locked --cargo-profile test-fast -p mvmc-core --test initial_params --no-fail-fast --retries 0	No local scalar override; inherited fixture/synthetic constructor arguments; No file-wide stochastic settings	UNVERIFIED: individual Julia scenario not replayed against Rust; candidate gate is not evidence of equivalent assertions	#180/#181/#184
S131	testset	@testset "DH4 shift subtracts five-bin averages" begin	MVMCOptimizers.jl/test_unit/test_unit_parameter_sync.jl:190	crates/mvmc-expert-parsers/src/types.rs::ExpertModeData; crates/mvmc-expert-parsers/src/types.rs::GutzwillerTerm; crates/mvmc-expert-parsers/src/types.rs::DoublonHolon4SiteIndex; crates/mvmc-expert-parsers/src/types.rs::projection_layout; crates/mvmc-core/src/sync.rs::sync_modified_parameter_local	Runner initialization/SR; initial.def auto|none|path; --physcal fixed record plus explicit In overlays	executable bounded production mapping; independent scenario replay unverified	C declared parameter slots + post-SR gauge shifts; PhysCal disables correlation shifts; Julia inferred layouts/normalization may differ	Sampling/proposed moves/acceptance must remain exact; numerical comparisons only for computed values; no implicit rejection rollback claim	E0 scenario-to-production mapping; proposed gate only unless result names executed record	J=8bb1b9e8ae47b1512c00b321be05664ddcac0fd1; source SHA256=49937cd1879e850aea8992d5ddafba96c5d1b1fcfe56261b94ff230bb8e0b171; C=extern/mVMC-1.3.0; independent expectation provenance must be read from named fixtures; no regeneration/run in documentation audit	cargo nextest run --locked --cargo-profile test-fast -p mvmc-core --test initial_params --no-fail-fast --retries 0	No local scalar override; inherited fixture/synthetic constructor arguments; No file-wide stochastic settings	UNVERIFIED: individual Julia scenario not replayed against Rust; candidate gate is not evidence of equivalent assertions	#180/#181/#184
S132	testset	@testset "DH2 and DH4 shifts compose in one config" begin	MVMCOptimizers.jl/test_unit/test_unit_parameter_sync.jl:214	crates/mvmc-expert-parsers/src/types.rs::ExpertModeData; crates/mvmc-expert-parsers/src/types.rs::GutzwillerTerm; crates/mvmc-expert-parsers/src/types.rs::DoublonHolon2SiteIndex; crates/mvmc-expert-parsers/src/types.rs::DoublonHolon4SiteIndex; crates/mvmc-expert-parsers/src/types.rs::projection_layout; crates/mvmc-core/src/sync.rs::sync_modified_parameter_local	Runner initialization/SR; initial.def auto|none|path; --physcal fixed record plus explicit In overlays	executable bounded production mapping; independent scenario replay unverified	C declared parameter slots + post-SR gauge shifts; PhysCal disables correlation shifts; Julia inferred layouts/normalization may differ	Sampling/proposed moves/acceptance must remain exact; numerical comparisons only for computed values; no implicit rejection rollback claim	E0 scenario-to-production mapping; proposed gate only unless result names executed record	J=8bb1b9e8ae47b1512c00b321be05664ddcac0fd1; source SHA256=49937cd1879e850aea8992d5ddafba96c5d1b1fcfe56261b94ff230bb8e0b171; C=extern/mVMC-1.3.0; independent expectation provenance must be read from named fixtures; no regeneration/run in documentation audit	cargo nextest run --locked --cargo-profile test-fast -p mvmc-core --test initial_params --no-fail-fast --retries 0	No local scalar override; inherited fixture/synthetic constructor arguments; No file-wide stochastic settings	UNVERIFIED: individual Julia scenario not replayed against Rust; candidate gate is not evidence of equivalent assertions	#180/#181/#184
S133	testset	@testset "DH shift is disabled when any Gutzwiller real flag is fixed" begin	MVMCOptimizers.jl/test_unit/test_unit_parameter_sync.jl:230	crates/mvmc-core/tests/issue184_assertion_contracts.rs::fixed_gutzwiller_real_flag_prevents_dh2_shift -> public sync/PhysCal preparation	Runner initialization/SR; initial.def auto|none|path; --physcal fixed record plus explicit In overlays	executable bounded production mapping; independent scenario replay unverified	C declared parameter slots + post-SR gauge shifts; PhysCal disables correlation shifts; Julia inferred layouts/normalization may differ	Exact RNG/config/count/status/indices/flags and untouched copy tails; computed normalization/inverse values follow #190; no claimed full trajectory from snapshots	focused analytical C contract / synthetic Julia API boundary	Pinned Julia assertion positions and hashes in issue-184-assertion-audit.tsv; C parameter.c inspected, no runtime oracle	cargo nextest run -p mvmc-core --test issue184_assertion_contracts --cargo-profile test-fast --locked --no-fail-fast --retries 0	DH2=1..6/Gutz10 or DH4=1..10/Gutz20; fixed real component or absent flags; exact coefficients/flags unchanged; absent flags synthetic API policy, not valid C OptFlag input	PASS focused analytical/synthetic contracts only: 6/6,0 skipped,exit0,0.006s; owner run 8687fb98-2035-4ff4-a43d-10b397562073; parent independent report b7e65ca3 exit0 6/6; Linux x86_64; test SHA256 ef828d7b76c1778dade2d528701fa4055a05c0b66362c37a99b294965e9c27cd; dirty shared source, not frozen full-workspace validation; Julia reference 8bb1b9e8ae47b1512c00b321be05664ddcac0fd1; C parameter.c SHA25646ad04622f4475337028cee633bd76ce318a6d5058d03f202b55204500399fb0; remaining gap: no exported Rust flag_shift predicate equivalence; state assertions only	#180/#181/#184
S134	testset	@testset "DH shift requires explicit real optimization flags" begin	MVMCOptimizers.jl/test_unit/test_unit_parameter_sync.jl:245	crates/mvmc-core/tests/issue184_assertion_contracts.rs::absent_explicit_flags_do_not_enable_dh2_shift -> public sync/PhysCal preparation	Runner initialization/SR; initial.def auto|none|path; --physcal fixed record plus explicit In overlays	executable bounded production mapping; independent scenario replay unverified	C declared parameter slots + post-SR gauge shifts; PhysCal disables correlation shifts; Julia inferred layouts/normalization may differ	Exact RNG/config/count/status/indices/flags and untouched copy tails; computed normalization/inverse values follow #190; no claimed full trajectory from snapshots	focused analytical C contract / synthetic Julia API boundary	Pinned Julia assertion positions and hashes in issue-184-assertion-audit.tsv; C parameter.c inspected, no runtime oracle	cargo nextest run -p mvmc-core --test issue184_assertion_contracts --cargo-profile test-fast --locked --no-fail-fast --retries 0	DH2=1..6/Gutz10 or DH4=1..10/Gutz20; fixed real component or absent flags; exact coefficients/flags unchanged; absent flags synthetic API policy, not valid C OptFlag input	PASS focused analytical/synthetic contracts only: 6/6,0 skipped,exit0,0.006s; owner run 8687fb98-2035-4ff4-a43d-10b397562073; parent independent report b7e65ca3 exit0 6/6; Linux x86_64; test SHA256 ef828d7b76c1778dade2d528701fa4055a05c0b66362c37a99b294965e9c27cd; dirty shared source, not frozen full-workspace validation; Julia reference 8bb1b9e8ae47b1512c00b321be05664ddcac0fd1; C parameter.c SHA25646ad04622f4475337028cee633bd76ce318a6d5058d03f202b55204500399fb0; remaining gap: no C empty-array claim	#180/#181/#184
S135	testset	@testset "DH shift is disabled when any DH real flag is fixed" begin	MVMCOptimizers.jl/test_unit/test_unit_parameter_sync.jl:260	crates/mvmc-core/tests/issue184_assertion_contracts.rs::fixed_dh_real_flag_prevents_each_dh_family_shift -> public sync/PhysCal preparation	Runner initialization/SR; initial.def auto|none|path; --physcal fixed record plus explicit In overlays	executable bounded production mapping; independent scenario replay unverified	C declared parameter slots + post-SR gauge shifts; PhysCal disables correlation shifts; Julia inferred layouts/normalization may differ	Exact RNG/config/count/status/indices/flags and untouched copy tails; computed normalization/inverse values follow #190; no claimed full trajectory from snapshots	focused analytical C contract / synthetic Julia API boundary	Pinned Julia assertion positions and hashes in issue-184-assertion-audit.tsv; C parameter.c inspected, no runtime oracle	cargo nextest run -p mvmc-core --test issue184_assertion_contracts --cargo-profile test-fast --locked --no-fail-fast --retries 0	DH2=1..6/Gutz10 or DH4=1..10/Gutz20; fixed real component or absent flags; exact coefficients/flags unchanged; absent flags synthetic API policy, not valid C OptFlag input	PASS focused analytical/synthetic contracts only: 6/6,0 skipped,exit0,0.006s; owner run 8687fb98-2035-4ff4-a43d-10b397562073; parent independent report b7e65ca3 exit0 6/6; Linux x86_64; test SHA256 ef828d7b76c1778dade2d528701fa4055a05c0b66362c37a99b294965e9c27cd; dirty shared source, not frozen full-workspace validation; Julia reference 8bb1b9e8ae47b1512c00b321be05664ddcac0fd1; C parameter.c SHA25646ad04622f4475337028cee633bd76ce318a6d5058d03f202b55204500399fb0; remaining gap: no exported Rust flag_shift predicate equivalence; state assertions only	#180/#181/#184
S136	testset	@testset "DH shift happens before Gutzwiller-Jastrow shift" begin	MVMCOptimizers.jl/test_unit/test_unit_parameter_sync.jl:290	crates/mvmc-core/tests/issue184_assertion_contracts.rs::c_dh_shift_precedes_gutzwiller_jastrow_shift -> public sync/PhysCal preparation	Runner initialization/SR; initial.def auto|none|path; --physcal fixed record plus explicit In overlays	executable bounded production mapping; independent scenario replay unverified	C declared parameter slots + post-SR gauge shifts; PhysCal disables correlation shifts; Julia inferred layouts/normalization may differ	Sampling/proposed moves/acceptance must remain exact; numerical comparisons only for computed values; no implicit rejection rollback claim	focused analytical C contract / synthetic Julia API boundary	Pinned Julia assertion positions and hashes in issue-184-assertion-audit.tsv; C parameter.c inspected, no runtime oracle	cargo nextest run -p mvmc-core --test issue184_assertion_contracts --cargo-profile test-fast --locked --no-fail-fast --retries 0	DH2=1..6;Gutz=10;Jastrow=20;all real flags=1;expected DH2=-2,-2,0,0,2,2;Gutz=-1.5;Jastrow=1.5;no RNG	PASS focused analytical/synthetic contracts only: 6/6,0 skipped,exit0,0.006s; owner run 8687fb98-2035-4ff4-a43d-10b397562073; parent independent report b7e65ca3 exit0 6/6; Linux x86_64; test SHA256 ef828d7b76c1778dade2d528701fa4055a05c0b66362c37a99b294965e9c27cd; dirty shared source, not frozen full-workspace validation; Julia reference 8bb1b9e8ae47b1512c00b321be05664ddcac0fd1; C parameter.c SHA25646ad04622f4475337028cee633bd76ce318a6d5058d03f202b55204500399fb0; remaining gap: no exported Rust flag_shift predicate equivalence; state assertions only	#180/#181/#184
S137	testset	@testset "PhysicalQuantities index fields" begin	MVMCOptimizers.jl/test_unit/test_unit_physcal_factored_green.jl:5	crates/mvmc-core/src/state.rs::PhysicalQuantities	Via --physcal for normal/FSZ Green; grouped normal only; standalone Green routines library-only	executable bounded production mapping; independent scenario replay unverified	C canonical indices/weights/term order exact; computed Green #190; factored single-row formatting repair assigned Goodall	Exact RNG/config/count/status/indices/flags and untouched copy tails; computed normalization/inverse values follow #190; no claimed full trajectory from snapshots	E0 scenario-to-production mapping; proposed gate only unless result names executed record	J=8bb1b9e8ae47b1512c00b321be05664ddcac0fd1; source SHA256=6c69a832c474156c45711a2f2da13f72f4789aa6d06d8bda435cb55573eada12; C=extern/mVMC-1.3.0; independent expectation provenance must be read from named fixtures; no regeneration/run in documentation audit	cargo nextest run --locked --cargo-profile test-fast -p mvmc-core --test two_body_green --test physcal_issue181 --no-fail-fast --retries 0	No local scalar override; inherited fixture/synthetic constructor arguments; File-wide declarations (inherited where used): @testset "Lanczos QQQQ accumulation uses C flatten order" begin;@testset "Lanczos mode2 QCAQ accumulation uses C flatten order" begin;@testset "output: Lanczos R1 writes ls_out and ls_qqqq" begin;@testset "output: Lanczos mode2 writes LS Green files" begin;@testset "output: Lanczos singular alpha writes NaN without aborting" begin;@test_logs (:warn, r"Lanczos energy could not be calculated") MVMCOptimizers.output_green_func!(;@testset "Lanczos mode2 rejects duplicate greenone entries without TwoBodyGEx" begin	UNVERIFIED: individual Julia scenario not replayed against Rust; candidate gate is not evidence of equivalent assertions	#181
S138	testset	@testset "canonical one-body list" begin	MVMCOptimizers.jl/test_unit/test_unit_physcal_factored_green.jl:18	crates/mvmc-expert-parsers/src/types.rs::GreenOneTerm; crates/mvmc-expert-parsers/src/types.rs::GreenTwoExTerm	Via --physcal for normal/FSZ Green; grouped normal only; standalone Green routines library-only	executable bounded production mapping; independent scenario replay unverified	C canonical indices/weights/term order exact; computed Green #190; factored single-row formatting repair assigned Goodall	Sampling/proposed moves/acceptance must remain exact; numerical comparisons only for computed values; no implicit rejection rollback claim	E0 scenario-to-production mapping; proposed gate only unless result names executed record	J=8bb1b9e8ae47b1512c00b321be05664ddcac0fd1; source SHA256=6c69a832c474156c45711a2f2da13f72f4789aa6d06d8bda435cb55573eada12; C=extern/mVMC-1.3.0; independent expectation provenance must be read from named fixtures; no regeneration/run in documentation audit	cargo nextest run --locked --cargo-profile test-fast -p mvmc-core --test two_body_green --test physcal_issue181 --no-fail-fast --retries 0	No local scalar override; inherited fixture/synthetic constructor arguments; File-wide declarations (inherited where used): @testset "Lanczos QQQQ accumulation uses C flatten order" begin;@testset "Lanczos mode2 QCAQ accumulation uses C flatten order" begin;@testset "output: Lanczos R1 writes ls_out and ls_qqqq" begin;@testset "output: Lanczos mode2 writes LS Green files" begin;@testset "output: Lanczos singular alpha writes NaN without aborting" begin;@test_logs (:warn, r"Lanczos energy could not be calculated") MVMCOptimizers.output_green_func!(;@testset "Lanczos mode2 rejects duplicate greenone entries without TwoBodyGEx" begin	UNVERIFIED: individual Julia scenario not replayed against Rust; candidate gate is not evidence of equivalent assertions	#181
S139	testset	@testset "factored index resolution is 1-based" begin	MVMCOptimizers.jl/test_unit/test_unit_physcal_factored_green.jl:43	crates/mvmc-expert-parsers/src/types.rs::GreenTwoExTerm	Via --physcal for normal/FSZ Green; grouped normal only; standalone Green routines library-only	executable bounded production mapping; independent scenario replay unverified	C canonical indices/weights/term order exact; computed Green #190; factored single-row formatting repair assigned Goodall	Exact RNG/config/count/status/indices/flags and untouched copy tails; computed normalization/inverse values follow #190; no claimed full trajectory from snapshots	E0 scenario-to-production mapping; proposed gate only unless result names executed record	J=8bb1b9e8ae47b1512c00b321be05664ddcac0fd1; source SHA256=6c69a832c474156c45711a2f2da13f72f4789aa6d06d8bda435cb55573eada12; C=extern/mVMC-1.3.0; independent expectation provenance must be read from named fixtures; no regeneration/run in documentation audit	cargo nextest run --locked --cargo-profile test-fast -p mvmc-core --test two_body_green --test physcal_issue181 --no-fail-fast --retries 0	No local scalar override; inherited fixture/synthetic constructor arguments; File-wide declarations (inherited where used): @testset "Lanczos QQQQ accumulation uses C flatten order" begin;@testset "Lanczos mode2 QCAQ accumulation uses C flatten order" begin;@testset "output: Lanczos R1 writes ls_out and ls_qqqq" begin;@testset "output: Lanczos mode2 writes LS Green files" begin;@testset "output: Lanczos singular alpha writes NaN without aborting" begin;@test_logs (:warn, r"Lanczos energy could not be calculated") MVMCOptimizers.output_green_func!(;@testset "Lanczos mode2 rejects duplicate greenone entries without TwoBodyGEx" begin	UNVERIFIED: individual Julia scenario not replayed against Rust; candidate gate is not evidence of equivalent assertions	#181
S140	testset	@testset "factored accumulation: w * local[idx0] * conj(local[idx1])" begin	MVMCOptimizers.jl/test_unit/test_unit_physcal_factored_green.jl:55	crates/mvmc-core/src/state.rs::PhysicalQuantities	Via --physcal for normal/FSZ Green; grouped normal only; standalone Green routines library-only	executable bounded production mapping; independent scenario replay unverified	C canonical indices/weights/term order exact; computed Green #190; factored single-row formatting repair assigned Goodall	Sampling/proposed moves/acceptance must remain exact; numerical comparisons only for computed values; no implicit rejection rollback claim	E0 scenario-to-production mapping; proposed gate only unless result names executed record	J=8bb1b9e8ae47b1512c00b321be05664ddcac0fd1; source SHA256=6c69a832c474156c45711a2f2da13f72f4789aa6d06d8bda435cb55573eada12; C=extern/mVMC-1.3.0; independent expectation provenance must be read from named fixtures; no regeneration/run in documentation audit	cargo nextest run --locked --cargo-profile test-fast -p mvmc-core --test two_body_green --test physcal_issue181 --no-fail-fast --retries 0	No local scalar override; inherited fixture/synthetic constructor arguments; File-wide declarations (inherited where used): @testset "Lanczos QQQQ accumulation uses C flatten order" begin;@testset "Lanczos mode2 QCAQ accumulation uses C flatten order" begin;@testset "output: Lanczos R1 writes ls_out and ls_qqqq" begin;@testset "output: Lanczos mode2 writes LS Green files" begin;@testset "output: Lanczos singular alpha writes NaN without aborting" begin;@test_logs (:warn, r"Lanczos energy could not be calculated") MVMCOptimizers.output_green_func!(;@testset "Lanczos mode2 rejects duplicate greenone entries without TwoBodyGEx" begin	UNVERIFIED: individual Julia scenario not replayed against Rust; candidate gate is not evidence of equivalent assertions	#181
S141	testset	@testset "calculate_green_func! legacy no-acc path writes to state phys" begin	MVMCOptimizers.jl/test_unit/test_unit_physcal_factored_green.jl:70	crates/mvmc-expert-parsers/src/types.rs::ExpertModeData; crates/mvmc-expert-parsers/src/types.rs::GreenOneTerm; crates/mvmc-expert-parsers/src/types.rs::GreenTwoExTerm; crates/mvmc-core/src/state.rs::VmcOptimizationState; crates/mvmc-core/src/run.rs::state_from_data; crates/mvmc-core/src/observables.rs::green_func1; crates/mvmc-core/src/observables.rs::green_func2; crates/mvmc-core/src/observables.rs::accumulate_two_body_gex_sample	Via --physcal for normal/FSZ Green; grouped normal only; standalone Green routines library-only	executable bounded production mapping; independent scenario replay unverified	C canonical indices/weights/term order exact; computed Green #190; factored single-row formatting repair assigned Goodall	Sampling/proposed moves/acceptance must remain exact; numerical comparisons only for computed values; no implicit rejection rollback claim	E0 scenario-to-production mapping; proposed gate only unless result names executed record	J=8bb1b9e8ae47b1512c00b321be05664ddcac0fd1; source SHA256=6c69a832c474156c45711a2f2da13f72f4789aa6d06d8bda435cb55573eada12; C=extern/mVMC-1.3.0; independent expectation provenance must be read from named fixtures; no regeneration/run in documentation audit	cargo nextest run --locked --cargo-profile test-fast -p mvmc-core --test two_body_green --test physcal_issue181 --no-fail-fast --retries 0	Testset scalar settings: data.modpara.nsite = 2; data.modpara.nelec = 1; File-wide declarations (inherited where used): @testset "Lanczos QQQQ accumulation uses C flatten order" begin;@testset "Lanczos mode2 QCAQ accumulation uses C flatten order" begin;@testset "output: Lanczos R1 writes ls_out and ls_qqqq" begin;@testset "output: Lanczos mode2 writes LS Green files" begin;@testset "output: Lanczos singular alpha writes NaN without aborting" begin;@test_logs (:warn, r"Lanczos energy could not be calculated") MVMCOptimizers.output_green_func!(;@testset "Lanczos mode2 rejects duplicate greenone entries without TwoBodyGEx" begin	UNVERIFIED: individual Julia scenario not replayed against Rust; candidate gate is not evidence of equivalent assertions	#181
S142	testset	@testset "calculate_green_func_fsz! uses FSZ spin dispatch and accumulator locals" begin	MVMCOptimizers.jl/test_unit/test_unit_physcal_factored_green.jl:106	crates/mvmc-expert-parsers/src/types.rs::ExpertModeData; crates/mvmc-expert-parsers/src/types.rs::GreenOneTerm; crates/mvmc-expert-parsers/src/types.rs::GreenTwoTerm; crates/mvmc-expert-parsers/src/types.rs::GreenTwoExTerm; crates/mvmc-core/src/state.rs::VmcOptimizationState; crates/mvmc-core/src/run.rs::state_from_data; crates/mvmc-core/src/observables/fsz_measurements.rs::calculate_green_func_fsz	Via --physcal for normal/FSZ Green; grouped normal only; standalone Green routines library-only	executable bounded production mapping; independent scenario replay unverified	C canonical indices/weights/term order exact; computed Green #190; factored single-row formatting repair assigned Goodall	Sampling/proposed moves/acceptance must remain exact; numerical comparisons only for computed values; no implicit rejection rollback claim	E0 scenario-to-production mapping; proposed gate only unless result names executed record	J=8bb1b9e8ae47b1512c00b321be05664ddcac0fd1; source SHA256=6c69a832c474156c45711a2f2da13f72f4789aa6d06d8bda435cb55573eada12; C=extern/mVMC-1.3.0; independent expectation provenance must be read from named fixtures; no regeneration/run in documentation audit	cargo nextest run --locked --cargo-profile test-fast -p mvmc-core --test two_body_green --test physcal_issue181 --no-fail-fast --retries 0	Testset scalar settings: data.modpara.nsite = 2; data.modpara.nelec = 1; File-wide declarations (inherited where used): @testset "Lanczos QQQQ accumulation uses C flatten order" begin;@testset "Lanczos mode2 QCAQ accumulation uses C flatten order" begin;@testset "output: Lanczos R1 writes ls_out and ls_qqqq" begin;@testset "output: Lanczos mode2 writes LS Green files" begin;@testset "output: Lanczos singular alpha writes NaN without aborting" begin;@test_logs (:warn, r"Lanczos energy could not be calculated") MVMCOptimizers.output_green_func!(;@testset "Lanczos mode2 rejects duplicate greenone entries without TwoBodyGEx" begin	UNVERIFIED: individual Julia scenario not replayed against Rust; candidate gate is not evidence of equivalent assertions	#181
S143	testset	@testset "Lanczos QQQQ accumulation uses C flatten order" begin	MVMCOptimizers.jl/test_unit/test_unit_physcal_factored_green.jl:161	crates/mvmc-core/src/state.rs::PhysicalQuantities; crates/mvmc-core/src/lanczos.rs::accumulate_lanczos_qqqq	PhysCal normal mode1/2 only; FSZ/grouped/spin-changing rejected; all InterAll work excluded	executable bounded production mapping; independent scenario replay unverified	C non-InterAll Hamiltonian/QQQQ/QCAQ flattening/output; Julia-deferred para-opt wrapper does not exclude PhysCal	Sampling/proposed moves/acceptance must remain exact; numerical comparisons only for computed values; no implicit rejection rollback claim	E0 scenario-to-production mapping; proposed gate only unless result names executed record	J=8bb1b9e8ae47b1512c00b321be05664ddcac0fd1; source SHA256=6c69a832c474156c45711a2f2da13f72f4789aa6d06d8bda435cb55573eada12; C=extern/mVMC-1.3.0; independent expectation provenance must be read from named fixtures; no regeneration/run in documentation audit	MVMC_RS_LANCZOS_PHYSICAL=1 cargo nextest run --locked --cargo-profile test-fast -p mvmc-core --test lanczos_transfer_physcal --run-ignored only --no-fail-fast --retries 0	No local scalar override; inherited fixture/synthetic constructor arguments; File-wide declarations (inherited where used): @testset "Lanczos QQQQ accumulation uses C flatten order" begin;@testset "Lanczos mode2 QCAQ accumulation uses C flatten order" begin;@testset "output: Lanczos R1 writes ls_out and ls_qqqq" begin;@testset "output: Lanczos mode2 writes LS Green files" begin;@testset "output: Lanczos singular alpha writes NaN without aborting" begin;@test_logs (:warn, r"Lanczos energy could not be calculated") MVMCOptimizers.output_green_func!(;@testset "Lanczos mode2 rejects duplicate greenone entries without TwoBodyGEx" begin	UNVERIFIED: individual Julia scenario not replayed against Rust; candidate gate is not evidence of equivalent assertions	#181/#178
S144	testset	@testset "Lanczos mode2 QCAQ accumulation uses C flatten order" begin	MVMCOptimizers.jl/test_unit/test_unit_physcal_factored_green.jl:196	crates/mvmc-expert-parsers/src/types.rs::ExpertModeData; crates/mvmc-expert-parsers/src/types.rs::GreenOneTerm; crates/mvmc-core/src/state.rs::VmcOptimizationState; crates/mvmc-core/src/run.rs::state_from_data	PhysCal normal mode1/2 only; FSZ/grouped/spin-changing rejected; all InterAll work excluded	executable bounded production mapping; independent scenario replay unverified	C non-InterAll Hamiltonian/QQQQ/QCAQ flattening/output; Julia-deferred para-opt wrapper does not exclude PhysCal	Sampling/proposed moves/acceptance must remain exact; numerical comparisons only for computed values; no implicit rejection rollback claim	E0 scenario-to-production mapping; proposed gate only unless result names executed record	J=8bb1b9e8ae47b1512c00b321be05664ddcac0fd1; source SHA256=6c69a832c474156c45711a2f2da13f72f4789aa6d06d8bda435cb55573eada12; C=extern/mVMC-1.3.0; independent expectation provenance must be read from named fixtures; no regeneration/run in documentation audit	MVMC_RS_LANCZOS_PHYSICAL=1 cargo nextest run --locked --cargo-profile test-fast -p mvmc-core --test lanczos_transfer_physcal --run-ignored only --no-fail-fast --retries 0	Testset scalar settings: data.modpara.nsite = 2; data.modpara.nelec = 1; data.modpara.lanczos_mode = 2; File-wide declarations (inherited where used): @testset "Lanczos QQQQ accumulation uses C flatten order" begin;@testset "Lanczos mode2 QCAQ accumulation uses C flatten order" begin;@testset "output: Lanczos R1 writes ls_out and ls_qqqq" begin;@testset "output: Lanczos mode2 writes LS Green files" begin;@testset "output: Lanczos singular alpha writes NaN without aborting" begin;@test_logs (:warn, r"Lanczos energy could not be calculated") MVMCOptimizers.output_green_func!(;@testset "Lanczos mode2 rejects duplicate greenone entries without TwoBodyGEx" begin	UNVERIFIED: individual Julia scenario not replayed against Rust; candidate gate is not evidence of equivalent assertions	#181/#178
S145	testset	@testset "output: canonical cisajs + factored ex, with output_dir and numbering" begin	MVMCOptimizers.jl/test_unit/test_unit_physcal_factored_green.jl:235	crates/mvmc-expert-parsers/src/types.rs::ExpertModeData; crates/mvmc-core/src/state.rs::VmcOptimizationState; crates/mvmc-core/src/state.rs::PhysicalQuantities	Via --physcal for normal/FSZ Green; grouped normal only; standalone Green routines library-only	executable bounded production mapping; independent scenario replay unverified	C canonical indices/weights/term order exact; computed Green #190; factored single-row formatting repair assigned Goodall	Sampling/proposed moves/acceptance must remain exact; numerical comparisons only for computed values; no implicit rejection rollback claim	E0 scenario-to-production mapping; proposed gate only unless result names executed record	J=8bb1b9e8ae47b1512c00b321be05664ddcac0fd1; source SHA256=6c69a832c474156c45711a2f2da13f72f4789aa6d06d8bda435cb55573eada12; C=extern/mVMC-1.3.0; independent expectation provenance must be read from named fixtures; no regeneration/run in documentation audit	cargo nextest run --locked --cargo-profile test-fast -p mvmc-core --test two_body_green --test physcal_issue181 --no-fail-fast --retries 0	Testset scalar settings: data.modpara.nsite = 4; File-wide declarations (inherited where used): @testset "Lanczos QQQQ accumulation uses C flatten order" begin;@testset "Lanczos mode2 QCAQ accumulation uses C flatten order" begin;@testset "output: Lanczos R1 writes ls_out and ls_qqqq" begin;@testset "output: Lanczos mode2 writes LS Green files" begin;@testset "output: Lanczos singular alpha writes NaN without aborting" begin;@test_logs (:warn, r"Lanczos energy could not be calculated") MVMCOptimizers.output_green_func!(;@testset "Lanczos mode2 rejects duplicate greenone entries without TwoBodyGEx" begin	UNVERIFIED: individual Julia scenario not replayed against Rust; candidate gate is not evidence of equivalent assertions	#181
S146	testset	@testset "output: Lanczos R1 writes ls_out and ls_qqqq" begin	MVMCOptimizers.jl/test_unit/test_unit_physcal_factored_green.jl:268	crates/mvmc-expert-parsers/src/types.rs::ExpertModeData; crates/mvmc-core/src/state.rs::VmcOptimizationState; crates/mvmc-core/src/state.rs::PhysicalQuantities	PhysCal normal mode1/2 only; FSZ/grouped/spin-changing rejected; all InterAll work excluded	executable bounded production mapping; independent scenario replay unverified	C non-InterAll Hamiltonian/QQQQ/QCAQ flattening/output; Julia-deferred para-opt wrapper does not exclude PhysCal	Sampling/proposed moves/acceptance must remain exact; numerical comparisons only for computed values; no implicit rejection rollback claim	E0 scenario-to-production mapping; proposed gate only unless result names executed record	J=8bb1b9e8ae47b1512c00b321be05664ddcac0fd1; source SHA256=6c69a832c474156c45711a2f2da13f72f4789aa6d06d8bda435cb55573eada12; C=extern/mVMC-1.3.0; independent expectation provenance must be read from named fixtures; no regeneration/run in documentation audit	MVMC_RS_LANCZOS_PHYSICAL=1 cargo nextest run --locked --cargo-profile test-fast -p mvmc-core --test lanczos_transfer_physcal --run-ignored only --no-fail-fast --retries 0	Testset scalar settings: data.modpara.nsite = 2; data.modpara.lanczos_mode = 1; File-wide declarations (inherited where used): @testset "Lanczos QQQQ accumulation uses C flatten order" begin;@testset "Lanczos mode2 QCAQ accumulation uses C flatten order" begin;@testset "output: Lanczos R1 writes ls_out and ls_qqqq" begin;@testset "output: Lanczos mode2 writes LS Green files" begin;@testset "output: Lanczos singular alpha writes NaN without aborting" begin;@test_logs (:warn, r"Lanczos energy could not be calculated") MVMCOptimizers.output_green_func!(;@testset "Lanczos mode2 rejects duplicate greenone entries without TwoBodyGEx" begin	UNVERIFIED: individual Julia scenario not replayed against Rust; candidate gate is not evidence of equivalent assertions	#181/#178
S147	testset	@testset "output: Lanczos mode2 writes LS Green files" begin	MVMCOptimizers.jl/test_unit/test_unit_physcal_factored_green.jl:306	crates/mvmc-expert-parsers/src/types.rs::ExpertModeData; crates/mvmc-expert-parsers/src/types.rs::GreenTwoTerm; crates/mvmc-core/src/state.rs::VmcOptimizationState; crates/mvmc-core/src/state.rs::PhysicalQuantities	PhysCal normal mode1/2 only; FSZ/grouped/spin-changing rejected; all InterAll work excluded	executable bounded production mapping; independent scenario replay unverified	C non-InterAll Hamiltonian/QQQQ/QCAQ flattening/output; Julia-deferred para-opt wrapper does not exclude PhysCal	Sampling/proposed moves/acceptance must remain exact; numerical comparisons only for computed values; no implicit rejection rollback claim	E0 scenario-to-production mapping; proposed gate only unless result names executed record	J=8bb1b9e8ae47b1512c00b321be05664ddcac0fd1; source SHA256=6c69a832c474156c45711a2f2da13f72f4789aa6d06d8bda435cb55573eada12; C=extern/mVMC-1.3.0; independent expectation provenance must be read from named fixtures; no regeneration/run in documentation audit	MVMC_RS_LANCZOS_PHYSICAL=1 cargo nextest run --locked --cargo-profile test-fast -p mvmc-core --test lanczos_transfer_physcal --run-ignored only --no-fail-fast --retries 0	Testset scalar settings: data.modpara.nsite = 2; data.modpara.lanczos_mode = 2; File-wide declarations (inherited where used): @testset "Lanczos QQQQ accumulation uses C flatten order" begin;@testset "Lanczos mode2 QCAQ accumulation uses C flatten order" begin;@testset "output: Lanczos R1 writes ls_out and ls_qqqq" begin;@testset "output: Lanczos mode2 writes LS Green files" begin;@testset "output: Lanczos singular alpha writes NaN without aborting" begin;@test_logs (:warn, r"Lanczos energy could not be calculated") MVMCOptimizers.output_green_func!(;@testset "Lanczos mode2 rejects duplicate greenone entries without TwoBodyGEx" begin	UNVERIFIED: individual Julia scenario not replayed against Rust; candidate gate is not evidence of equivalent assertions	#181/#178
S148	testset	@testset "output: Lanczos singular alpha writes NaN without aborting" begin	MVMCOptimizers.jl/test_unit/test_unit_physcal_factored_green.jl:354	crates/mvmc-expert-parsers/src/types.rs::ExpertModeData; crates/mvmc-core/src/state.rs::VmcOptimizationState; crates/mvmc-core/src/state.rs::PhysicalQuantities	PhysCal normal mode1/2 only; FSZ/grouped/spin-changing rejected; all InterAll work excluded	executable bounded production mapping; independent scenario replay unverified	C non-InterAll Hamiltonian/QQQQ/QCAQ flattening/output; Julia-deferred para-opt wrapper does not exclude PhysCal	Sampling/proposed moves/acceptance must remain exact; numerical comparisons only for computed values; no implicit rejection rollback claim	E0 scenario-to-production mapping; proposed gate only unless result names executed record	J=8bb1b9e8ae47b1512c00b321be05664ddcac0fd1; source SHA256=6c69a832c474156c45711a2f2da13f72f4789aa6d06d8bda435cb55573eada12; C=extern/mVMC-1.3.0; independent expectation provenance must be read from named fixtures; no regeneration/run in documentation audit	MVMC_RS_LANCZOS_PHYSICAL=1 cargo nextest run --locked --cargo-profile test-fast -p mvmc-core --test lanczos_transfer_physcal --run-ignored only --no-fail-fast --retries 0	Testset scalar settings: data.modpara.nsite = 2; data.modpara.lanczos_mode = 1; File-wide declarations (inherited where used): @testset "Lanczos QQQQ accumulation uses C flatten order" begin;@testset "Lanczos mode2 QCAQ accumulation uses C flatten order" begin;@testset "output: Lanczos R1 writes ls_out and ls_qqqq" begin;@testset "output: Lanczos mode2 writes LS Green files" begin;@testset "output: Lanczos singular alpha writes NaN without aborting" begin;@test_logs (:warn, r"Lanczos energy could not be calculated") MVMCOptimizers.output_green_func!(;@testset "Lanczos mode2 rejects duplicate greenone entries without TwoBodyGEx" begin	UNVERIFIED: individual Julia scenario not replayed against Rust; candidate gate is not evidence of equivalent assertions	#181/#178
S149	testset	@testset "PhysCal output file index uses NDataIdxStart" begin	MVMCOptimizers.jl/test_unit/test_unit_physcal_factored_green.jl:379	crates/mvmc-expert-parsers/src/types.rs::ExpertModeData	Via --physcal for normal/FSZ Green; grouped normal only; standalone Green routines library-only	executable bounded production mapping; independent scenario replay unverified	C canonical indices/weights/term order exact; computed Green #190; factored single-row formatting repair assigned Goodall	Exact RNG/config/count/status/indices/flags and untouched copy tails; computed normalization/inverse values follow #190; no claimed full trajectory from snapshots	E0 scenario-to-production mapping; proposed gate only unless result names executed record	J=8bb1b9e8ae47b1512c00b321be05664ddcac0fd1; source SHA256=6c69a832c474156c45711a2f2da13f72f4789aa6d06d8bda435cb55573eada12; C=extern/mVMC-1.3.0; independent expectation provenance must be read from named fixtures; no regeneration/run in documentation audit	cargo nextest run --locked --cargo-profile test-fast -p mvmc-core --test two_body_green --test physcal_issue181 --no-fail-fast --retries 0	Testset scalar settings: data.modpara.n_data_idx_start = 1; data.modpara.n_data_idx_start = 7; File-wide declarations (inherited where used): @testset "Lanczos QQQQ accumulation uses C flatten order" begin;@testset "Lanczos mode2 QCAQ accumulation uses C flatten order" begin;@testset "output: Lanczos R1 writes ls_out and ls_qqqq" begin;@testset "output: Lanczos mode2 writes LS Green files" begin;@testset "output: Lanczos singular alpha writes NaN without aborting" begin;@test_logs (:warn, r"Lanczos energy could not be calculated") MVMCOptimizers.output_green_func!(;@testset "Lanczos mode2 rejects duplicate greenone entries without TwoBodyGEx" begin	UNVERIFIED: individual Julia scenario not replayed against Rust; candidate gate is not evidence of equivalent assertions	#181
S150	testset	@testset "output_data_phys!: out/var truncate-on-first-sample, Green files use NDataIdxStart" begin	MVMCOptimizers.jl/test_unit/test_unit_physcal_factored_green.jl:390	crates/mvmc-expert-parsers/src/types.rs::ExpertModeData; crates/mvmc-core/src/state.rs::VmcOptimizationState; crates/mvmc-core/src/state.rs::PhysicalQuantities; crates/mvmc-core/src/io.rs::output_phys_data	Via --physcal for normal/FSZ Green; grouped normal only; standalone Green routines library-only	executable bounded production mapping; independent scenario replay unverified	C canonical indices/weights/term order exact; computed Green #190; factored single-row formatting repair assigned Goodall	Sampling/proposed moves/acceptance must remain exact; numerical comparisons only for computed values; no implicit rejection rollback claim	E0 scenario-to-production mapping; proposed gate only unless result names executed record	J=8bb1b9e8ae47b1512c00b321be05664ddcac0fd1; source SHA256=6c69a832c474156c45711a2f2da13f72f4789aa6d06d8bda435cb55573eada12; C=extern/mVMC-1.3.0; independent expectation provenance must be read from named fixtures; no regeneration/run in documentation audit	cargo nextest run --locked --cargo-profile test-fast -p mvmc-core --test two_body_green --test physcal_issue181 --no-fail-fast --retries 0	Testset scalar settings: data.modpara.nsite = 2; data.modpara.n_data_idx_start = 1; File-wide declarations (inherited where used): @testset "Lanczos QQQQ accumulation uses C flatten order" begin;@testset "Lanczos mode2 QCAQ accumulation uses C flatten order" begin;@testset "output: Lanczos R1 writes ls_out and ls_qqqq" begin;@testset "output: Lanczos mode2 writes LS Green files" begin;@testset "output: Lanczos singular alpha writes NaN without aborting" begin;@test_logs (:warn, r"Lanczos energy could not be calculated") MVMCOptimizers.output_green_func!(;@testset "Lanczos mode2 rejects duplicate greenone entries without TwoBodyGEx" begin	UNVERIFIED: individual Julia scenario not replayed against Rust; candidate gate is not evidence of equivalent assertions	#181
S151	testset	@testset "no TwoBodyGEx preserves greenone order and duplicates in output" begin	MVMCOptimizers.jl/test_unit/test_unit_physcal_factored_green.jl:428	crates/mvmc-expert-parsers/src/types.rs::ExpertModeData; crates/mvmc-expert-parsers/src/types.rs::GreenOneTerm; crates/mvmc-core/src/state.rs::VmcOptimizationState; crates/mvmc-core/src/run.rs::state_from_data	Via --physcal for normal/FSZ Green; grouped normal only; standalone Green routines library-only	executable bounded production mapping; independent scenario replay unverified	C canonical indices/weights/term order exact; computed Green #190; factored single-row formatting repair assigned Goodall	Exact RNG/config/count/status/indices/flags and untouched copy tails; computed normalization/inverse values follow #190; no claimed full trajectory from snapshots	E0 scenario-to-production mapping; proposed gate only unless result names executed record	J=8bb1b9e8ae47b1512c00b321be05664ddcac0fd1; source SHA256=6c69a832c474156c45711a2f2da13f72f4789aa6d06d8bda435cb55573eada12; C=extern/mVMC-1.3.0; independent expectation provenance must be read from named fixtures; no regeneration/run in documentation audit	cargo nextest run --locked --cargo-profile test-fast -p mvmc-core --test two_body_green --test physcal_issue181 --no-fail-fast --retries 0	Testset scalar settings: data.modpara.nsite = 2; File-wide declarations (inherited where used): @testset "Lanczos QQQQ accumulation uses C flatten order" begin;@testset "Lanczos mode2 QCAQ accumulation uses C flatten order" begin;@testset "output: Lanczos R1 writes ls_out and ls_qqqq" begin;@testset "output: Lanczos mode2 writes LS Green files" begin;@testset "output: Lanczos singular alpha writes NaN without aborting" begin;@test_logs (:warn, r"Lanczos energy could not be calculated") MVMCOptimizers.output_green_func!(;@testset "Lanczos mode2 rejects duplicate greenone entries without TwoBodyGEx" begin	UNVERIFIED: individual Julia scenario not replayed against Rust; candidate gate is not evidence of equivalent assertions	#181
S152	testset	@testset "Lanczos mode2 rejects duplicate greenone entries without TwoBodyGEx" begin	MVMCOptimizers.jl/test_unit/test_unit_physcal_factored_green.jl:459	crates/mvmc-expert-parsers/src/types.rs::ExpertModeData; crates/mvmc-expert-parsers/src/types.rs::GreenOneTerm; crates/mvmc-core/src/state.rs::VmcOptimizationState; crates/mvmc-core/src/run.rs::state_from_data	PhysCal normal mode1/2 only; FSZ/grouped/spin-changing rejected; all InterAll work excluded	rejected titled invalid scope; validation counterpart exists, not a blanket rejection of valid combinations	C non-InterAll Hamiltonian/QQQQ/QCAQ flattening/output; Julia-deferred para-opt wrapper does not exclude PhysCal	Validation/load failure before init/output unless title targets callback/output/SR; state/RNG/files boundary must be asserted by candidate gate; current collective callbacks fail after completed sample, not rollback	E0 scenario-to-production mapping; proposed gate only unless result names executed record	J=8bb1b9e8ae47b1512c00b321be05664ddcac0fd1; source SHA256=6c69a832c474156c45711a2f2da13f72f4789aa6d06d8bda435cb55573eada12; C=extern/mVMC-1.3.0; independent expectation provenance must be read from named fixtures; no regeneration/run in documentation audit	MVMC_RS_LANCZOS_PHYSICAL=1 cargo nextest run --locked --cargo-profile test-fast -p mvmc-core --test lanczos_transfer_physcal --run-ignored only --no-fail-fast --retries 0	Testset scalar settings: data.modpara.nsite = 2; data.modpara.lanczos_mode = 2; File-wide declarations (inherited where used): @testset "Lanczos QQQQ accumulation uses C flatten order" begin;@testset "Lanczos mode2 QCAQ accumulation uses C flatten order" begin;@testset "output: Lanczos R1 writes ls_out and ls_qqqq" begin;@testset "output: Lanczos mode2 writes LS Green files" begin;@testset "output: Lanczos singular alpha writes NaN without aborting" begin;@test_logs (:warn, r"Lanczos energy could not be calculated") MVMCOptimizers.output_green_func!(;@testset "Lanczos mode2 rejects duplicate greenone entries without TwoBodyGEx" begin	UNVERIFIED: individual Julia scenario not replayed against Rust; candidate gate is not evidence of equivalent assertions	#181/#178
S153	testset	@testset "initialize_phys_quantities! wires the factored canonical list and pairs" begin	MVMCOptimizers.jl/test_unit/test_unit_physcal_factored_green.jl:481	crates/mvmc-core/src/run.rs::state_from_data; crates/mvmc-expert-parsers/src/types.rs::ExpertModeData; crates/mvmc-expert-parsers/src/types.rs::GreenOneTerm; crates/mvmc-expert-parsers/src/types.rs::GreenTwoExTerm; crates/mvmc-core/src/state.rs::VmcOptimizationState	Via --physcal for normal/FSZ Green; grouped normal only; standalone Green routines library-only	executable bounded production mapping; independent scenario replay unverified	C canonical indices/weights/term order exact; computed Green #190; factored single-row formatting repair assigned Goodall	Sampling/proposed moves/acceptance must remain exact; numerical comparisons only for computed values; no implicit rejection rollback claim	E0 scenario-to-production mapping; proposed gate only unless result names executed record	J=8bb1b9e8ae47b1512c00b321be05664ddcac0fd1; source SHA256=6c69a832c474156c45711a2f2da13f72f4789aa6d06d8bda435cb55573eada12; C=extern/mVMC-1.3.0; independent expectation provenance must be read from named fixtures; no regeneration/run in documentation audit	cargo nextest run --locked --cargo-profile test-fast -p mvmc-core --test two_body_green --test physcal_issue181 --no-fail-fast --retries 0	Testset scalar settings: data.modpara.nsite = 4; data2.modpara.nsite = 4; File-wide declarations (inherited where used): @testset "Lanczos QQQQ accumulation uses C flatten order" begin;@testset "Lanczos mode2 QCAQ accumulation uses C flatten order" begin;@testset "output: Lanczos R1 writes ls_out and ls_qqqq" begin;@testset "output: Lanczos mode2 writes LS Green files" begin;@testset "output: Lanczos singular alpha writes NaN without aborting" begin;@test_logs (:warn, r"Lanczos energy could not be calculated") MVMCOptimizers.output_green_func!(;@testset "Lanczos mode2 rejects duplicate greenone entries without TwoBodyGEx" begin	UNVERIFIED: individual Julia scenario not replayed against Rust; candidate gate is not evidence of equivalent assertions	#181
S154	testset	@testset "FSZ + factored validation hook accepts supported PhysCal path" begin	MVMCOptimizers.jl/test_unit/test_unit_physcal_factored_green.jl:524	crates/mvmc-expert-parsers/src/types.rs::ExpertModeData; crates/mvmc-expert-parsers/src/types.rs::GreenTwoExTerm	Via --physcal for normal/FSZ Green; grouped normal only; standalone Green routines library-only	executable bounded production mapping; independent scenario replay unverified	C canonical indices/weights/term order exact; computed Green #190; factored single-row formatting repair assigned Goodall	Sampling/proposed moves/acceptance must remain exact; numerical comparisons only for computed values; no implicit rejection rollback claim	E0 scenario-to-production mapping; proposed gate only unless result names executed record	J=8bb1b9e8ae47b1512c00b321be05664ddcac0fd1; source SHA256=6c69a832c474156c45711a2f2da13f72f4789aa6d06d8bda435cb55573eada12; C=extern/mVMC-1.3.0; independent expectation provenance must be read from named fixtures; no regeneration/run in documentation audit	cargo nextest run --locked --cargo-profile test-fast -p mvmc-core --test two_body_green --test physcal_issue181 --no-fail-fast --retries 0	No local scalar override; inherited fixture/synthetic constructor arguments; File-wide declarations (inherited where used): @testset "Lanczos QQQQ accumulation uses C flatten order" begin;@testset "Lanczos mode2 QCAQ accumulation uses C flatten order" begin;@testset "output: Lanczos R1 writes ls_out and ls_qqqq" begin;@testset "output: Lanczos mode2 writes LS Green files" begin;@testset "output: Lanczos singular alpha writes NaN without aborting" begin;@test_logs (:warn, r"Lanczos energy could not be calculated") MVMCOptimizers.output_green_func!(;@testset "Lanczos mode2 rejects duplicate greenone entries without TwoBodyGEx" begin	UNVERIFIED: individual Julia scenario not replayed against Rust; candidate gate is not evidence of equivalent assertions	#181
S155	testset	@testset "read_opt_para_file!: golden load + consumed count" begin	MVMCOptimizers.jl/test_unit/test_unit_read_opt_para.jl:70	crates/mvmc-core/src/initial_params.rs::read_opt_para_file	Runner initialization/SR; initial.def auto|none|path; --physcal fixed record plus explicit In overlays	executable bounded production mapping; independent scenario replay unverified	C declared parameter slots + post-SR gauge shifts; PhysCal disables correlation shifts; Julia inferred layouts/normalization may differ	Exact RNG/config/count/status/indices/flags and untouched copy tails; computed normalization/inverse values follow #190; no claimed full trajectory from snapshots	E0 scenario-to-production mapping; proposed gate only unless result names executed record	J=8bb1b9e8ae47b1512c00b321be05664ddcac0fd1; source SHA256=744bc2248c39395399a6c05341d5eed140471e692236cc2207458ceec178d86c; C=extern/mVMC-1.3.0; independent expectation provenance must be read from named fixtures; no regeneration/run in documentation audit	cargo nextest run --locked --cargo-profile test-fast -p mvmc-core --test initial_params --no-fail-fast --retries 0	No local scalar override; inherited fixture/synthetic constructor arguments; No file-wide stochastic settings	UNVERIFIED: individual Julia scenario not replayed against Rust; candidate gate is not evidence of equivalent assertions	#180/#181/#184
S156	testset	@testset "read_opt_para_file!: non-perturbing (idempotent) load" begin	MVMCOptimizers.jl/test_unit/test_unit_read_opt_para.jl:87	crates/mvmc-core/src/initial_params.rs::read_opt_para_file	Runner initialization/SR; initial.def auto|none|path; --physcal fixed record plus explicit In overlays	executable bounded production mapping; independent scenario replay unverified	C declared parameter slots + post-SR gauge shifts; PhysCal disables correlation shifts; Julia inferred layouts/normalization may differ	Exact RNG/config/count/status/indices/flags and untouched copy tails; computed normalization/inverse values follow #190; no claimed full trajectory from snapshots	E0 scenario-to-production mapping; proposed gate only unless result names executed record	J=8bb1b9e8ae47b1512c00b321be05664ddcac0fd1; source SHA256=744bc2248c39395399a6c05341d5eed140471e692236cc2207458ceec178d86c; C=extern/mVMC-1.3.0; independent expectation provenance must be read from named fixtures; no regeneration/run in documentation audit	cargo nextest run --locked --cargo-profile test-fast -p mvmc-core --test initial_params --no-fail-fast --retries 0	No local scalar override; inherited fixture/synthetic constructor arguments; No file-wide stochastic settings	UNVERIFIED: individual Julia scenario not replayed against Rust; candidate gate is not evidence of equivalent assertions	#180/#181/#184
S157	testset	@testset "read_opt_para_file!: strict failures error with a clear message" begin	MVMCOptimizers.jl/test_unit/test_unit_read_opt_para.jl:101	crates/mvmc-core/src/initial_params.rs::read_opt_para_file	Runner initialization/SR; initial.def auto|none|path; --physcal fixed record plus explicit In overlays	executable bounded production mapping; independent scenario replay unverified	C declared parameter slots + post-SR gauge shifts; PhysCal disables correlation shifts; Julia inferred layouts/normalization may differ	Validation/load failure before init/output unless title targets callback/output/SR; state/RNG/files boundary must be asserted by candidate gate; current collective callbacks fail after completed sample, not rollback	E0 scenario-to-production mapping; proposed gate only unless result names executed record	J=8bb1b9e8ae47b1512c00b321be05664ddcac0fd1; source SHA256=744bc2248c39395399a6c05341d5eed140471e692236cc2207458ceec178d86c; C=extern/mVMC-1.3.0; independent expectation provenance must be read from named fixtures; no regeneration/run in documentation audit	cargo nextest run --locked --cargo-profile test-fast -p mvmc-core --test initial_params --no-fail-fast --retries 0	No local scalar override; inherited fixture/synthetic constructor arguments; No file-wide stochastic settings	UNVERIFIED: individual Julia scenario not replayed against Rust; candidate gate is not evidence of equivalent assertions	#180/#181/#184
S158	testset	@testset "read_opt_para_file!: DH projection block loads before Slater" begin	MVMCOptimizers.jl/test_unit/test_unit_read_opt_para.jl:149	crates/mvmc-expert-parsers/src/types.rs::DoublonHolon2SiteIndex; crates/mvmc-core/src/initial_params.rs::read_opt_para_file	Runner initialization/SR; initial.def auto|none|path; --physcal fixed record plus explicit In overlays	executable bounded production mapping; independent scenario replay unverified	C declared parameter slots + post-SR gauge shifts; PhysCal disables correlation shifts; Julia inferred layouts/normalization may differ	Sampling/proposed moves/acceptance must remain exact; numerical comparisons only for computed values; no implicit rejection rollback claim	E0 scenario-to-production mapping; proposed gate only unless result names executed record	J=8bb1b9e8ae47b1512c00b321be05664ddcac0fd1; source SHA256=744bc2248c39395399a6c05341d5eed140471e692236cc2207458ceec178d86c; C=extern/mVMC-1.3.0; independent expectation provenance must be read from named fixtures; no regeneration/run in documentation audit	cargo nextest run --locked --cargo-profile test-fast -p mvmc-core --test initial_params --no-fail-fast --retries 0	No local scalar override; inherited fixture/synthetic constructor arguments; No file-wide stochastic settings	UNVERIFIED: individual Julia scenario not replayed against Rust; candidate gate is not evidence of equivalent assertions	#180/#181/#184
S159	testset	@testset "read_opt_para_file!: OptTrans tail loads when active" begin	MVMCOptimizers.jl/test_unit/test_unit_read_opt_para.jl:174	crates/mvmc-core/src/initial_params.rs::read_opt_para_file	Runner initialization/SR; initial.def auto|none|path; --physcal fixed record plus explicit In overlays	executable bounded production mapping; independent scenario replay unverified	C declared parameter slots + post-SR gauge shifts; PhysCal disables correlation shifts; Julia inferred layouts/normalization may differ	Sampling/proposed moves/acceptance must remain exact; numerical comparisons only for computed values; no implicit rejection rollback claim	E0 scenario-to-production mapping; proposed gate only unless result names executed record	J=8bb1b9e8ae47b1512c00b321be05664ddcac0fd1; source SHA256=744bc2248c39395399a6c05341d5eed140471e692236cc2207458ceec178d86c; C=extern/mVMC-1.3.0; independent expectation provenance must be read from named fixtures; no regeneration/run in documentation audit	cargo nextest run --locked --cargo-profile test-fast -p mvmc-core --test initial_params --no-fail-fast --retries 0	No local scalar override; inherited fixture/synthetic constructor arguments; No file-wide stochastic settings	UNVERIFIED: individual Julia scenario not replayed against Rust; candidate gate is not evidence of equivalent assertions	#180/#181/#184
S160	testset	@testset "read_opt_para_file!: RBM block loads before Slater" begin	MVMCOptimizers.jl/test_unit/test_unit_read_opt_para.jl:190	crates/mvmc-expert-parsers/src/types.rs::GeneralRBMPhysLayerTerm; crates/mvmc-expert-parsers/src/types.rs::GeneralRBMHiddenLayerTerm; crates/mvmc-expert-parsers/src/types.rs::GeneralRBMPhysHiddenTerm; crates/mvmc-core/src/initial_params.rs::read_opt_para_file	Runner initialization/SR; initial.def auto|none|path; --physcal fixed record plus explicit In overlays	executable bounded production mapping; independent scenario replay unverified	C declared parameter slots + post-SR gauge shifts; PhysCal disables correlation shifts; Julia inferred layouts/normalization may differ	Sampling/proposed moves/acceptance must remain exact; numerical comparisons only for computed values; no implicit rejection rollback claim	E0 scenario-to-production mapping; proposed gate only unless result names executed record	J=8bb1b9e8ae47b1512c00b321be05664ddcac0fd1; source SHA256=744bc2248c39395399a6c05341d5eed140471e692236cc2207458ceec178d86c; C=extern/mVMC-1.3.0; independent expectation provenance must be read from named fixtures; no regeneration/run in documentation audit	cargo nextest run --locked --cargo-profile test-fast -p mvmc-core --test initial_params --no-fail-fast --retries 0	No local scalar override; inherited fixture/synthetic constructor arguments; No file-wide stochastic settings	UNVERIFIED: individual Julia scenario not replayed against Rust; candidate gate is not evidence of equivalent assertions	#180/#181/#184
S161	testset	@testset "read_initial_def! still loads the same layout (delegation regression)" begin	MVMCOptimizers.jl/test_unit/test_unit_read_opt_para.jl:240	crates/mvmc-core/src/initial_params.rs::read_initial_def	Runner initialization/SR; initial.def auto|none|path; --physcal fixed record plus explicit In overlays	executable bounded production mapping; independent scenario replay unverified	C declared parameter slots + post-SR gauge shifts; PhysCal disables correlation shifts; Julia inferred layouts/normalization may differ	Exact RNG/config/count/status/indices/flags and untouched copy tails; computed normalization/inverse values follow #190; no claimed full trajectory from snapshots	E0 scenario-to-production mapping; proposed gate only unless result names executed record	J=8bb1b9e8ae47b1512c00b321be05664ddcac0fd1; source SHA256=744bc2248c39395399a6c05341d5eed140471e692236cc2207458ceec178d86c; C=extern/mVMC-1.3.0; independent expectation provenance must be read from named fixtures; no regeneration/run in documentation audit	cargo nextest run --locked --cargo-profile test-fast -p mvmc-core --test initial_params --no-fail-fast --retries 0	No local scalar override; inherited fixture/synthetic constructor arguments; No file-wide stochastic settings	UNVERIFIED: individual Julia scenario not replayed against Rust; candidate gate is not evidence of equivalent assertions	#180/#181/#184
S162	testset	@testset "run_phys_cal_from_namelist: argument validation" begin	MVMCOptimizers.jl/test_unit/test_unit_run_phys_cal_runner.jl:10	mvmc_core::prepare_phys_cal_from_namelist -> run.rs::prepare_phys_cal_from_namelist_with_seed_offset mode validation; tests/issue184_assertion_contracts.rs::physcal_invalid_mode_is_rejected_before_missing_input_access	Library PhysCal argument contract; CLI argument parsing is a separate cell, not inferred from this test	executable invalid-mode rejection before namelist/fixed-file access; required fixed path represented by Rust function signature	Julia ArgumentError/required-keyword exception replaced intentionally by Rust Result<String>/required positional fixed-path argument; no C numerical/output ordering obligation in this argument-only cell	mode=bogus rejected before nonexistent namelist/fixed I/O; no preparation/RNG/state/output obtained; exact diagnostic checked; omission is compile-time API difference, not runtime UndefKeywordError parity	focused Julia argument-contract source mapping and Rust public preparation rejection test	J=8bb1b9e8ae47b1512c00b321be05664ddcac0fd1; run_phys_cal_from_namelist.jl SHA25664d146ffdae859c0fdca7d4277729989a1fa89d3eec1b417822cf847bac9e3c4; test_unit_run_phys_cal_runner.jl SHA2564876b305e8ffe911c633dcfc8d1c11a773d27ce3d2f4b3afef6e4797de2a0ad2 assertions19/20/30; Rust run.rs mode guard before parser/read_opt_para_file; no C parameter provenance	cargo nextest run -p mvmc-core --test issue184_assertion_contracts --cargo-profile test-fast --locked --no-fail-fast --retries 0	mode=bogus; nonexistent namelist and fixed path; exact Rust String diagnostic precedes I/O; required fixed argument is compile-time intentional difference, not tested runtime UndefKeywordError	PASS exact diagnostic/pre-I/O test within6/6 exit0 run8687fb98-2035-4ff4-a43d-10b397562073,parentb7e65ca3;0skip;Linuxx86_64;test SHAef828d7b76c1778dade2d528701fa4055a05c0b66362c37a99b294965e9c27cd;dirty shared source not frozen;Rust exception/required-argument intentional differences explicit;not CLI/MPI execution	#184; PhysCal argument implementation #174
S163	testset	@testset "unit/slater_update: build_orbital_idx_sgn_matrices" begin	MVMCOptimizers.jl/test_unit/test_unit_slater_update.jl:6	crates/mvmc-expert-parsers/src/types.rs::ExpertModeData; crates/mvmc-expert-parsers/src/types.rs::ModParaParameters; crates/mvmc-expert-parsers/src/types.rs::OrbitalTerm; crates/mvmc-expert-parsers/src/types.rs::build_orbital_matrices	Optimization; real/cmp/FSZ; nsteps/nsmp; direct or standard CG; grouped direct within validator; grouped CG rejected	executable bounded production mapping; independent scenario replay unverified	C trajectory/SR/input authority; Julia architecture; final optimization-window output differs from C (owner output gap)	Sampling/proposed moves/acceptance must remain exact; numerical comparisons only for computed values; no implicit rejection rollback claim	E0 scenario-to-production mapping; proposed gate only unless result names executed record	J=8bb1b9e8ae47b1512c00b321be05664ddcac0fd1; source SHA256=918404343ce6a4025254d13a4bbf84ef7052ae9fea859bc2c3f1b3431db4b19e; C=extern/mVMC-1.3.0; independent expectation provenance must be read from named fixtures; no regeneration/run in documentation audit	cargo nextest run --locked --cargo-profile test-fast -p mvmc-core --test run_smoke --test runner_config --no-fail-fast --retries 0	Testset scalar settings: data.modpara = ModParaParameters(nsite = 3); No file-wide stochastic settings	UNVERIFIED: individual Julia scenario not replayed against Rust; candidate gate is not evidence of equivalent assertions	#180/#179
S164	testset	@testset "unit/slater_update: build_orbital_idx_sgn_matrices uses data.orbital_sgn when provided" begin	MVMCOptimizers.jl/test_unit/test_unit_slater_update.jl:33	crates/mvmc-expert-parsers/src/types.rs::ExpertModeData; crates/mvmc-expert-parsers/src/types.rs::ModParaParameters; crates/mvmc-expert-parsers/src/types.rs::OrbitalTerm; crates/mvmc-expert-parsers/src/types.rs::build_orbital_matrices	Optimization; real/cmp/FSZ; nsteps/nsmp; direct or standard CG; grouped direct within validator; grouped CG rejected	executable bounded production mapping; independent scenario replay unverified	C trajectory/SR/input authority; Julia architecture; final optimization-window output differs from C (owner output gap)	Sampling/proposed moves/acceptance must remain exact; numerical comparisons only for computed values; no implicit rejection rollback claim	E0 scenario-to-production mapping; proposed gate only unless result names executed record	J=8bb1b9e8ae47b1512c00b321be05664ddcac0fd1; source SHA256=918404343ce6a4025254d13a4bbf84ef7052ae9fea859bc2c3f1b3431db4b19e; C=extern/mVMC-1.3.0; independent expectation provenance must be read from named fixtures; no regeneration/run in documentation audit	cargo nextest run --locked --cargo-profile test-fast -p mvmc-core --test run_smoke --test runner_config --no-fail-fast --retries 0	Testset scalar settings: data.modpara = ModParaParameters(nsite = 2); No file-wide stochastic settings	UNVERIFIED: individual Julia scenario not replayed against Rust; candidate gate is not evidence of equivalent assertions	#180/#179
S165	testset	@testset "unit/slater_update: build_qp_trans_matrices requires qp_trans mappings" begin	MVMCOptimizers.jl/test_unit/test_unit_slater_update.jl:47	crates/mvmc-expert-parsers/src/types.rs::ExpertModeData; crates/mvmc-expert-parsers/src/types.rs::ModParaParameters; crates/mvmc-core/src/qp.rs::translated_site	Optimization; real/cmp/FSZ; nsteps/nsmp; direct or standard CG; grouped direct within validator; grouped CG rejected	executable bounded production mapping; independent scenario replay unverified	C trajectory/SR/input authority; Julia architecture; final optimization-window output differs from C (owner output gap)	Sampling/proposed moves/acceptance must remain exact; numerical comparisons only for computed values; no implicit rejection rollback claim	E0 scenario-to-production mapping; proposed gate only unless result names executed record	J=8bb1b9e8ae47b1512c00b321be05664ddcac0fd1; source SHA256=918404343ce6a4025254d13a4bbf84ef7052ae9fea859bc2c3f1b3431db4b19e; C=extern/mVMC-1.3.0; independent expectation provenance must be read from named fixtures; no regeneration/run in documentation audit	cargo nextest run --locked --cargo-profile test-fast -p mvmc-core --test run_smoke --test runner_config --no-fail-fast --retries 0	Testset scalar settings: data.modpara = ModParaParameters(nsite = 2); No file-wide stochastic settings	UNVERIFIED: individual Julia scenario not replayed against Rust; candidate gate is not evidence of equivalent assertions	#180/#179
S166	testset	@testset "unit/slater_update: build_qp_trans_matrices opt fallback is identity" begin	MVMCOptimizers.jl/test_unit/test_unit_slater_update.jl:59	crates/mvmc-expert-parsers/src/types.rs::ExpertModeData; crates/mvmc-expert-parsers/src/types.rs::ModParaParameters; crates/mvmc-core/src/qp.rs::translated_site	Optimization; real/cmp/FSZ; nsteps/nsmp; direct or standard CG; grouped direct within validator; grouped CG rejected	executable bounded production mapping; independent scenario replay unverified	C trajectory/SR/input authority; Julia architecture; final optimization-window output differs from C (owner output gap)	Sampling/proposed moves/acceptance must remain exact; numerical comparisons only for computed values; no implicit rejection rollback claim	E0 scenario-to-production mapping; proposed gate only unless result names executed record	J=8bb1b9e8ae47b1512c00b321be05664ddcac0fd1; source SHA256=918404343ce6a4025254d13a4bbf84ef7052ae9fea859bc2c3f1b3431db4b19e; C=extern/mVMC-1.3.0; independent expectation provenance must be read from named fixtures; no regeneration/run in documentation audit	cargo nextest run --locked --cargo-profile test-fast -p mvmc-core --test run_smoke --test runner_config --no-fail-fast --retries 0	Testset scalar settings: data.modpara = ModParaParameters(nsite = 3); No file-wide stochastic settings	UNVERIFIED: individual Julia scenario not replayed against Rust; candidate gate is not evidence of equivalent assertions	#180/#179
S167	testset	@testset "unit/stochastic_opt: xdot uses C-source sequential accumulation" begin	MVMCOptimizers.jl/test_unit/test_unit_stochastic_opt.jl:22	crates/mvmc-core/src/sr_cg.rs::sequential_dot	Direct/standard SR-CG driven by ModPara; grouped CG and unsupported submodes rejected; synthetic peer-failure rollback local contract	executable bounded production mapping; independent scenario replay unverified	C scalar accumulation/order/layout and residuals; #190 computed tolerances cannot relax trajectory or SR status	Sampling/proposed moves/acceptance must remain exact; numerical comparisons only for computed values; no implicit rejection rollback claim	E0 scenario-to-production mapping; proposed gate only unless result names executed record	J=8bb1b9e8ae47b1512c00b321be05664ddcac0fd1; source SHA256=81249f43449c61fdd45803f6f8bc341341e4b83b98cce20cb9afd934667e4f97; C=extern/mVMC-1.3.0; independent expectation provenance must be read from named fixtures; no regeneration/run in documentation audit	cargo nextest run --locked --cargo-profile test-fast -p mvmc-core --lib --test sr_cg --no-fail-fast --retries 0	No local scalar override; inherited fixture/synthetic constructor arguments; File-wide declarations (inherited where used): nsrcg = 1,	UNVERIFIED: individual Julia scenario not replayed against Rust; candidate gate is not evidence of equivalent assertions	#180/#179/#178
S168	testset	@testset "unit/stochastic_opt: operate_by_s applies sampled product before global correction" begin	MVMCOptimizers.jl/test_unit/test_unit_stochastic_opt.jl:35	crates/mvmc-core/src/sr_cg.rs::apply; crates/mvmc-expert-parsers/src/types.rs::ExpertModeData; crates/mvmc-expert-parsers/src/types.rs::GutzwillerTerm; crates/mvmc-expert-parsers/src/types.rs::JastrowTerm; crates/mvmc-expert-parsers/src/types.rs::ChargeRBMPhysLayerTerm; crates/mvmc-expert-parsers/src/types.rs::SpinRBMPhysLayerTerm; crates/mvmc-expert-parsers/src/types.rs::GeneralRBMPhysLayerTerm; crates/mvmc-expert-parsers/src/types.rs::ChargeRBMHiddenLayerTerm; crates/mvmc-expert-parsers/src/types.rs::SpinRBMHiddenLayerTerm; crates/mvmc-expert-parsers/src/types.rs::GeneralRBMHiddenLayerTerm; crates/mvmc-expert-parsers/src/types.rs::ChargeRBMPhysHiddenTerm; crates/mvmc-expert-parsers/src/types.rs::SpinRBMPhysHiddenTerm; crates/mvmc-expert-parsers/src/types.rs::GeneralRBMPhysHiddenTerm; crates/mvmc-expert-parsers/src/types.rs::OrbitalTerm; crates/mvmc-expert-parsers/src/types.rs::ModParaParameters	Direct/standard SR-CG driven by ModPara; grouped CG and unsupported submodes rejected; synthetic peer-failure rollback local contract	executable bounded production mapping; independent scenario replay unverified	C scalar accumulation/order/layout and residuals; #190 computed tolerances cannot relax trajectory or SR status	Sampling/proposed moves/acceptance must remain exact; numerical comparisons only for computed values; no implicit rejection rollback claim	E0 scenario-to-production mapping; proposed gate only unless result names executed record	J=8bb1b9e8ae47b1512c00b321be05664ddcac0fd1; source SHA256=81249f43449c61fdd45803f6f8bc341341e4b83b98cce20cb9afd934667e4f97; C=extern/mVMC-1.3.0; independent expectation provenance must be read from named fixtures; no regeneration/run in documentation audit	cargo nextest run --locked --cargo-profile test-fast -p mvmc-core --lib --test sr_cg --no-fail-fast --retries 0	No local scalar override; inherited fixture/synthetic constructor arguments; File-wide declarations (inherited where used): nsrcg = 1,	UNVERIFIED: individual Julia scenario not replayed against Rust; candidate gate is not evidence of equivalent assertions	#180/#179/#178
S169	testset	@testset "unit/stochastic_opt: update_parameter_value DH write-back and shifted offsets" begin	MVMCOptimizers.jl/test_unit/test_unit_stochastic_opt.jl:99	crates/mvmc-expert-parsers/src/types.rs::DoublonHolon2SiteIndex; crates/mvmc-core/src/sr.rs::update_parameter_value	Direct/standard SR-CG driven by ModPara; grouped CG and unsupported submodes rejected; synthetic peer-failure rollback local contract	executable bounded production mapping; independent scenario replay unverified	C scalar accumulation/order/layout and residuals; #190 computed tolerances cannot relax trajectory or SR status	Sampling/proposed moves/acceptance must remain exact; numerical comparisons only for computed values; no implicit rejection rollback claim	E0 scenario-to-production mapping; proposed gate only unless result names executed record	J=8bb1b9e8ae47b1512c00b321be05664ddcac0fd1; source SHA256=81249f43449c61fdd45803f6f8bc341341e4b83b98cce20cb9afd934667e4f97; C=extern/mVMC-1.3.0; independent expectation provenance must be read from named fixtures; no regeneration/run in documentation audit	cargo nextest run --locked --cargo-profile test-fast -p mvmc-core --lib --test sr_cg --no-fail-fast --retries 0	No local scalar override; inherited fixture/synthetic constructor arguments; File-wide declarations (inherited where used): nsrcg = 1,	UNVERIFIED: individual Julia scenario not replayed against Rust; candidate gate is not evidence of equivalent assertions	#180/#179/#178
S170	testset	@testset "unit/stochastic_opt: update_parameter_value DH4 write-back" begin	MVMCOptimizers.jl/test_unit/test_unit_stochastic_opt.jl:134	crates/mvmc-expert-parsers/src/types.rs::DoublonHolon4SiteIndex; crates/mvmc-core/src/sr.rs::update_parameter_value	Direct/standard SR-CG driven by ModPara; grouped CG and unsupported submodes rejected; synthetic peer-failure rollback local contract	executable bounded production mapping; independent scenario replay unverified	C scalar accumulation/order/layout and residuals; #190 computed tolerances cannot relax trajectory or SR status	Sampling/proposed moves/acceptance must remain exact; numerical comparisons only for computed values; no implicit rejection rollback claim	E0 scenario-to-production mapping; proposed gate only unless result names executed record	J=8bb1b9e8ae47b1512c00b321be05664ddcac0fd1; source SHA256=81249f43449c61fdd45803f6f8bc341341e4b83b98cce20cb9afd934667e4f97; C=extern/mVMC-1.3.0; independent expectation provenance must be read from named fixtures; no regeneration/run in documentation audit	cargo nextest run --locked --cargo-profile test-fast -p mvmc-core --lib --test sr_cg --no-fail-fast --retries 0	No local scalar override; inherited fixture/synthetic constructor arguments; File-wide declarations (inherited where used): nsrcg = 1,	UNVERIFIED: individual Julia scenario not replayed against Rust; candidate gate is not evidence of equivalent assertions	#180/#179/#178
S171	testset	@testset "unit/stochastic_opt: SR enumeration writes DH without touching RBM or Slater" begin	MVMCOptimizers.jl/test_unit/test_unit_stochastic_opt.jl:169	crates/mvmc-expert-parsers/src/types.rs::ModParaParameters; crates/mvmc-expert-parsers/src/types.rs::DoublonHolon2SiteIndex; crates/mvmc-expert-parsers/src/types.rs::projection_layout; crates/mvmc-expert-parsers/src/types.rs::count_rbm_parameters; crates/mvmc-core/src/state.rs::VmcOptimizationState	Direct/standard SR-CG driven by ModPara; grouped CG and unsupported submodes rejected; synthetic peer-failure rollback local contract	executable bounded production mapping; independent scenario replay unverified	C scalar accumulation/order/layout and residuals; #190 computed tolerances cannot relax trajectory or SR status	Sampling/proposed moves/acceptance must remain exact; numerical comparisons only for computed values; no implicit rejection rollback claim	E0 scenario-to-production mapping; proposed gate only unless result names executed record	J=8bb1b9e8ae47b1512c00b321be05664ddcac0fd1; source SHA256=81249f43449c61fdd45803f6f8bc341341e4b83b98cce20cb9afd934667e4f97; C=extern/mVMC-1.3.0; independent expectation provenance must be read from named fixtures; no regeneration/run in documentation audit	cargo nextest run --locked --cargo-profile test-fast -p mvmc-core --lib --test sr_cg --no-fail-fast --retries 0	Testset scalar settings: nsite = 2,; nelec = 1,; nvmc_sample = 1,; File-wide declarations (inherited where used): nsrcg = 1,	UNVERIFIED: individual Julia scenario not replayed against Rust; candidate gate is not evidence of equivalent assertions	#180/#179/#178
S172	testset	@testset "unit/stochastic_opt: SR enumeration writes OptTrans after Slater" begin	MVMCOptimizers.jl/test_unit/test_unit_stochastic_opt.jl:247	crates/mvmc-expert-parsers/src/types.rs::ExpertModeData; crates/mvmc-expert-parsers/src/types.rs::ModParaParameters; crates/mvmc-expert-parsers/src/types.rs::OrbitalTerm; crates/mvmc-expert-parsers/src/types.rs::QuantumProjectionWeights; crates/mvmc-expert-parsers/src/types.rs::projection_layout; crates/mvmc-core/src/state.rs::VmcOptimizationState	Direct/standard SR-CG driven by ModPara; grouped CG and unsupported submodes rejected; synthetic peer-failure rollback local contract	executable bounded production mapping; independent scenario replay unverified	C scalar accumulation/order/layout and residuals; #190 computed tolerances cannot relax trajectory or SR status	Sampling/proposed moves/acceptance must remain exact; numerical comparisons only for computed values; no implicit rejection rollback claim	E0 scenario-to-production mapping; proposed gate only unless result names executed record	J=8bb1b9e8ae47b1512c00b321be05664ddcac0fd1; source SHA256=81249f43449c61fdd45803f6f8bc341341e4b83b98cce20cb9afd934667e4f97; C=extern/mVMC-1.3.0; independent expectation provenance must be read from named fixtures; no regeneration/run in documentation audit	cargo nextest run --locked --cargo-profile test-fast -p mvmc-core --lib --test sr_cg --no-fail-fast --retries 0	Testset scalar settings: nsite = 1,; nelec = 1,; nvmc_sample = 1,; complex_flag = 1,; File-wide declarations (inherited where used): nsrcg = 1,	UNVERIFIED: individual Julia scenario not replayed against Rust; candidate gate is not evidence of equivalent assertions	#180/#179/#178
S173	testset	@testset "unit/stochastic_opt: get_opt_flag_for_parameter" begin	MVMCOptimizers.jl/test_unit/test_unit_stochastic_opt.jl:313	crates/mvmc-expert-parsers/src/types.rs::ExpertModeData; crates/mvmc-core/src/sr.rs::component_is_optimized	Direct/standard SR-CG driven by ModPara; grouped CG and unsupported submodes rejected; synthetic peer-failure rollback local contract	executable bounded production mapping; independent scenario replay unverified	C scalar accumulation/order/layout and residuals; #190 computed tolerances cannot relax trajectory or SR status	Exact RNG/config/count/status/indices/flags and untouched copy tails; computed normalization/inverse values follow #190; no claimed full trajectory from snapshots	E0 scenario-to-production mapping; proposed gate only unless result names executed record	J=8bb1b9e8ae47b1512c00b321be05664ddcac0fd1; source SHA256=81249f43449c61fdd45803f6f8bc341341e4b83b98cce20cb9afd934667e4f97; C=extern/mVMC-1.3.0; independent expectation provenance must be read from named fixtures; no regeneration/run in documentation audit	cargo nextest run --locked --cargo-profile test-fast -p mvmc-core --lib --test sr_cg --no-fail-fast --retries 0	No local scalar override; inherited fixture/synthetic constructor arguments; File-wide declarations (inherited where used): nsrcg = 1,	UNVERIFIED: individual Julia scenario not replayed against Rust; candidate gate is not evidence of equivalent assertions	#180/#179/#178
S174	testset	@testset "unit/stochastic_opt: real SR-CG reads real store and normalizes by Wc" begin	MVMCOptimizers.jl/test_unit/test_unit_stochastic_opt.jl:325	crates/mvmc-expert-parsers/src/types.rs::ExpertModeData; crates/mvmc-expert-parsers/src/types.rs::ModParaParameters; crates/mvmc-expert-parsers/src/types.rs::OrbitalTerm; crates/mvmc-core/src/state.rs::VmcOptimizationState; crates/mvmc-core/src/sr_cg.rs::stochastic_opt_cg	Direct/standard SR-CG driven by ModPara; grouped CG and unsupported submodes rejected; synthetic peer-failure rollback local contract	executable bounded production mapping; independent scenario replay unverified	C scalar accumulation/order/layout and residuals; #190 computed tolerances cannot relax trajectory or SR status	Sampling/proposed moves/acceptance must remain exact; numerical comparisons only for computed values; no implicit rejection rollback claim	E0 scenario-to-production mapping; proposed gate only unless result names executed record	J=8bb1b9e8ae47b1512c00b321be05664ddcac0fd1; source SHA256=81249f43449c61fdd45803f6f8bc341341e4b83b98cce20cb9afd934667e4f97; C=extern/mVMC-1.3.0; independent expectation provenance must be read from named fixtures; no regeneration/run in documentation audit	cargo nextest run --locked --cargo-profile test-fast -p mvmc-core --lib --test sr_cg --no-fail-fast --retries 0	Testset scalar settings: nsite = 1,; nelec = 1,; nvmc_sample = 2,; nsrcg = 1,; File-wide declarations (inherited where used): nsrcg = 1,	UNVERIFIED: individual Julia scenario not replayed against Rust; candidate gate is not evidence of equivalent assertions	#180/#179/#178
S175	testset	@testset "unit/stochastic_opt: update_parameter_value Proj/RBM/Slater mapping" begin	MVMCOptimizers.jl/test_unit/test_unit_stochastic_opt.jl:374	crates/mvmc-core/src/sr.rs::update_parameter_value	Direct/standard SR-CG driven by ModPara; grouped CG and unsupported submodes rejected; synthetic peer-failure rollback local contract	executable bounded production mapping; independent scenario replay unverified	C scalar accumulation/order/layout and residuals; #190 computed tolerances cannot relax trajectory or SR status	Sampling/proposed moves/acceptance must remain exact; numerical comparisons only for computed values; no implicit rejection rollback claim	E0 scenario-to-production mapping; proposed gate only unless result names executed record	J=8bb1b9e8ae47b1512c00b321be05664ddcac0fd1; source SHA256=81249f43449c61fdd45803f6f8bc341341e4b83b98cce20cb9afd934667e4f97; C=extern/mVMC-1.3.0; independent expectation provenance must be read from named fixtures; no regeneration/run in documentation audit	cargo nextest run --locked --cargo-profile test-fast -p mvmc-core --lib --test sr_cg --no-fail-fast --retries 0	No local scalar override; inherited fixture/synthetic constructor arguments; File-wide declarations (inherited where used): nsrcg = 1,	UNVERIFIED: individual Julia scenario not replayed against Rust; candidate gate is not evidence of equivalent assertions	#180/#179/#178
S176	testset	@testset "unit/stochastic_opt: build_s_matrix_and_g_vector!" begin	MVMCOptimizers.jl/test_unit/test_unit_stochastic_opt.jl:417	crates/mvmc-core/src/sr.rs::build_s_g_real; crates/mvmc-core/src/sr.rs::build_s_g_complex	Direct/standard SR-CG driven by ModPara; grouped CG and unsupported submodes rejected; synthetic peer-failure rollback local contract	executable bounded production mapping; independent scenario replay unverified	C scalar accumulation/order/layout and residuals; #190 computed tolerances cannot relax trajectory or SR status	Sampling/proposed moves/acceptance must remain exact; numerical comparisons only for computed values; no implicit rejection rollback claim	E0 scenario-to-production mapping; proposed gate only unless result names executed record	J=8bb1b9e8ae47b1512c00b321be05664ddcac0fd1; source SHA256=81249f43449c61fdd45803f6f8bc341341e4b83b98cce20cb9afd934667e4f97; C=extern/mVMC-1.3.0; independent expectation provenance must be read from named fixtures; no regeneration/run in documentation audit	cargo nextest run --locked --cargo-profile test-fast -p mvmc-core --lib --test sr_cg --no-fail-fast --retries 0	No local scalar override; inherited fixture/synthetic constructor arguments; File-wide declarations (inherited where used): nsrcg = 1,	UNVERIFIED: individual Julia scenario not replayed against Rust; candidate gate is not evidence of equivalent assertions	#180/#179/#178
S177	testset	@testset "unit/threading: JULIA_MVMC_INNER_THREADS override" begin	MVMCOptimizers.jl/test_unit/test_unit_threading.jl:6	crates/mvmc-core/src/threading.rs::inner_thread_config	MVMC_RS_INNER_THREADS/MVMC_RS_INNER_THRESHOLD; default1/32; no parallel RNG; BLAS workers separate	executable bounded production mapping; independent scenario replay unverified	Independent QP/copy/OO entries only; frozen config; ordered reductions and ascending first error; Julia defaults differ intentionally	Sampling/proposed moves/acceptance must remain exact; numerical comparisons only for computed values; no implicit rejection rollback claim	E0 scenario-to-production mapping; proposed gate only unless result names executed record	J=8bb1b9e8ae47b1512c00b321be05664ddcac0fd1; source SHA256=aa35b0d2eba231b97654fc12f586468513698da61924b21982e43bd3fd0b62b4; C=extern/mVMC-1.3.0; independent expectation provenance must be read from named fixtures; no regeneration/run in documentation audit	cargo nextest run --locked --cargo-profile test-fast -p mvmc-core --test threaded_issue182 --no-fail-fast --retries 0	No local scalar override; inherited fixture/synthetic constructor arguments; File-wide declarations (inherited where used): ENV["JULIA_MVMC_INNER_THREADS"] = "0";ENV["JULIA_MVMC_INNER_THREADS"] = "1";expected = Threads.nthreads() > 1;ENV["JULIA_MVMC_INNER_THREADS"] = "true";ENV["JULIA_MVMC_INNER_THREADS"] = old;ENV["JULIA_MVMC_INNER_THREADS"] = "1";ENV["JULIA_MVMC_PFAPACK_THREADS"] = "0";ENV["JULIA_MVMC_PFAPACK_THREADS"] = "1";@test MO.vmc_pfapack_threading_requested(true) == (Threads.nthreads() > 1);ENV["JULIA_MVMC_PFAPACK_THREADS"] = "auto";ENV["JULIA_MVMC_INNER_THREADS"] = old_inner;ENV["JULIA_MVMC_PFAPACK_THREADS"] = old_pfapack;nsrcg = false,;nsrcg = false,;nsrcg = false,;nsrcg = false,;nsrcg = false,	UNVERIFIED: individual Julia scenario not replayed against Rust; candidate gate is not evidence of equivalent assertions	#182
S178	testset	@testset "unit/threading: JULIA_MVMC_PFAPACK_THREADS override" begin	MVMCOptimizers.jl/test_unit/test_unit_threading.jl:33	crates/mvmc-core/src/threading.rs::inner_thread_config	MVMC_RS_INNER_THREADS/MVMC_RS_INNER_THRESHOLD; default1/32; no parallel RNG; BLAS workers separate	executable bounded production mapping; independent scenario replay unverified	Independent QP/copy/OO entries only; frozen config; ordered reductions and ascending first error; Julia defaults differ intentionally	Sampling/proposed moves/acceptance must remain exact; numerical comparisons only for computed values; no implicit rejection rollback claim	E0 scenario-to-production mapping; proposed gate only unless result names executed record	J=8bb1b9e8ae47b1512c00b321be05664ddcac0fd1; source SHA256=aa35b0d2eba231b97654fc12f586468513698da61924b21982e43bd3fd0b62b4; C=extern/mVMC-1.3.0; independent expectation provenance must be read from named fixtures; no regeneration/run in documentation audit	cargo nextest run --locked --cargo-profile test-fast -p mvmc-core --test threaded_issue182 --no-fail-fast --retries 0	No local scalar override; inherited fixture/synthetic constructor arguments; File-wide declarations (inherited where used): ENV["JULIA_MVMC_INNER_THREADS"] = "0";ENV["JULIA_MVMC_INNER_THREADS"] = "1";expected = Threads.nthreads() > 1;ENV["JULIA_MVMC_INNER_THREADS"] = "true";ENV["JULIA_MVMC_INNER_THREADS"] = old;ENV["JULIA_MVMC_INNER_THREADS"] = "1";ENV["JULIA_MVMC_PFAPACK_THREADS"] = "0";ENV["JULIA_MVMC_PFAPACK_THREADS"] = "1";@test MO.vmc_pfapack_threading_requested(true) == (Threads.nthreads() > 1);ENV["JULIA_MVMC_PFAPACK_THREADS"] = "auto";ENV["JULIA_MVMC_INNER_THREADS"] = old_inner;ENV["JULIA_MVMC_PFAPACK_THREADS"] = old_pfapack;nsrcg = false,;nsrcg = false,;nsrcg = false,;nsrcg = false,;nsrcg = false,	UNVERIFIED: individual Julia scenario not replayed against Rust; candidate gate is not evidence of equivalent assertions	#182
S179	testset	@testset "unit/threading: inner copy helpers" begin	MVMCOptimizers.jl/test_unit/test_unit_threading.jl:63	crates/mvmc-core/src/threading.rs::copy_real_to_complex; crates/mvmc-core/src/threading.rs::copy_complex_realpart	MVMC_RS_INNER_THREADS/MVMC_RS_INNER_THRESHOLD; default1/32; no parallel RNG; BLAS workers separate	executable bounded production mapping; independent scenario replay unverified	Independent QP/copy/OO entries only; frozen config; ordered reductions and ascending first error; Julia defaults differ intentionally	Exact RNG/config/count/status/indices/flags and untouched copy tails; computed normalization/inverse values follow #190; no claimed full trajectory from snapshots	E0 scenario-to-production mapping; proposed gate only unless result names executed record	J=8bb1b9e8ae47b1512c00b321be05664ddcac0fd1; source SHA256=aa35b0d2eba231b97654fc12f586468513698da61924b21982e43bd3fd0b62b4; C=extern/mVMC-1.3.0; independent expectation provenance must be read from named fixtures; no regeneration/run in documentation audit	cargo nextest run --locked --cargo-profile test-fast -p mvmc-core --test threaded_issue182 --no-fail-fast --retries 0	No local scalar override; inherited fixture/synthetic constructor arguments; File-wide declarations (inherited where used): ENV["JULIA_MVMC_INNER_THREADS"] = "0";ENV["JULIA_MVMC_INNER_THREADS"] = "1";expected = Threads.nthreads() > 1;ENV["JULIA_MVMC_INNER_THREADS"] = "true";ENV["JULIA_MVMC_INNER_THREADS"] = old;ENV["JULIA_MVMC_INNER_THREADS"] = "1";ENV["JULIA_MVMC_PFAPACK_THREADS"] = "0";ENV["JULIA_MVMC_PFAPACK_THREADS"] = "1";@test MO.vmc_pfapack_threading_requested(true) == (Threads.nthreads() > 1);ENV["JULIA_MVMC_PFAPACK_THREADS"] = "auto";ENV["JULIA_MVMC_INNER_THREADS"] = old_inner;ENV["JULIA_MVMC_PFAPACK_THREADS"] = old_pfapack;nsrcg = false,;nsrcg = false,;nsrcg = false,;nsrcg = false,;nsrcg = false,	UNVERIFIED: individual Julia scenario not replayed against Rust; candidate gate is not evidence of equivalent assertions	#182
S180	testset	@testset "unit/threading: energy accumulator reduction" begin	MVMCOptimizers.jl/test_unit/test_unit_threading.jl:91	crates/mvmc-core/src/state.rs::EnergyData	MVMC_RS_INNER_THREADS/MVMC_RS_INNER_THRESHOLD; default1/32; no parallel RNG; BLAS workers separate	executable bounded production mapping; independent scenario replay unverified	Independent QP/copy/OO entries only; frozen config; ordered reductions and ascending first error; Julia defaults differ intentionally	Sampling/proposed moves/acceptance must remain exact; numerical comparisons only for computed values; no implicit rejection rollback claim	E0 scenario-to-production mapping; proposed gate only unless result names executed record	J=8bb1b9e8ae47b1512c00b321be05664ddcac0fd1; source SHA256=aa35b0d2eba231b97654fc12f586468513698da61924b21982e43bd3fd0b62b4; C=extern/mVMC-1.3.0; independent expectation provenance must be read from named fixtures; no regeneration/run in documentation audit	cargo nextest run --locked --cargo-profile test-fast -p mvmc-core --test threaded_issue182 --no-fail-fast --retries 0	No local scalar override; inherited fixture/synthetic constructor arguments; File-wide declarations (inherited where used): ENV["JULIA_MVMC_INNER_THREADS"] = "0";ENV["JULIA_MVMC_INNER_THREADS"] = "1";expected = Threads.nthreads() > 1;ENV["JULIA_MVMC_INNER_THREADS"] = "true";ENV["JULIA_MVMC_INNER_THREADS"] = old;ENV["JULIA_MVMC_INNER_THREADS"] = "1";ENV["JULIA_MVMC_PFAPACK_THREADS"] = "0";ENV["JULIA_MVMC_PFAPACK_THREADS"] = "1";@test MO.vmc_pfapack_threading_requested(true) == (Threads.nthreads() > 1);ENV["JULIA_MVMC_PFAPACK_THREADS"] = "auto";ENV["JULIA_MVMC_INNER_THREADS"] = old_inner;ENV["JULIA_MVMC_PFAPACK_THREADS"] = old_pfapack;nsrcg = false,;nsrcg = false,;nsrcg = false,;nsrcg = false,;nsrcg = false,	UNVERIFIED: individual Julia scenario not replayed against Rust; candidate gate is not evidence of equivalent assertions	#182
S181	testset	@testset "unit/threading: SR accumulator reduction" begin	MVMCOptimizers.jl/test_unit/test_unit_threading.jl:120	crates/mvmc-core/src/state.rs::SROptData	MVMC_RS_INNER_THREADS/MVMC_RS_INNER_THRESHOLD; default1/32; no parallel RNG; BLAS workers separate	executable bounded production mapping; independent scenario replay unverified	Independent QP/copy/OO entries only; frozen config; ordered reductions and ascending first error; Julia defaults differ intentionally	Sampling/proposed moves/acceptance must remain exact; numerical comparisons only for computed values; no implicit rejection rollback claim	E0 scenario-to-production mapping; proposed gate only unless result names executed record	J=8bb1b9e8ae47b1512c00b321be05664ddcac0fd1; source SHA256=aa35b0d2eba231b97654fc12f586468513698da61924b21982e43bd3fd0b62b4; C=extern/mVMC-1.3.0; independent expectation provenance must be read from named fixtures; no regeneration/run in documentation audit	cargo nextest run --locked --cargo-profile test-fast -p mvmc-core --test threaded_issue182 --no-fail-fast --retries 0	No local scalar override; inherited fixture/synthetic constructor arguments; File-wide declarations (inherited where used): ENV["JULIA_MVMC_INNER_THREADS"] = "0";ENV["JULIA_MVMC_INNER_THREADS"] = "1";expected = Threads.nthreads() > 1;ENV["JULIA_MVMC_INNER_THREADS"] = "true";ENV["JULIA_MVMC_INNER_THREADS"] = old;ENV["JULIA_MVMC_INNER_THREADS"] = "1";ENV["JULIA_MVMC_PFAPACK_THREADS"] = "0";ENV["JULIA_MVMC_PFAPACK_THREADS"] = "1";@test MO.vmc_pfapack_threading_requested(true) == (Threads.nthreads() > 1);ENV["JULIA_MVMC_PFAPACK_THREADS"] = "auto";ENV["JULIA_MVMC_INNER_THREADS"] = old_inner;ENV["JULIA_MVMC_PFAPACK_THREADS"] = old_pfapack;nsrcg = false,;nsrcg = false,;nsrcg = false,;nsrcg = false,;nsrcg = false,	UNVERIFIED: individual Julia scenario not replayed against Rust; candidate gate is not evidence of equivalent assertions	#182
S182	testset	@testset "unit/threading: PhysCal accumulator reduction" begin	MVMCOptimizers.jl/test_unit/test_unit_threading.jl:160	crates/mvmc-core/src/state.rs::PhysicalQuantities	MVMC_RS_INNER_THREADS/MVMC_RS_INNER_THRESHOLD; default1/32; no parallel RNG; BLAS workers separate	executable bounded production mapping; independent scenario replay unverified	Independent QP/copy/OO entries only; frozen config; ordered reductions and ascending first error; Julia defaults differ intentionally	Sampling/proposed moves/acceptance must remain exact; numerical comparisons only for computed values; no implicit rejection rollback claim	E0 scenario-to-production mapping; proposed gate only unless result names executed record	J=8bb1b9e8ae47b1512c00b321be05664ddcac0fd1; source SHA256=aa35b0d2eba231b97654fc12f586468513698da61924b21982e43bd3fd0b62b4; C=extern/mVMC-1.3.0; independent expectation provenance must be read from named fixtures; no regeneration/run in documentation audit	cargo nextest run --locked --cargo-profile test-fast -p mvmc-core --test threaded_issue182 --no-fail-fast --retries 0	No local scalar override; inherited fixture/synthetic constructor arguments; File-wide declarations (inherited where used): ENV["JULIA_MVMC_INNER_THREADS"] = "0";ENV["JULIA_MVMC_INNER_THREADS"] = "1";expected = Threads.nthreads() > 1;ENV["JULIA_MVMC_INNER_THREADS"] = "true";ENV["JULIA_MVMC_INNER_THREADS"] = old;ENV["JULIA_MVMC_INNER_THREADS"] = "1";ENV["JULIA_MVMC_PFAPACK_THREADS"] = "0";ENV["JULIA_MVMC_PFAPACK_THREADS"] = "1";@test MO.vmc_pfapack_threading_requested(true) == (Threads.nthreads() > 1);ENV["JULIA_MVMC_PFAPACK_THREADS"] = "auto";ENV["JULIA_MVMC_INNER_THREADS"] = old_inner;ENV["JULIA_MVMC_PFAPACK_THREADS"] = old_pfapack;nsrcg = false,;nsrcg = false,;nsrcg = false,;nsrcg = false,;nsrcg = false,	UNVERIFIED: individual Julia scenario not replayed against Rust; candidate gate is not evidence of equivalent assertions	#182
S183	testset	@testset "unit/threading: counter and timer reductions" begin	MVMCOptimizers.jl/test_unit/test_unit_threading.jl:217	crates/mvmc-core/src/c_timer.rs::CTimer	MVMC_RS_INNER_THREADS/MVMC_RS_INNER_THRESHOLD; default1/32; no parallel RNG; BLAS workers separate	executable bounded production mapping; independent scenario replay unverified	Independent QP/copy/OO entries only; frozen config; ordered reductions and ascending first error; Julia defaults differ intentionally	Exact RNG/config/count/status/indices/flags and untouched copy tails; computed normalization/inverse values follow #190; no claimed full trajectory from snapshots	E0 scenario-to-production mapping; proposed gate only unless result names executed record	J=8bb1b9e8ae47b1512c00b321be05664ddcac0fd1; source SHA256=aa35b0d2eba231b97654fc12f586468513698da61924b21982e43bd3fd0b62b4; C=extern/mVMC-1.3.0; independent expectation provenance must be read from named fixtures; no regeneration/run in documentation audit	cargo nextest run --locked --cargo-profile test-fast -p mvmc-core --test threaded_issue182 --no-fail-fast --retries 0	No local scalar override; inherited fixture/synthetic constructor arguments; File-wide declarations (inherited where used): ENV["JULIA_MVMC_INNER_THREADS"] = "0";ENV["JULIA_MVMC_INNER_THREADS"] = "1";expected = Threads.nthreads() > 1;ENV["JULIA_MVMC_INNER_THREADS"] = "true";ENV["JULIA_MVMC_INNER_THREADS"] = old;ENV["JULIA_MVMC_INNER_THREADS"] = "1";ENV["JULIA_MVMC_PFAPACK_THREADS"] = "0";ENV["JULIA_MVMC_PFAPACK_THREADS"] = "1";@test MO.vmc_pfapack_threading_requested(true) == (Threads.nthreads() > 1);ENV["JULIA_MVMC_PFAPACK_THREADS"] = "auto";ENV["JULIA_MVMC_INNER_THREADS"] = old_inner;ENV["JULIA_MVMC_PFAPACK_THREADS"] = old_pfapack;nsrcg = false,;nsrcg = false,;nsrcg = false,;nsrcg = false,;nsrcg = false,	UNVERIFIED: individual Julia scenario not replayed against Rust; candidate gate is not evidence of equivalent assertions	#182
S184	testset	@testset "unit/threading: local accumulator construction and merge" begin	MVMCOptimizers.jl/test_unit/test_unit_threading.jl:250	crates/mvmc-core/src/state.rs::VmcOptimizationState; crates/mvmc-core/src/state.rs::PhysicalQuantities; crates/mvmc-core/src/c_timer.rs::CTimer	MVMC_RS_INNER_THREADS/MVMC_RS_INNER_THRESHOLD; default1/32; no parallel RNG; BLAS workers separate	executable bounded production mapping; independent scenario replay unverified	Independent QP/copy/OO entries only; frozen config; ordered reductions and ascending first error; Julia defaults differ intentionally	Sampling/proposed moves/acceptance must remain exact; numerical comparisons only for computed values; no implicit rejection rollback claim	E0 scenario-to-production mapping; proposed gate only unless result names executed record	J=8bb1b9e8ae47b1512c00b321be05664ddcac0fd1; source SHA256=aa35b0d2eba231b97654fc12f586468513698da61924b21982e43bd3fd0b62b4; C=extern/mVMC-1.3.0; independent expectation provenance must be read from named fixtures; no regeneration/run in documentation audit	cargo nextest run --locked --cargo-profile test-fast -p mvmc-core --test threaded_issue182 --no-fail-fast --retries 0	Testset scalar settings: nsrcg = false,; nsrcg = false,; nsrcg = false,; nsrcg = false,; nsrcg = false,; File-wide declarations (inherited where used): ENV["JULIA_MVMC_INNER_THREADS"] = "0";ENV["JULIA_MVMC_INNER_THREADS"] = "1";expected = Threads.nthreads() > 1;ENV["JULIA_MVMC_INNER_THREADS"] = "true";ENV["JULIA_MVMC_INNER_THREADS"] = old;ENV["JULIA_MVMC_INNER_THREADS"] = "1";ENV["JULIA_MVMC_PFAPACK_THREADS"] = "0";ENV["JULIA_MVMC_PFAPACK_THREADS"] = "1";@test MO.vmc_pfapack_threading_requested(true) == (Threads.nthreads() > 1);ENV["JULIA_MVMC_PFAPACK_THREADS"] = "auto";ENV["JULIA_MVMC_INNER_THREADS"] = old_inner;ENV["JULIA_MVMC_PFAPACK_THREADS"] = old_pfapack;nsrcg = false,;nsrcg = false,;nsrcg = false,;nsrcg = false,;nsrcg = false,	UNVERIFIED: individual Julia scenario not replayed against Rust; candidate gate is not evidence of equivalent assertions	#182
S185	testset	@testset "unit/types: EnergyData defaults" begin	MVMCOptimizers.jl/test_unit/test_unit_types.jl:4	crates/mvmc-core/src/state.rs::EnergyData	No direct type CLI; runner state derives widths/modes; validation before initialization	executable bounded production mapping; independent scenario replay unverified	C sizes/padding/declared offsets; Julia 1-based views mapped to Rust 0-based coordinates	Sampling/proposed moves/acceptance must remain exact; numerical comparisons only for computed values; no implicit rejection rollback claim	E0 scenario-to-production mapping; proposed gate only unless result names executed record	J=8bb1b9e8ae47b1512c00b321be05664ddcac0fd1; source SHA256=2a0dcbc76583a370c70e73d7f5624360144159891ac79070051c0689b2b0b8f6; C=extern/mVMC-1.3.0; independent expectation provenance must be read from named fixtures; no regeneration/run in documentation audit	cargo nextest run --locked --cargo-profile test-fast -p mvmc-core --lib -E 'test(mode_tests)' --no-fail-fast --retries 0	No local scalar override; inherited fixture/synthetic constructor arguments; No file-wide stochastic settings	UNVERIFIED: individual Julia scenario not replayed against Rust; candidate gate is not evidence of equivalent assertions	#184/#180/#181
S186	testset	@testset "unit/types: SROptData allocation sizes" begin	MVMCOptimizers.jl/test_unit/test_unit_types.jl:13	crates/mvmc-core/src/state.rs::SROptData	No direct type CLI; runner state derives widths/modes; validation before initialization	executable bounded production mapping; independent scenario replay unverified	C sizes/padding/declared offsets; Julia 1-based views mapped to Rust 0-based coordinates	Sampling/proposed moves/acceptance must remain exact; numerical comparisons only for computed values; no implicit rejection rollback claim	E0 scenario-to-production mapping; proposed gate only unless result names executed record	J=8bb1b9e8ae47b1512c00b321be05664ddcac0fd1; source SHA256=2a0dcbc76583a370c70e73d7f5624360144159891ac79070051c0689b2b0b8f6; C=extern/mVMC-1.3.0; independent expectation provenance must be read from named fixtures; no regeneration/run in documentation audit	cargo nextest run --locked --cargo-profile test-fast -p mvmc-core --lib -E 'test(mode_tests)' --no-fail-fast --retries 0	No local scalar override; inherited fixture/synthetic constructor arguments; No file-wide stochastic settings	UNVERIFIED: individual Julia scenario not replayed against Rust; candidate gate is not evidence of equivalent assertions	#184/#180/#181
S187	testset	@testset "unit/types: ElectronConfiguration sizes (fsz vs non-fsz)" begin	MVMCOptimizers.jl/test_unit/test_unit_types.jl:40	crates/mvmc-core/src/state.rs::ElectronConfiguration	No direct type CLI; runner state derives widths/modes; validation before initialization	executable bounded production mapping; independent scenario replay unverified	C sizes/padding/declared offsets; Julia 1-based views mapped to Rust 0-based coordinates	Sampling/proposed moves/acceptance must remain exact; numerical comparisons only for computed values; no implicit rejection rollback claim	E0 scenario-to-production mapping; proposed gate only unless result names executed record	J=8bb1b9e8ae47b1512c00b321be05664ddcac0fd1; source SHA256=2a0dcbc76583a370c70e73d7f5624360144159891ac79070051c0689b2b0b8f6; C=extern/mVMC-1.3.0; independent expectation provenance must be read from named fixtures; no regeneration/run in documentation audit	cargo nextest run --locked --cargo-profile test-fast -p mvmc-core --lib -E 'test(mode_tests)' --no-fail-fast --retries 0	No local scalar override; inherited fixture/synthetic constructor arguments; No file-wide stochastic settings	UNVERIFIED: individual Julia scenario not replayed against Rust; candidate gate is not evidence of equivalent assertions	#184/#180/#181
S188	testset	@testset "unit/types: SlaterMatrixData size normalization" begin	MVMCOptimizers.jl/test_unit/test_unit_types.jl:79	crates/mvmc-core/src/state.rs::SlaterMatrixData	No direct type CLI; runner state derives widths/modes; validation before initialization	executable bounded production mapping; independent scenario replay unverified	C sizes/padding/declared offsets; Julia 1-based views mapped to Rust 0-based coordinates	Sampling/proposed moves/acceptance must remain exact; numerical comparisons only for computed values; no implicit rejection rollback claim	E0 scenario-to-production mapping; proposed gate only unless result names executed record	J=8bb1b9e8ae47b1512c00b321be05664ddcac0fd1; source SHA256=2a0dcbc76583a370c70e73d7f5624360144159891ac79070051c0689b2b0b8f6; C=extern/mVMC-1.3.0; independent expectation provenance must be read from named fixtures; no regeneration/run in documentation audit	cargo nextest run --locked --cargo-profile test-fast -p mvmc-core --lib -E 'test(mode_tests)' --no-fail-fast --retries 0	No local scalar override; inherited fixture/synthetic constructor arguments; No file-wide stochastic settings	UNVERIFIED: individual Julia scenario not replayed against Rust; candidate gate is not evidence of equivalent assertions	#184/#180/#181
S189	testset	@testset "unit/unsupported_inputs: NSplitSize contract" begin	MVMCOptimizers.jl/test_unit/test_unit_unsupported_inputs.jl:19	crates/mvmc-core/src/validation.rs::validate_phys_cal	Same grouped support validators library/CLI; no output before rejection; valid normal grouped PhysCal accepted	rejected titled invalid scope; validation counterpart exists, not a blanket rejection of valid combinations	C/Julia NSplitSize=group SIZE; current draft follows width/remainder and full-chain/comm1 measurement semantics; prior chain-length/burn-marker failures require fresh independent state verification; protocol success not parity; support validator distinguishes normal Green positives from FSZ/Lanczos/CG/OptTrans rejections	Validation/load failure before init/output unless title targets callback/output/SR; state/RNG/files boundary must be asserted by candidate gate; current collective callbacks fail after completed sample, not rollback	E0 scenario-to-production mapping; proposed gate only unless result names executed record	J=8bb1b9e8ae47b1512c00b321be05664ddcac0fd1; source SHA256=16e022a8bed6684b20d605b1a7f282ce5d52a0f17bc6302ec7ff4135c6130f14; C=extern/mVMC-1.3.0; independent expectation provenance must be read from named fixtures; no regeneration/run in documentation audit	cargo nextest run --locked --cargo-profile test-fast -p mvmc-core -p mvmc-cli --test runtime_contract --no-fail-fast --retries 0	Testset scalar settings: # NSplitSize = 1 remains accepted for both serial and MPI sample-parallel; File-wide declarations (inherited where used): @testset "unit/unsupported_inputs: NSplitSize contract" begin;# NSplitSize = 1 remains accepted for both serial and MPI sample-parallel;@testset "NSplitSize = 1 is accepted" begin;modpara = ModParaParameters(nsplit_size = 1);@testset "NSplitSize > 1 is accepted for direct para-opt" begin;modpara = ModParaParameters(nsplit_size = 2, nsrcg = 0);@testset "NSplitSize > 1 with SR-CG is rejected for para-opt" begin;modpara = ModParaParameters(nsplit_size = 2, nsrcg = 1);@test occursin("NSplitSize > 1 with SR-CG", msg);@testset "NSplitSize > 1 is accepted for sz-conserved PhysCal normal Green" begin;modpara = ModParaParameters(nsplit_size = 2);data.modpara.nsplit_size = 2;@testset "NSplitSize > 1 accepts standard-projection NQPFull > 1" begin;spin_data.modpara.nsplit_size = 2;spin_data.modpara.nsp_gauss_leg = 2;spin_data.modpara.nmp_trans = 1;momentum_data.modpara.nsplit_size = 2;momentum_data.modpara.nsp_gauss_leg = 1;momentum_data.modpara.nmp_trans = 4;trivial_opttrans_data.modpara.nsplit_size = 2;trivial_opttrans_data.modpara.nsp_gauss_leg = 8;trivial_opttrans_data.modpara.nmp_trans = -1;@testset "NSplitSize > 1 rejects OptTrans-derived NQPFull > 1" begin;data.modpara.nsplit_size = 2;data.modpara.nsp_gauss_leg = 1;data.modpara.nmp_trans = 1;@test occursin("NSplitSize > 1 with NQPOptTrans > 1", msg);@testset "NSplitSize > 1 rejects OptTrans-derived PhysCal split" begin;trivial.modpara.nsplit_size = 2;data.modpara.nsplit_size = 2;@test occursin("NSplitSize > 1 with NQPOptTrans > 1", msg);@testset "NSplitSize > 1 rejects unsupported PhysCal split scopes" begin;fsz_data.modpara.nsplit_size = 2;@test occursin("NSplitSize > 1", msg);lanczos_data.modpara.nsplit_size = 2;@test occursin("NSplitSize > 1 with NLanczosMode > 0", msg);@testset "NSplitSize > 1 rejects FSZ standard-projection NQPFull > 1" begin;data.modpara.nsplit_size = 2;data.modpara.nsp_gauss_leg = nsp;data.modpara.nmp_trans = nmp	UNVERIFIED: individual Julia scenario not replayed against Rust; candidate gate is not evidence of equivalent assertions	#178
S190	testset	@testset "NSplitSize = 1 is accepted" begin	MVMCOptimizers.jl/test_unit/test_unit_unsupported_inputs.jl:22	crates/mvmc-expert-parsers/src/types.rs::ModParaParameters; crates/mvmc-core/src/validation.rs::validate_supported_modpara	Same grouped support validators library/CLI; no output before rejection; valid normal grouped PhysCal accepted	executable bounded production mapping; independent scenario replay unverified	C/Julia NSplitSize=group SIZE; current draft follows width/remainder and full-chain/comm1 measurement semantics; prior chain-length/burn-marker failures require fresh independent state verification; protocol success not parity; support validator distinguishes normal Green positives from FSZ/Lanczos/CG/OptTrans rejections	Sampling/proposed moves/acceptance must remain exact; numerical comparisons only for computed values; no implicit rejection rollback claim	E0 scenario-to-production mapping; proposed gate only unless result names executed record	J=8bb1b9e8ae47b1512c00b321be05664ddcac0fd1; source SHA256=16e022a8bed6684b20d605b1a7f282ce5d52a0f17bc6302ec7ff4135c6130f14; C=extern/mVMC-1.3.0; independent expectation provenance must be read from named fixtures; no regeneration/run in documentation audit	cargo nextest run --locked --cargo-profile test-fast -p mvmc-core -p mvmc-cli --test runtime_contract --no-fail-fast --retries 0	Testset scalar settings: @testset "NSplitSize = 1 is accepted" begin; File-wide declarations (inherited where used): @testset "unit/unsupported_inputs: NSplitSize contract" begin;# NSplitSize = 1 remains accepted for both serial and MPI sample-parallel;@testset "NSplitSize = 1 is accepted" begin;modpara = ModParaParameters(nsplit_size = 1);@testset "NSplitSize > 1 is accepted for direct para-opt" begin;modpara = ModParaParameters(nsplit_size = 2, nsrcg = 0);@testset "NSplitSize > 1 with SR-CG is rejected for para-opt" begin;modpara = ModParaParameters(nsplit_size = 2, nsrcg = 1);@test occursin("NSplitSize > 1 with SR-CG", msg);@testset "NSplitSize > 1 is accepted for sz-conserved PhysCal normal Green" begin;modpara = ModParaParameters(nsplit_size = 2);data.modpara.nsplit_size = 2;@testset "NSplitSize > 1 accepts standard-projection NQPFull > 1" begin;spin_data.modpara.nsplit_size = 2;spin_data.modpara.nsp_gauss_leg = 2;spin_data.modpara.nmp_trans = 1;momentum_data.modpara.nsplit_size = 2;momentum_data.modpara.nsp_gauss_leg = 1;momentum_data.modpara.nmp_trans = 4;trivial_opttrans_data.modpara.nsplit_size = 2;trivial_opttrans_data.modpara.nsp_gauss_leg = 8;trivial_opttrans_data.modpara.nmp_trans = -1;@testset "NSplitSize > 1 rejects OptTrans-derived NQPFull > 1" begin;data.modpara.nsplit_size = 2;data.modpara.nsp_gauss_leg = 1;data.modpara.nmp_trans = 1;@test occursin("NSplitSize > 1 with NQPOptTrans > 1", msg);@testset "NSplitSize > 1 rejects OptTrans-derived PhysCal split" begin;trivial.modpara.nsplit_size = 2;data.modpara.nsplit_size = 2;@test occursin("NSplitSize > 1 with NQPOptTrans > 1", msg);@testset "NSplitSize > 1 rejects unsupported PhysCal split scopes" begin;fsz_data.modpara.nsplit_size = 2;@test occursin("NSplitSize > 1", msg);lanczos_data.modpara.nsplit_size = 2;@test occursin("NSplitSize > 1 with NLanczosMode > 0", msg);@testset "NSplitSize > 1 rejects FSZ standard-projection NQPFull > 1" begin;data.modpara.nsplit_size = 2;data.modpara.nsp_gauss_leg = nsp;data.modpara.nmp_trans = nmp	UNVERIFIED: individual Julia scenario not replayed against Rust; candidate gate is not evidence of equivalent assertions	#178
S191	testset	@testset "NSplitSize > 1 is accepted for direct para-opt" begin	MVMCOptimizers.jl/test_unit/test_unit_unsupported_inputs.jl:27	crates/mvmc-expert-parsers/src/types.rs::ModParaParameters; crates/mvmc-core/src/validation.rs::validate_supported_modpara; crates/mvmc-core/src/validation.rs::validate_para_opt; crates/mvmc-core/src/reducer.rs::SingleProcessReducer	Same grouped support validators library/CLI; no output before rejection; valid normal grouped PhysCal accepted	executable bounded production mapping; independent scenario replay unverified	C/Julia NSplitSize=group SIZE; current draft follows width/remainder and full-chain/comm1 measurement semantics; prior chain-length/burn-marker failures require fresh independent state verification; protocol success not parity; support validator distinguishes normal Green positives from FSZ/Lanczos/CG/OptTrans rejections	Sampling/proposed moves/acceptance must remain exact; numerical comparisons only for computed values; no implicit rejection rollback claim	E0 scenario-to-production mapping; proposed gate only unless result names executed record	J=8bb1b9e8ae47b1512c00b321be05664ddcac0fd1; source SHA256=16e022a8bed6684b20d605b1a7f282ce5d52a0f17bc6302ec7ff4135c6130f14; C=extern/mVMC-1.3.0; independent expectation provenance must be read from named fixtures; no regeneration/run in documentation audit	cargo nextest run --locked --cargo-profile test-fast -p mvmc-core -p mvmc-cli --test runtime_contract --no-fail-fast --retries 0	Testset scalar settings: modpara = ModParaParameters(nsplit_size = 2, nsrcg = 0); File-wide declarations (inherited where used): @testset "unit/unsupported_inputs: NSplitSize contract" begin;# NSplitSize = 1 remains accepted for both serial and MPI sample-parallel;@testset "NSplitSize = 1 is accepted" begin;modpara = ModParaParameters(nsplit_size = 1);@testset "NSplitSize > 1 is accepted for direct para-opt" begin;modpara = ModParaParameters(nsplit_size = 2, nsrcg = 0);@testset "NSplitSize > 1 with SR-CG is rejected for para-opt" begin;modpara = ModParaParameters(nsplit_size = 2, nsrcg = 1);@test occursin("NSplitSize > 1 with SR-CG", msg);@testset "NSplitSize > 1 is accepted for sz-conserved PhysCal normal Green" begin;modpara = ModParaParameters(nsplit_size = 2);data.modpara.nsplit_size = 2;@testset "NSplitSize > 1 accepts standard-projection NQPFull > 1" begin;spin_data.modpara.nsplit_size = 2;spin_data.modpara.nsp_gauss_leg = 2;spin_data.modpara.nmp_trans = 1;momentum_data.modpara.nsplit_size = 2;momentum_data.modpara.nsp_gauss_leg = 1;momentum_data.modpara.nmp_trans = 4;trivial_opttrans_data.modpara.nsplit_size = 2;trivial_opttrans_data.modpara.nsp_gauss_leg = 8;trivial_opttrans_data.modpara.nmp_trans = -1;@testset "NSplitSize > 1 rejects OptTrans-derived NQPFull > 1" begin;data.modpara.nsplit_size = 2;data.modpara.nsp_gauss_leg = 1;data.modpara.nmp_trans = 1;@test occursin("NSplitSize > 1 with NQPOptTrans > 1", msg);@testset "NSplitSize > 1 rejects OptTrans-derived PhysCal split" begin;trivial.modpara.nsplit_size = 2;data.modpara.nsplit_size = 2;@test occursin("NSplitSize > 1 with NQPOptTrans > 1", msg);@testset "NSplitSize > 1 rejects unsupported PhysCal split scopes" begin;fsz_data.modpara.nsplit_size = 2;@test occursin("NSplitSize > 1", msg);lanczos_data.modpara.nsplit_size = 2;@test occursin("NSplitSize > 1 with NLanczosMode > 0", msg);@testset "NSplitSize > 1 rejects FSZ standard-projection NQPFull > 1" begin;data.modpara.nsplit_size = 2;data.modpara.nsp_gauss_leg = nsp;data.modpara.nmp_trans = nmp	UNVERIFIED: individual Julia scenario not replayed against Rust; candidate gate is not evidence of equivalent assertions	#178
S192	testset	@testset "NSplitSize > 1 with SR-CG is rejected for para-opt" begin	MVMCOptimizers.jl/test_unit/test_unit_unsupported_inputs.jl:37	crates/mvmc-expert-parsers/src/types.rs::ModParaParameters; crates/mvmc-core/src/validation.rs::validate_supported_modpara; crates/mvmc-core/src/validation.rs::validate_para_opt	Same grouped support validators library/CLI; no output before rejection; valid normal grouped PhysCal accepted	rejected titled invalid scope; validation counterpart exists, not a blanket rejection of valid combinations	C/Julia NSplitSize=group SIZE; current draft follows width/remainder and full-chain/comm1 measurement semantics; prior chain-length/burn-marker failures require fresh independent state verification; protocol success not parity; support validator distinguishes normal Green positives from FSZ/Lanczos/CG/OptTrans rejections	Validation/load failure before init/output unless title targets callback/output/SR; state/RNG/files boundary must be asserted by candidate gate; current collective callbacks fail after completed sample, not rollback	E0 scenario-to-production mapping; proposed gate only unless result names executed record	J=8bb1b9e8ae47b1512c00b321be05664ddcac0fd1; source SHA256=16e022a8bed6684b20d605b1a7f282ce5d52a0f17bc6302ec7ff4135c6130f14; C=extern/mVMC-1.3.0; independent expectation provenance must be read from named fixtures; no regeneration/run in documentation audit	cargo nextest run --locked --cargo-profile test-fast -p mvmc-core -p mvmc-cli --test runtime_contract --no-fail-fast --retries 0	Testset scalar settings: modpara = ModParaParameters(nsplit_size = 2, nsrcg = 1); File-wide declarations (inherited where used): @testset "unit/unsupported_inputs: NSplitSize contract" begin;# NSplitSize = 1 remains accepted for both serial and MPI sample-parallel;@testset "NSplitSize = 1 is accepted" begin;modpara = ModParaParameters(nsplit_size = 1);@testset "NSplitSize > 1 is accepted for direct para-opt" begin;modpara = ModParaParameters(nsplit_size = 2, nsrcg = 0);@testset "NSplitSize > 1 with SR-CG is rejected for para-opt" begin;modpara = ModParaParameters(nsplit_size = 2, nsrcg = 1);@test occursin("NSplitSize > 1 with SR-CG", msg);@testset "NSplitSize > 1 is accepted for sz-conserved PhysCal normal Green" begin;modpara = ModParaParameters(nsplit_size = 2);data.modpara.nsplit_size = 2;@testset "NSplitSize > 1 accepts standard-projection NQPFull > 1" begin;spin_data.modpara.nsplit_size = 2;spin_data.modpara.nsp_gauss_leg = 2;spin_data.modpara.nmp_trans = 1;momentum_data.modpara.nsplit_size = 2;momentum_data.modpara.nsp_gauss_leg = 1;momentum_data.modpara.nmp_trans = 4;trivial_opttrans_data.modpara.nsplit_size = 2;trivial_opttrans_data.modpara.nsp_gauss_leg = 8;trivial_opttrans_data.modpara.nmp_trans = -1;@testset "NSplitSize > 1 rejects OptTrans-derived NQPFull > 1" begin;data.modpara.nsplit_size = 2;data.modpara.nsp_gauss_leg = 1;data.modpara.nmp_trans = 1;@test occursin("NSplitSize > 1 with NQPOptTrans > 1", msg);@testset "NSplitSize > 1 rejects OptTrans-derived PhysCal split" begin;trivial.modpara.nsplit_size = 2;data.modpara.nsplit_size = 2;@test occursin("NSplitSize > 1 with NQPOptTrans > 1", msg);@testset "NSplitSize > 1 rejects unsupported PhysCal split scopes" begin;fsz_data.modpara.nsplit_size = 2;@test occursin("NSplitSize > 1", msg);lanczos_data.modpara.nsplit_size = 2;@test occursin("NSplitSize > 1 with NLanczosMode > 0", msg);@testset "NSplitSize > 1 rejects FSZ standard-projection NQPFull > 1" begin;data.modpara.nsplit_size = 2;data.modpara.nsp_gauss_leg = nsp;data.modpara.nmp_trans = nmp	UNVERIFIED: individual Julia scenario not replayed against Rust; candidate gate is not evidence of equivalent assertions	#178
S193	testset	@testset "NSplitSize > 1 is accepted for sz-conserved PhysCal normal Green" begin	MVMCOptimizers.jl/test_unit/test_unit_unsupported_inputs.jl:48	crates/mvmc-expert-parsers/src/types.rs::ModParaParameters; crates/mvmc-core/src/validation.rs::validate_supported_modpara; crates/mvmc-expert-parsers/src/types.rs::ExpertModeData; crates/mvmc-core/src/validation.rs::validate_phys_cal	Same grouped support validators library/CLI; no output before rejection; valid normal grouped PhysCal accepted	executable bounded production mapping; independent scenario replay unverified	C/Julia NSplitSize=group SIZE; current draft follows width/remainder and full-chain/comm1 measurement semantics; prior chain-length/burn-marker failures require fresh independent state verification; protocol success not parity; support validator distinguishes normal Green positives from FSZ/Lanczos/CG/OptTrans rejections	Sampling/proposed moves/acceptance must remain exact; numerical comparisons only for computed values; no implicit rejection rollback claim	E0 scenario-to-production mapping; proposed gate only unless result names executed record	J=8bb1b9e8ae47b1512c00b321be05664ddcac0fd1; source SHA256=16e022a8bed6684b20d605b1a7f282ce5d52a0f17bc6302ec7ff4135c6130f14; C=extern/mVMC-1.3.0; independent expectation provenance must be read from named fixtures; no regeneration/run in documentation audit	cargo nextest run --locked --cargo-profile test-fast -p mvmc-core -p mvmc-cli --test runtime_contract --no-fail-fast --retries 0	Testset scalar settings: data.modpara.lanczos_mode = 0; File-wide declarations (inherited where used): @testset "unit/unsupported_inputs: NSplitSize contract" begin;# NSplitSize = 1 remains accepted for both serial and MPI sample-parallel;@testset "NSplitSize = 1 is accepted" begin;modpara = ModParaParameters(nsplit_size = 1);@testset "NSplitSize > 1 is accepted for direct para-opt" begin;modpara = ModParaParameters(nsplit_size = 2, nsrcg = 0);@testset "NSplitSize > 1 with SR-CG is rejected for para-opt" begin;modpara = ModParaParameters(nsplit_size = 2, nsrcg = 1);@test occursin("NSplitSize > 1 with SR-CG", msg);@testset "NSplitSize > 1 is accepted for sz-conserved PhysCal normal Green" begin;modpara = ModParaParameters(nsplit_size = 2);data.modpara.nsplit_size = 2;@testset "NSplitSize > 1 accepts standard-projection NQPFull > 1" begin;spin_data.modpara.nsplit_size = 2;spin_data.modpara.nsp_gauss_leg = 2;spin_data.modpara.nmp_trans = 1;momentum_data.modpara.nsplit_size = 2;momentum_data.modpara.nsp_gauss_leg = 1;momentum_data.modpara.nmp_trans = 4;trivial_opttrans_data.modpara.nsplit_size = 2;trivial_opttrans_data.modpara.nsp_gauss_leg = 8;trivial_opttrans_data.modpara.nmp_trans = -1;@testset "NSplitSize > 1 rejects OptTrans-derived NQPFull > 1" begin;data.modpara.nsplit_size = 2;data.modpara.nsp_gauss_leg = 1;data.modpara.nmp_trans = 1;@test occursin("NSplitSize > 1 with NQPOptTrans > 1", msg);@testset "NSplitSize > 1 rejects OptTrans-derived PhysCal split" begin;trivial.modpara.nsplit_size = 2;data.modpara.nsplit_size = 2;@test occursin("NSplitSize > 1 with NQPOptTrans > 1", msg);@testset "NSplitSize > 1 rejects unsupported PhysCal split scopes" begin;fsz_data.modpara.nsplit_size = 2;@test occursin("NSplitSize > 1", msg);lanczos_data.modpara.nsplit_size = 2;@test occursin("NSplitSize > 1 with NLanczosMode > 0", msg);@testset "NSplitSize > 1 rejects FSZ standard-projection NQPFull > 1" begin;data.modpara.nsplit_size = 2;data.modpara.nsp_gauss_leg = nsp;data.modpara.nmp_trans = nmp	UNVERIFIED: individual Julia scenario not replayed against Rust; candidate gate is not evidence of equivalent assertions	#178
S194	testset	@testset "NSplitSize > 1 accepts standard-projection NQPFull > 1" begin	MVMCOptimizers.jl/test_unit/test_unit_unsupported_inputs.jl:60	crates/mvmc-expert-parsers/src/types.rs::ExpertModeData; crates/mvmc-core/src/validation.rs::validate_para_opt	Same grouped support validators library/CLI; no output before rejection; valid normal grouped PhysCal accepted	executable bounded production mapping; independent scenario replay unverified	C/Julia NSplitSize=group SIZE; current draft follows width/remainder and full-chain/comm1 measurement semantics; prior chain-length/burn-marker failures require fresh independent state verification; protocol success not parity; support validator distinguishes normal Green positives from FSZ/Lanczos/CG/OptTrans rejections	Sampling/proposed moves/acceptance must remain exact; numerical comparisons only for computed values; no implicit rejection rollback claim	E0 scenario-to-production mapping; proposed gate only unless result names executed record	J=8bb1b9e8ae47b1512c00b321be05664ddcac0fd1; source SHA256=16e022a8bed6684b20d605b1a7f282ce5d52a0f17bc6302ec7ff4135c6130f14; C=extern/mVMC-1.3.0; independent expectation provenance must be read from named fixtures; no regeneration/run in documentation audit	cargo nextest run --locked --cargo-profile test-fast -p mvmc-core -p mvmc-cli --test runtime_contract --no-fail-fast --retries 0	Testset scalar settings: spin_data.modpara.nsp_gauss_leg = 2; spin_data.modpara.nmp_trans = 1; momentum_data.modpara.nsp_gauss_leg = 1; momentum_data.modpara.nmp_trans = 4; trivial_opttrans_data.modpara.nsp_gauss_leg = 8; trivial_opttrans_data.modpara.nmp_trans = -1; File-wide declarations (inherited where used): @testset "unit/unsupported_inputs: NSplitSize contract" begin;# NSplitSize = 1 remains accepted for both serial and MPI sample-parallel;@testset "NSplitSize = 1 is accepted" begin;modpara = ModParaParameters(nsplit_size = 1);@testset "NSplitSize > 1 is accepted for direct para-opt" begin;modpara = ModParaParameters(nsplit_size = 2, nsrcg = 0);@testset "NSplitSize > 1 with SR-CG is rejected for para-opt" begin;modpara = ModParaParameters(nsplit_size = 2, nsrcg = 1);@test occursin("NSplitSize > 1 with SR-CG", msg);@testset "NSplitSize > 1 is accepted for sz-conserved PhysCal normal Green" begin;modpara = ModParaParameters(nsplit_size = 2);data.modpara.nsplit_size = 2;@testset "NSplitSize > 1 accepts standard-projection NQPFull > 1" begin;spin_data.modpara.nsplit_size = 2;spin_data.modpara.nsp_gauss_leg = 2;spin_data.modpara.nmp_trans = 1;momentum_data.modpara.nsplit_size = 2;momentum_data.modpara.nsp_gauss_leg = 1;momentum_data.modpara.nmp_trans = 4;trivial_opttrans_data.modpara.nsplit_size = 2;trivial_opttrans_data.modpara.nsp_gauss_leg = 8;trivial_opttrans_data.modpara.nmp_trans = -1;@testset "NSplitSize > 1 rejects OptTrans-derived NQPFull > 1" begin;data.modpara.nsplit_size = 2;data.modpara.nsp_gauss_leg = 1;data.modpara.nmp_trans = 1;@test occursin("NSplitSize > 1 with NQPOptTrans > 1", msg);@testset "NSplitSize > 1 rejects OptTrans-derived PhysCal split" begin;trivial.modpara.nsplit_size = 2;data.modpara.nsplit_size = 2;@test occursin("NSplitSize > 1 with NQPOptTrans > 1", msg);@testset "NSplitSize > 1 rejects unsupported PhysCal split scopes" begin;fsz_data.modpara.nsplit_size = 2;@test occursin("NSplitSize > 1", msg);lanczos_data.modpara.nsplit_size = 2;@test occursin("NSplitSize > 1 with NLanczosMode > 0", msg);@testset "NSplitSize > 1 rejects FSZ standard-projection NQPFull > 1" begin;data.modpara.nsplit_size = 2;data.modpara.nsp_gauss_leg = nsp;data.modpara.nmp_trans = nmp	UNVERIFIED: individual Julia scenario not replayed against Rust; candidate gate is not evidence of equivalent assertions	#178
S195	testset	@testset "NSplitSize > 1 rejects OptTrans-derived NQPFull > 1" begin	MVMCOptimizers.jl/test_unit/test_unit_unsupported_inputs.jl:89	crates/mvmc-expert-parsers/src/types.rs::ExpertModeData; crates/mvmc-core/src/validation.rs::validate_para_opt	Same grouped support validators library/CLI; no output before rejection; valid normal grouped PhysCal accepted	rejected titled invalid scope; validation counterpart exists, not a blanket rejection of valid combinations	C/Julia NSplitSize=group SIZE; current draft follows width/remainder and full-chain/comm1 measurement semantics; prior chain-length/burn-marker failures require fresh independent state verification; protocol success not parity; support validator distinguishes normal Green positives from FSZ/Lanczos/CG/OptTrans rejections	Validation/load failure before init/output unless title targets callback/output/SR; state/RNG/files boundary must be asserted by candidate gate; current collective callbacks fail after completed sample, not rollback	E0 scenario-to-production mapping; proposed gate only unless result names executed record	J=8bb1b9e8ae47b1512c00b321be05664ddcac0fd1; source SHA256=16e022a8bed6684b20d605b1a7f282ce5d52a0f17bc6302ec7ff4135c6130f14; C=extern/mVMC-1.3.0; independent expectation provenance must be read from named fixtures; no regeneration/run in documentation audit	cargo nextest run --locked --cargo-profile test-fast -p mvmc-core -p mvmc-cli --test runtime_contract --no-fail-fast --retries 0	Testset scalar settings: data.modpara.nsp_gauss_leg = 1; data.modpara.nmp_trans = 1; File-wide declarations (inherited where used): @testset "unit/unsupported_inputs: NSplitSize contract" begin;# NSplitSize = 1 remains accepted for both serial and MPI sample-parallel;@testset "NSplitSize = 1 is accepted" begin;modpara = ModParaParameters(nsplit_size = 1);@testset "NSplitSize > 1 is accepted for direct para-opt" begin;modpara = ModParaParameters(nsplit_size = 2, nsrcg = 0);@testset "NSplitSize > 1 with SR-CG is rejected for para-opt" begin;modpara = ModParaParameters(nsplit_size = 2, nsrcg = 1);@test occursin("NSplitSize > 1 with SR-CG", msg);@testset "NSplitSize > 1 is accepted for sz-conserved PhysCal normal Green" begin;modpara = ModParaParameters(nsplit_size = 2);data.modpara.nsplit_size = 2;@testset "NSplitSize > 1 accepts standard-projection NQPFull > 1" begin;spin_data.modpara.nsplit_size = 2;spin_data.modpara.nsp_gauss_leg = 2;spin_data.modpara.nmp_trans = 1;momentum_data.modpara.nsplit_size = 2;momentum_data.modpara.nsp_gauss_leg = 1;momentum_data.modpara.nmp_trans = 4;trivial_opttrans_data.modpara.nsplit_size = 2;trivial_opttrans_data.modpara.nsp_gauss_leg = 8;trivial_opttrans_data.modpara.nmp_trans = -1;@testset "NSplitSize > 1 rejects OptTrans-derived NQPFull > 1" begin;data.modpara.nsplit_size = 2;data.modpara.nsp_gauss_leg = 1;data.modpara.nmp_trans = 1;@test occursin("NSplitSize > 1 with NQPOptTrans > 1", msg);@testset "NSplitSize > 1 rejects OptTrans-derived PhysCal split" begin;trivial.modpara.nsplit_size = 2;data.modpara.nsplit_size = 2;@test occursin("NSplitSize > 1 with NQPOptTrans > 1", msg);@testset "NSplitSize > 1 rejects unsupported PhysCal split scopes" begin;fsz_data.modpara.nsplit_size = 2;@test occursin("NSplitSize > 1", msg);lanczos_data.modpara.nsplit_size = 2;@test occursin("NSplitSize > 1 with NLanczosMode > 0", msg);@testset "NSplitSize > 1 rejects FSZ standard-projection NQPFull > 1" begin;data.modpara.nsplit_size = 2;data.modpara.nsp_gauss_leg = nsp;data.modpara.nmp_trans = nmp	UNVERIFIED: individual Julia scenario not replayed against Rust; candidate gate is not evidence of equivalent assertions	#178
S196	testset	@testset "NSplitSize > 1 rejects OptTrans-derived PhysCal split" begin	MVMCOptimizers.jl/test_unit/test_unit_unsupported_inputs.jl:106	crates/mvmc-expert-parsers/src/types.rs::ExpertModeData; crates/mvmc-core/src/validation.rs::validate_phys_cal	Same grouped support validators library/CLI; no output before rejection; valid normal grouped PhysCal accepted	rejected titled invalid scope; validation counterpart exists, not a blanket rejection of valid combinations	C/Julia NSplitSize=group SIZE; current draft follows width/remainder and full-chain/comm1 measurement semantics; prior chain-length/burn-marker failures require fresh independent state verification; protocol success not parity; support validator distinguishes normal Green positives from FSZ/Lanczos/CG/OptTrans rejections	Validation/load failure before init/output unless title targets callback/output/SR; state/RNG/files boundary must be asserted by candidate gate; current collective callbacks fail after completed sample, not rollback	E0 scenario-to-production mapping; proposed gate only unless result names executed record	J=8bb1b9e8ae47b1512c00b321be05664ddcac0fd1; source SHA256=16e022a8bed6684b20d605b1a7f282ce5d52a0f17bc6302ec7ff4135c6130f14; C=extern/mVMC-1.3.0; independent expectation provenance must be read from named fixtures; no regeneration/run in documentation audit	cargo nextest run --locked --cargo-profile test-fast -p mvmc-core -p mvmc-cli --test runtime_contract --no-fail-fast --retries 0	Testset scalar settings: trivial.modpara.lanczos_mode = 0; data.modpara.lanczos_mode = 0; File-wide declarations (inherited where used): @testset "unit/unsupported_inputs: NSplitSize contract" begin;# NSplitSize = 1 remains accepted for both serial and MPI sample-parallel;@testset "NSplitSize = 1 is accepted" begin;modpara = ModParaParameters(nsplit_size = 1);@testset "NSplitSize > 1 is accepted for direct para-opt" begin;modpara = ModParaParameters(nsplit_size = 2, nsrcg = 0);@testset "NSplitSize > 1 with SR-CG is rejected for para-opt" begin;modpara = ModParaParameters(nsplit_size = 2, nsrcg = 1);@test occursin("NSplitSize > 1 with SR-CG", msg);@testset "NSplitSize > 1 is accepted for sz-conserved PhysCal normal Green" begin;modpara = ModParaParameters(nsplit_size = 2);data.modpara.nsplit_size = 2;@testset "NSplitSize > 1 accepts standard-projection NQPFull > 1" begin;spin_data.modpara.nsplit_size = 2;spin_data.modpara.nsp_gauss_leg = 2;spin_data.modpara.nmp_trans = 1;momentum_data.modpara.nsplit_size = 2;momentum_data.modpara.nsp_gauss_leg = 1;momentum_data.modpara.nmp_trans = 4;trivial_opttrans_data.modpara.nsplit_size = 2;trivial_opttrans_data.modpara.nsp_gauss_leg = 8;trivial_opttrans_data.modpara.nmp_trans = -1;@testset "NSplitSize > 1 rejects OptTrans-derived NQPFull > 1" begin;data.modpara.nsplit_size = 2;data.modpara.nsp_gauss_leg = 1;data.modpara.nmp_trans = 1;@test occursin("NSplitSize > 1 with NQPOptTrans > 1", msg);@testset "NSplitSize > 1 rejects OptTrans-derived PhysCal split" begin;trivial.modpara.nsplit_size = 2;data.modpara.nsplit_size = 2;@test occursin("NSplitSize > 1 with NQPOptTrans > 1", msg);@testset "NSplitSize > 1 rejects unsupported PhysCal split scopes" begin;fsz_data.modpara.nsplit_size = 2;@test occursin("NSplitSize > 1", msg);lanczos_data.modpara.nsplit_size = 2;@test occursin("NSplitSize > 1 with NLanczosMode > 0", msg);@testset "NSplitSize > 1 rejects FSZ standard-projection NQPFull > 1" begin;data.modpara.nsplit_size = 2;data.modpara.nsp_gauss_leg = nsp;data.modpara.nmp_trans = nmp	UNVERIFIED: individual Julia scenario not replayed against Rust; candidate gate is not evidence of equivalent assertions	#178
S197	testset	@testset "NSplitSize > 1 rejects unsupported PhysCal split scopes" begin	MVMCOptimizers.jl/test_unit/test_unit_unsupported_inputs.jl:133	crates/mvmc-expert-parsers/src/types.rs::ExpertModeData; crates/mvmc-expert-parsers/src/types.rs::GreenTwoExTerm; crates/mvmc-core/src/validation.rs::validate_phys_cal	Same grouped support validators library/CLI; no output before rejection; valid normal grouped PhysCal accepted	rejected titled invalid scope; validation counterpart exists, not a blanket rejection of valid combinations	C/Julia NSplitSize=group SIZE; current draft follows width/remainder and full-chain/comm1 measurement semantics; prior chain-length/burn-marker failures require fresh independent state verification; protocol success not parity; support validator distinguishes normal Green positives from FSZ/Lanczos/CG/OptTrans rejections	Validation/load failure before init/output unless title targets callback/output/SR; state/RNG/files boundary must be asserted by candidate gate; current collective callbacks fail after completed sample, not rollback	E0 scenario-to-production mapping; proposed gate only unless result names executed record	J=8bb1b9e8ae47b1512c00b321be05664ddcac0fd1; source SHA256=16e022a8bed6684b20d605b1a7f282ce5d52a0f17bc6302ec7ff4135c6130f14; C=extern/mVMC-1.3.0; independent expectation provenance must be read from named fixtures; no regeneration/run in documentation audit	cargo nextest run --locked --cargo-profile test-fast -p mvmc-core -p mvmc-cli --test runtime_contract --no-fail-fast --retries 0	Testset scalar settings: fsz_data.modpara.lanczos_mode = 0; lanczos_data.modpara.lanczos_mode = 2; File-wide declarations (inherited where used): @testset "unit/unsupported_inputs: NSplitSize contract" begin;# NSplitSize = 1 remains accepted for both serial and MPI sample-parallel;@testset "NSplitSize = 1 is accepted" begin;modpara = ModParaParameters(nsplit_size = 1);@testset "NSplitSize > 1 is accepted for direct para-opt" begin;modpara = ModParaParameters(nsplit_size = 2, nsrcg = 0);@testset "NSplitSize > 1 with SR-CG is rejected for para-opt" begin;modpara = ModParaParameters(nsplit_size = 2, nsrcg = 1);@test occursin("NSplitSize > 1 with SR-CG", msg);@testset "NSplitSize > 1 is accepted for sz-conserved PhysCal normal Green" begin;modpara = ModParaParameters(nsplit_size = 2);data.modpara.nsplit_size = 2;@testset "NSplitSize > 1 accepts standard-projection NQPFull > 1" begin;spin_data.modpara.nsplit_size = 2;spin_data.modpara.nsp_gauss_leg = 2;spin_data.modpara.nmp_trans = 1;momentum_data.modpara.nsplit_size = 2;momentum_data.modpara.nsp_gauss_leg = 1;momentum_data.modpara.nmp_trans = 4;trivial_opttrans_data.modpara.nsplit_size = 2;trivial_opttrans_data.modpara.nsp_gauss_leg = 8;trivial_opttrans_data.modpara.nmp_trans = -1;@testset "NSplitSize > 1 rejects OptTrans-derived NQPFull > 1" begin;data.modpara.nsplit_size = 2;data.modpara.nsp_gauss_leg = 1;data.modpara.nmp_trans = 1;@test occursin("NSplitSize > 1 with NQPOptTrans > 1", msg);@testset "NSplitSize > 1 rejects OptTrans-derived PhysCal split" begin;trivial.modpara.nsplit_size = 2;data.modpara.nsplit_size = 2;@test occursin("NSplitSize > 1 with NQPOptTrans > 1", msg);@testset "NSplitSize > 1 rejects unsupported PhysCal split scopes" begin;fsz_data.modpara.nsplit_size = 2;@test occursin("NSplitSize > 1", msg);lanczos_data.modpara.nsplit_size = 2;@test occursin("NSplitSize > 1 with NLanczosMode > 0", msg);@testset "NSplitSize > 1 rejects FSZ standard-projection NQPFull > 1" begin;data.modpara.nsplit_size = 2;data.modpara.nsp_gauss_leg = nsp;data.modpara.nmp_trans = nmp	UNVERIFIED: individual Julia scenario not replayed against Rust; candidate gate is not evidence of equivalent assertions	#178
S198	testset	@testset "NSplitSize > 1 rejects FSZ standard-projection NQPFull > 1" begin	MVMCOptimizers.jl/test_unit/test_unit_unsupported_inputs.jl:159	crates/mvmc-expert-parsers/src/types.rs::ExpertModeData; crates/mvmc-core/src/validation.rs::validate_para_opt	Same grouped support validators library/CLI; no output before rejection; valid normal grouped PhysCal accepted	rejected titled invalid scope; validation counterpart exists, not a blanket rejection of valid combinations	C/Julia NSplitSize=group SIZE; current draft follows width/remainder and full-chain/comm1 measurement semantics; prior chain-length/burn-marker failures require fresh independent state verification; protocol success not parity; support validator distinguishes normal Green positives from FSZ/Lanczos/CG/OptTrans rejections	Validation/load failure before init/output unless title targets callback/output/SR; state/RNG/files boundary must be asserted by candidate gate; current collective callbacks fail after completed sample, not rollback	E0 scenario-to-production mapping; proposed gate only unless result names executed record	J=8bb1b9e8ae47b1512c00b321be05664ddcac0fd1; source SHA256=16e022a8bed6684b20d605b1a7f282ce5d52a0f17bc6302ec7ff4135c6130f14; C=extern/mVMC-1.3.0; independent expectation provenance must be read from named fixtures; no regeneration/run in documentation audit	cargo nextest run --locked --cargo-profile test-fast -p mvmc-core -p mvmc-cli --test runtime_contract --no-fail-fast --retries 0	Testset scalar settings: data.modpara.nsp_gauss_leg = nsp; data.modpara.nmp_trans = nmp; File-wide declarations (inherited where used): @testset "unit/unsupported_inputs: NSplitSize contract" begin;# NSplitSize = 1 remains accepted for both serial and MPI sample-parallel;@testset "NSplitSize = 1 is accepted" begin;modpara = ModParaParameters(nsplit_size = 1);@testset "NSplitSize > 1 is accepted for direct para-opt" begin;modpara = ModParaParameters(nsplit_size = 2, nsrcg = 0);@testset "NSplitSize > 1 with SR-CG is rejected for para-opt" begin;modpara = ModParaParameters(nsplit_size = 2, nsrcg = 1);@test occursin("NSplitSize > 1 with SR-CG", msg);@testset "NSplitSize > 1 is accepted for sz-conserved PhysCal normal Green" begin;modpara = ModParaParameters(nsplit_size = 2);data.modpara.nsplit_size = 2;@testset "NSplitSize > 1 accepts standard-projection NQPFull > 1" begin;spin_data.modpara.nsplit_size = 2;spin_data.modpara.nsp_gauss_leg = 2;spin_data.modpara.nmp_trans = 1;momentum_data.modpara.nsplit_size = 2;momentum_data.modpara.nsp_gauss_leg = 1;momentum_data.modpara.nmp_trans = 4;trivial_opttrans_data.modpara.nsplit_size = 2;trivial_opttrans_data.modpara.nsp_gauss_leg = 8;trivial_opttrans_data.modpara.nmp_trans = -1;@testset "NSplitSize > 1 rejects OptTrans-derived NQPFull > 1" begin;data.modpara.nsplit_size = 2;data.modpara.nsp_gauss_leg = 1;data.modpara.nmp_trans = 1;@test occursin("NSplitSize > 1 with NQPOptTrans > 1", msg);@testset "NSplitSize > 1 rejects OptTrans-derived PhysCal split" begin;trivial.modpara.nsplit_size = 2;data.modpara.nsplit_size = 2;@test occursin("NSplitSize > 1 with NQPOptTrans > 1", msg);@testset "NSplitSize > 1 rejects unsupported PhysCal split scopes" begin;fsz_data.modpara.nsplit_size = 2;@test occursin("NSplitSize > 1", msg);lanczos_data.modpara.nsplit_size = 2;@test occursin("NSplitSize > 1 with NLanczosMode > 0", msg);@testset "NSplitSize > 1 rejects FSZ standard-projection NQPFull > 1" begin;data.modpara.nsplit_size = 2;data.modpara.nsp_gauss_leg = nsp;data.modpara.nmp_trans = nmp	UNVERIFIED: individual Julia scenario not replayed against Rust; candidate gate is not evidence of equivalent assertions	#178
S199	testset	@testset "NSplitSize <= 0 is rejected as an invalid value" begin	MVMCOptimizers.jl/test_unit/test_unit_unsupported_inputs.jl:184	crates/mvmc-expert-parsers/src/types.rs::ModParaParameters; crates/mvmc-core/src/validation.rs::validate_supported_modpara	Same grouped support validators library/CLI; no output before rejection; valid normal grouped PhysCal accepted	rejected titled invalid scope; validation counterpart exists, not a blanket rejection of valid combinations	C/Julia NSplitSize=group SIZE; current draft follows width/remainder and full-chain/comm1 measurement semantics; prior chain-length/burn-marker failures require fresh independent state verification; protocol success not parity; support validator distinguishes normal Green positives from FSZ/Lanczos/CG/OptTrans rejections	Validation/load failure before init/output unless title targets callback/output/SR; state/RNG/files boundary must be asserted by candidate gate; current collective callbacks fail after completed sample, not rollback	E0 scenario-to-production mapping; proposed gate only unless result names executed record	J=8bb1b9e8ae47b1512c00b321be05664ddcac0fd1; source SHA256=16e022a8bed6684b20d605b1a7f282ce5d52a0f17bc6302ec7ff4135c6130f14; C=extern/mVMC-1.3.0; independent expectation provenance must be read from named fixtures; no regeneration/run in documentation audit	cargo nextest run --locked --cargo-profile test-fast -p mvmc-core -p mvmc-cli --test runtime_contract --no-fail-fast --retries 0	No local scalar override; inherited fixture/synthetic constructor arguments; File-wide declarations (inherited where used): @testset "unit/unsupported_inputs: NSplitSize contract" begin;# NSplitSize = 1 remains accepted for both serial and MPI sample-parallel;@testset "NSplitSize = 1 is accepted" begin;modpara = ModParaParameters(nsplit_size = 1);@testset "NSplitSize > 1 is accepted for direct para-opt" begin;modpara = ModParaParameters(nsplit_size = 2, nsrcg = 0);@testset "NSplitSize > 1 with SR-CG is rejected for para-opt" begin;modpara = ModParaParameters(nsplit_size = 2, nsrcg = 1);@test occursin("NSplitSize > 1 with SR-CG", msg);@testset "NSplitSize > 1 is accepted for sz-conserved PhysCal normal Green" begin;modpara = ModParaParameters(nsplit_size = 2);data.modpara.nsplit_size = 2;@testset "NSplitSize > 1 accepts standard-projection NQPFull > 1" begin;spin_data.modpara.nsplit_size = 2;spin_data.modpara.nsp_gauss_leg = 2;spin_data.modpara.nmp_trans = 1;momentum_data.modpara.nsplit_size = 2;momentum_data.modpara.nsp_gauss_leg = 1;momentum_data.modpara.nmp_trans = 4;trivial_opttrans_data.modpara.nsplit_size = 2;trivial_opttrans_data.modpara.nsp_gauss_leg = 8;trivial_opttrans_data.modpara.nmp_trans = -1;@testset "NSplitSize > 1 rejects OptTrans-derived NQPFull > 1" begin;data.modpara.nsplit_size = 2;data.modpara.nsp_gauss_leg = 1;data.modpara.nmp_trans = 1;@test occursin("NSplitSize > 1 with NQPOptTrans > 1", msg);@testset "NSplitSize > 1 rejects OptTrans-derived PhysCal split" begin;trivial.modpara.nsplit_size = 2;data.modpara.nsplit_size = 2;@test occursin("NSplitSize > 1 with NQPOptTrans > 1", msg);@testset "NSplitSize > 1 rejects unsupported PhysCal split scopes" begin;fsz_data.modpara.nsplit_size = 2;@test occursin("NSplitSize > 1", msg);lanczos_data.modpara.nsplit_size = 2;@test occursin("NSplitSize > 1 with NLanczosMode > 0", msg);@testset "NSplitSize > 1 rejects FSZ standard-projection NQPFull > 1" begin;data.modpara.nsplit_size = 2;data.modpara.nsp_gauss_leg = nsp;data.modpara.nmp_trans = nmp	UNVERIFIED: individual Julia scenario not replayed against Rust; candidate gate is not evidence of equivalent assertions	#178
S200	testset	@testset "entry points enforce the contract" begin	MVMCOptimizers.jl/test_unit/test_unit_unsupported_inputs.jl:201	crates/mvmc-expert-parsers/src/types.rs::ExpertModeData; crates/mvmc-core/src/run.rs::vmc_para_opt; crates/mvmc-core/src/run.rs::vmc_phys_cal; crates/mvmc-core/src/run.rs::vmc_phys_cal_in_place (single borrowed production core; retains state/RNG on Err)	Same grouped support validators library/CLI; no output before rejection; valid normal grouped PhysCal accepted	executable bounded production mapping; independent scenario replay unverified	Distinguish Julia unsupported combos from C undefined invalid input; Rust safe rejection can precede MPI.Init differently	Sampling/proposed moves/acceptance must remain exact; numerical comparisons only for computed values; no implicit rejection rollback claim	E0 scenario-to-production mapping; proposed gate only unless result names executed record	J=8bb1b9e8ae47b1512c00b321be05664ddcac0fd1; source SHA256=16e022a8bed6684b20d605b1a7f282ce5d52a0f17bc6302ec7ff4135c6130f14; C=extern/mVMC-1.3.0; independent expectation provenance must be read from named fixtures; no regeneration/run in documentation audit	cargo nextest run --locked --cargo-profile test-fast -p mvmc-core -p mvmc-cli --test runtime_contract --no-fail-fast --retries 0	Testset scalar settings: para_data.modpara.nsrcg = 1; File-wide declarations (inherited where used): @testset "unit/unsupported_inputs: NSplitSize contract" begin;# NSplitSize = 1 remains accepted for both serial and MPI sample-parallel;@testset "NSplitSize = 1 is accepted" begin;modpara = ModParaParameters(nsplit_size = 1);@testset "NSplitSize > 1 is accepted for direct para-opt" begin;modpara = ModParaParameters(nsplit_size = 2, nsrcg = 0);@testset "NSplitSize > 1 with SR-CG is rejected for para-opt" begin;modpara = ModParaParameters(nsplit_size = 2, nsrcg = 1);@test occursin("NSplitSize > 1 with SR-CG", msg);@testset "NSplitSize > 1 is accepted for sz-conserved PhysCal normal Green" begin;modpara = ModParaParameters(nsplit_size = 2);data.modpara.nsplit_size = 2;@testset "NSplitSize > 1 accepts standard-projection NQPFull > 1" begin;spin_data.modpara.nsplit_size = 2;spin_data.modpara.nsp_gauss_leg = 2;spin_data.modpara.nmp_trans = 1;momentum_data.modpara.nsplit_size = 2;momentum_data.modpara.nsp_gauss_leg = 1;momentum_data.modpara.nmp_trans = 4;trivial_opttrans_data.modpara.nsplit_size = 2;trivial_opttrans_data.modpara.nsp_gauss_leg = 8;trivial_opttrans_data.modpara.nmp_trans = -1;@testset "NSplitSize > 1 rejects OptTrans-derived NQPFull > 1" begin;data.modpara.nsplit_size = 2;data.modpara.nsp_gauss_leg = 1;data.modpara.nmp_trans = 1;@test occursin("NSplitSize > 1 with NQPOptTrans > 1", msg);@testset "NSplitSize > 1 rejects OptTrans-derived PhysCal split" begin;trivial.modpara.nsplit_size = 2;data.modpara.nsplit_size = 2;@test occursin("NSplitSize > 1 with NQPOptTrans > 1", msg);@testset "NSplitSize > 1 rejects unsupported PhysCal split scopes" begin;fsz_data.modpara.nsplit_size = 2;@test occursin("NSplitSize > 1", msg);lanczos_data.modpara.nsplit_size = 2;@test occursin("NSplitSize > 1 with NLanczosMode > 0", msg);@testset "NSplitSize > 1 rejects FSZ standard-projection NQPFull > 1" begin;data.modpara.nsplit_size = 2;data.modpara.nsp_gauss_leg = nsp;data.modpara.nmp_trans = nmp	UNVERIFIED: individual Julia scenario not replayed against Rust; candidate gate is not evidence of equivalent assertions	#178
S201	testset	@testset "unit/unsupported_inputs: SR-CG option contract" begin	MVMCOptimizers.jl/test_unit/test_unit_unsupported_inputs.jl:219	crates/mvmc-core/src/validation.rs::validate_phys_cal	Same grouped support validators library/CLI; no output before rejection; valid normal grouped PhysCal accepted	rejected titled invalid scope; validation counterpart exists, not a blanket rejection of valid combinations	Distinguish Julia unsupported combos from C undefined invalid input; Rust safe rejection can precede MPI.Init differently	Validation/load failure before init/output unless title targets callback/output/SR; state/RNG/files boundary must be asserted by candidate gate; current collective callbacks fail after completed sample, not rollback	E0 scenario-to-production mapping; proposed gate only unless result names executed record	J=8bb1b9e8ae47b1512c00b321be05664ddcac0fd1; source SHA256=16e022a8bed6684b20d605b1a7f282ce5d52a0f17bc6302ec7ff4135c6130f14; C=extern/mVMC-1.3.0; independent expectation provenance must be read from named fixtures; no regeneration/run in documentation audit	cargo nextest run --locked --cargo-profile test-fast -p mvmc-core -p mvmc-cli --test runtime_contract --no-fail-fast --retries 0	No local scalar override; inherited fixture/synthetic constructor arguments; File-wide declarations (inherited where used): @testset "unit/unsupported_inputs: NSplitSize contract" begin;# NSplitSize = 1 remains accepted for both serial and MPI sample-parallel;@testset "NSplitSize = 1 is accepted" begin;modpara = ModParaParameters(nsplit_size = 1);@testset "NSplitSize > 1 is accepted for direct para-opt" begin;modpara = ModParaParameters(nsplit_size = 2, nsrcg = 0);@testset "NSplitSize > 1 with SR-CG is rejected for para-opt" begin;modpara = ModParaParameters(nsplit_size = 2, nsrcg = 1);@test occursin("NSplitSize > 1 with SR-CG", msg);@testset "NSplitSize > 1 is accepted for sz-conserved PhysCal normal Green" begin;modpara = ModParaParameters(nsplit_size = 2);data.modpara.nsplit_size = 2;@testset "NSplitSize > 1 accepts standard-projection NQPFull > 1" begin;spin_data.modpara.nsplit_size = 2;spin_data.modpara.nsp_gauss_leg = 2;spin_data.modpara.nmp_trans = 1;momentum_data.modpara.nsplit_size = 2;momentum_data.modpara.nsp_gauss_leg = 1;momentum_data.modpara.nmp_trans = 4;trivial_opttrans_data.modpara.nsplit_size = 2;trivial_opttrans_data.modpara.nsp_gauss_leg = 8;trivial_opttrans_data.modpara.nmp_trans = -1;@testset "NSplitSize > 1 rejects OptTrans-derived NQPFull > 1" begin;data.modpara.nsplit_size = 2;data.modpara.nsp_gauss_leg = 1;data.modpara.nmp_trans = 1;@test occursin("NSplitSize > 1 with NQPOptTrans > 1", msg);@testset "NSplitSize > 1 rejects OptTrans-derived PhysCal split" begin;trivial.modpara.nsplit_size = 2;data.modpara.nsplit_size = 2;@test occursin("NSplitSize > 1 with NQPOptTrans > 1", msg);@testset "NSplitSize > 1 rejects unsupported PhysCal split scopes" begin;fsz_data.modpara.nsplit_size = 2;@test occursin("NSplitSize > 1", msg);lanczos_data.modpara.nsplit_size = 2;@test occursin("NSplitSize > 1 with NLanczosMode > 0", msg);@testset "NSplitSize > 1 rejects FSZ standard-projection NQPFull > 1" begin;data.modpara.nsplit_size = 2;data.modpara.nsp_gauss_leg = nsp;data.modpara.nmp_trans = nmp	UNVERIFIED: individual Julia scenario not replayed against Rust; candidate gate is not evidence of equivalent assertions	#178
S202	testset	@testset "standard direct and CG solvers are accepted" begin	MVMCOptimizers.jl/test_unit/test_unit_unsupported_inputs.jl:220	crates/mvmc-core/src/validation.rs::validate_supported_modpara; crates/mvmc-expert-parsers/src/types.rs::ModParaParameters	Same grouped support validators library/CLI; no output before rejection; valid normal grouped PhysCal accepted	executable bounded production mapping; independent scenario replay unverified	Distinguish Julia unsupported combos from C undefined invalid input; Rust safe rejection can precede MPI.Init differently	Sampling/proposed moves/acceptance must remain exact; numerical comparisons only for computed values; no implicit rejection rollback claim	E0 scenario-to-production mapping; proposed gate only unless result names executed record	J=8bb1b9e8ae47b1512c00b321be05664ddcac0fd1; source SHA256=16e022a8bed6684b20d605b1a7f282ce5d52a0f17bc6302ec7ff4135c6130f14; C=extern/mVMC-1.3.0; independent expectation provenance must be read from named fixtures; no regeneration/run in documentation audit	cargo nextest run --locked --cargo-profile test-fast -p mvmc-core -p mvmc-cli --test runtime_contract --no-fail-fast --retries 0	Testset scalar settings: ModParaParameters(nsrcg = 0),; ModParaParameters(nsrcg = 1),; File-wide declarations (inherited where used): @testset "unit/unsupported_inputs: NSplitSize contract" begin;# NSplitSize = 1 remains accepted for both serial and MPI sample-parallel;@testset "NSplitSize = 1 is accepted" begin;modpara = ModParaParameters(nsplit_size = 1);@testset "NSplitSize > 1 is accepted for direct para-opt" begin;modpara = ModParaParameters(nsplit_size = 2, nsrcg = 0);@testset "NSplitSize > 1 with SR-CG is rejected for para-opt" begin;modpara = ModParaParameters(nsplit_size = 2, nsrcg = 1);@test occursin("NSplitSize > 1 with SR-CG", msg);@testset "NSplitSize > 1 is accepted for sz-conserved PhysCal normal Green" begin;modpara = ModParaParameters(nsplit_size = 2);data.modpara.nsplit_size = 2;@testset "NSplitSize > 1 accepts standard-projection NQPFull > 1" begin;spin_data.modpara.nsplit_size = 2;spin_data.modpara.nsp_gauss_leg = 2;spin_data.modpara.nmp_trans = 1;momentum_data.modpara.nsplit_size = 2;momentum_data.modpara.nsp_gauss_leg = 1;momentum_data.modpara.nmp_trans = 4;trivial_opttrans_data.modpara.nsplit_size = 2;trivial_opttrans_data.modpara.nsp_gauss_leg = 8;trivial_opttrans_data.modpara.nmp_trans = -1;@testset "NSplitSize > 1 rejects OptTrans-derived NQPFull > 1" begin;data.modpara.nsplit_size = 2;data.modpara.nsp_gauss_leg = 1;data.modpara.nmp_trans = 1;@test occursin("NSplitSize > 1 with NQPOptTrans > 1", msg);@testset "NSplitSize > 1 rejects OptTrans-derived PhysCal split" begin;trivial.modpara.nsplit_size = 2;data.modpara.nsplit_size = 2;@test occursin("NSplitSize > 1 with NQPOptTrans > 1", msg);@testset "NSplitSize > 1 rejects unsupported PhysCal split scopes" begin;fsz_data.modpara.nsplit_size = 2;@test occursin("NSplitSize > 1", msg);lanczos_data.modpara.nsplit_size = 2;@test occursin("NSplitSize > 1 with NLanczosMode > 0", msg);@testset "NSplitSize > 1 rejects FSZ standard-projection NQPFull > 1" begin;data.modpara.nsplit_size = 2;data.modpara.nsp_gauss_leg = nsp;data.modpara.nmp_trans = nmp	UNVERIFIED: individual Julia scenario not replayed against Rust; candidate gate is not evidence of equivalent assertions	#178
S203	testset	@testset "NSRCG >= 2 is rejected with a clear message" begin	MVMCOptimizers.jl/test_unit/test_unit_unsupported_inputs.jl:229	crates/mvmc-expert-parsers/src/types.rs::ModParaParameters; crates/mvmc-core/src/validation.rs::validate_supported_modpara	Same grouped support validators library/CLI; no output before rejection; valid normal grouped PhysCal accepted	rejected titled invalid scope; validation counterpart exists, not a blanket rejection of valid combinations	Distinguish Julia unsupported combos from C undefined invalid input; Rust safe rejection can precede MPI.Init differently	Validation/load failure before init/output unless title targets callback/output/SR; state/RNG/files boundary must be asserted by candidate gate; current collective callbacks fail after completed sample, not rollback	E0 scenario-to-production mapping; proposed gate only unless result names executed record	J=8bb1b9e8ae47b1512c00b321be05664ddcac0fd1; source SHA256=16e022a8bed6684b20d605b1a7f282ce5d52a0f17bc6302ec7ff4135c6130f14; C=extern/mVMC-1.3.0; independent expectation provenance must be read from named fixtures; no regeneration/run in documentation audit	cargo nextest run --locked --cargo-profile test-fast -p mvmc-core -p mvmc-cli --test runtime_contract --no-fail-fast --retries 0	Testset scalar settings: modpara = ModParaParameters(nsrcg = 2); File-wide declarations (inherited where used): @testset "unit/unsupported_inputs: NSplitSize contract" begin;# NSplitSize = 1 remains accepted for both serial and MPI sample-parallel;@testset "NSplitSize = 1 is accepted" begin;modpara = ModParaParameters(nsplit_size = 1);@testset "NSplitSize > 1 is accepted for direct para-opt" begin;modpara = ModParaParameters(nsplit_size = 2, nsrcg = 0);@testset "NSplitSize > 1 with SR-CG is rejected for para-opt" begin;modpara = ModParaParameters(nsplit_size = 2, nsrcg = 1);@test occursin("NSplitSize > 1 with SR-CG", msg);@testset "NSplitSize > 1 is accepted for sz-conserved PhysCal normal Green" begin;modpara = ModParaParameters(nsplit_size = 2);data.modpara.nsplit_size = 2;@testset "NSplitSize > 1 accepts standard-projection NQPFull > 1" begin;spin_data.modpara.nsplit_size = 2;spin_data.modpara.nsp_gauss_leg = 2;spin_data.modpara.nmp_trans = 1;momentum_data.modpara.nsplit_size = 2;momentum_data.modpara.nsp_gauss_leg = 1;momentum_data.modpara.nmp_trans = 4;trivial_opttrans_data.modpara.nsplit_size = 2;trivial_opttrans_data.modpara.nsp_gauss_leg = 8;trivial_opttrans_data.modpara.nmp_trans = -1;@testset "NSplitSize > 1 rejects OptTrans-derived NQPFull > 1" begin;data.modpara.nsplit_size = 2;data.modpara.nsp_gauss_leg = 1;data.modpara.nmp_trans = 1;@test occursin("NSplitSize > 1 with NQPOptTrans > 1", msg);@testset "NSplitSize > 1 rejects OptTrans-derived PhysCal split" begin;trivial.modpara.nsplit_size = 2;data.modpara.nsplit_size = 2;@test occursin("NSplitSize > 1 with NQPOptTrans > 1", msg);@testset "NSplitSize > 1 rejects unsupported PhysCal split scopes" begin;fsz_data.modpara.nsplit_size = 2;@test occursin("NSplitSize > 1", msg);lanczos_data.modpara.nsplit_size = 2;@test occursin("NSplitSize > 1 with NLanczosMode > 0", msg);@testset "NSplitSize > 1 rejects FSZ standard-projection NQPFull > 1" begin;data.modpara.nsplit_size = 2;data.modpara.nsp_gauss_leg = nsp;data.modpara.nmp_trans = nmp	UNVERIFIED: individual Julia scenario not replayed against Rust; candidate gate is not evidence of equivalent assertions	#178
S204	testset	@testset "unported CG submodes are rejected with clear messages" begin	MVMCOptimizers.jl/test_unit/test_unit_unsupported_inputs.jl:239	crates/mvmc-expert-parsers/src/types.rs::ModParaParameters; crates/mvmc-core/src/validation.rs::validate_supported_modpara	Same grouped support validators library/CLI; no output before rejection; valid normal grouped PhysCal accepted	rejected titled invalid scope; validation counterpart exists, not a blanket rejection of valid combinations	Distinguish Julia unsupported combos from C undefined invalid input; Rust safe rejection can precede MPI.Init differently	Validation/load failure before init/output unless title targets callback/output/SR; state/RNG/files boundary must be asserted by candidate gate; current collective callbacks fail after completed sample, not rollback	E0 scenario-to-production mapping; proposed gate only unless result names executed record	J=8bb1b9e8ae47b1512c00b321be05664ddcac0fd1; source SHA256=16e022a8bed6684b20d605b1a7f282ce5d52a0f17bc6302ec7ff4135c6130f14; C=extern/mVMC-1.3.0; independent expectation provenance must be read from named fixtures; no regeneration/run in documentation audit	cargo nextest run --locked --cargo-profile test-fast -p mvmc-core -p mvmc-cli --test runtime_contract --no-fail-fast --retries 0	No local scalar override; inherited fixture/synthetic constructor arguments; File-wide declarations (inherited where used): @testset "unit/unsupported_inputs: NSplitSize contract" begin;# NSplitSize = 1 remains accepted for both serial and MPI sample-parallel;@testset "NSplitSize = 1 is accepted" begin;modpara = ModParaParameters(nsplit_size = 1);@testset "NSplitSize > 1 is accepted for direct para-opt" begin;modpara = ModParaParameters(nsplit_size = 2, nsrcg = 0);@testset "NSplitSize > 1 with SR-CG is rejected for para-opt" begin;modpara = ModParaParameters(nsplit_size = 2, nsrcg = 1);@test occursin("NSplitSize > 1 with SR-CG", msg);@testset "NSplitSize > 1 is accepted for sz-conserved PhysCal normal Green" begin;modpara = ModParaParameters(nsplit_size = 2);data.modpara.nsplit_size = 2;@testset "NSplitSize > 1 accepts standard-projection NQPFull > 1" begin;spin_data.modpara.nsplit_size = 2;spin_data.modpara.nsp_gauss_leg = 2;spin_data.modpara.nmp_trans = 1;momentum_data.modpara.nsplit_size = 2;momentum_data.modpara.nsp_gauss_leg = 1;momentum_data.modpara.nmp_trans = 4;trivial_opttrans_data.modpara.nsplit_size = 2;trivial_opttrans_data.modpara.nsp_gauss_leg = 8;trivial_opttrans_data.modpara.nmp_trans = -1;@testset "NSplitSize > 1 rejects OptTrans-derived NQPFull > 1" begin;data.modpara.nsplit_size = 2;data.modpara.nsp_gauss_leg = 1;data.modpara.nmp_trans = 1;@test occursin("NSplitSize > 1 with NQPOptTrans > 1", msg);@testset "NSplitSize > 1 rejects OptTrans-derived PhysCal split" begin;trivial.modpara.nsplit_size = 2;data.modpara.nsplit_size = 2;@test occursin("NSplitSize > 1 with NQPOptTrans > 1", msg);@testset "NSplitSize > 1 rejects unsupported PhysCal split scopes" begin;fsz_data.modpara.nsplit_size = 2;@test occursin("NSplitSize > 1", msg);lanczos_data.modpara.nsplit_size = 2;@test occursin("NSplitSize > 1 with NLanczosMode > 0", msg);@testset "NSplitSize > 1 rejects FSZ standard-projection NQPFull > 1" begin;data.modpara.nsplit_size = 2;data.modpara.nsp_gauss_leg = nsp;data.modpara.nmp_trans = nmp	UNVERIFIED: individual Julia scenario not replayed against Rust; candidate gate is not evidence of equivalent assertions	#178
S205	testset	@testset "entry points enforce the CG option contract" begin	MVMCOptimizers.jl/test_unit/test_unit_unsupported_inputs.jl:253	crates/mvmc-expert-parsers/src/types.rs::ExpertModeData; crates/mvmc-core/src/run.rs::vmc_para_opt	Same grouped support validators library/CLI; no output before rejection; valid normal grouped PhysCal accepted	executable bounded production mapping; independent scenario replay unverified	Distinguish Julia unsupported combos from C undefined invalid input; Rust safe rejection can precede MPI.Init differently	Sampling/proposed moves/acceptance must remain exact; numerical comparisons only for computed values; no implicit rejection rollback claim	E0 scenario-to-production mapping; proposed gate only unless result names executed record	J=8bb1b9e8ae47b1512c00b321be05664ddcac0fd1; source SHA256=16e022a8bed6684b20d605b1a7f282ce5d52a0f17bc6302ec7ff4135c6130f14; C=extern/mVMC-1.3.0; independent expectation provenance must be read from named fixtures; no regeneration/run in documentation audit	cargo nextest run --locked --cargo-profile test-fast -p mvmc-core -p mvmc-cli --test runtime_contract --no-fail-fast --retries 0	Testset scalar settings: data.modpara.nsrcg = 2; File-wide declarations (inherited where used): @testset "unit/unsupported_inputs: NSplitSize contract" begin;# NSplitSize = 1 remains accepted for both serial and MPI sample-parallel;@testset "NSplitSize = 1 is accepted" begin;modpara = ModParaParameters(nsplit_size = 1);@testset "NSplitSize > 1 is accepted for direct para-opt" begin;modpara = ModParaParameters(nsplit_size = 2, nsrcg = 0);@testset "NSplitSize > 1 with SR-CG is rejected for para-opt" begin;modpara = ModParaParameters(nsplit_size = 2, nsrcg = 1);@test occursin("NSplitSize > 1 with SR-CG", msg);@testset "NSplitSize > 1 is accepted for sz-conserved PhysCal normal Green" begin;modpara = ModParaParameters(nsplit_size = 2);data.modpara.nsplit_size = 2;@testset "NSplitSize > 1 accepts standard-projection NQPFull > 1" begin;spin_data.modpara.nsplit_size = 2;spin_data.modpara.nsp_gauss_leg = 2;spin_data.modpara.nmp_trans = 1;momentum_data.modpara.nsplit_size = 2;momentum_data.modpara.nsp_gauss_leg = 1;momentum_data.modpara.nmp_trans = 4;trivial_opttrans_data.modpara.nsplit_size = 2;trivial_opttrans_data.modpara.nsp_gauss_leg = 8;trivial_opttrans_data.modpara.nmp_trans = -1;@testset "NSplitSize > 1 rejects OptTrans-derived NQPFull > 1" begin;data.modpara.nsplit_size = 2;data.modpara.nsp_gauss_leg = 1;data.modpara.nmp_trans = 1;@test occursin("NSplitSize > 1 with NQPOptTrans > 1", msg);@testset "NSplitSize > 1 rejects OptTrans-derived PhysCal split" begin;trivial.modpara.nsplit_size = 2;data.modpara.nsplit_size = 2;@test occursin("NSplitSize > 1 with NQPOptTrans > 1", msg);@testset "NSplitSize > 1 rejects unsupported PhysCal split scopes" begin;fsz_data.modpara.nsplit_size = 2;@test occursin("NSplitSize > 1", msg);lanczos_data.modpara.nsplit_size = 2;@test occursin("NSplitSize > 1 with NLanczosMode > 0", msg);@testset "NSplitSize > 1 rejects FSZ standard-projection NQPFull > 1" begin;data.modpara.nsplit_size = 2;data.modpara.nsp_gauss_leg = nsp;data.modpara.nmp_trans = nmp	UNVERIFIED: individual Julia scenario not replayed against Rust; candidate gate is not evidence of equivalent assertions	#178
S206	testset	@testset "unit/unsupported_inputs: DoublonHolon complex flag participates in all-complex" begin	MVMCOptimizers.jl/test_unit/test_unit_unsupported_inputs.jl:262	crates/mvmc-expert-parsers/src/types.rs::ExpertModeData; crates/mvmc-core/src/run.rs::get_all_complex_flag	Same grouped support validators library/CLI; no output before rejection; valid normal grouped PhysCal accepted	rejected titled invalid scope; validation counterpart exists, not a blanket rejection of valid combinations	Distinguish Julia unsupported combos from C undefined invalid input; Rust safe rejection can precede MPI.Init differently	Validation/load failure before init/output unless title targets callback/output/SR; state/RNG/files boundary must be asserted by candidate gate; current collective callbacks fail after completed sample, not rollback	E0 scenario-to-production mapping; proposed gate only unless result names executed record	J=8bb1b9e8ae47b1512c00b321be05664ddcac0fd1; source SHA256=16e022a8bed6684b20d605b1a7f282ce5d52a0f17bc6302ec7ff4135c6130f14; C=extern/mVMC-1.3.0; independent expectation provenance must be read from named fixtures; no regeneration/run in documentation audit	cargo nextest run --locked --cargo-profile test-fast -p mvmc-core -p mvmc-cli --test runtime_contract --no-fail-fast --retries 0	No local scalar override; inherited fixture/synthetic constructor arguments; File-wide declarations (inherited where used): @testset "unit/unsupported_inputs: NSplitSize contract" begin;# NSplitSize = 1 remains accepted for both serial and MPI sample-parallel;@testset "NSplitSize = 1 is accepted" begin;modpara = ModParaParameters(nsplit_size = 1);@testset "NSplitSize > 1 is accepted for direct para-opt" begin;modpara = ModParaParameters(nsplit_size = 2, nsrcg = 0);@testset "NSplitSize > 1 with SR-CG is rejected for para-opt" begin;modpara = ModParaParameters(nsplit_size = 2, nsrcg = 1);@test occursin("NSplitSize > 1 with SR-CG", msg);@testset "NSplitSize > 1 is accepted for sz-conserved PhysCal normal Green" begin;modpara = ModParaParameters(nsplit_size = 2);data.modpara.nsplit_size = 2;@testset "NSplitSize > 1 accepts standard-projection NQPFull > 1" begin;spin_data.modpara.nsplit_size = 2;spin_data.modpara.nsp_gauss_leg = 2;spin_data.modpara.nmp_trans = 1;momentum_data.modpara.nsplit_size = 2;momentum_data.modpara.nsp_gauss_leg = 1;momentum_data.modpara.nmp_trans = 4;trivial_opttrans_data.modpara.nsplit_size = 2;trivial_opttrans_data.modpara.nsp_gauss_leg = 8;trivial_opttrans_data.modpara.nmp_trans = -1;@testset "NSplitSize > 1 rejects OptTrans-derived NQPFull > 1" begin;data.modpara.nsplit_size = 2;data.modpara.nsp_gauss_leg = 1;data.modpara.nmp_trans = 1;@test occursin("NSplitSize > 1 with NQPOptTrans > 1", msg);@testset "NSplitSize > 1 rejects OptTrans-derived PhysCal split" begin;trivial.modpara.nsplit_size = 2;data.modpara.nsplit_size = 2;@test occursin("NSplitSize > 1 with NQPOptTrans > 1", msg);@testset "NSplitSize > 1 rejects unsupported PhysCal split scopes" begin;fsz_data.modpara.nsplit_size = 2;@test occursin("NSplitSize > 1", msg);lanczos_data.modpara.nsplit_size = 2;@test occursin("NSplitSize > 1 with NLanczosMode > 0", msg);@testset "NSplitSize > 1 rejects FSZ standard-projection NQPFull > 1" begin;data.modpara.nsplit_size = 2;data.modpara.nsp_gauss_leg = nsp;data.modpara.nmp_trans = nmp	UNVERIFIED: individual Julia scenario not replayed against Rust; candidate gate is not evidence of equivalent assertions	#178
S207	testset	@testset "unit/unsupported_inputs: NLanczosMode contract" begin	MVMCOptimizers.jl/test_unit/test_unit_unsupported_inputs.jl:268	crates/mvmc-core/src/validation.rs::validate_phys_cal	Same grouped support validators library/CLI; no output before rejection; valid normal grouped PhysCal accepted	rejected titled invalid scope; validation counterpart exists, not a blanket rejection of valid combinations	Distinguish Julia unsupported combos from C undefined invalid input; Rust safe rejection can precede MPI.Init differently	Validation/load failure before init/output unless title targets callback/output/SR; state/RNG/files boundary must be asserted by candidate gate; current collective callbacks fail after completed sample, not rollback	E0 scenario-to-production mapping; proposed gate only unless result names executed record	J=8bb1b9e8ae47b1512c00b321be05664ddcac0fd1; source SHA256=16e022a8bed6684b20d605b1a7f282ce5d52a0f17bc6302ec7ff4135c6130f14; C=extern/mVMC-1.3.0; independent expectation provenance must be read from named fixtures; no regeneration/run in documentation audit	cargo nextest run --locked --cargo-profile test-fast -p mvmc-core -p mvmc-cli --test runtime_contract --no-fail-fast --retries 0	No local scalar override; inherited fixture/synthetic constructor arguments; File-wide declarations (inherited where used): @testset "unit/unsupported_inputs: NSplitSize contract" begin;# NSplitSize = 1 remains accepted for both serial and MPI sample-parallel;@testset "NSplitSize = 1 is accepted" begin;modpara = ModParaParameters(nsplit_size = 1);@testset "NSplitSize > 1 is accepted for direct para-opt" begin;modpara = ModParaParameters(nsplit_size = 2, nsrcg = 0);@testset "NSplitSize > 1 with SR-CG is rejected for para-opt" begin;modpara = ModParaParameters(nsplit_size = 2, nsrcg = 1);@test occursin("NSplitSize > 1 with SR-CG", msg);@testset "NSplitSize > 1 is accepted for sz-conserved PhysCal normal Green" begin;modpara = ModParaParameters(nsplit_size = 2);data.modpara.nsplit_size = 2;@testset "NSplitSize > 1 accepts standard-projection NQPFull > 1" begin;spin_data.modpara.nsplit_size = 2;spin_data.modpara.nsp_gauss_leg = 2;spin_data.modpara.nmp_trans = 1;momentum_data.modpara.nsplit_size = 2;momentum_data.modpara.nsp_gauss_leg = 1;momentum_data.modpara.nmp_trans = 4;trivial_opttrans_data.modpara.nsplit_size = 2;trivial_opttrans_data.modpara.nsp_gauss_leg = 8;trivial_opttrans_data.modpara.nmp_trans = -1;@testset "NSplitSize > 1 rejects OptTrans-derived NQPFull > 1" begin;data.modpara.nsplit_size = 2;data.modpara.nsp_gauss_leg = 1;data.modpara.nmp_trans = 1;@test occursin("NSplitSize > 1 with NQPOptTrans > 1", msg);@testset "NSplitSize > 1 rejects OptTrans-derived PhysCal split" begin;trivial.modpara.nsplit_size = 2;data.modpara.nsplit_size = 2;@test occursin("NSplitSize > 1 with NQPOptTrans > 1", msg);@testset "NSplitSize > 1 rejects unsupported PhysCal split scopes" begin;fsz_data.modpara.nsplit_size = 2;@test occursin("NSplitSize > 1", msg);lanczos_data.modpara.nsplit_size = 2;@test occursin("NSplitSize > 1 with NLanczosMode > 0", msg);@testset "NSplitSize > 1 rejects FSZ standard-projection NQPFull > 1" begin;data.modpara.nsplit_size = 2;data.modpara.nsp_gauss_leg = nsp;data.modpara.nmp_trans = nmp	UNVERIFIED: individual Julia scenario not replayed against Rust; candidate gate is not evidence of equivalent assertions	#178
S208	testset	@testset "NLanczosMode = 0/1/2 are globally valid values" begin	MVMCOptimizers.jl/test_unit/test_unit_unsupported_inputs.jl:269	crates/mvmc-expert-parsers/src/types.rs::ModParaParameters; crates/mvmc-core/src/validation.rs::validate_supported_modpara	Same grouped support validators library/CLI; no output before rejection; valid normal grouped PhysCal accepted	executable bounded production mapping; independent scenario replay unverified	Distinguish Julia unsupported combos from C undefined invalid input; Rust safe rejection can precede MPI.Init differently	Sampling/proposed moves/acceptance must remain exact; numerical comparisons only for computed values; no implicit rejection rollback claim	E0 scenario-to-production mapping; proposed gate only unless result names executed record	J=8bb1b9e8ae47b1512c00b321be05664ddcac0fd1; source SHA256=16e022a8bed6684b20d605b1a7f282ce5d52a0f17bc6302ec7ff4135c6130f14; C=extern/mVMC-1.3.0; independent expectation provenance must be read from named fixtures; no regeneration/run in documentation audit	cargo nextest run --locked --cargo-profile test-fast -p mvmc-core -p mvmc-cli --test runtime_contract --no-fail-fast --retries 0	Testset scalar settings: modpara = ModParaParameters(lanczos_mode = mode); File-wide declarations (inherited where used): @testset "unit/unsupported_inputs: NSplitSize contract" begin;# NSplitSize = 1 remains accepted for both serial and MPI sample-parallel;@testset "NSplitSize = 1 is accepted" begin;modpara = ModParaParameters(nsplit_size = 1);@testset "NSplitSize > 1 is accepted for direct para-opt" begin;modpara = ModParaParameters(nsplit_size = 2, nsrcg = 0);@testset "NSplitSize > 1 with SR-CG is rejected for para-opt" begin;modpara = ModParaParameters(nsplit_size = 2, nsrcg = 1);@test occursin("NSplitSize > 1 with SR-CG", msg);@testset "NSplitSize > 1 is accepted for sz-conserved PhysCal normal Green" begin;modpara = ModParaParameters(nsplit_size = 2);data.modpara.nsplit_size = 2;@testset "NSplitSize > 1 accepts standard-projection NQPFull > 1" begin;spin_data.modpara.nsplit_size = 2;spin_data.modpara.nsp_gauss_leg = 2;spin_data.modpara.nmp_trans = 1;momentum_data.modpara.nsplit_size = 2;momentum_data.modpara.nsp_gauss_leg = 1;momentum_data.modpara.nmp_trans = 4;trivial_opttrans_data.modpara.nsplit_size = 2;trivial_opttrans_data.modpara.nsp_gauss_leg = 8;trivial_opttrans_data.modpara.nmp_trans = -1;@testset "NSplitSize > 1 rejects OptTrans-derived NQPFull > 1" begin;data.modpara.nsplit_size = 2;data.modpara.nsp_gauss_leg = 1;data.modpara.nmp_trans = 1;@test occursin("NSplitSize > 1 with NQPOptTrans > 1", msg);@testset "NSplitSize > 1 rejects OptTrans-derived PhysCal split" begin;trivial.modpara.nsplit_size = 2;data.modpara.nsplit_size = 2;@test occursin("NSplitSize > 1 with NQPOptTrans > 1", msg);@testset "NSplitSize > 1 rejects unsupported PhysCal split scopes" begin;fsz_data.modpara.nsplit_size = 2;@test occursin("NSplitSize > 1", msg);lanczos_data.modpara.nsplit_size = 2;@test occursin("NSplitSize > 1 with NLanczosMode > 0", msg);@testset "NSplitSize > 1 rejects FSZ standard-projection NQPFull > 1" begin;data.modpara.nsplit_size = 2;data.modpara.nsp_gauss_leg = nsp;data.modpara.nmp_trans = nmp	UNVERIFIED: individual Julia scenario not replayed against Rust; candidate gate is not evidence of equivalent assertions	#178
S209	testset	@testset "unknown NLanczosMode values are rejected globally" begin	MVMCOptimizers.jl/test_unit/test_unit_unsupported_inputs.jl:276	crates/mvmc-expert-parsers/src/types.rs::ModParaParameters; crates/mvmc-core/src/validation.rs::validate_supported_modpara	Same grouped support validators library/CLI; no output before rejection; valid normal grouped PhysCal accepted	rejected titled invalid scope; validation counterpart exists, not a blanket rejection of valid combinations	Distinguish Julia unsupported combos from C undefined invalid input; Rust safe rejection can precede MPI.Init differently	Validation/load failure before init/output unless title targets callback/output/SR; state/RNG/files boundary must be asserted by candidate gate; current collective callbacks fail after completed sample, not rollback	E0 scenario-to-production mapping; proposed gate only unless result names executed record	J=8bb1b9e8ae47b1512c00b321be05664ddcac0fd1; source SHA256=16e022a8bed6684b20d605b1a7f282ce5d52a0f17bc6302ec7ff4135c6130f14; C=extern/mVMC-1.3.0; independent expectation provenance must be read from named fixtures; no regeneration/run in documentation audit	cargo nextest run --locked --cargo-profile test-fast -p mvmc-core -p mvmc-cli --test runtime_contract --no-fail-fast --retries 0	Testset scalar settings: modpara = ModParaParameters(lanczos_mode = bad); File-wide declarations (inherited where used): @testset "unit/unsupported_inputs: NSplitSize contract" begin;# NSplitSize = 1 remains accepted for both serial and MPI sample-parallel;@testset "NSplitSize = 1 is accepted" begin;modpara = ModParaParameters(nsplit_size = 1);@testset "NSplitSize > 1 is accepted for direct para-opt" begin;modpara = ModParaParameters(nsplit_size = 2, nsrcg = 0);@testset "NSplitSize > 1 with SR-CG is rejected for para-opt" begin;modpara = ModParaParameters(nsplit_size = 2, nsrcg = 1);@test occursin("NSplitSize > 1 with SR-CG", msg);@testset "NSplitSize > 1 is accepted for sz-conserved PhysCal normal Green" begin;modpara = ModParaParameters(nsplit_size = 2);data.modpara.nsplit_size = 2;@testset "NSplitSize > 1 accepts standard-projection NQPFull > 1" begin;spin_data.modpara.nsplit_size = 2;spin_data.modpara.nsp_gauss_leg = 2;spin_data.modpara.nmp_trans = 1;momentum_data.modpara.nsplit_size = 2;momentum_data.modpara.nsp_gauss_leg = 1;momentum_data.modpara.nmp_trans = 4;trivial_opttrans_data.modpara.nsplit_size = 2;trivial_opttrans_data.modpara.nsp_gauss_leg = 8;trivial_opttrans_data.modpara.nmp_trans = -1;@testset "NSplitSize > 1 rejects OptTrans-derived NQPFull > 1" begin;data.modpara.nsplit_size = 2;data.modpara.nsp_gauss_leg = 1;data.modpara.nmp_trans = 1;@test occursin("NSplitSize > 1 with NQPOptTrans > 1", msg);@testset "NSplitSize > 1 rejects OptTrans-derived PhysCal split" begin;trivial.modpara.nsplit_size = 2;data.modpara.nsplit_size = 2;@test occursin("NSplitSize > 1 with NQPOptTrans > 1", msg);@testset "NSplitSize > 1 rejects unsupported PhysCal split scopes" begin;fsz_data.modpara.nsplit_size = 2;@test occursin("NSplitSize > 1", msg);lanczos_data.modpara.nsplit_size = 2;@test occursin("NSplitSize > 1 with NLanczosMode > 0", msg);@testset "NSplitSize > 1 rejects FSZ standard-projection NQPFull > 1" begin;data.modpara.nsplit_size = 2;data.modpara.nsp_gauss_leg = nsp;data.modpara.nmp_trans = nmp	UNVERIFIED: individual Julia scenario not replayed against Rust; candidate gate is not evidence of equivalent assertions	#178
S210	testset	@testset "NLanczosMode = 1/2 are accepted for sz-conserved PhysCal" begin	MVMCOptimizers.jl/test_unit/test_unit_unsupported_inputs.jl:287	crates/mvmc-expert-parsers/src/types.rs::ModParaParameters; crates/mvmc-core/src/validation.rs::validate_supported_modpara; crates/mvmc-expert-parsers/src/types.rs::ExpertModeData; crates/mvmc-core/src/validation.rs::validate_phys_cal	Same grouped support validators library/CLI; no output before rejection; valid normal grouped PhysCal accepted	executable bounded production mapping; independent scenario replay unverified	Distinguish Julia unsupported combos from C undefined invalid input; Rust safe rejection can precede MPI.Init differently	Sampling/proposed moves/acceptance must remain exact; numerical comparisons only for computed values; no implicit rejection rollback claim	E0 scenario-to-production mapping; proposed gate only unless result names executed record	J=8bb1b9e8ae47b1512c00b321be05664ddcac0fd1; source SHA256=16e022a8bed6684b20d605b1a7f282ce5d52a0f17bc6302ec7ff4135c6130f14; C=extern/mVMC-1.3.0; independent expectation provenance must be read from named fixtures; no regeneration/run in documentation audit	cargo nextest run --locked --cargo-profile test-fast -p mvmc-core -p mvmc-cli --test runtime_contract --no-fail-fast --retries 0	Testset scalar settings: modpara = ModParaParameters(lanczos_mode = mode); data.modpara.lanczos_mode = mode; File-wide declarations (inherited where used): @testset "unit/unsupported_inputs: NSplitSize contract" begin;# NSplitSize = 1 remains accepted for both serial and MPI sample-parallel;@testset "NSplitSize = 1 is accepted" begin;modpara = ModParaParameters(nsplit_size = 1);@testset "NSplitSize > 1 is accepted for direct para-opt" begin;modpara = ModParaParameters(nsplit_size = 2, nsrcg = 0);@testset "NSplitSize > 1 with SR-CG is rejected for para-opt" begin;modpara = ModParaParameters(nsplit_size = 2, nsrcg = 1);@test occursin("NSplitSize > 1 with SR-CG", msg);@testset "NSplitSize > 1 is accepted for sz-conserved PhysCal normal Green" begin;modpara = ModParaParameters(nsplit_size = 2);data.modpara.nsplit_size = 2;@testset "NSplitSize > 1 accepts standard-projection NQPFull > 1" begin;spin_data.modpara.nsplit_size = 2;spin_data.modpara.nsp_gauss_leg = 2;spin_data.modpara.nmp_trans = 1;momentum_data.modpara.nsplit_size = 2;momentum_data.modpara.nsp_gauss_leg = 1;momentum_data.modpara.nmp_trans = 4;trivial_opttrans_data.modpara.nsplit_size = 2;trivial_opttrans_data.modpara.nsp_gauss_leg = 8;trivial_opttrans_data.modpara.nmp_trans = -1;@testset "NSplitSize > 1 rejects OptTrans-derived NQPFull > 1" begin;data.modpara.nsplit_size = 2;data.modpara.nsp_gauss_leg = 1;data.modpara.nmp_trans = 1;@test occursin("NSplitSize > 1 with NQPOptTrans > 1", msg);@testset "NSplitSize > 1 rejects OptTrans-derived PhysCal split" begin;trivial.modpara.nsplit_size = 2;data.modpara.nsplit_size = 2;@test occursin("NSplitSize > 1 with NQPOptTrans > 1", msg);@testset "NSplitSize > 1 rejects unsupported PhysCal split scopes" begin;fsz_data.modpara.nsplit_size = 2;@test occursin("NSplitSize > 1", msg);lanczos_data.modpara.nsplit_size = 2;@test occursin("NSplitSize > 1 with NLanczosMode > 0", msg);@testset "NSplitSize > 1 rejects FSZ standard-projection NQPFull > 1" begin;data.modpara.nsplit_size = 2;data.modpara.nsp_gauss_leg = nsp;data.modpara.nmp_trans = nmp	UNVERIFIED: individual Julia scenario not replayed against Rust; candidate gate is not evidence of equivalent assertions	#178
S211	testset	@testset "NLanczosMode > 0 is rejected for ParaOpt" begin	MVMCOptimizers.jl/test_unit/test_unit_unsupported_inputs.jl:298	crates/mvmc-expert-parsers/src/types.rs::ModParaParameters; crates/mvmc-core/src/validation.rs::validate_para_opt	Same grouped support validators library/CLI; no output before rejection; valid normal grouped PhysCal accepted	rejected titled invalid scope; validation counterpart exists, not a blanket rejection of valid combinations	Distinguish Julia unsupported combos from C undefined invalid input; Rust safe rejection can precede MPI.Init differently	Validation/load failure before init/output unless title targets callback/output/SR; state/RNG/files boundary must be asserted by candidate gate; current collective callbacks fail after completed sample, not rollback	E0 scenario-to-production mapping; proposed gate only unless result names executed record	J=8bb1b9e8ae47b1512c00b321be05664ddcac0fd1; source SHA256=16e022a8bed6684b20d605b1a7f282ce5d52a0f17bc6302ec7ff4135c6130f14; C=extern/mVMC-1.3.0; independent expectation provenance must be read from named fixtures; no regeneration/run in documentation audit	cargo nextest run --locked --cargo-profile test-fast -p mvmc-core -p mvmc-cli --test runtime_contract --no-fail-fast --retries 0	Testset scalar settings: modpara = ModParaParameters(lanczos_mode = bad); File-wide declarations (inherited where used): @testset "unit/unsupported_inputs: NSplitSize contract" begin;# NSplitSize = 1 remains accepted for both serial and MPI sample-parallel;@testset "NSplitSize = 1 is accepted" begin;modpara = ModParaParameters(nsplit_size = 1);@testset "NSplitSize > 1 is accepted for direct para-opt" begin;modpara = ModParaParameters(nsplit_size = 2, nsrcg = 0);@testset "NSplitSize > 1 with SR-CG is rejected for para-opt" begin;modpara = ModParaParameters(nsplit_size = 2, nsrcg = 1);@test occursin("NSplitSize > 1 with SR-CG", msg);@testset "NSplitSize > 1 is accepted for sz-conserved PhysCal normal Green" begin;modpara = ModParaParameters(nsplit_size = 2);data.modpara.nsplit_size = 2;@testset "NSplitSize > 1 accepts standard-projection NQPFull > 1" begin;spin_data.modpara.nsplit_size = 2;spin_data.modpara.nsp_gauss_leg = 2;spin_data.modpara.nmp_trans = 1;momentum_data.modpara.nsplit_size = 2;momentum_data.modpara.nsp_gauss_leg = 1;momentum_data.modpara.nmp_trans = 4;trivial_opttrans_data.modpara.nsplit_size = 2;trivial_opttrans_data.modpara.nsp_gauss_leg = 8;trivial_opttrans_data.modpara.nmp_trans = -1;@testset "NSplitSize > 1 rejects OptTrans-derived NQPFull > 1" begin;data.modpara.nsplit_size = 2;data.modpara.nsp_gauss_leg = 1;data.modpara.nmp_trans = 1;@test occursin("NSplitSize > 1 with NQPOptTrans > 1", msg);@testset "NSplitSize > 1 rejects OptTrans-derived PhysCal split" begin;trivial.modpara.nsplit_size = 2;data.modpara.nsplit_size = 2;@test occursin("NSplitSize > 1 with NQPOptTrans > 1", msg);@testset "NSplitSize > 1 rejects unsupported PhysCal split scopes" begin;fsz_data.modpara.nsplit_size = 2;@test occursin("NSplitSize > 1", msg);lanczos_data.modpara.nsplit_size = 2;@test occursin("NSplitSize > 1 with NLanczosMode > 0", msg);@testset "NSplitSize > 1 rejects FSZ standard-projection NQPFull > 1" begin;data.modpara.nsplit_size = 2;data.modpara.nsp_gauss_leg = nsp;data.modpara.nmp_trans = nmp	UNVERIFIED: individual Julia scenario not replayed against Rust; candidate gate is not evidence of equivalent assertions	#178
S212	testset	@testset "FSZ/general-orbital Lanczos is rejected for PhysCal" begin	MVMCOptimizers.jl/test_unit/test_unit_unsupported_inputs.jl:310	mvmc_core::validation::validate_phys_cal; issue184_assertion_contracts::fsz_lanczos_validation_rejects_both_original_julia_mode_expansions	Library validator only; CLI not observed	Both original modes expanded; original GreenTwoEx payload not reproduced	Julia exception architecture versus Rust Result; explicit diagnostic spelling difference; no C numerical support claim	Error returned with tested fields unchanged; no RNG/files/runner boundary observation	Independent analytical validator contract executed, not source-only proof	J=8bb1b9e8ae47b1512c00b321be05664ddcac0fd1; test_unit_unsupported_inputs.jl SHA=16e022a8bed6684b20d605b1a7f282ce5d52a0f17bc6302ec7ff4135c6130f14; Rust validation.rs linkage; no unrelated C provenance	cargo nextest run -p mvmc-core --test issue184_assertion_contracts --cargo-profile test-fast --locked --no-fail-fast --retries 0	general=1; modes1,2; nmp_trans=1; no seed/BLAS	PASS owner12/12 0skip exit0 0.009s run=f76e7df8-6863-4106-8d39-daae0856ee74 SHA=e8a6aec2b0a5d3883cf4338df801e3d2cf40e16f7b2b02b02b3b02dec13a856d; parent12/12 0skip exit0 0.008s run=85586b19-d788-417c-9021-dcaf20d29435; parent reviewed analytical expectations; no replay/RNG proof	#184
S213	testset	@testset "spin-changing Lanczos rejects use mode-independent wording" begin	MVMCOptimizers.jl/test_unit/test_unit_unsupported_inputs.jl:324	mvmc_core::validation::validate_phys_cal; issue184_assertion_contracts::spin_flip_transfer_lanczos_rejection_has_mode_independent_wording	Library validator only; CLI not observed	Transfer branch modes1,2; InterAll block335-343 EXCLUDED	Julia exception architecture versus Rust Result; explicit diagnostic spelling difference; no C numerical support claim	Error returned with tested fields unchanged; no RNG/files/runner boundary observation	Independent analytical validator contract executed, not source-only proof	J=8bb1b9e8ae47b1512c00b321be05664ddcac0fd1; test_unit_unsupported_inputs.jl SHA=16e022a8bed6684b20d605b1a7f282ce5d52a0f17bc6302ec7ff4135c6130f14; Rust validation.rs linkage; no unrelated C provenance	cargo nextest run -p mvmc-core --test issue184_assertion_contracts --cargo-profile test-fast --locked --no-fail-fast --retries 0	Transfer(0,up,1,down,1); modes1,2; nmp_trans=1; no seed/BLAS	PASS owner12/12 0skip exit0 0.009s run=f76e7df8-6863-4106-8d39-daae0856ee74 SHA=e8a6aec2b0a5d3883cf4338df801e3d2cf40e16f7b2b02b02b3b02dec13a856d; parent12/12 0skip exit0 0.008s run=85586b19-d788-417c-9021-dcaf20d29435; parent reviewed analytical expectations; no replay/RNG proof	#184
S214	testset	@testset "entry points enforce the Lanczos contract" begin	MVMCOptimizers.jl/test_unit/test_unit_unsupported_inputs.jl:346	crates/mvmc-expert-parsers/src/types.rs::ExpertModeData; crates/mvmc-core/src/run.rs::vmc_para_opt; crates/mvmc-core/src/run.rs::vmc_phys_cal; crates/mvmc-core/src/run.rs::vmc_phys_cal_in_place (single borrowed production core; retains state/RNG on Err)	Same grouped support validators library/CLI; no output before rejection; valid normal grouped PhysCal accepted	executable bounded production mapping; independent scenario replay unverified	Distinguish Julia unsupported combos from C undefined invalid input; Rust safe rejection can precede MPI.Init differently	Sampling/proposed moves/acceptance must remain exact; numerical comparisons only for computed values; no implicit rejection rollback claim	E0 scenario-to-production mapping; proposed gate only unless result names executed record	J=8bb1b9e8ae47b1512c00b321be05664ddcac0fd1; source SHA256=16e022a8bed6684b20d605b1a7f282ce5d52a0f17bc6302ec7ff4135c6130f14; C=extern/mVMC-1.3.0; independent expectation provenance must be read from named fixtures; no regeneration/run in documentation audit	cargo nextest run --locked --cargo-profile test-fast -p mvmc-core -p mvmc-cli --test runtime_contract --no-fail-fast --retries 0	Testset scalar settings: para_data.modpara.lanczos_mode = 1; phys_data.modpara.lanczos_mode = 2; File-wide declarations (inherited where used): @testset "unit/unsupported_inputs: NSplitSize contract" begin;# NSplitSize = 1 remains accepted for both serial and MPI sample-parallel;@testset "NSplitSize = 1 is accepted" begin;modpara = ModParaParameters(nsplit_size = 1);@testset "NSplitSize > 1 is accepted for direct para-opt" begin;modpara = ModParaParameters(nsplit_size = 2, nsrcg = 0);@testset "NSplitSize > 1 with SR-CG is rejected for para-opt" begin;modpara = ModParaParameters(nsplit_size = 2, nsrcg = 1);@test occursin("NSplitSize > 1 with SR-CG", msg);@testset "NSplitSize > 1 is accepted for sz-conserved PhysCal normal Green" begin;modpara = ModParaParameters(nsplit_size = 2);data.modpara.nsplit_size = 2;@testset "NSplitSize > 1 accepts standard-projection NQPFull > 1" begin;spin_data.modpara.nsplit_size = 2;spin_data.modpara.nsp_gauss_leg = 2;spin_data.modpara.nmp_trans = 1;momentum_data.modpara.nsplit_size = 2;momentum_data.modpara.nsp_gauss_leg = 1;momentum_data.modpara.nmp_trans = 4;trivial_opttrans_data.modpara.nsplit_size = 2;trivial_opttrans_data.modpara.nsp_gauss_leg = 8;trivial_opttrans_data.modpara.nmp_trans = -1;@testset "NSplitSize > 1 rejects OptTrans-derived NQPFull > 1" begin;data.modpara.nsplit_size = 2;data.modpara.nsp_gauss_leg = 1;data.modpara.nmp_trans = 1;@test occursin("NSplitSize > 1 with NQPOptTrans > 1", msg);@testset "NSplitSize > 1 rejects OptTrans-derived PhysCal split" begin;trivial.modpara.nsplit_size = 2;data.modpara.nsplit_size = 2;@test occursin("NSplitSize > 1 with NQPOptTrans > 1", msg);@testset "NSplitSize > 1 rejects unsupported PhysCal split scopes" begin;fsz_data.modpara.nsplit_size = 2;@test occursin("NSplitSize > 1", msg);lanczos_data.modpara.nsplit_size = 2;@test occursin("NSplitSize > 1 with NLanczosMode > 0", msg);@testset "NSplitSize > 1 rejects FSZ standard-projection NQPFull > 1" begin;data.modpara.nsplit_size = 2;data.modpara.nsp_gauss_leg = nsp;data.modpara.nmp_trans = nmp	UNVERIFIED: individual Julia scenario not replayed against Rust; candidate gate is not evidence of equivalent assertions	#178
S215	testset	@testset "unit/vmc_main_cal: set_projection_diff!" begin	MVMCOptimizers.jl/test_unit/test_unit_vmc_main_cal_sr.jl:18	crates/mvmc-core/src/observables.rs::set_projection_diff	Via --physcal for normal/FSZ Green; grouped normal only; standalone Green routines library-only	executable bounded production mapping; independent scenario replay unverified	C canonical indices/weights/term order exact; computed Green #190; factored single-row formatting repair assigned Goodall	Sampling/proposed moves/acceptance must remain exact; numerical comparisons only for computed values; no implicit rejection rollback claim	E0 scenario-to-production mapping; proposed gate only unless result names executed record	J=8bb1b9e8ae47b1512c00b321be05664ddcac0fd1; source SHA256=8600f1dc2493300a66da01fd6e97d47252ba409ee5c9eaa8a79276158ae26c7e; C=extern/mVMC-1.3.0; independent expectation provenance must be read from named fixtures; no regeneration/run in documentation audit	cargo nextest run --locked --cargo-profile test-fast -p mvmc-core --test two_body_green --test physcal_issue181 --no-fail-fast --retries 0	No local scalar override; inherited fixture/synthetic constructor arguments; File-wide declarations (inherited where used): ENV["JULIA_MVMC_INNER_THREADS"] = "1";if Base.Threads.nthreads() > 1;@test length(threaded_scratch.calh1_thread_acc) == Base.Threads.maxthreadid();ENV["JULIA_MVMC_INNER_THREADS"] = old_inner_threads;nmp_trans = 1,;nsp_gauss_leg = 1,;nsrcg = false,;nsrcg = false,;nsrcg = false,;nsrcg = false,;nsrcg = false,	UNVERIFIED: individual Julia scenario not replayed against Rust; candidate gate is not evidence of equivalent assertions	#181
S216	testset	@testset "unit/vmc_main_cal: set_rbm_diff!" begin	MVMCOptimizers.jl/test_unit/test_unit_vmc_main_cal_sr.jl:33	crates/mvmc-core/src/observables.rs::accumulate_two_body_gex_sample	Via --physcal for normal/FSZ Green; grouped normal only; standalone Green routines library-only	executable bounded production mapping; independent scenario replay unverified	C canonical indices/weights/term order exact; computed Green #190; factored single-row formatting repair assigned Goodall	Sampling/proposed moves/acceptance must remain exact; numerical comparisons only for computed values; no implicit rejection rollback claim	E0 scenario-to-production mapping; proposed gate only unless result names executed record	J=8bb1b9e8ae47b1512c00b321be05664ddcac0fd1; source SHA256=8600f1dc2493300a66da01fd6e97d47252ba409ee5c9eaa8a79276158ae26c7e; C=extern/mVMC-1.3.0; independent expectation provenance must be read from named fixtures; no regeneration/run in documentation audit	cargo nextest run --locked --cargo-profile test-fast -p mvmc-core --test two_body_green --test physcal_issue181 --no-fail-fast --retries 0	No local scalar override; inherited fixture/synthetic constructor arguments; File-wide declarations (inherited where used): ENV["JULIA_MVMC_INNER_THREADS"] = "1";if Base.Threads.nthreads() > 1;@test length(threaded_scratch.calh1_thread_acc) == Base.Threads.maxthreadid();ENV["JULIA_MVMC_INNER_THREADS"] = old_inner_threads;nmp_trans = 1,;nsp_gauss_leg = 1,;nsrcg = false,;nsrcg = false,;nsrcg = false,;nsrcg = false,;nsrcg = false,	UNVERIFIED: individual Julia scenario not replayed against Rust; candidate gate is not evidence of equivalent assertions	#181
S217	testset	@testset "physical layer only" begin	MVMCOptimizers.jl/test_unit/test_unit_vmc_main_cal_sr.jl:34	crates/mvmc-expert-parsers/src/types.rs::ChargeRBMPhysLayerTerm; crates/mvmc-core/src/sampling/rbm.rs::set_rbm_diff	Via --physcal for normal/FSZ Green; grouped normal only; standalone Green routines library-only	executable bounded production mapping; independent scenario replay unverified	C canonical indices/weights/term order exact; computed Green #190; factored single-row formatting repair assigned Goodall	Sampling/proposed moves/acceptance must remain exact; numerical comparisons only for computed values; no implicit rejection rollback claim	E0 scenario-to-production mapping; proposed gate only unless result names executed record	J=8bb1b9e8ae47b1512c00b321be05664ddcac0fd1; source SHA256=8600f1dc2493300a66da01fd6e97d47252ba409ee5c9eaa8a79276158ae26c7e; C=extern/mVMC-1.3.0; independent expectation provenance must be read from named fixtures; no regeneration/run in documentation audit	cargo nextest run --locked --cargo-profile test-fast -p mvmc-core --test two_body_green --test physcal_issue181 --no-fail-fast --retries 0	Testset scalar settings: data = make_minimal_data_for_rbm_diff_tests(nsite = 1, nneuron_charge = 0); File-wide declarations (inherited where used): ENV["JULIA_MVMC_INNER_THREADS"] = "1";if Base.Threads.nthreads() > 1;@test length(threaded_scratch.calh1_thread_acc) == Base.Threads.maxthreadid();ENV["JULIA_MVMC_INNER_THREADS"] = old_inner_threads;nmp_trans = 1,;nsp_gauss_leg = 1,;nsrcg = false,;nsrcg = false,;nsrcg = false,;nsrcg = false,;nsrcg = false,	UNVERIFIED: individual Julia scenario not replayed against Rust; candidate gate is not evidence of equivalent assertions	#181
S218	testset	@testset "physical + hidden + phys-hidden (charge)" begin	MVMCOptimizers.jl/test_unit/test_unit_vmc_main_cal_sr.jl:48	crates/mvmc-expert-parsers/src/types.rs::ChargeRBMPhysLayerTerm; crates/mvmc-expert-parsers/src/types.rs::ChargeRBMHiddenLayerTerm; crates/mvmc-expert-parsers/src/types.rs::ChargeRBMPhysHiddenTerm; crates/mvmc-core/src/sampling/rbm.rs::set_rbm_diff	Via --physcal for normal/FSZ Green; grouped normal only; standalone Green routines library-only	executable bounded production mapping; independent scenario replay unverified	C canonical indices/weights/term order exact; computed Green #190; factored single-row formatting repair assigned Goodall	Sampling/proposed moves/acceptance must remain exact; numerical comparisons only for computed values; no implicit rejection rollback claim	E0 scenario-to-production mapping; proposed gate only unless result names executed record	J=8bb1b9e8ae47b1512c00b321be05664ddcac0fd1; source SHA256=8600f1dc2493300a66da01fd6e97d47252ba409ee5c9eaa8a79276158ae26c7e; C=extern/mVMC-1.3.0; independent expectation provenance must be read from named fixtures; no regeneration/run in documentation audit	cargo nextest run --locked --cargo-profile test-fast -p mvmc-core --test two_body_green --test physcal_issue181 --no-fail-fast --retries 0	Testset scalar settings: data = make_minimal_data_for_rbm_diff_tests(nsite = 1, nneuron_charge = 1); File-wide declarations (inherited where used): ENV["JULIA_MVMC_INNER_THREADS"] = "1";if Base.Threads.nthreads() > 1;@test length(threaded_scratch.calh1_thread_acc) == Base.Threads.maxthreadid();ENV["JULIA_MVMC_INNER_THREADS"] = old_inner_threads;nmp_trans = 1,;nsp_gauss_leg = 1,;nsrcg = false,;nsrcg = false,;nsrcg = false,;nsrcg = false,;nsrcg = false,	UNVERIFIED: individual Julia scenario not replayed against Rust; candidate gate is not evidence of equivalent assertions	#181
S219	testset	@testset "unit/vmc_main_cal: opt_trans_diff!" begin	MVMCOptimizers.jl/test_unit/test_unit_vmc_main_cal_sr.jl:81	crates/mvmc-expert-parsers/src/types.rs::ExpertModeData; crates/mvmc-expert-parsers/src/types.rs::ModParaParameters; crates/mvmc-expert-parsers/src/types.rs::QuantumProjectionWeights; crates/mvmc-core/src/state.rs::VmcOptimizationState; crates/mvmc-core/src/observables.rs::opt_trans_diff	Via --physcal for normal/FSZ Green; grouped normal only; standalone Green routines library-only	executable bounded production mapping; independent scenario replay unverified	C canonical indices/weights/term order exact; computed Green #190; factored single-row formatting repair assigned Goodall	Sampling/proposed moves/acceptance must remain exact; numerical comparisons only for computed values; no implicit rejection rollback claim	E0 scenario-to-production mapping; proposed gate only unless result names executed record	J=8bb1b9e8ae47b1512c00b321be05664ddcac0fd1; source SHA256=8600f1dc2493300a66da01fd6e97d47252ba409ee5c9eaa8a79276158ae26c7e; C=extern/mVMC-1.3.0; independent expectation provenance must be read from named fixtures; no regeneration/run in documentation audit	cargo nextest run --locked --cargo-profile test-fast -p mvmc-core --test two_body_green --test physcal_issue181 --no-fail-fast --retries 0	Testset scalar settings: data.modpara = ModParaParameters(complex_flag = 1); File-wide declarations (inherited where used): ENV["JULIA_MVMC_INNER_THREADS"] = "1";if Base.Threads.nthreads() > 1;@test length(threaded_scratch.calh1_thread_acc) == Base.Threads.maxthreadid();ENV["JULIA_MVMC_INNER_THREADS"] = old_inner_threads;nmp_trans = 1,;nsp_gauss_leg = 1,;nsrcg = false,;nsrcg = false,;nsrcg = false,;nsrcg = false,;nsrcg = false,	UNVERIFIED: individual Julia scenario not replayed against Rust; candidate gate is not evidence of equivalent assertions	#181
S220	testset	@testset "unit/vmc_main_cal: green_func1_real! scratch path" begin	MVMCOptimizers.jl/test_unit/test_unit_vmc_main_cal_sr.jl:117	crates/mvmc-expert-parsers/src/types.rs::ExpertModeData; crates/mvmc-expert-parsers/src/types.rs::ModParaParameters; crates/mvmc-expert-parsers/src/types.rs::QuantumProjectionWeights; crates/mvmc-core/src/state.rs::VmcOptimizationState; crates/mvmc-core/src/observables.rs::calculate_ip_real; crates/mvmc-core/src/observables.rs::green_func1	Via --physcal for normal/FSZ Green; grouped normal only; standalone Green routines library-only	executable bounded production mapping; independent scenario replay unverified	C canonical indices/weights/term order exact; computed Green #190; factored single-row formatting repair assigned Goodall	Sampling/proposed moves/acceptance must remain exact; numerical comparisons only for computed values; no implicit rejection rollback claim	E0 scenario-to-production mapping; proposed gate only unless result names executed record	J=8bb1b9e8ae47b1512c00b321be05664ddcac0fd1; source SHA256=8600f1dc2493300a66da01fd6e97d47252ba409ee5c9eaa8a79276158ae26c7e; C=extern/mVMC-1.3.0; independent expectation provenance must be read from named fixtures; no regeneration/run in documentation audit	cargo nextest run --locked --cargo-profile test-fast -p mvmc-core --test two_body_green --test physcal_issue181 --no-fail-fast --retries 0	Testset scalar settings: data.modpara = ModParaParameters(nsite = 2, nelec = 1, complex_flag = 0); File-wide declarations (inherited where used): ENV["JULIA_MVMC_INNER_THREADS"] = "1";if Base.Threads.nthreads() > 1;@test length(threaded_scratch.calh1_thread_acc) == Base.Threads.maxthreadid();ENV["JULIA_MVMC_INNER_THREADS"] = old_inner_threads;nmp_trans = 1,;nsp_gauss_leg = 1,;nsrcg = false,;nsrcg = false,;nsrcg = false,;nsrcg = false,;nsrcg = false,	UNVERIFIED: individual Julia scenario not replayed against Rust; candidate gate is not evidence of equivalent assertions	#181
S221	testset	@testset "unit/vmc_main_cal: CalHamiltonian1 real fast path" begin	MVMCOptimizers.jl/test_unit/test_unit_vmc_main_cal_sr.jl:209	crates/mvmc-expert-parsers/src/types.rs::ExpertModeData; crates/mvmc-expert-parsers/src/types.rs::ModParaParameters; crates/mvmc-expert-parsers/src/types.rs::QuantumProjectionWeights; crates/mvmc-expert-parsers/src/types.rs::TransferTerm; crates/mvmc-core/src/state.rs::VmcOptimizationState; crates/mvmc-core/src/observables.rs::calculate_ip_real; crates/mvmc-expert-parsers/src/types.rs::GutzwillerTerm; crates/mvmc-expert-parsers/src/types.rs::JastrowTerm; crates/mvmc-core/src/sampling/projection.rs::make_proj_cnt	Via --physcal for normal/FSZ Green; grouped normal only; standalone Green routines library-only	executable bounded production mapping; independent scenario replay unverified	C canonical indices/weights/term order exact; computed Green #190; factored single-row formatting repair assigned Goodall	Sampling/proposed moves/acceptance must remain exact; numerical comparisons only for computed values; no implicit rejection rollback claim	E0 scenario-to-production mapping; proposed gate only unless result names executed record	J=8bb1b9e8ae47b1512c00b321be05664ddcac0fd1; source SHA256=8600f1dc2493300a66da01fd6e97d47252ba409ee5c9eaa8a79276158ae26c7e; C=extern/mVMC-1.3.0; independent expectation provenance must be read from named fixtures; no regeneration/run in documentation audit	cargo nextest run --locked --cargo-profile test-fast -p mvmc-core --test two_body_green --test physcal_issue181 --no-fail-fast --retries 0	Testset scalar settings: data.modpara = ModParaParameters(nsite = 2, nelec = 1, complex_flag = 0); File-wide declarations (inherited where used): ENV["JULIA_MVMC_INNER_THREADS"] = "1";if Base.Threads.nthreads() > 1;@test length(threaded_scratch.calh1_thread_acc) == Base.Threads.maxthreadid();ENV["JULIA_MVMC_INNER_THREADS"] = old_inner_threads;nmp_trans = 1,;nsp_gauss_leg = 1,;nsrcg = false,;nsrcg = false,;nsrcg = false,;nsrcg = false,;nsrcg = false,	UNVERIFIED: individual Julia scenario not replayed against Rust; candidate gate is not evidence of equivalent assertions	#181
S222	testset	@testset "unit/vmc_main_cal: slater_elm_diff_fcmp! scratch path" begin	MVMCOptimizers.jl/test_unit/test_unit_vmc_main_cal_sr.jl:362	crates/mvmc-expert-parsers/src/types.rs::ExpertModeData; crates/mvmc-expert-parsers/src/types.rs::ModParaParameters; crates/mvmc-expert-parsers/src/types.rs::QuantumProjectionWeights; crates/mvmc-core/src/state.rs::VmcOptimizationState; crates/mvmc-core/src/observables.rs::slater_elm_diff	Via --physcal for normal/FSZ Green; grouped normal only; standalone Green routines library-only	executable bounded production mapping; independent scenario replay unverified	C canonical indices/weights/term order exact; computed Green #190; factored single-row formatting repair assigned Goodall	Sampling/proposed moves/acceptance must remain exact; numerical comparisons only for computed values; no implicit rejection rollback claim	E0 scenario-to-production mapping; proposed gate only unless result names executed record	J=8bb1b9e8ae47b1512c00b321be05664ddcac0fd1; source SHA256=8600f1dc2493300a66da01fd6e97d47252ba409ee5c9eaa8a79276158ae26c7e; C=extern/mVMC-1.3.0; independent expectation provenance must be read from named fixtures; no regeneration/run in documentation audit	cargo nextest run --locked --cargo-profile test-fast -p mvmc-core --test two_body_green --test physcal_issue181 --no-fail-fast --retries 0	Testset scalar settings: nsite = 2,; nelec = 1,; nmp_trans = 1,; nsp_gauss_leg = 1,; complex_flag = 1,; File-wide declarations (inherited where used): ENV["JULIA_MVMC_INNER_THREADS"] = "1";if Base.Threads.nthreads() > 1;@test length(threaded_scratch.calh1_thread_acc) == Base.Threads.maxthreadid();ENV["JULIA_MVMC_INNER_THREADS"] = old_inner_threads;nmp_trans = 1,;nsp_gauss_leg = 1,;nsrcg = false,;nsrcg = false,;nsrcg = false,;nsrcg = false,;nsrcg = false,	UNVERIFIED: individual Julia scenario not replayed against Rust; candidate gate is not evidence of equivalent assertions	#181
S223	testset	@testset "unit/vmc_main_cal: projection ratio noalloc helper" begin	MVMCOptimizers.jl/test_unit/test_unit_vmc_main_cal_sr.jl:452	crates/mvmc-expert-parsers/src/types.rs::GutzwillerTerm; crates/mvmc-expert-parsers/src/types.rs::JastrowTerm; crates/mvmc-expert-parsers/src/types.rs::projection_layout; crates/mvmc-core/src/sampling/projection.rs::log_proj_ratio	Via --physcal for normal/FSZ Green; grouped normal only; standalone Green routines library-only	executable bounded production mapping; independent scenario replay unverified	C canonical indices/weights/term order exact; computed Green #190; factored single-row formatting repair assigned Goodall	Sampling/proposed moves/acceptance must remain exact; numerical comparisons only for computed values; no implicit rejection rollback claim	E0 scenario-to-production mapping; proposed gate only unless result names executed record	J=8bb1b9e8ae47b1512c00b321be05664ddcac0fd1; source SHA256=8600f1dc2493300a66da01fd6e97d47252ba409ee5c9eaa8a79276158ae26c7e; C=extern/mVMC-1.3.0; independent expectation provenance must be read from named fixtures; no regeneration/run in documentation audit	cargo nextest run --locked --cargo-profile test-fast -p mvmc-core --test two_body_green --test physcal_issue181 --no-fail-fast --retries 0	Testset scalar settings: data = make_mock_data_for_proj_tests(nsite = 4); File-wide declarations (inherited where used): ENV["JULIA_MVMC_INNER_THREADS"] = "1";if Base.Threads.nthreads() > 1;@test length(threaded_scratch.calh1_thread_acc) == Base.Threads.maxthreadid();ENV["JULIA_MVMC_INNER_THREADS"] = old_inner_threads;nmp_trans = 1,;nsp_gauss_leg = 1,;nsrcg = false,;nsrcg = false,;nsrcg = false,;nsrcg = false,;nsrcg = false,	UNVERIFIED: individual Julia scenario not replayed against Rust; candidate gate is not evidence of equivalent assertions	#181
S224	testset	@testset "unit/vmc_main_cal: calculate_oo!" begin	MVMCOptimizers.jl/test_unit/test_unit_vmc_main_cal_sr.jl:479	crates/mvmc-core/src/observables.rs::calculate_oo	Via --physcal for normal/FSZ Green; grouped normal only; standalone Green routines library-only	executable bounded production mapping; independent scenario replay unverified	C canonical indices/weights/term order exact; computed Green #190; factored single-row formatting repair assigned Goodall	Sampling/proposed moves/acceptance must remain exact; numerical comparisons only for computed values; no implicit rejection rollback claim	E0 scenario-to-production mapping; proposed gate only unless result names executed record	J=8bb1b9e8ae47b1512c00b321be05664ddcac0fd1; source SHA256=8600f1dc2493300a66da01fd6e97d47252ba409ee5c9eaa8a79276158ae26c7e; C=extern/mVMC-1.3.0; independent expectation provenance must be read from named fixtures; no regeneration/run in documentation audit	cargo nextest run --locked --cargo-profile test-fast -p mvmc-core --test two_body_green --test physcal_issue181 --no-fail-fast --retries 0	No local scalar override; inherited fixture/synthetic constructor arguments; File-wide declarations (inherited where used): ENV["JULIA_MVMC_INNER_THREADS"] = "1";if Base.Threads.nthreads() > 1;@test length(threaded_scratch.calh1_thread_acc) == Base.Threads.maxthreadid();ENV["JULIA_MVMC_INNER_THREADS"] = old_inner_threads;nmp_trans = 1,;nsp_gauss_leg = 1,;nsrcg = false,;nsrcg = false,;nsrcg = false,;nsrcg = false,;nsrcg = false,	UNVERIFIED: individual Julia scenario not replayed against Rust; candidate gate is not evidence of equivalent assertions	#181
S225	testset	@testset "unit/vmc_main_cal: calculate_oo_real!" begin	MVMCOptimizers.jl/test_unit/test_unit_vmc_main_cal_sr.jl:521	crates/mvmc-core/src/observables.rs::calculate_oo_real	Via --physcal for normal/FSZ Green; grouped normal only; standalone Green routines library-only	executable bounded production mapping; independent scenario replay unverified	C canonical indices/weights/term order exact; computed Green #190; factored single-row formatting repair assigned Goodall	Sampling/proposed moves/acceptance must remain exact; numerical comparisons only for computed values; no implicit rejection rollback claim	E0 scenario-to-production mapping; proposed gate only unless result names executed record	J=8bb1b9e8ae47b1512c00b321be05664ddcac0fd1; source SHA256=8600f1dc2493300a66da01fd6e97d47252ba409ee5c9eaa8a79276158ae26c7e; C=extern/mVMC-1.3.0; independent expectation provenance must be read from named fixtures; no regeneration/run in documentation audit	cargo nextest run --locked --cargo-profile test-fast -p mvmc-core --test two_body_green --test physcal_issue181 --no-fail-fast --retries 0	No local scalar override; inherited fixture/synthetic constructor arguments; File-wide declarations (inherited where used): ENV["JULIA_MVMC_INNER_THREADS"] = "1";if Base.Threads.nthreads() > 1;@test length(threaded_scratch.calh1_thread_acc) == Base.Threads.maxthreadid();ENV["JULIA_MVMC_INNER_THREADS"] = old_inner_threads;nmp_trans = 1,;nsp_gauss_leg = 1,;nsrcg = false,;nsrcg = false,;nsrcg = false,;nsrcg = false,;nsrcg = false,	UNVERIFIED: individual Julia scenario not replayed against Rust; candidate gate is not evidence of equivalent assertions	#181
S226	testset	@testset "unit/vmc_main_cal: finalize_oo_store_real! BLAS path" begin	MVMCOptimizers.jl/test_unit/test_unit_vmc_main_cal_sr.jl:542	crates/mvmc-core/src/observables.rs::finalize_oo_store_real	Via --physcal for normal/FSZ Green; grouped normal only; standalone Green routines library-only	executable bounded production mapping; independent scenario replay unverified	C canonical indices/weights/term order exact; computed Green #190; factored single-row formatting repair assigned Goodall	Sampling/proposed moves/acceptance must remain exact; numerical comparisons only for computed values; no implicit rejection rollback claim	E0 scenario-to-production mapping; proposed gate only unless result names executed record	J=8bb1b9e8ae47b1512c00b321be05664ddcac0fd1; source SHA256=8600f1dc2493300a66da01fd6e97d47252ba409ee5c9eaa8a79276158ae26c7e; C=extern/mVMC-1.3.0; independent expectation provenance must be read from named fixtures; no regeneration/run in documentation audit	cargo nextest run --locked --cargo-profile test-fast -p mvmc-core --test two_body_green --test physcal_issue181 --no-fail-fast --retries 0	Testset scalar settings: nsrcg = false,; File-wide declarations (inherited where used): ENV["JULIA_MVMC_INNER_THREADS"] = "1";if Base.Threads.nthreads() > 1;@test length(threaded_scratch.calh1_thread_acc) == Base.Threads.maxthreadid();ENV["JULIA_MVMC_INNER_THREADS"] = old_inner_threads;nmp_trans = 1,;nsp_gauss_leg = 1,;nsrcg = false,;nsrcg = false,;nsrcg = false,;nsrcg = false,;nsrcg = false,	UNVERIFIED: individual Julia scenario not replayed against Rust; candidate gate is not evidence of equivalent assertions	#181
S227	testset	@testset "unit/vmc_main_cal: store finalizers honor sample_start" begin	MVMCOptimizers.jl/test_unit/test_unit_vmc_main_cal_sr.jl:577	crates/mvmc-core/src/observables.rs::finalize_oo_store; crates/mvmc-core/src/observables.rs::finalize_oo_store_real	Via --physcal for normal/FSZ Green; grouped normal only; standalone Green routines library-only	executable bounded production mapping; independent scenario replay unverified	C canonical indices/weights/term order exact; computed Green #190; factored single-row formatting repair assigned Goodall	Sampling/proposed moves/acceptance must remain exact; numerical comparisons only for computed values; no implicit rejection rollback claim	E0 scenario-to-production mapping; proposed gate only unless result names executed record	J=8bb1b9e8ae47b1512c00b321be05664ddcac0fd1; source SHA256=8600f1dc2493300a66da01fd6e97d47252ba409ee5c9eaa8a79276158ae26c7e; C=extern/mVMC-1.3.0; independent expectation provenance must be read from named fixtures; no regeneration/run in documentation audit	cargo nextest run --locked --cargo-profile test-fast -p mvmc-core --test two_body_green --test physcal_issue181 --no-fail-fast --retries 0	Testset scalar settings: nsrcg = false,; nsrcg = false,; nsrcg = false,; nsrcg = false,; File-wide declarations (inherited where used): ENV["JULIA_MVMC_INNER_THREADS"] = "1";if Base.Threads.nthreads() > 1;@test length(threaded_scratch.calh1_thread_acc) == Base.Threads.maxthreadid();ENV["JULIA_MVMC_INNER_THREADS"] = old_inner_threads;nmp_trans = 1,;nsp_gauss_leg = 1,;nsrcg = false,;nsrcg = false,;nsrcg = false,;nsrcg = false,;nsrcg = false,	UNVERIFIED: individual Julia scenario not replayed against Rust; candidate gate is not evidence of equivalent assertions	#181
S228	testset	@testset "unit/vmc_main_cal: threaded OO/store inner loops match sequential" begin	MVMCOptimizers.jl/test_unit/test_unit_vmc_main_cal_sr.jl:660	crates/mvmc-core/src/observables.rs::calculate_oo; crates/mvmc-core/src/observables.rs::calculate_oo_real; crates/mvmc-core/src/observables.rs::calculate_oo_store; crates/mvmc-core/src/observables.rs::finalize_oo_store	MVMC_RS_INNER_THREADS/MVMC_RS_INNER_THRESHOLD; default1/32; no parallel RNG; BLAS workers separate	executable bounded production mapping; independent scenario replay unverified	Independent QP/copy/OO entries only; frozen config; ordered reductions and ascending first error; Julia defaults differ intentionally	Sampling/proposed moves/acceptance must remain exact; numerical comparisons only for computed values; no implicit rejection rollback claim	E0 scenario-to-production mapping; proposed gate only unless result names executed record	J=8bb1b9e8ae47b1512c00b321be05664ddcac0fd1; source SHA256=8600f1dc2493300a66da01fd6e97d47252ba409ee5c9eaa8a79276158ae26c7e; C=extern/mVMC-1.3.0; independent expectation provenance must be read from named fixtures; no regeneration/run in documentation audit	cargo nextest run --locked --cargo-profile test-fast -p mvmc-core --test threaded_issue182 --no-fail-fast --retries 0	No local scalar override; inherited fixture/synthetic constructor arguments; File-wide declarations (inherited where used): ENV["JULIA_MVMC_INNER_THREADS"] = "1";if Base.Threads.nthreads() > 1;@test length(threaded_scratch.calh1_thread_acc) == Base.Threads.maxthreadid();ENV["JULIA_MVMC_INNER_THREADS"] = old_inner_threads;nmp_trans = 1,;nsp_gauss_leg = 1,;nsrcg = false,;nsrcg = false,;nsrcg = false,;nsrcg = false,;nsrcg = false,	UNVERIFIED: individual Julia scenario not replayed against Rust; candidate gate is not evidence of equivalent assertions	#182
S229	testset	@testset "unit/vmc_sampling: log_proj_val / log_proj_ratio" begin	MVMCOptimizers.jl/test_unit/test_unit_vmc_sampling_misc.jl:14	crates/mvmc-expert-parsers/src/types.rs::ExpertModeData; crates/mvmc-expert-parsers/src/types.rs::ModParaParameters; crates/mvmc-expert-parsers/src/types.rs::GutzwillerTerm; crates/mvmc-expert-parsers/src/types.rs::JastrowTerm; crates/mvmc-core/src/sampling/projection.rs::log_proj_val; crates/mvmc-core/src/sampling/projection.rs::log_proj_ratio	Via optimization/PhysCal; single exact SFMT stream; RNG proposals never threaded	executable bounded production mapping; independent scenario replay unverified	Exact C RNG/moves/counters/configurations; Julia feature reference; current MPI sample splitting differs	Sampling/proposed moves/acceptance must remain exact; numerical comparisons only for computed values; no implicit rejection rollback claim	E0 scenario-to-production mapping; proposed gate only unless result names executed record	J=8bb1b9e8ae47b1512c00b321be05664ddcac0fd1; source SHA256=7446bf5e26505fca47e965acdeaa26a8f49381b410a8a07e5cd804988d9899af; C=extern/mVMC-1.3.0; independent expectation provenance must be read from named fixtures; no regeneration/run in documentation audit	cargo nextest run --locked --cargo-profile test-fast -p mvmc-core --lib --test real_fsz_sampling --no-fail-fast --retries 0	Testset scalar settings: data.modpara = ModParaParameters(nsite = 2); No file-wide stochastic settings	UNVERIFIED: individual Julia scenario not replayed against Rust; candidate gate is not evidence of equivalent assertions	#180/#181/#179
S230	testset	@testset "unit/vmc_sampling: update_ele_config! / revert_ele_config! round-trip" begin	MVMCOptimizers.jl/test_unit/test_unit_vmc_sampling_misc.jl:42	crates/mvmc-core/src/sampling/projection.rs::update_ele_config; crates/mvmc-core/src/sampling/projection.rs::revert_ele_config	Via optimization/PhysCal; single exact SFMT stream; RNG proposals never threaded	executable bounded production mapping; independent scenario replay unverified	Exact C RNG/moves/counters/configurations; Julia feature reference; current MPI sample splitting differs	Exact RNG/config/count/status/indices/flags and untouched copy tails; computed normalization/inverse values follow #190; no claimed full trajectory from snapshots	E0 scenario-to-production mapping; proposed gate only unless result names executed record	J=8bb1b9e8ae47b1512c00b321be05664ddcac0fd1; source SHA256=7446bf5e26505fca47e965acdeaa26a8f49381b410a8a07e5cd804988d9899af; C=extern/mVMC-1.3.0; independent expectation provenance must be read from named fixtures; no regeneration/run in documentation audit	cargo nextest run --locked --cargo-profile test-fast -p mvmc-core --lib --test real_fsz_sampling --no-fail-fast --retries 0	No local scalar override; inherited fixture/synthetic constructor arguments; No file-wide stochastic settings	UNVERIFIED: individual Julia scenario not replayed against Rust; candidate gate is not evidence of equivalent assertions	#180/#181/#179
S231	testset	@testset "unit/vmc_sampling: make_proj_cnt! / update_proj_cnt! consistency" begin	MVMCOptimizers.jl/test_unit/test_unit_vmc_sampling_proj.jl:18	crates/mvmc-core/src/sampling/projection.rs::make_proj_cnt; crates/mvmc-core/src/sampling/projection.rs::update_proj_cnt; crates/mvmc-expert-parsers/src/types.rs::ExpertModeData; crates/mvmc-expert-parsers/src/types.rs::ModParaParameters; crates/mvmc-expert-parsers/src/types.rs::DoublonHolon2SiteIndex; crates/mvmc-expert-parsers/src/types.rs::DoublonHolon4SiteIndex	Via optimization/PhysCal; single exact SFMT stream; RNG proposals never threaded	executable bounded production mapping; independent scenario replay unverified	Exact C RNG/moves/counters/configurations; Julia feature reference; current MPI sample splitting differs	Sampling/proposed moves/acceptance must remain exact; numerical comparisons only for computed values; no implicit rejection rollback claim	E0 scenario-to-production mapping; proposed gate only unless result names executed record	J=8bb1b9e8ae47b1512c00b321be05664ddcac0fd1; source SHA256=65b987e6e80c13c489798dd1c7a5198f199928dff14920209b6ad030aa25db2c; C=extern/mVMC-1.3.0; independent expectation provenance must be read from named fixtures; no regeneration/run in documentation audit	cargo nextest run --locked --cargo-profile test-fast -p mvmc-core --lib --test real_fsz_sampling --no-fail-fast --retries 0	Testset scalar settings: data = make_mock_data_for_proj_tests(nsite = 4); nsite = data.modpara.nsite; data.modpara = MVMCExpertModeParsers.ModParaParameters(nsite = nsite); No file-wide stochastic settings	UNVERIFIED: individual Julia scenario not replayed against Rust; candidate gate is not evidence of equivalent assertions	#180/#181/#179
S232	testset	@testset "unit/vmc_sampling: DH2/DH4 projection counts" begin	MVMCOptimizers.jl/test_unit/test_unit_vmc_sampling_proj.jl:99	crates/mvmc-expert-parsers/src/types.rs::projection_layout; crates/mvmc-core/src/sampling/projection.rs::make_proj_cnt; crates/mvmc-core/src/observables.rs::set_projection_diff	Via optimization/PhysCal; single exact SFMT stream; RNG proposals never threaded	executable bounded production mapping; independent scenario replay unverified	Exact C RNG/moves/counters/configurations; Julia feature reference; current MPI sample splitting differs	Exact RNG/config/count/status/indices/flags and untouched copy tails; computed normalization/inverse values follow #190; no claimed full trajectory from snapshots	E0 scenario-to-production mapping; proposed gate only unless result names executed record	J=8bb1b9e8ae47b1512c00b321be05664ddcac0fd1; source SHA256=65b987e6e80c13c489798dd1c7a5198f199928dff14920209b6ad030aa25db2c; C=extern/mVMC-1.3.0; independent expectation provenance must be read from named fixtures; no regeneration/run in documentation audit	cargo nextest run --locked --cargo-profile test-fast -p mvmc-core --lib --test real_fsz_sampling --no-fail-fast --retries 0	Testset scalar settings: data2 = _dh_only_data(nsite = 4, dh2 = dh2_neighbors); data4 = _dh_only_data(nsite = 5, dh4 = dh4_neighbors); No file-wide stochastic settings	UNVERIFIED: individual Julia scenario not replayed against Rust; candidate gate is not evidence of equivalent assertions	#180/#181/#179
S233	testset	@testset "unit/vmc_sampling: multiple DH2 indices keep independent strides" begin	MVMCOptimizers.jl/test_unit/test_unit_vmc_sampling_proj.jl:138	crates/mvmc-expert-parsers/src/types.rs::ExpertModeData; crates/mvmc-expert-parsers/src/types.rs::ModParaParameters; crates/mvmc-expert-parsers/src/types.rs::DoublonHolon2SiteIndex; crates/mvmc-expert-parsers/src/types.rs::projection_layout; crates/mvmc-core/src/sampling/projection.rs::make_proj_cnt	Via optimization/PhysCal; single exact SFMT stream; RNG proposals never threaded	executable bounded production mapping; independent scenario replay unverified	Exact C RNG/moves/counters/configurations; Julia feature reference; current MPI sample splitting differs	Sampling/proposed moves/acceptance must remain exact; numerical comparisons only for computed values; no implicit rejection rollback claim	E0 scenario-to-production mapping; proposed gate only unless result names executed record	J=8bb1b9e8ae47b1512c00b321be05664ddcac0fd1; source SHA256=65b987e6e80c13c489798dd1c7a5198f199928dff14920209b6ad030aa25db2c; C=extern/mVMC-1.3.0; independent expectation provenance must be read from named fixtures; no regeneration/run in documentation audit	cargo nextest run --locked --cargo-profile test-fast -p mvmc-core --lib --test real_fsz_sampling --no-fail-fast --retries 0	Testset scalar settings: data.modpara = MVMCExpertModeParsers.ModParaParameters(nsite = 4); No file-wide stochastic settings	UNVERIFIED: individual Julia scenario not replayed against Rust; candidate gate is not evidence of equivalent assertions	#180/#181/#179
S234	testset	@testset "unit/vmc_sampling: DH update paths match fresh recompute" begin	MVMCOptimizers.jl/test_unit/test_unit_vmc_sampling_proj.jl:167	crates/mvmc-expert-parsers/src/types.rs::GutzwillerTerm; crates/mvmc-expert-parsers/src/types.rs::JastrowTerm; crates/mvmc-expert-parsers/src/types.rs::DoublonHolon2SiteIndex; crates/mvmc-expert-parsers/src/types.rs::projection_layout; crates/mvmc-core/src/sampling/projection.rs::make_proj_cnt; crates/mvmc-core/src/sampling/projection.rs::update_proj_cnt	Via optimization/PhysCal; single exact SFMT stream; RNG proposals never threaded	executable bounded production mapping; independent scenario replay unverified	Exact C RNG/moves/counters/configurations; Julia feature reference; current MPI sample splitting differs	Sampling/proposed moves/acceptance must remain exact; numerical comparisons only for computed values; no implicit rejection rollback claim	E0 scenario-to-production mapping; proposed gate only unless result names executed record	J=8bb1b9e8ae47b1512c00b321be05664ddcac0fd1; source SHA256=65b987e6e80c13c489798dd1c7a5198f199928dff14920209b6ad030aa25db2c; C=extern/mVMC-1.3.0; independent expectation provenance must be read from named fixtures; no regeneration/run in documentation audit	cargo nextest run --locked --cargo-profile test-fast -p mvmc-core --lib --test real_fsz_sampling --no-fail-fast --retries 0	Testset scalar settings: data = make_mock_data_for_proj_tests(nsite = 4); nsite = data.modpara.nsite; No file-wide stochastic settings	UNVERIFIED: individual Julia scenario not replayed against Rust; candidate gate is not evidence of equivalent assertions	#180/#181/#179
S235	testset	@testset "unit/vmc_sampling: DH4 update paths match fresh recompute" begin	MVMCOptimizers.jl/test_unit/test_unit_vmc_sampling_proj.jl:219	crates/mvmc-expert-parsers/src/types.rs::GutzwillerTerm; crates/mvmc-expert-parsers/src/types.rs::JastrowTerm; crates/mvmc-expert-parsers/src/types.rs::DoublonHolon4SiteIndex; crates/mvmc-expert-parsers/src/types.rs::projection_layout; crates/mvmc-core/src/sampling/projection.rs::make_proj_cnt; crates/mvmc-core/src/sampling/projection.rs::update_proj_cnt	Via optimization/PhysCal; single exact SFMT stream; RNG proposals never threaded	executable bounded production mapping; independent scenario replay unverified	Exact C RNG/moves/counters/configurations; Julia feature reference; current MPI sample splitting differs	Sampling/proposed moves/acceptance must remain exact; numerical comparisons only for computed values; no implicit rejection rollback claim	E0 scenario-to-production mapping; proposed gate only unless result names executed record	J=8bb1b9e8ae47b1512c00b321be05664ddcac0fd1; source SHA256=65b987e6e80c13c489798dd1c7a5198f199928dff14920209b6ad030aa25db2c; C=extern/mVMC-1.3.0; independent expectation provenance must be read from named fixtures; no regeneration/run in documentation audit	cargo nextest run --locked --cargo-profile test-fast -p mvmc-core --lib --test real_fsz_sampling --no-fail-fast --retries 0	Testset scalar settings: data = make_mock_data_for_proj_tests(nsite = 4); nsite = data.modpara.nsite; No file-wide stochastic settings	UNVERIFIED: individual Julia scenario not replayed against Rust; candidate gate is not evidence of equivalent assertions	#180/#181/#179
S236	testset	@testset "unit/vmc_sampling: DH log projection uses real parameter parts" begin	MVMCOptimizers.jl/test_unit/test_unit_vmc_sampling_proj.jl:265	crates/mvmc-core/src/sampling/projection.rs::log_proj_val; crates/mvmc-core/src/sampling/projection.rs::log_proj_ratio	Via optimization/PhysCal; single exact SFMT stream; RNG proposals never threaded	executable bounded production mapping; independent scenario replay unverified	Exact C RNG/moves/counters/configurations; Julia feature reference; current MPI sample splitting differs	Sampling/proposed moves/acceptance must remain exact; numerical comparisons only for computed values; no implicit rejection rollback claim	E0 scenario-to-production mapping; proposed gate only unless result names executed record	J=8bb1b9e8ae47b1512c00b321be05664ddcac0fd1; source SHA256=65b987e6e80c13c489798dd1c7a5198f199928dff14920209b6ad030aa25db2c; C=extern/mVMC-1.3.0; independent expectation provenance must be read from named fixtures; no regeneration/run in documentation audit	cargo nextest run --locked --cargo-profile test-fast -p mvmc-core --lib --test real_fsz_sampling --no-fail-fast --retries 0	Testset scalar settings: nsite = 4,; No file-wide stochastic settings	UNVERIFIED: individual Julia scenario not replayed against Rust; candidate gate is not evidence of equivalent assertions	#180/#181/#179
S237	testset	@testset "IP helpers default to no reduction and allow empty ranges" begin	MVMCOptimizers.jl/test_unit/test_unit_vmc_sampling_qp_split.jl:14	crates/mvmc-core/src/parallel.rs::partition_range	--features mpi and detected launcher; root-only stdout/output; no JULIA_MVMC_MPI env compatibility promise	executable bounded production mapping; independent scenario replay unverified	C/Julia NSplitSize=group SIZE; current draft follows width/remainder and full-chain/comm1 measurement semantics; prior chain-length/burn-marker failures require fresh independent state verification; protocol success not parity	Sampling/proposed moves/acceptance must remain exact; numerical comparisons only for computed values; no implicit rejection rollback claim	E0 scenario-to-production mapping; proposed gate only unless result names executed record	J=8bb1b9e8ae47b1512c00b321be05664ddcac0fd1; source SHA256=0541d5924fba8baad29267f253b1150a91521e245b80f1a1dc962405a7ead54b; C=extern/mVMC-1.3.0; independent expectation provenance must be read from named fixtures; no regeneration/run in documentation audit	cargo nextest run --locked --cargo-profile test-fast -p mvmc-core --features mpi --test mpi_issue179_collectives --test mpi_issue179_state --no-fail-fast --retries 0	No local scalar override; inherited fixture/synthetic constructor arguments; No file-wide stochastic settings	UNVERIFIED: individual Julia scenario not replayed against Rust; candidate gate is not evidence of equivalent assertions	#177/#178/#179
S238	testset	@testset "real IP helpers default to no reduction and allow empty ranges" begin	MVMCOptimizers.jl/test_unit/test_unit_vmc_sampling_qp_split.jl:23	crates/mvmc-core/src/observables.rs::calculate_ip_real; crates/mvmc-core/src/observables.rs::calculate_log_ip_real	--features mpi and detected launcher; root-only stdout/output; no JULIA_MVMC_MPI env compatibility promise	executable bounded production mapping; independent scenario replay unverified	C/Julia NSplitSize=group SIZE; current draft follows width/remainder and full-chain/comm1 measurement semantics; prior chain-length/burn-marker failures require fresh independent state verification; protocol success not parity	Sampling/proposed moves/acceptance must remain exact; numerical comparisons only for computed values; no implicit rejection rollback claim	E0 scenario-to-production mapping; proposed gate only unless result names executed record	J=8bb1b9e8ae47b1512c00b321be05664ddcac0fd1; source SHA256=0541d5924fba8baad29267f253b1150a91521e245b80f1a1dc962405a7ead54b; C=extern/mVMC-1.3.0; independent expectation provenance must be read from named fixtures; no regeneration/run in documentation audit	cargo nextest run --locked --cargo-profile test-fast -p mvmc-core --features mpi --test mpi_issue179_collectives --test mpi_issue179_state --no-fail-fast --retries 0	No local scalar override; inherited fixture/synthetic constructor arguments; No file-wide stochastic settings	UNVERIFIED: individual Julia scenario not replayed against Rust; candidate gate is not evidence of equivalent assertions	#177/#178/#179
S239	testset	@testset "comm1 reduction requires a context" begin	MVMCOptimizers.jl/test_unit/test_unit_vmc_sampling_qp_split.jl:31	crates/mvmc-core/src/reducer.rs::SingleProcessReducer	--features mpi and detected launcher; root-only stdout/output; no JULIA_MVMC_MPI env compatibility promise	executable bounded production mapping; independent scenario replay unverified	C/Julia NSplitSize=group SIZE; current draft follows width/remainder and full-chain/comm1 measurement semantics; prior chain-length/burn-marker failures require fresh independent state verification; protocol success not parity	Sampling/proposed moves/acceptance must remain exact; numerical comparisons only for computed values; no implicit rejection rollback claim	E0 scenario-to-production mapping; proposed gate only unless result names executed record	J=8bb1b9e8ae47b1512c00b321be05664ddcac0fd1; source SHA256=0541d5924fba8baad29267f253b1150a91521e245b80f1a1dc962405a7ead54b; C=extern/mVMC-1.3.0; independent expectation provenance must be read from named fixtures; no regeneration/run in documentation audit	cargo nextest run --locked --cargo-profile test-fast -p mvmc-core --features mpi --test mpi_issue179_collectives --test mpi_issue179_state --no-fail-fast --retries 0	No local scalar override; inherited fixture/synthetic constructor arguments; No file-wide stochastic settings	UNVERIFIED: individual Julia scenario not replayed against Rust; candidate gate is not evidence of equivalent assertions	#177/#178/#179
S240	testset	@testset "unit/vmc_sampling: has_rbm_terms" begin	MVMCOptimizers.jl/test_unit/test_unit_vmc_sampling_rbm.jl:24	crates/mvmc-expert-parsers/src/types.rs::ExpertModeData; crates/mvmc-expert-parsers/src/types.rs::ModParaParameters; crates/mvmc-expert-parsers/src/types.rs::has_rbm_terms; crates/mvmc-core/src/sampling/rbm.rs::has_terms; crates/mvmc-expert-parsers/src/types.rs::ChargeRBMHiddenLayerTerm	Via optimization/PhysCal; single exact SFMT stream; RNG proposals never threaded	executable bounded production mapping; independent scenario replay unverified	Exact C RNG/moves/counters/configurations; Julia feature reference; current MPI sample splitting differs	Sampling/proposed moves/acceptance must remain exact; numerical comparisons only for computed values; no implicit rejection rollback claim	E0 scenario-to-production mapping; proposed gate only unless result names executed record	J=8bb1b9e8ae47b1512c00b321be05664ddcac0fd1; source SHA256=76c45b97ab885927b88216caa565625b46ee9739aa2aba8dd47603321f65afc0; C=extern/mVMC-1.3.0; independent expectation provenance must be read from named fixtures; no regeneration/run in documentation audit	cargo nextest run --locked --cargo-profile test-fast -p mvmc-core --lib --test real_fsz_sampling --no-fail-fast --retries 0	Testset scalar settings: data.modpara = ModParaParameters(nsite = 2); No file-wide stochastic settings	UNVERIFIED: individual Julia scenario not replayed against Rust; candidate gate is not evidence of equivalent assertions	#180/#181/#179
S241	testset	@testset "unit/vmc_sampling: make_rbm_cnt / update_rbm_cnt_hopping! / log_rbm_* consistency" begin	MVMCOptimizers.jl/test_unit/test_unit_vmc_sampling_rbm.jl:33	crates/mvmc-core/src/sampling/rbm.rs::log_rbm_val; crates/mvmc-core/src/sampling/rbm.rs::make_rbm_cnt; crates/mvmc-core/src/sampling/rbm.rs::update_rbm_cnt_hopping; crates/mvmc-core/src/sampling/rbm.rs::log_rbm_ratio	Via optimization/PhysCal; single exact SFMT stream; RNG proposals never threaded	executable bounded production mapping; independent scenario replay unverified	Exact C RNG/moves/counters/configurations; Julia feature reference; current MPI sample splitting differs	Sampling/proposed moves/acceptance must remain exact; numerical comparisons only for computed values; no implicit rejection rollback claim	E0 scenario-to-production mapping; proposed gate only unless result names executed record	J=8bb1b9e8ae47b1512c00b321be05664ddcac0fd1; source SHA256=76c45b97ab885927b88216caa565625b46ee9739aa2aba8dd47603321f65afc0; C=extern/mVMC-1.3.0; independent expectation provenance must be read from named fixtures; no regeneration/run in documentation audit	cargo nextest run --locked --cargo-profile test-fast -p mvmc-core --lib --test real_fsz_sampling --no-fail-fast --retries 0	Testset scalar settings: data = make_mock_data_for_rbm_tests(nsite = 4); nsite = data.modpara.nsite; No file-wide stochastic settings	UNVERIFIED: individual Julia scenario not replayed against Rust; candidate gate is not evidence of equivalent assertions	#180/#181/#179
S242	testset	@testset "unit/weight_average: real SR active range and MPI size1 skip" begin	MVMCOptimizers.jl/test_unit/test_unit_weight_average.jl:4	crates/mvmc-core/src/state.rs::VmcOptimizationState; crates/mvmc-core/src/mpi.rs::MpiContext; crates/mvmc-core/src/mpi.rs::MpiGroupContext; crates/mvmc-core/src/reducer.rs::SingleProcessReducer; crates/mvmc-core/src/average.rs::weight_average_sr_opt_real	Internal runner normalization; output-root warning scope; physical zero-weight handling not established by zero-rank synthetic tests	executable bounded production mapping; independent scenario replay unverified	C weight denominator and active SR ranges; Julia warning text not numerical authority	Sampling/proposed moves/acceptance must remain exact; numerical comparisons only for computed values; no implicit rejection rollback claim	E0 scenario-to-production mapping; proposed gate only unless result names executed record	J=8bb1b9e8ae47b1512c00b321be05664ddcac0fd1; source SHA256=a5c5605d29c5fef3026589541a5146ab3e53584f3a55887b59f3eb78a7bdf9ff; C=extern/mVMC-1.3.0; independent expectation provenance must be read from named fixtures; no regeneration/run in documentation audit	cargo nextest run --locked --cargo-profile test-fast -p mvmc-core --test runtime_contract --lib --no-fail-fast --retries 0	Testset scalar settings: MVMCOptimizers.weight_average_sr_opt_real!(ctx_size1, state; nsrcg = false); File-wide declarations (inherited where used): MVMCOptimizers.weight_average_sr_opt_real!(ctx_size1, state; nsrcg = false);MVMCOptimizers.weight_average_sr_opt_real!(state; nsrcg = true)	UNVERIFIED: individual Julia scenario not replayed against Rust; candidate gate is not evidence of equivalent assertions	#179/#181
S243	testset	@testset "unit/weight_average: real SR-CG active OO length" begin	MVMCOptimizers.jl/test_unit/test_unit_weight_average.jl:36	crates/mvmc-core/src/state.rs::VmcOptimizationState; crates/mvmc-core/src/average.rs::weight_average_sr_opt_real	Internal runner normalization; output-root warning scope; physical zero-weight handling not established by zero-rank synthetic tests	executable bounded production mapping; independent scenario replay unverified	C weight denominator and active SR ranges; Julia warning text not numerical authority	Sampling/proposed moves/acceptance must remain exact; numerical comparisons only for computed values; no implicit rejection rollback claim	E0 scenario-to-production mapping; proposed gate only unless result names executed record	J=8bb1b9e8ae47b1512c00b321be05664ddcac0fd1; source SHA256=a5c5605d29c5fef3026589541a5146ab3e53584f3a55887b59f3eb78a7bdf9ff; C=extern/mVMC-1.3.0; independent expectation provenance must be read from named fixtures; no regeneration/run in documentation audit	cargo nextest run --locked --cargo-profile test-fast -p mvmc-core --test runtime_contract --lib --no-fail-fast --retries 0	Testset scalar settings: MVMCOptimizers.weight_average_sr_opt_real!(state; nsrcg = true); File-wide declarations (inherited where used): MVMCOptimizers.weight_average_sr_opt_real!(ctx_size1, state; nsrcg = false);MVMCOptimizers.weight_average_sr_opt_real!(state; nsrcg = true)	UNVERIFIED: individual Julia scenario not replayed against Rust; candidate gate is not evidence of equivalent assertions	#179/#181
S244	script-entry-or-reference-aid	PfaPack.jl/benchmark/benchmark_ltl.jl	PfaPack.jl/benchmark/benchmark_ltl.jl:1	crates/pfapack/src/utu2.rs::utu2inv_complex	No standalone kernel CLI; normal/FSZ runners use pure Rust kernels	executable bounded production mapping; independent scenario replay unverified	C PFAPACK algorithm/signs/order; Julia Fortran/C adapters are reference aids, not Rust FFI requirements	Sampling/proposed moves/acceptance must remain exact; numerical comparisons only for computed values; no implicit rejection rollback claim	E0 scenario-to-production mapping; proposed gate only unless result names executed record	J=8bb1b9e8ae47b1512c00b321be05664ddcac0fd1; source SHA256=5a86df4c3a32e645769be4a6fad00a95c0416431710de2583e131ccd571c3a57; C=extern/mVMC-1.3.0; independent expectation provenance must be read from named fixtures; no regeneration/run in documentation audit	cargo nextest run --locked --cargo-profile test-fast -p pfapack --no-fail-fast --retries 0	Deterministic synthetic testset; no externally selected stochastic seed; literal arrays/indices in source; no execution recorded	UNVERIFIED: individual Julia scenario not replayed against Rust; candidate gate is not evidence of equivalent assertions	#176/#182/#184
S245	script-entry-or-reference-aid	PfaPack.jl/benchmark/benchmark_utu2inv.jl	PfaPack.jl/benchmark/benchmark_utu2inv.jl:1	crates/pfapack/src/utu2.rs::utu2inv_complex	No standalone kernel CLI; normal/FSZ runners use pure Rust kernels	executable bounded production mapping; independent scenario replay unverified	C PFAPACK algorithm/signs/order; Julia Fortran/C adapters are reference aids, not Rust FFI requirements	Sampling/proposed moves/acceptance must remain exact; numerical comparisons only for computed values; no implicit rejection rollback claim	E0 scenario-to-production mapping; proposed gate only unless result names executed record	J=8bb1b9e8ae47b1512c00b321be05664ddcac0fd1; source SHA256=b3a550ff81d52e6b25457beaf0ad170b72008a92fad83c4537a14161c08feded; C=extern/mVMC-1.3.0; independent expectation provenance must be read from named fixtures; no regeneration/run in documentation audit	cargo nextest run --locked --cargo-profile test-fast -p pfapack --no-fail-fast --retries 0	Deterministic synthetic testset; no externally selected stochastic seed; literal arrays/indices in source; no execution recorded	UNVERIFIED: individual Julia scenario not replayed against Rust; candidate gate is not evidence of equivalent assertions	#176/#182/#184
S246	script-entry-or-reference-aid	PfaPack.jl/deps/build.jl	PfaPack.jl/deps/build.jl:1	crates/pfapack/src/utu2.rs::utu2inv_complex	No standalone kernel CLI; normal/FSZ runners use pure Rust kernels	executable bounded production mapping; independent scenario replay unverified	C PFAPACK algorithm/signs/order; Julia Fortran/C adapters are reference aids, not Rust FFI requirements	Sampling/proposed moves/acceptance must remain exact; numerical comparisons only for computed values; no implicit rejection rollback claim	E0 scenario-to-production mapping; proposed gate only unless result names executed record	J=8bb1b9e8ae47b1512c00b321be05664ddcac0fd1; source SHA256=ac71bd3d0ca72284aec10db36e201bee2b90015aaa41d35d26ae281dc6a9cfb6; C=extern/mVMC-1.3.0; independent expectation provenance must be read from named fixtures; no regeneration/run in documentation audit	cargo nextest run --locked --cargo-profile test-fast -p pfapack --no-fail-fast --retries 0	Deterministic synthetic testset; no externally selected stochastic seed; literal arrays/indices in source; no execution recorded	UNVERIFIED: individual Julia scenario not replayed against Rust; candidate gate is not evidence of equivalent assertions	#176/#182/#184
S247	testset	@testset "PfaPack.jl" begin	PfaPack.jl/test/runtests.jl:5	crates/pfapack/src/utu2.rs::utu2inv_complex	No standalone kernel CLI; normal/FSZ runners use pure Rust kernels	executable bounded production mapping; independent scenario replay unverified	C PFAPACK algorithm/signs/order; Julia Fortran/C adapters are reference aids, not Rust FFI requirements	Sampling/proposed moves/acceptance must remain exact; numerical comparisons only for computed values; no implicit rejection rollback claim	E0 scenario-to-production mapping; proposed gate only unless result names executed record	J=8bb1b9e8ae47b1512c00b321be05664ddcac0fd1; source SHA256=1f49686c051d49a93c7b56b4b3bd94fdbb55caadb0f69c93fff389f18dcc13a3; C=extern/mVMC-1.3.0; independent expectation provenance must be read from named fixtures; no regeneration/run in documentation audit	cargo nextest run --locked --cargo-profile test-fast -p pfapack --no-fail-fast --retries 0	No local scalar override; inherited fixture/synthetic constructor arguments; No file-wide stochastic settings	UNVERIFIED: individual Julia scenario not replayed against Rust; candidate gate is not evidence of equivalent assertions	#176/#182/#184
S248	testset	@testset "pfaffian_ltl!" begin	PfaPack.jl/test/runtests.jl:6	crates/pfapack/src/utu2.rs::utu2inv_complex	No standalone kernel CLI; normal/FSZ runners use pure Rust kernels	executable bounded production mapping; independent scenario replay unverified	C PFAPACK algorithm/signs/order; Julia Fortran/C adapters are reference aids, not Rust FFI requirements	Sampling/proposed moves/acceptance must remain exact; numerical comparisons only for computed values; no implicit rejection rollback claim	E0 scenario-to-production mapping; proposed gate only unless result names executed record	J=8bb1b9e8ae47b1512c00b321be05664ddcac0fd1; source SHA256=1f49686c051d49a93c7b56b4b3bd94fdbb55caadb0f69c93fff389f18dcc13a3; C=extern/mVMC-1.3.0; independent expectation provenance must be read from named fixtures; no regeneration/run in documentation audit	cargo nextest run --locked --cargo-profile test-fast -p pfapack --no-fail-fast --retries 0	No local scalar override; inherited fixture/synthetic constructor arguments; No file-wide stochastic settings	UNVERIFIED: individual Julia scenario not replayed against Rust; candidate gate is not evidence of equivalent assertions	#176/#182/#184
S249	testset	@testset "Real matrices" begin	PfaPack.jl/test/runtests.jl:7	crates/pfapack/src/pfaffian.rs::pfaffian_ltl_real; crates/pfapack/src/pfaffian.rs::pfaffian_ltl_complex	No standalone kernel CLI; normal/FSZ runners use pure Rust kernels	executable bounded production mapping; independent scenario replay unverified	C PFAPACK algorithm/signs/order; Julia Fortran/C adapters are reference aids, not Rust FFI requirements	Sampling/proposed moves/acceptance must remain exact; numerical comparisons only for computed values; no implicit rejection rollback claim	E0 scenario-to-production mapping; proposed gate only unless result names executed record	J=8bb1b9e8ae47b1512c00b321be05664ddcac0fd1; source SHA256=1f49686c051d49a93c7b56b4b3bd94fdbb55caadb0f69c93fff389f18dcc13a3; C=extern/mVMC-1.3.0; independent expectation provenance must be read from named fixtures; no regeneration/run in documentation audit	cargo nextest run --locked --cargo-profile test-fast -p pfapack --no-fail-fast --retries 0	No local scalar override; inherited fixture/synthetic constructor arguments; No file-wide stochastic settings	UNVERIFIED: individual Julia scenario not replayed against Rust; candidate gate is not evidence of equivalent assertions	#176/#182/#184
S250	testset	@testset "Complex matrices" begin	PfaPack.jl/test/runtests.jl:41	crates/pfapack/src/pfaffian.rs::pfaffian_ltl_real; crates/pfapack/src/pfaffian.rs::pfaffian_ltl_complex	No standalone kernel CLI; normal/FSZ runners use pure Rust kernels	executable bounded production mapping; independent scenario replay unverified	C PFAPACK algorithm/signs/order; Julia Fortran/C adapters are reference aids, not Rust FFI requirements	Sampling/proposed moves/acceptance must remain exact; numerical comparisons only for computed values; no implicit rejection rollback claim	E0 scenario-to-production mapping; proposed gate only unless result names executed record	J=8bb1b9e8ae47b1512c00b321be05664ddcac0fd1; source SHA256=1f49686c051d49a93c7b56b4b3bd94fdbb55caadb0f69c93fff389f18dcc13a3; C=extern/mVMC-1.3.0; independent expectation provenance must be read from named fixtures; no regeneration/run in documentation audit	cargo nextest run --locked --cargo-profile test-fast -p pfapack --no-fail-fast --retries 0	No local scalar override; inherited fixture/synthetic constructor arguments; No file-wide stochastic settings	UNVERIFIED: individual Julia scenario not replayed against Rust; candidate gate is not evidence of equivalent assertions	#176/#182/#184
S251	testset	@testset "overwrite_a parameter" begin	PfaPack.jl/test/runtests.jl:50	crates/pfapack/src/pfaffian.rs::pfaffian_ltl_real; crates/pfapack/src/pfaffian.rs::pfaffian_ltl_complex	No standalone kernel CLI; normal/FSZ runners use pure Rust kernels	executable bounded production mapping; independent scenario replay unverified	C PFAPACK algorithm/signs/order; Julia Fortran/C adapters are reference aids, not Rust FFI requirements	Sampling/proposed moves/acceptance must remain exact; numerical comparisons only for computed values; no implicit rejection rollback claim	E0 scenario-to-production mapping; proposed gate only unless result names executed record	J=8bb1b9e8ae47b1512c00b321be05664ddcac0fd1; source SHA256=1f49686c051d49a93c7b56b4b3bd94fdbb55caadb0f69c93fff389f18dcc13a3; C=extern/mVMC-1.3.0; independent expectation provenance must be read from named fixtures; no regeneration/run in documentation audit	cargo nextest run --locked --cargo-profile test-fast -p pfapack --no-fail-fast --retries 0	No local scalar override; inherited fixture/synthetic constructor arguments; No file-wide stochastic settings	UNVERIFIED: individual Julia scenario not replayed against Rust; candidate gate is not evidence of equivalent assertions	#176/#182/#184
S252	testset	@testset "utu2pfa" begin	PfaPack.jl/test/runtests.jl:89	crates/pfapack/src/utu2.rs::utu2inv_complex	No standalone kernel CLI; normal/FSZ runners use pure Rust kernels	executable bounded production mapping; independent scenario replay unverified	C PFAPACK algorithm/signs/order; Julia Fortran/C adapters are reference aids, not Rust FFI requirements	Sampling/proposed moves/acceptance must remain exact; numerical comparisons only for computed values; no implicit rejection rollback claim	E0 scenario-to-production mapping; proposed gate only unless result names executed record	J=8bb1b9e8ae47b1512c00b321be05664ddcac0fd1; source SHA256=1f49686c051d49a93c7b56b4b3bd94fdbb55caadb0f69c93fff389f18dcc13a3; C=extern/mVMC-1.3.0; independent expectation provenance must be read from named fixtures; no regeneration/run in documentation audit	cargo nextest run --locked --cargo-profile test-fast -p pfapack --no-fail-fast --retries 0	No local scalar override; inherited fixture/synthetic constructor arguments; No file-wide stochastic settings	UNVERIFIED: individual Julia scenario not replayed against Rust; candidate gate is not evidence of equivalent assertions	#176/#182/#184
S253	testset	@testset "Simple cases" begin	PfaPack.jl/test/runtests.jl:90	crates/pfapack/src/utu2.rs::utu2pfa_real; crates/pfapack/src/utu2.rs::utu2pfa_complex	No standalone kernel CLI; normal/FSZ runners use pure Rust kernels	executable bounded production mapping; independent scenario replay unverified	C PFAPACK algorithm/signs/order; Julia Fortran/C adapters are reference aids, not Rust FFI requirements	Sampling/proposed moves/acceptance must remain exact; numerical comparisons only for computed values; no implicit rejection rollback claim	E0 scenario-to-production mapping; proposed gate only unless result names executed record	J=8bb1b9e8ae47b1512c00b321be05664ddcac0fd1; source SHA256=1f49686c051d49a93c7b56b4b3bd94fdbb55caadb0f69c93fff389f18dcc13a3; C=extern/mVMC-1.3.0; independent expectation provenance must be read from named fixtures; no regeneration/run in documentation audit	cargo nextest run --locked --cargo-profile test-fast -p pfapack --no-fail-fast --retries 0	No local scalar override; inherited fixture/synthetic constructor arguments; No file-wide stochastic settings	UNVERIFIED: individual Julia scenario not replayed against Rust; candidate gate is not evidence of equivalent assertions	#176/#182/#184
S254	testset	@testset "utu2inv!" begin	PfaPack.jl/test/runtests.jl:116	crates/pfapack/src/utu2.rs::utu2inv_complex	No standalone kernel CLI; normal/FSZ runners use pure Rust kernels	executable bounded production mapping; independent scenario replay unverified	C PFAPACK algorithm/signs/order; Julia Fortran/C adapters are reference aids, not Rust FFI requirements	Sampling/proposed moves/acceptance must remain exact; numerical comparisons only for computed values; no implicit rejection rollback claim	E0 scenario-to-production mapping; proposed gate only unless result names executed record	J=8bb1b9e8ae47b1512c00b321be05664ddcac0fd1; source SHA256=1f49686c051d49a93c7b56b4b3bd94fdbb55caadb0f69c93fff389f18dcc13a3; C=extern/mVMC-1.3.0; independent expectation provenance must be read from named fixtures; no regeneration/run in documentation audit	cargo nextest run --locked --cargo-profile test-fast -p pfapack --no-fail-fast --retries 0	No local scalar override; inherited fixture/synthetic constructor arguments; No file-wide stochastic settings	UNVERIFIED: individual Julia scenario not replayed against Rust; candidate gate is not evidence of equivalent assertions	#176/#182/#184
S255	testset	@testset "Simple 2x2 case" begin	PfaPack.jl/test/runtests.jl:117	crates/pfapack/src/utu2.rs::utu2inv_real; crates/pfapack/src/utu2.rs::utu2inv_complex	No standalone kernel CLI; normal/FSZ runners use pure Rust kernels	executable bounded production mapping; independent scenario replay unverified	C PFAPACK algorithm/signs/order; Julia Fortran/C adapters are reference aids, not Rust FFI requirements	Sampling/proposed moves/acceptance must remain exact; numerical comparisons only for computed values; no implicit rejection rollback claim	E0 scenario-to-production mapping; proposed gate only unless result names executed record	J=8bb1b9e8ae47b1512c00b321be05664ddcac0fd1; source SHA256=1f49686c051d49a93c7b56b4b3bd94fdbb55caadb0f69c93fff389f18dcc13a3; C=extern/mVMC-1.3.0; independent expectation provenance must be read from named fixtures; no regeneration/run in documentation audit	cargo nextest run --locked --cargo-profile test-fast -p pfapack --no-fail-fast --retries 0	No local scalar override; inherited fixture/synthetic constructor arguments; No file-wide stochastic settings	UNVERIFIED: individual Julia scenario not replayed against Rust; candidate gate is not evidence of equivalent assertions	#176/#182/#184
S256	testset	@testset "4x4 case" begin	PfaPack.jl/test/runtests.jl:134	crates/pfapack/src/utu2.rs::utu2inv_real; crates/pfapack/src/utu2.rs::utu2inv_complex	No standalone kernel CLI; normal/FSZ runners use pure Rust kernels	executable bounded production mapping; independent scenario replay unverified	C PFAPACK algorithm/signs/order; Julia Fortran/C adapters are reference aids, not Rust FFI requirements	Sampling/proposed moves/acceptance must remain exact; numerical comparisons only for computed values; no implicit rejection rollback claim	E0 scenario-to-production mapping; proposed gate only unless result names executed record	J=8bb1b9e8ae47b1512c00b321be05664ddcac0fd1; source SHA256=1f49686c051d49a93c7b56b4b3bd94fdbb55caadb0f69c93fff389f18dcc13a3; C=extern/mVMC-1.3.0; independent expectation provenance must be read from named fixtures; no regeneration/run in documentation audit	cargo nextest run --locked --cargo-profile test-fast -p pfapack --no-fail-fast --retries 0	No local scalar override; inherited fixture/synthetic constructor arguments; No file-wide stochastic settings	UNVERIFIED: individual Julia scenario not replayed against Rust; candidate gate is not evidence of equivalent assertions	#176/#182/#184
S257	testset	@testset "utu2inv! vs cimpl_utu2inv! comparison" begin	PfaPack.jl/test/runtests.jl:158	crates/pfapack/src/utu2.rs::utu2inv_complex	No standalone kernel CLI; normal/FSZ runners use pure Rust kernels	excluded reference FFI adapter; pure Rust kernel counterpart exists	C PFAPACK algorithm/signs/order; Julia Fortran/C adapters are reference aids, not Rust FFI requirements	Sampling/proposed moves/acceptance must remain exact; numerical comparisons only for computed values; no implicit rejection rollback claim	E0 scenario-to-production mapping; proposed gate only unless result names executed record	J=8bb1b9e8ae47b1512c00b321be05664ddcac0fd1; source SHA256=1f49686c051d49a93c7b56b4b3bd94fdbb55caadb0f69c93fff389f18dcc13a3; C=extern/mVMC-1.3.0; independent expectation provenance must be read from named fixtures; no regeneration/run in documentation audit	cargo nextest run --locked --cargo-profile test-fast -p pfapack --no-fail-fast --retries 0	No local scalar override; inherited fixture/synthetic constructor arguments; No file-wide stochastic settings	UNVERIFIED: individual Julia scenario not replayed against Rust; candidate gate is not evidence of equivalent assertions	#176/#182/#184
S258	testset	@testset "Float64 matrices" begin	PfaPack.jl/test/runtests.jl:159	crates/pfapack/src/utu2.rs::utu2inv_real; crates/pfapack/src/utu2.rs::utu2inv_complex; NO FFI adapter by design; pure Rust pfapack::{dsktf2,zsktf2,utu2inv_real,utu2inv_complex}	No standalone kernel CLI; normal/FSZ runners use pure Rust kernels	executable bounded production mapping; independent scenario replay unverified	C PFAPACK algorithm/signs/order; Julia Fortran/C adapters are reference aids, not Rust FFI requirements	Sampling/proposed moves/acceptance must remain exact; numerical comparisons only for computed values; no implicit rejection rollback claim	E0 scenario-to-production mapping; proposed gate only unless result names executed record	J=8bb1b9e8ae47b1512c00b321be05664ddcac0fd1; source SHA256=1f49686c051d49a93c7b56b4b3bd94fdbb55caadb0f69c93fff389f18dcc13a3; C=extern/mVMC-1.3.0; independent expectation provenance must be read from named fixtures; no regeneration/run in documentation audit	cargo nextest run --locked --cargo-profile test-fast -p pfapack --no-fail-fast --retries 0	No local scalar override; inherited fixture/synthetic constructor arguments; No file-wide stochastic settings	UNVERIFIED: individual Julia scenario not replayed against Rust; candidate gate is not evidence of equivalent assertions	#176/#182/#184
S259	testset	@testset "Complex{Float64} matrices" begin	PfaPack.jl/test/runtests.jl:189	crates/pfapack/src/utu2.rs::utu2inv_real; crates/pfapack/src/utu2.rs::utu2inv_complex; NO FFI adapter by design; pure Rust pfapack::{dsktf2,zsktf2,utu2inv_real,utu2inv_complex}	No standalone kernel CLI; normal/FSZ runners use pure Rust kernels	executable bounded production mapping; independent scenario replay unverified	C PFAPACK algorithm/signs/order; Julia Fortran/C adapters are reference aids, not Rust FFI requirements	Sampling/proposed moves/acceptance must remain exact; numerical comparisons only for computed values; no implicit rejection rollback claim	E0 scenario-to-production mapping; proposed gate only unless result names executed record	J=8bb1b9e8ae47b1512c00b321be05664ddcac0fd1; source SHA256=1f49686c051d49a93c7b56b4b3bd94fdbb55caadb0f69c93fff389f18dcc13a3; C=extern/mVMC-1.3.0; independent expectation provenance must be read from named fixtures; no regeneration/run in documentation audit	cargo nextest run --locked --cargo-profile test-fast -p pfapack --no-fail-fast --retries 0	No local scalar override; inherited fixture/synthetic constructor arguments; No file-wide stochastic settings	UNVERIFIED: individual Julia scenario not replayed against Rust; candidate gate is not evidence of equivalent assertions	#176/#182/#184
S260	testset	@testset "With non-trivial pivot" begin	PfaPack.jl/test/runtests.jl:219	crates/pfapack/src/utu2.rs::utu2inv_real; crates/pfapack/src/utu2.rs::utu2inv_complex; NO FFI adapter by design; pure Rust pfapack::{dsktf2,zsktf2,utu2inv_real,utu2inv_complex}	No standalone kernel CLI; normal/FSZ runners use pure Rust kernels	executable bounded production mapping; independent scenario replay unverified	C PFAPACK algorithm/signs/order; Julia Fortran/C adapters are reference aids, not Rust FFI requirements	Sampling/proposed moves/acceptance must remain exact; numerical comparisons only for computed values; no implicit rejection rollback claim	E0 scenario-to-production mapping; proposed gate only unless result names executed record	J=8bb1b9e8ae47b1512c00b321be05664ddcac0fd1; source SHA256=1f49686c051d49a93c7b56b4b3bd94fdbb55caadb0f69c93fff389f18dcc13a3; C=extern/mVMC-1.3.0; independent expectation provenance must be read from named fixtures; no regeneration/run in documentation audit	cargo nextest run --locked --cargo-profile test-fast -p pfapack --no-fail-fast --retries 0	No local scalar override; inherited fixture/synthetic constructor arguments; No file-wide stochastic settings	UNVERIFIED: individual Julia scenario not replayed against Rust; candidate gate is not evidence of equivalent assertions	#176/#182/#184
S261	testset	@testset "With actual LTL decomposition result" begin	PfaPack.jl/test/runtests.jl:248	crates/pfapack/src/ltl.rs::zsktf2; crates/pfapack/src/utu2.rs::utu2inv_real; crates/pfapack/src/utu2.rs::utu2inv_complex; NO FFI adapter by design; pure Rust pfapack::{dsktf2,zsktf2,utu2inv_real,utu2inv_complex}	No standalone kernel CLI; normal/FSZ runners use pure Rust kernels	executable bounded production mapping; independent scenario replay unverified	C PFAPACK algorithm/signs/order; Julia Fortran/C adapters are reference aids, not Rust FFI requirements	Sampling/proposed moves/acceptance must remain exact; numerical comparisons only for computed values; no implicit rejection rollback claim	E0 scenario-to-production mapping; proposed gate only unless result names executed record	J=8bb1b9e8ae47b1512c00b321be05664ddcac0fd1; source SHA256=1f49686c051d49a93c7b56b4b3bd94fdbb55caadb0f69c93fff389f18dcc13a3; C=extern/mVMC-1.3.0; independent expectation provenance must be read from named fixtures; no regeneration/run in documentation audit	cargo nextest run --locked --cargo-profile test-fast -p pfapack --no-fail-fast --retries 0	No local scalar override; inherited fixture/synthetic constructor arguments; No file-wide stochastic settings	UNVERIFIED: individual Julia scenario not replayed against Rust; candidate gate is not evidence of equivalent assertions	#176/#182/#184
S262	testset	@testset "Integration tests" begin	PfaPack.jl/test/runtests.jl:285	crates/pfapack/src/utu2.rs::utu2inv_complex	No standalone kernel CLI; normal/FSZ runners use pure Rust kernels	executable bounded production mapping; independent scenario replay unverified	C PFAPACK algorithm/signs/order; Julia Fortran/C adapters are reference aids, not Rust FFI requirements	Sampling/proposed moves/acceptance must remain exact; numerical comparisons only for computed values; no implicit rejection rollback claim	E0 scenario-to-production mapping; proposed gate only unless result names executed record	J=8bb1b9e8ae47b1512c00b321be05664ddcac0fd1; source SHA256=1f49686c051d49a93c7b56b4b3bd94fdbb55caadb0f69c93fff389f18dcc13a3; C=extern/mVMC-1.3.0; independent expectation provenance must be read from named fixtures; no regeneration/run in documentation audit	cargo nextest run --locked --cargo-profile test-fast -p pfapack --no-fail-fast --retries 0	No local scalar override; inherited fixture/synthetic constructor arguments; No file-wide stochastic settings	UNVERIFIED: individual Julia scenario not replayed against Rust; candidate gate is not evidence of equivalent assertions	#176/#182/#184
S263	testset	@testset "pfaffian_ltl! consistency" begin	PfaPack.jl/test/runtests.jl:286	crates/pfapack/src/pfaffian.rs::pfaffian_ltl_real; crates/pfapack/src/pfaffian.rs::pfaffian_ltl_complex	No standalone kernel CLI; normal/FSZ runners use pure Rust kernels	executable bounded production mapping; independent scenario replay unverified	C PFAPACK algorithm/signs/order; Julia Fortran/C adapters are reference aids, not Rust FFI requirements	Sampling/proposed moves/acceptance must remain exact; numerical comparisons only for computed values; no implicit rejection rollback claim	E0 scenario-to-production mapping; proposed gate only unless result names executed record	J=8bb1b9e8ae47b1512c00b321be05664ddcac0fd1; source SHA256=1f49686c051d49a93c7b56b4b3bd94fdbb55caadb0f69c93fff389f18dcc13a3; C=extern/mVMC-1.3.0; independent expectation provenance must be read from named fixtures; no regeneration/run in documentation audit	cargo nextest run --locked --cargo-profile test-fast -p pfapack --no-fail-fast --retries 0	No local scalar override; inherited fixture/synthetic constructor arguments; No file-wide stochastic settings	UNVERIFIED: individual Julia scenario not replayed against Rust; candidate gate is not evidence of equivalent assertions	#176/#182/#184
S264	testset	@testset "Edge cases" begin	PfaPack.jl/test/runtests.jl:312	crates/pfapack/src/utu2.rs::utu2inv_complex	No standalone kernel CLI; normal/FSZ runners use pure Rust kernels	executable bounded production mapping; independent scenario replay unverified	C PFAPACK algorithm/signs/order; Julia Fortran/C adapters are reference aids, not Rust FFI requirements	Sampling/proposed moves/acceptance must remain exact; numerical comparisons only for computed values; no implicit rejection rollback claim	E0 scenario-to-production mapping; proposed gate only unless result names executed record	J=8bb1b9e8ae47b1512c00b321be05664ddcac0fd1; source SHA256=1f49686c051d49a93c7b56b4b3bd94fdbb55caadb0f69c93fff389f18dcc13a3; C=extern/mVMC-1.3.0; independent expectation provenance must be read from named fixtures; no regeneration/run in documentation audit	cargo nextest run --locked --cargo-profile test-fast -p pfapack --no-fail-fast --retries 0	No local scalar override; inherited fixture/synthetic constructor arguments; No file-wide stochastic settings	UNVERIFIED: individual Julia scenario not replayed against Rust; candidate gate is not evidence of equivalent assertions	#176/#182/#184
S265	testset	@testset "Zero matrix" begin	PfaPack.jl/test/runtests.jl:313	crates/pfapack/src/pfaffian.rs::pfaffian_ltl_real; crates/pfapack/src/pfaffian.rs::pfaffian_ltl_complex	No standalone kernel CLI; normal/FSZ runners use pure Rust kernels	executable bounded production mapping; independent scenario replay unverified	C PFAPACK algorithm/signs/order; Julia Fortran/C adapters are reference aids, not Rust FFI requirements	Sampling/proposed moves/acceptance must remain exact; numerical comparisons only for computed values; no implicit rejection rollback claim	E0 scenario-to-production mapping; proposed gate only unless result names executed record	J=8bb1b9e8ae47b1512c00b321be05664ddcac0fd1; source SHA256=1f49686c051d49a93c7b56b4b3bd94fdbb55caadb0f69c93fff389f18dcc13a3; C=extern/mVMC-1.3.0; independent expectation provenance must be read from named fixtures; no regeneration/run in documentation audit	cargo nextest run --locked --cargo-profile test-fast -p pfapack --no-fail-fast --retries 0	No local scalar override; inherited fixture/synthetic constructor arguments; No file-wide stochastic settings	UNVERIFIED: individual Julia scenario not replayed against Rust; candidate gate is not evidence of equivalent assertions	#176/#182/#184
S266	testset	@testset "Non-square matrix" begin	PfaPack.jl/test/runtests.jl:319	crates/pfapack/src/pfaffian.rs::pfaffian_ltl_real; crates/pfapack/src/pfaffian.rs::pfaffian_ltl_complex	No standalone kernel CLI; normal/FSZ runners use pure Rust kernels	executable bounded production mapping; independent scenario replay unverified	C PFAPACK algorithm/signs/order; Julia Fortran/C adapters are reference aids, not Rust FFI requirements	Sampling/proposed moves/acceptance must remain exact; numerical comparisons only for computed values; no implicit rejection rollback claim	E0 scenario-to-production mapping; proposed gate only unless result names executed record	J=8bb1b9e8ae47b1512c00b321be05664ddcac0fd1; source SHA256=1f49686c051d49a93c7b56b4b3bd94fdbb55caadb0f69c93fff389f18dcc13a3; C=extern/mVMC-1.3.0; independent expectation provenance must be read from named fixtures; no regeneration/run in documentation audit	cargo nextest run --locked --cargo-profile test-fast -p pfapack --no-fail-fast --retries 0	No local scalar override; inherited fixture/synthetic constructor arguments; No file-wide stochastic settings	UNVERIFIED: individual Julia scenario not replayed against Rust; candidate gate is not evidence of equivalent assertions	#176/#182/#184
S267	testset	@testset "julia_zsktf2! vs fimpl_zsktf2! comparison" begin	PfaPack.jl/test/runtests.jl:325	crates/pfapack/src/utu2.rs::utu2inv_complex	No standalone kernel CLI; normal/FSZ runners use pure Rust kernels	excluded reference FFI adapter; pure Rust kernel counterpart exists	C PFAPACK algorithm/signs/order; Julia Fortran/C adapters are reference aids, not Rust FFI requirements	Sampling/proposed moves/acceptance must remain exact; numerical comparisons only for computed values; no implicit rejection rollback claim	E0 scenario-to-production mapping; proposed gate only unless result names executed record	J=8bb1b9e8ae47b1512c00b321be05664ddcac0fd1; source SHA256=1f49686c051d49a93c7b56b4b3bd94fdbb55caadb0f69c93fff389f18dcc13a3; C=extern/mVMC-1.3.0; independent expectation provenance must be read from named fixtures; no regeneration/run in documentation audit	cargo nextest run --locked --cargo-profile test-fast -p pfapack --no-fail-fast --retries 0	No local scalar override; inherited fixture/synthetic constructor arguments; No file-wide stochastic settings	UNVERIFIED: individual Julia scenario not replayed against Rust; candidate gate is not evidence of equivalent assertions	#176/#182/#184
S268	testset	@testset "Real matrices (converted to Complex)" begin	PfaPack.jl/test/runtests.jl:326	crates/pfapack/src/ltl.rs::zsktf2; NO FFI adapter by design; pure Rust pfapack::{dsktf2,zsktf2,utu2inv_real,utu2inv_complex}	No standalone kernel CLI; normal/FSZ runners use pure Rust kernels	executable bounded production mapping; independent scenario replay unverified	C PFAPACK algorithm/signs/order; Julia Fortran/C adapters are reference aids, not Rust FFI requirements	Sampling/proposed moves/acceptance must remain exact; numerical comparisons only for computed values; no implicit rejection rollback claim	E0 scenario-to-production mapping; proposed gate only unless result names executed record	J=8bb1b9e8ae47b1512c00b321be05664ddcac0fd1; source SHA256=1f49686c051d49a93c7b56b4b3bd94fdbb55caadb0f69c93fff389f18dcc13a3; C=extern/mVMC-1.3.0; independent expectation provenance must be read from named fixtures; no regeneration/run in documentation audit	cargo nextest run --locked --cargo-profile test-fast -p pfapack --no-fail-fast --retries 0	No local scalar override; inherited fixture/synthetic constructor arguments; No file-wide stochastic settings	UNVERIFIED: individual Julia scenario not replayed against Rust; candidate gate is not evidence of equivalent assertions	#176/#182/#184
S269	testset	@testset "Complex matrices" begin	PfaPack.jl/test/runtests.jl:370	crates/pfapack/src/ltl.rs::zsktf2; NO FFI adapter by design; pure Rust pfapack::{dsktf2,zsktf2,utu2inv_real,utu2inv_complex}	No standalone kernel CLI; normal/FSZ runners use pure Rust kernels	executable bounded production mapping; independent scenario replay unverified	C PFAPACK algorithm/signs/order; Julia Fortran/C adapters are reference aids, not Rust FFI requirements	Sampling/proposed moves/acceptance must remain exact; numerical comparisons only for computed values; no implicit rejection rollback claim	E0 scenario-to-production mapping; proposed gate only unless result names executed record	J=8bb1b9e8ae47b1512c00b321be05664ddcac0fd1; source SHA256=1f49686c051d49a93c7b56b4b3bd94fdbb55caadb0f69c93fff389f18dcc13a3; C=extern/mVMC-1.3.0; independent expectation provenance must be read from named fixtures; no regeneration/run in documentation audit	cargo nextest run --locked --cargo-profile test-fast -p pfapack --no-fail-fast --retries 0	No local scalar override; inherited fixture/synthetic constructor arguments; No file-wide stochastic settings	UNVERIFIED: individual Julia scenario not replayed against Rust; candidate gate is not evidence of equivalent assertions	#176/#182/#184
S270	testset	@testset "Larger matrices" begin	PfaPack.jl/test/runtests.jl:411	crates/pfapack/src/ltl.rs::zsktf2; NO FFI adapter by design; pure Rust pfapack::{dsktf2,zsktf2,utu2inv_real,utu2inv_complex}	No standalone kernel CLI; normal/FSZ runners use pure Rust kernels	executable bounded production mapping; independent scenario replay unverified	C PFAPACK algorithm/signs/order; Julia Fortran/C adapters are reference aids, not Rust FFI requirements	Sampling/proposed moves/acceptance must remain exact; numerical comparisons only for computed values; no implicit rejection rollback claim	E0 scenario-to-production mapping; proposed gate only unless result names executed record	J=8bb1b9e8ae47b1512c00b321be05664ddcac0fd1; source SHA256=1f49686c051d49a93c7b56b4b3bd94fdbb55caadb0f69c93fff389f18dcc13a3; C=extern/mVMC-1.3.0; independent expectation provenance must be read from named fixtures; no regeneration/run in documentation audit	cargo nextest run --locked --cargo-profile test-fast -p pfapack --no-fail-fast --retries 0	No local scalar override; inherited fixture/synthetic constructor arguments; No file-wide stochastic settings	UNVERIFIED: individual Julia scenario not replayed against Rust; candidate gate is not evidence of equivalent assertions	#176/#182/#184
S271	testset	@testset "Edge case: zero column" begin	PfaPack.jl/test/runtests.jl:462	crates/pfapack/src/ltl.rs::zsktf2; NO FFI adapter by design; pure Rust pfapack::{dsktf2,zsktf2,utu2inv_real,utu2inv_complex}	No standalone kernel CLI; normal/FSZ runners use pure Rust kernels	executable bounded production mapping; independent scenario replay unverified	C PFAPACK algorithm/signs/order; Julia Fortran/C adapters are reference aids, not Rust FFI requirements	Sampling/proposed moves/acceptance must remain exact; numerical comparisons only for computed values; no implicit rejection rollback claim	E0 scenario-to-production mapping; proposed gate only unless result names executed record	J=8bb1b9e8ae47b1512c00b321be05664ddcac0fd1; source SHA256=1f49686c051d49a93c7b56b4b3bd94fdbb55caadb0f69c93fff389f18dcc13a3; C=extern/mVMC-1.3.0; independent expectation provenance must be read from named fixtures; no regeneration/run in documentation audit	cargo nextest run --locked --cargo-profile test-fast -p pfapack --no-fail-fast --retries 0	No local scalar override; inherited fixture/synthetic constructor arguments; No file-wide stochastic settings	UNVERIFIED: individual Julia scenario not replayed against Rust; candidate gate is not evidence of equivalent assertions	#176/#182/#184
S272	testset	@testset "julia_zsktf2_turbo! (LoopVectorization optimized)" begin	PfaPack.jl/test/runtests.jl:495	crates/pfapack/src/ltl.rs::zsktf2_turbo	No standalone kernel CLI; normal/FSZ runners use pure Rust kernels	executable bounded production mapping; independent scenario replay unverified	C PFAPACK algorithm/signs/order; Julia Fortran/C adapters are reference aids, not Rust FFI requirements	Sampling/proposed moves/acceptance must remain exact; numerical comparisons only for computed values; no implicit rejection rollback claim	E0 scenario-to-production mapping; proposed gate only unless result names executed record	J=8bb1b9e8ae47b1512c00b321be05664ddcac0fd1; source SHA256=1f49686c051d49a93c7b56b4b3bd94fdbb55caadb0f69c93fff389f18dcc13a3; C=extern/mVMC-1.3.0; independent expectation provenance must be read from named fixtures; no regeneration/run in documentation audit	cargo nextest run --locked --cargo-profile test-fast -p pfapack --no-fail-fast --retries 0	No local scalar override; inherited fixture/synthetic constructor arguments; No file-wide stochastic settings	UNVERIFIED: individual Julia scenario not replayed against Rust; candidate gate is not evidence of equivalent assertions	#176/#182/#184
S273	testset	@testset "Correctness vs julia_zsktf2!" begin	PfaPack.jl/test/runtests.jl:496	crates/pfapack/src/ltl.rs::zsktf2; crates/pfapack/src/ltl.rs::zsktf2_turbo	No standalone kernel CLI; normal/FSZ runners use pure Rust kernels	executable bounded production mapping; independent scenario replay unverified	C PFAPACK algorithm/signs/order; Julia Fortran/C adapters are reference aids, not Rust FFI requirements	Sampling/proposed moves/acceptance must remain exact; numerical comparisons only for computed values; no implicit rejection rollback claim	E0 scenario-to-production mapping; proposed gate only unless result names executed record	J=8bb1b9e8ae47b1512c00b321be05664ddcac0fd1; source SHA256=1f49686c051d49a93c7b56b4b3bd94fdbb55caadb0f69c93fff389f18dcc13a3; C=extern/mVMC-1.3.0; independent expectation provenance must be read from named fixtures; no regeneration/run in documentation audit	cargo nextest run --locked --cargo-profile test-fast -p pfapack --no-fail-fast --retries 0	No local scalar override; inherited fixture/synthetic constructor arguments; No file-wide stochastic settings	UNVERIFIED: individual Julia scenario not replayed against Rust; candidate gate is not evidence of equivalent assertions	#176/#182/#184
S274	testset	@testset "Correctness vs Fortran" begin	PfaPack.jl/test/runtests.jl:526	crates/pfapack/src/ltl.rs::zsktf2_turbo; NO FFI adapter by design; pure Rust pfapack::{dsktf2,zsktf2,utu2inv_real,utu2inv_complex}	No standalone kernel CLI; normal/FSZ runners use pure Rust kernels	executable bounded production mapping; independent scenario replay unverified	C PFAPACK algorithm/signs/order; Julia Fortran/C adapters are reference aids, not Rust FFI requirements	Sampling/proposed moves/acceptance must remain exact; numerical comparisons only for computed values; no implicit rejection rollback claim	E0 scenario-to-production mapping; proposed gate only unless result names executed record	J=8bb1b9e8ae47b1512c00b321be05664ddcac0fd1; source SHA256=1f49686c051d49a93c7b56b4b3bd94fdbb55caadb0f69c93fff389f18dcc13a3; C=extern/mVMC-1.3.0; independent expectation provenance must be read from named fixtures; no regeneration/run in documentation audit	cargo nextest run --locked --cargo-profile test-fast -p pfapack --no-fail-fast --retries 0	No local scalar override; inherited fixture/synthetic constructor arguments; No file-wide stochastic settings	UNVERIFIED: individual Julia scenario not replayed against Rust; candidate gate is not evidence of equivalent assertions	#176/#182/#184
S275	testset	@testset "Edge case: zero column" begin	PfaPack.jl/test/runtests.jl:556	crates/pfapack/src/ltl.rs::zsktf2; crates/pfapack/src/ltl.rs::zsktf2_turbo	No standalone kernel CLI; normal/FSZ runners use pure Rust kernels	executable bounded production mapping; independent scenario replay unverified	C PFAPACK algorithm/signs/order; Julia Fortran/C adapters are reference aids, not Rust FFI requirements	Sampling/proposed moves/acceptance must remain exact; numerical comparisons only for computed values; no implicit rejection rollback claim	E0 scenario-to-production mapping; proposed gate only unless result names executed record	J=8bb1b9e8ae47b1512c00b321be05664ddcac0fd1; source SHA256=1f49686c051d49a93c7b56b4b3bd94fdbb55caadb0f69c93fff389f18dcc13a3; C=extern/mVMC-1.3.0; independent expectation provenance must be read from named fixtures; no regeneration/run in documentation audit	cargo nextest run --locked --cargo-profile test-fast -p pfapack --no-fail-fast --retries 0	No local scalar override; inherited fixture/synthetic constructor arguments; No file-wide stochastic settings	UNVERIFIED: individual Julia scenario not replayed against Rust; candidate gate is not evidence of equivalent assertions	#176/#182/#184
S276	testset	@testset "Non-square matrix throws error" begin	PfaPack.jl/test/runtests.jl:579	crates/pfapack/src/ltl.rs::zsktf2_turbo	No standalone kernel CLI; normal/FSZ runners use pure Rust kernels	rejected titled invalid scope; validation counterpart exists, not a blanket rejection of valid combinations	C PFAPACK algorithm/signs/order; Julia Fortran/C adapters are reference aids, not Rust FFI requirements	Validation/load failure before init/output unless title targets callback/output/SR; state/RNG/files boundary must be asserted by candidate gate; current collective callbacks fail after completed sample, not rollback	E0 scenario-to-production mapping; proposed gate only unless result names executed record	J=8bb1b9e8ae47b1512c00b321be05664ddcac0fd1; source SHA256=1f49686c051d49a93c7b56b4b3bd94fdbb55caadb0f69c93fff389f18dcc13a3; C=extern/mVMC-1.3.0; independent expectation provenance must be read from named fixtures; no regeneration/run in documentation audit	cargo nextest run --locked --cargo-profile test-fast -p pfapack --no-fail-fast --retries 0	No local scalar override; inherited fixture/synthetic constructor arguments; No file-wide stochastic settings	UNVERIFIED: individual Julia scenario not replayed against Rust; candidate gate is not evidence of equivalent assertions	#176/#182/#184
S277	script-entry-or-reference-aid	SFMT.jl/deps/build.jl	SFMT.jl/deps/build.jl:1	crates/sfmt19937/src/lib.rs::Sfmt19937Rng	Seed override and runner initialization; full624 comparisons exact	executable bounded production mapping; independent scenario replay unverified	C SFMT initialization/state/word conversion/draw count exact; no floating sampling-policy relaxation	Exact RNG/config/count/status/indices/flags and untouched copy tails; computed normalization/inverse values follow #190; no claimed full trajectory from snapshots	E0 scenario-to-production mapping; proposed gate only unless result names executed record	J=8bb1b9e8ae47b1512c00b321be05664ddcac0fd1; source SHA256=9f35587d9e45cc98605fe96fddad09978887759b75b827f8acc13357e0c96faf; C=extern/mVMC-1.3.0; independent expectation provenance must be read from named fixtures; no regeneration/run in documentation audit	cargo nextest run --locked --cargo-profile test-fast -p sfmt19937 --test golden_vs_c --no-fail-fast --retries 0	Deterministic synthetic testset; no externally selected stochastic seed; literal arrays/indices in source; no execution recorded	UNVERIFIED: individual Julia scenario not replayed against Rust; candidate gate is not evidence of equivalent assertions	#177/#184
S278	script-entry-or-reference-aid	SFMT.jl/gen/gen_C_API.jl	SFMT.jl/gen/gen_C_API.jl:1	crates/sfmt19937/src/lib.rs::Sfmt19937Rng	Seed override and runner initialization; full624 comparisons exact	executable bounded production mapping; independent scenario replay unverified	C SFMT initialization/state/word conversion/draw count exact; no floating sampling-policy relaxation	Exact RNG/config/count/status/indices/flags and untouched copy tails; computed normalization/inverse values follow #190; no claimed full trajectory from snapshots	E0 scenario-to-production mapping; proposed gate only unless result names executed record	J=8bb1b9e8ae47b1512c00b321be05664ddcac0fd1; source SHA256=ae59161484cfd9bebaf8f7f4d74a5482638ba7d022f9a866d5179eb9ef7605c2; C=extern/mVMC-1.3.0; independent expectation provenance must be read from named fixtures; no regeneration/run in documentation audit	cargo nextest run --locked --cargo-profile test-fast -p sfmt19937 --test golden_vs_c --no-fail-fast --retries 0	Deterministic synthetic testset; no externally selected stochastic seed; literal arrays/indices in source; no execution recorded	UNVERIFIED: individual Julia scenario not replayed against Rust; candidate gate is not evidence of equivalent assertions	#177/#184
S279	script-entry-or-reference-aid	SFMT.jl/gen/prologue.jl	SFMT.jl/gen/prologue.jl:1	crates/sfmt19937/src/lib.rs::Sfmt19937Rng	Seed override and runner initialization; full624 comparisons exact	executable bounded production mapping; independent scenario replay unverified	C SFMT initialization/state/word conversion/draw count exact; no floating sampling-policy relaxation	Exact RNG/config/count/status/indices/flags and untouched copy tails; computed normalization/inverse values follow #190; no claimed full trajectory from snapshots	E0 scenario-to-production mapping; proposed gate only unless result names executed record	J=8bb1b9e8ae47b1512c00b321be05664ddcac0fd1; source SHA256=2ece71592ac5ada0212bc99b035261cf6c39d5e0ed6cc7144c6cbb0ffc1fbfa8; C=extern/mVMC-1.3.0; independent expectation provenance must be read from named fixtures; no regeneration/run in documentation audit	cargo nextest run --locked --cargo-profile test-fast -p sfmt19937 --test golden_vs_c --no-fail-fast --retries 0	Deterministic synthetic testset; no externally selected stochastic seed; literal arrays/indices in source; no execution recorded	UNVERIFIED: individual Julia scenario not replayed against Rust; candidate gate is not evidence of equivalent assertions	#177/#184
S280	testset	@testset "SFMT19937RNG" begin	SFMT.jl/test/runtests.jl:5	crates/sfmt19937/src/lib.rs::Sfmt19937Rng	Seed override and runner initialization; full624 comparisons exact	executable bounded production mapping; independent scenario replay unverified	C SFMT initialization/state/word conversion/draw count exact; no floating sampling-policy relaxation	Exact RNG/config/count/status/indices/flags and untouched copy tails; computed normalization/inverse values follow #190; no claimed full trajectory from snapshots	E0 scenario-to-production mapping; proposed gate only unless result names executed record	J=8bb1b9e8ae47b1512c00b321be05664ddcac0fd1; source SHA256=179890c4bb99c8f099960cd27189625d65af4cdcf43b9fc7ee37b039e763eaba; C=extern/mVMC-1.3.0; independent expectation provenance must be read from named fixtures; no regeneration/run in documentation audit	cargo nextest run --locked --cargo-profile test-fast -p sfmt19937 --test golden_vs_c --no-fail-fast --retries 0	No local scalar override; inherited fixture/synthetic constructor arguments; File-wide declarations (inherited where used): @testset "self-consistency under reseed" begin;Random.seed!(rng, 11272);Random.seed!(rng, 11272);Random.seed!(rng, 11272);Random.seed!(rng, 11272);# C-reference bit-level reproducibility (seed = 11272, the mVMC default).;# the same seed, and have been cross-checked against the Julia-mVMC;@testset "C-reference bit-level (seed 11272)" begin;Random.seed!(rng, 11272);Random.seed!(rng, 11272);Random.seed!(rng, 11272)	UNVERIFIED: individual Julia scenario not replayed against Rust; candidate gate is not evidence of equivalent assertions	#177/#184
S281	testset	@testset "self-consistency under reseed" begin	SFMT.jl/test/runtests.jl:8	crates/sfmt19937/src/lib.rs::genrand_real2	Seed override and runner initialization; full624 comparisons exact	executable bounded production mapping; independent scenario replay unverified	C SFMT initialization/state/word conversion/draw count exact; no floating sampling-policy relaxation	Exact RNG/config/count/status/indices/flags and untouched copy tails; computed normalization/inverse values follow #190; no claimed full trajectory from snapshots	E0 scenario-to-production mapping; proposed gate only unless result names executed record	J=8bb1b9e8ae47b1512c00b321be05664ddcac0fd1; source SHA256=179890c4bb99c8f099960cd27189625d65af4cdcf43b9fc7ee37b039e763eaba; C=extern/mVMC-1.3.0; independent expectation provenance must be read from named fixtures; no regeneration/run in documentation audit	cargo nextest run --locked --cargo-profile test-fast -p sfmt19937 --test golden_vs_c --no-fail-fast --retries 0	No local scalar override; inherited fixture/synthetic constructor arguments; File-wide declarations (inherited where used): @testset "self-consistency under reseed" begin;Random.seed!(rng, 11272);Random.seed!(rng, 11272);Random.seed!(rng, 11272);Random.seed!(rng, 11272);# C-reference bit-level reproducibility (seed = 11272, the mVMC default).;# the same seed, and have been cross-checked against the Julia-mVMC;@testset "C-reference bit-level (seed 11272)" begin;Random.seed!(rng, 11272);Random.seed!(rng, 11272);Random.seed!(rng, 11272)	UNVERIFIED: individual Julia scenario not replayed against Rust; candidate gate is not evidence of equivalent assertions	#177/#184
S282	testset	@testset "low-level wrapper types" begin	SFMT.jl/test/runtests.jl:33	crates/sfmt19937/src/lib.rs::gen_rand32	Seed override and runner initialization; full624 comparisons exact	executable bounded production mapping; independent scenario replay unverified	C SFMT initialization/state/word conversion/draw count exact; no floating sampling-policy relaxation	Sampling/proposed moves/acceptance must remain exact; numerical comparisons only for computed values; no implicit rejection rollback claim	E0 scenario-to-production mapping; proposed gate only unless result names executed record	J=8bb1b9e8ae47b1512c00b321be05664ddcac0fd1; source SHA256=179890c4bb99c8f099960cd27189625d65af4cdcf43b9fc7ee37b039e763eaba; C=extern/mVMC-1.3.0; independent expectation provenance must be read from named fixtures; no regeneration/run in documentation audit	cargo nextest run --locked --cargo-profile test-fast -p sfmt19937 --test golden_vs_c --no-fail-fast --retries 0	Testset scalar settings: # C-reference bit-level reproducibility (seed = 11272, the mVMC default).; File-wide declarations (inherited where used): @testset "self-consistency under reseed" begin;Random.seed!(rng, 11272);Random.seed!(rng, 11272);Random.seed!(rng, 11272);Random.seed!(rng, 11272);# C-reference bit-level reproducibility (seed = 11272, the mVMC default).;# the same seed, and have been cross-checked against the Julia-mVMC;@testset "C-reference bit-level (seed 11272)" begin;Random.seed!(rng, 11272);Random.seed!(rng, 11272);Random.seed!(rng, 11272)	UNVERIFIED: individual Julia scenario not replayed against Rust; candidate gate is not evidence of equivalent assertions	#177/#184
S283	testset	@testset "C-reference bit-level (seed 11272)" begin	SFMT.jl/test/runtests.jl:55	crates/sfmt19937/src/lib.rs::gen_rand32; crates/sfmt19937/src/lib.rs::genrand_real2	Seed override and runner initialization; full624 comparisons exact	executable bounded production mapping; independent scenario replay unverified	C SFMT initialization/state/word conversion/draw count exact; no floating sampling-policy relaxation	Exact RNG/config/count/status/indices/flags and untouched copy tails; computed normalization/inverse values follow #190; no claimed full trajectory from snapshots	E0 scenario-to-production mapping; proposed gate only unless result names executed record	J=8bb1b9e8ae47b1512c00b321be05664ddcac0fd1; source SHA256=179890c4bb99c8f099960cd27189625d65af4cdcf43b9fc7ee37b039e763eaba; C=extern/mVMC-1.3.0; independent expectation provenance must be read from named fixtures; no regeneration/run in documentation audit	cargo nextest run --locked --cargo-profile test-fast -p sfmt19937 --test golden_vs_c --no-fail-fast --retries 0	No local scalar override; inherited fixture/synthetic constructor arguments; File-wide declarations (inherited where used): @testset "self-consistency under reseed" begin;Random.seed!(rng, 11272);Random.seed!(rng, 11272);Random.seed!(rng, 11272);Random.seed!(rng, 11272);# C-reference bit-level reproducibility (seed = 11272, the mVMC default).;# the same seed, and have been cross-checked against the Julia-mVMC;@testset "C-reference bit-level (seed 11272)" begin;Random.seed!(rng, 11272);Random.seed!(rng, 11272);Random.seed!(rng, 11272)	UNVERIFIED: individual Julia scenario not replayed against Rust; candidate gate is not evidence of equivalent assertions	#177/#184
S284	testset	@testset "sfmt_dump_rand32 does not advance state" begin	SFMT.jl/test/runtests.jl:71	crates/sfmt19937/src/lib.rs::dump_rand32; crates/sfmt19937/src/lib.rs::gen_rand32	Seed override and runner initialization; full624 comparisons exact	executable bounded production mapping; independent scenario replay unverified	C SFMT initialization/state/word conversion/draw count exact; no floating sampling-policy relaxation	Exact RNG/config/count/status/indices/flags and untouched copy tails; computed normalization/inverse values follow #190; no claimed full trajectory from snapshots	E0 scenario-to-production mapping; proposed gate only unless result names executed record	J=8bb1b9e8ae47b1512c00b321be05664ddcac0fd1; source SHA256=179890c4bb99c8f099960cd27189625d65af4cdcf43b9fc7ee37b039e763eaba; C=extern/mVMC-1.3.0; independent expectation provenance must be read from named fixtures; no regeneration/run in documentation audit	cargo nextest run --locked --cargo-profile test-fast -p sfmt19937 --test golden_vs_c --no-fail-fast --retries 0	No local scalar override; inherited fixture/synthetic constructor arguments; File-wide declarations (inherited where used): @testset "self-consistency under reseed" begin;Random.seed!(rng, 11272);Random.seed!(rng, 11272);Random.seed!(rng, 11272);Random.seed!(rng, 11272);# C-reference bit-level reproducibility (seed = 11272, the mVMC default).;# the same seed, and have been cross-checked against the Julia-mVMC;@testset "C-reference bit-level (seed 11272)" begin;Random.seed!(rng, 11272);Random.seed!(rng, 11272);Random.seed!(rng, 11272)	UNVERIFIED: individual Julia scenario not replayed against Rust; candidate gate is not evidence of equivalent assertions	#177/#184
S285	script-entry-or-reference-aid	examples/heisenberg_chain_cmp.jl	examples/heisenberg_chain_cmp.jl:1	crates/mvmc-core/src/run.rs::vmc_para_opt	Optimization; real/cmp/FSZ; nsteps/nsmp; direct or standard CG; grouped direct within validator; grouped CG rejected	executable bounded production mapping; independent scenario replay unverified	C trajectory/SR/input authority; Julia architecture; final optimization-window output differs from C (owner output gap)	Sampling/proposed moves/acceptance must remain exact; numerical comparisons only for computed values; no implicit rejection rollback claim	E0 scenario-to-production mapping; proposed gate only unless result names executed record	J=8bb1b9e8ae47b1512c00b321be05664ddcac0fd1; source SHA256=aff0a84c5b7fdfe3ffd7e4c792bfbd50b03f6af97fe89e770006a5ff87feb8f8; C=extern/mVMC-1.3.0; independent expectation provenance must be read from named fixtures; no regeneration/run in documentation audit	cargo nextest run --locked --cargo-profile test-fast -p mvmc-core --test run_smoke --test runner_config --no-fail-fast --retries 0	nsteps = NSTEPS,;nsmp = NSTEPS,	UNVERIFIED: individual Julia scenario not replayed against Rust; candidate gate is not evidence of equivalent assertions	#180/#179
S286	script-entry-or-reference-aid	examples/heisenberg_chain_fsz.jl	examples/heisenberg_chain_fsz.jl:1	crates/mvmc-core/src/run.rs::vmc_para_opt	Optimization; real/cmp/FSZ; nsteps/nsmp; direct or standard CG; grouped direct within validator; grouped CG rejected	executable bounded production mapping; independent scenario replay unverified	C trajectory/SR/input authority; Julia architecture; final optimization-window output differs from C (owner output gap)	Sampling/proposed moves/acceptance must remain exact; numerical comparisons only for computed values; no implicit rejection rollback claim	E0 scenario-to-production mapping; proposed gate only unless result names executed record	J=8bb1b9e8ae47b1512c00b321be05664ddcac0fd1; source SHA256=20f4938e0e54db0a1860c04c403ed2b3522b8658208b14ff5e26379871979cac; C=extern/mVMC-1.3.0; independent expectation provenance must be read from named fixtures; no regeneration/run in documentation audit	cargo nextest run --locked --cargo-profile test-fast -p mvmc-core --test run_smoke --test runner_config --no-fail-fast --retries 0	nsteps = NSTEPS,;nsmp = NSTEPS,	UNVERIFIED: individual Julia scenario not replayed against Rust; candidate gate is not evidence of equivalent assertions	#180/#179
S287	script-entry-or-reference-aid	examples/heisenberg_chain_real.jl	examples/heisenberg_chain_real.jl:1	crates/mvmc-core/src/run.rs::vmc_para_opt	Optimization; real/cmp/FSZ; nsteps/nsmp; direct or standard CG; grouped direct within validator; grouped CG rejected	executable bounded production mapping; independent scenario replay unverified	C trajectory/SR/input authority; Julia architecture; final optimization-window output differs from C (owner output gap)	Sampling/proposed moves/acceptance must remain exact; numerical comparisons only for computed values; no implicit rejection rollback claim	E0 scenario-to-production mapping; proposed gate only unless result names executed record	J=8bb1b9e8ae47b1512c00b321be05664ddcac0fd1; source SHA256=077bce6c1599f73af7fa2a416a79e8fd2a5beec80c3894d2f0b8b7dee41e22f5; C=extern/mVMC-1.3.0; independent expectation provenance must be read from named fixtures; no regeneration/run in documentation audit	cargo nextest run --locked --cargo-profile test-fast -p mvmc-core --test run_smoke --test runner_config --no-fail-fast --retries 0	nsteps = NSTEPS,;nsmp = NSTEPS,	UNVERIFIED: individual Julia scenario not replayed against Rust; candidate gate is not evidence of equivalent assertions	#180/#179
S288	script-entry-or-reference-aid	examples/hubbard_chain.jl	examples/hubbard_chain.jl:1	crates/mvmc-core/src/run.rs::vmc_para_opt	Optimization; real/cmp/FSZ; nsteps/nsmp; direct or standard CG; grouped direct within validator; grouped CG rejected	executable bounded production mapping; independent scenario replay unverified	C trajectory/SR/input authority; Julia architecture; final optimization-window output differs from C (owner output gap)	Sampling/proposed moves/acceptance must remain exact; numerical comparisons only for computed values; no implicit rejection rollback claim	E0 scenario-to-production mapping; proposed gate only unless result names executed record	J=8bb1b9e8ae47b1512c00b321be05664ddcac0fd1; source SHA256=c77b3713b98986158515368d65b9e1dddd7f9ec0787d964ce84120783341cf9f; C=extern/mVMC-1.3.0; independent expectation provenance must be read from named fixtures; no regeneration/run in documentation audit	cargo nextest run --locked --cargo-profile test-fast -p mvmc-core --test run_smoke --test runner_config --no-fail-fast --retries 0	nsteps = NSTEPS,;nsmp = NSTEPS,	UNVERIFIED: individual Julia scenario not replayed against Rust; candidate gate is not evidence of equivalent assertions	#180/#179
S289	testset	@testset "Julia-mVMC C ctest-equivalent integration" begin	test/integration/ctest_equivalent.jl:95	crates/mvmc-core/src/run.rs::vmc_para_opt	Optimization; real/cmp/FSZ; nsteps/nsmp; direct or standard CG; grouped direct within validator; grouped CG rejected	executable bounded production mapping; independent scenario replay unverified	C trajectory/SR/input authority; Julia architecture; final optimization-window output differs from C (owner output gap)	Sampling/proposed moves/acceptance must remain exact; numerical comparisons only for computed values; no implicit rejection rollback claim	E0 scenario-to-production mapping; proposed gate only unless result names executed record	J=8bb1b9e8ae47b1512c00b321be05664ddcac0fd1; source SHA256=f0b05f2016ac3abe53f073f50630ca10aeb1a187f5f3a935559ae614977b4fd4; C=extern/mVMC-1.3.0; independent expectation provenance must be read from named fixtures; no regeneration/run in documentation audit	cargo nextest run --locked --cargo-profile test-fast -p mvmc-core --test run_smoke --test runner_config --no-fail-fast --retries 0	No local scalar override; inherited fixture/synthetic constructor arguments; File-wide declarations (inherited where used): # Run all supported standard models:;# Run a subset by fixture name or C model name:;# JULIA_MVMC_CTEST_MODELS=HeisenbergChain,hubbard_chain_cmp \;include(joinpath(@__DIR__, "ctest_models.jl"));const CTEST_MODEL_FILTER_ENV = "JULIA_MVMC_CTEST_MODELS";function selected_ctest_models();raw_filter = strip(get(ENV, CTEST_MODEL_FILTER_ENV, ""));isempty(raw_filter) && return CTEST_STANDARD_MODELS;return filter(CTEST_STANDARD_MODELS) do model;model.fixture in requested || model.c_model in requested;function effective_counts(model, namelist::AbstractString);nsteps = model.nsteps_override === nothing ?;Int(model.nsteps_override);nsmp = model.nsmp_override === nothing ?;Int(model.nsmp_override);return (nsteps = nsteps, nsmp = nsmp);function run_ctest_model(model);refdir = joinpath(@__DIR__, "reference", model.fixture);@assert isfile(namelist) "namelist.def missing for $(model.fixture)";@assert isfile(ref_mean_path) "ref_mean.dat missing for $(model.fixture)";@assert isfile(ref_std_path) "ref_std.dat missing for $(model.fixture)";counts = effective_counts(model, namelist);nsteps = counts.nsteps,;nsmp = counts.nsmp,;mode = model.mode,;nsteps = counts.nsteps,;nsmp = counts.nsmp,;models = selected_ctest_models();@test !isempty(models);for model in models;@testset "$(model.fixture) ($(model.c_model), $(model.mode))" begin;run = run_ctest_model(model);@test run.result.effective_nsteps == run.nsteps;@test run.result.effective_nsmp == run.nsmp;@info "ctest comparison failed" fixture=model.fixture column=idx calculated expected sigma diff=abs(calculated - expected)	UNVERIFIED: individual Julia scenario not replayed against Rust; candidate gate is not evidence of equivalent assertions	#180/#179
S290	testset	@testset "$(model.fixture) ($(model.c_model), $(model.mode))" begin	test/integration/ctest_equivalent.jl:100	crates/mvmc-core/src/run.rs::vmc_para_opt	Optimization; real/cmp/FSZ; nsteps/nsmp; direct or standard CG; grouped direct within validator; grouped CG rejected	executable bounded production mapping; independent scenario replay unverified	C trajectory/SR/input authority; Julia architecture; final optimization-window output differs from C (owner output gap)	Sampling/proposed moves/acceptance must remain exact; numerical comparisons only for computed values; no implicit rejection rollback claim	E0 scenario-to-production mapping; proposed gate only unless result names executed record	J=8bb1b9e8ae47b1512c00b321be05664ddcac0fd1; source SHA256=f0b05f2016ac3abe53f073f50630ca10aeb1a187f5f3a935559ae614977b4fd4; C=extern/mVMC-1.3.0; independent expectation provenance must be read from named fixtures; no regeneration/run in documentation audit	cargo nextest run --locked --cargo-profile test-fast -p mvmc-core --test run_smoke --test runner_config --no-fail-fast --retries 0	No local scalar override; inherited fixture/synthetic constructor arguments; File-wide declarations (inherited where used): # Run all supported standard models:;# Run a subset by fixture name or C model name:;# JULIA_MVMC_CTEST_MODELS=HeisenbergChain,hubbard_chain_cmp \;include(joinpath(@__DIR__, "ctest_models.jl"));const CTEST_MODEL_FILTER_ENV = "JULIA_MVMC_CTEST_MODELS";function selected_ctest_models();raw_filter = strip(get(ENV, CTEST_MODEL_FILTER_ENV, ""));isempty(raw_filter) && return CTEST_STANDARD_MODELS;return filter(CTEST_STANDARD_MODELS) do model;model.fixture in requested || model.c_model in requested;function effective_counts(model, namelist::AbstractString);nsteps = model.nsteps_override === nothing ?;Int(model.nsteps_override);nsmp = model.nsmp_override === nothing ?;Int(model.nsmp_override);return (nsteps = nsteps, nsmp = nsmp);function run_ctest_model(model);refdir = joinpath(@__DIR__, "reference", model.fixture);@assert isfile(namelist) "namelist.def missing for $(model.fixture)";@assert isfile(ref_mean_path) "ref_mean.dat missing for $(model.fixture)";@assert isfile(ref_std_path) "ref_std.dat missing for $(model.fixture)";counts = effective_counts(model, namelist);nsteps = counts.nsteps,;nsmp = counts.nsmp,;mode = model.mode,;nsteps = counts.nsteps,;nsmp = counts.nsmp,;models = selected_ctest_models();@test !isempty(models);for model in models;@testset "$(model.fixture) ($(model.c_model), $(model.mode))" begin;run = run_ctest_model(model);@test run.result.effective_nsteps == run.nsteps;@test run.result.effective_nsmp == run.nsmp;@info "ctest comparison failed" fixture=model.fixture column=idx calculated expected sigma diff=abs(calculated - expected)	UNVERIFIED: individual Julia scenario not replayed against Rust; candidate gate is not evidence of equivalent assertions	#180/#179
S291	assertion-outside-testset-or-worker	@assert isfile(namelist) "namelist.def missing for $(model.fixture)"	test/integration/ctest_equivalent.jl:74	crates/mvmc-core/src/run.rs::vmc_para_opt	Optimization; real/cmp/FSZ; nsteps/nsmp; direct or standard CG; grouped direct within validator; grouped CG rejected	executable bounded production mapping; independent scenario replay unverified	C trajectory/SR/input authority; Julia architecture; final optimization-window output differs from C (owner output gap)	Validation/load failure before init/output unless title targets callback/output/SR; state/RNG/files boundary must be asserted by candidate gate; current collective callbacks fail after completed sample, not rollback	E0 scenario-to-production mapping; proposed gate only unless result names executed record	J=8bb1b9e8ae47b1512c00b321be05664ddcac0fd1; source SHA256=f0b05f2016ac3abe53f073f50630ca10aeb1a187f5f3a935559ae614977b4fd4; C=extern/mVMC-1.3.0; independent expectation provenance must be read from named fixtures; no regeneration/run in documentation audit	cargo nextest run --locked --cargo-profile test-fast -p mvmc-core --test run_smoke --test runner_config --no-fail-fast --retries 0	# Run all supported standard models:;# Run a subset by fixture name or C model name:;# JULIA_MVMC_CTEST_MODELS=HeisenbergChain,hubbard_chain_cmp \;include(joinpath(@__DIR__, "ctest_models.jl"));const CTEST_MODEL_FILTER_ENV = "JULIA_MVMC_CTEST_MODELS";function selected_ctest_models();raw_filter = strip(get(ENV, CTEST_MODEL_FILTER_ENV, ""));isempty(raw_filter) && return CTEST_STANDARD_MODELS;return filter(CTEST_STANDARD_MODELS) do model;model.fixture in requested || model.c_model in requested;function effective_counts(model, namelist::AbstractString);nsteps = model.nsteps_override === nothing ?;Int(model.nsteps_override);nsmp = model.nsmp_override === nothing ?;Int(model.nsmp_override);return (nsteps = nsteps, nsmp = nsmp);function run_ctest_model(model);refdir = joinpath(@__DIR__, "reference", model.fixture);@assert isfile(namelist) "namelist.def missing for $(model.fixture)";@assert isfile(ref_mean_path) "ref_mean.dat missing for $(model.fixture)";@assert isfile(ref_std_path) "ref_std.dat missing for $(model.fixture)";counts = effective_counts(model, namelist);nsteps = counts.nsteps,;nsmp = counts.nsmp,;mode = model.mode,;nsteps = counts.nsteps,;nsmp = counts.nsmp,;models = selected_ctest_models();@test !isempty(models);for model in models;@testset "$(model.fixture) ($(model.c_model), $(model.mode))" begin;run = run_ctest_model(model);@test run.result.effective_nsteps == run.nsteps;@test run.result.effective_nsmp == run.nsmp;@info "ctest comparison failed" fixture=model.fixture column=idx calculated expected sigma diff=abs(calculated - expected)	UNVERIFIED: individual Julia scenario not replayed against Rust; candidate gate is not evidence of equivalent assertions	#180/#179
S292	assertion-outside-testset-or-worker	@assert isfile(ref_mean_path) "ref_mean.dat missing for $(model.fixture)"	test/integration/ctest_equivalent.jl:75	crates/mvmc-core/src/run.rs::vmc_para_opt	Optimization; real/cmp/FSZ; nsteps/nsmp; direct or standard CG; grouped direct within validator; grouped CG rejected	executable bounded production mapping; independent scenario replay unverified	C trajectory/SR/input authority; Julia architecture; final optimization-window output differs from C (owner output gap)	Validation/load failure before init/output unless title targets callback/output/SR; state/RNG/files boundary must be asserted by candidate gate; current collective callbacks fail after completed sample, not rollback	E0 scenario-to-production mapping; proposed gate only unless result names executed record	J=8bb1b9e8ae47b1512c00b321be05664ddcac0fd1; source SHA256=f0b05f2016ac3abe53f073f50630ca10aeb1a187f5f3a935559ae614977b4fd4; C=extern/mVMC-1.3.0; independent expectation provenance must be read from named fixtures; no regeneration/run in documentation audit	cargo nextest run --locked --cargo-profile test-fast -p mvmc-core --test run_smoke --test runner_config --no-fail-fast --retries 0	# Run all supported standard models:;# Run a subset by fixture name or C model name:;# JULIA_MVMC_CTEST_MODELS=HeisenbergChain,hubbard_chain_cmp \;include(joinpath(@__DIR__, "ctest_models.jl"));const CTEST_MODEL_FILTER_ENV = "JULIA_MVMC_CTEST_MODELS";function selected_ctest_models();raw_filter = strip(get(ENV, CTEST_MODEL_FILTER_ENV, ""));isempty(raw_filter) && return CTEST_STANDARD_MODELS;return filter(CTEST_STANDARD_MODELS) do model;model.fixture in requested || model.c_model in requested;function effective_counts(model, namelist::AbstractString);nsteps = model.nsteps_override === nothing ?;Int(model.nsteps_override);nsmp = model.nsmp_override === nothing ?;Int(model.nsmp_override);return (nsteps = nsteps, nsmp = nsmp);function run_ctest_model(model);refdir = joinpath(@__DIR__, "reference", model.fixture);@assert isfile(namelist) "namelist.def missing for $(model.fixture)";@assert isfile(ref_mean_path) "ref_mean.dat missing for $(model.fixture)";@assert isfile(ref_std_path) "ref_std.dat missing for $(model.fixture)";counts = effective_counts(model, namelist);nsteps = counts.nsteps,;nsmp = counts.nsmp,;mode = model.mode,;nsteps = counts.nsteps,;nsmp = counts.nsmp,;models = selected_ctest_models();@test !isempty(models);for model in models;@testset "$(model.fixture) ($(model.c_model), $(model.mode))" begin;run = run_ctest_model(model);@test run.result.effective_nsteps == run.nsteps;@test run.result.effective_nsmp == run.nsmp;@info "ctest comparison failed" fixture=model.fixture column=idx calculated expected sigma diff=abs(calculated - expected)	UNVERIFIED: individual Julia scenario not replayed against Rust; candidate gate is not evidence of equivalent assertions	#180/#179
S293	assertion-outside-testset-or-worker	@assert isfile(ref_std_path) "ref_std.dat missing for $(model.fixture)"	test/integration/ctest_equivalent.jl:76	crates/mvmc-core/src/run.rs::vmc_para_opt	Optimization; real/cmp/FSZ; nsteps/nsmp; direct or standard CG; grouped direct within validator; grouped CG rejected	executable bounded production mapping; independent scenario replay unverified	C trajectory/SR/input authority; Julia architecture; final optimization-window output differs from C (owner output gap)	Validation/load failure before init/output unless title targets callback/output/SR; state/RNG/files boundary must be asserted by candidate gate; current collective callbacks fail after completed sample, not rollback	E0 scenario-to-production mapping; proposed gate only unless result names executed record	J=8bb1b9e8ae47b1512c00b321be05664ddcac0fd1; source SHA256=f0b05f2016ac3abe53f073f50630ca10aeb1a187f5f3a935559ae614977b4fd4; C=extern/mVMC-1.3.0; independent expectation provenance must be read from named fixtures; no regeneration/run in documentation audit	cargo nextest run --locked --cargo-profile test-fast -p mvmc-core --test run_smoke --test runner_config --no-fail-fast --retries 0	# Run all supported standard models:;# Run a subset by fixture name or C model name:;# JULIA_MVMC_CTEST_MODELS=HeisenbergChain,hubbard_chain_cmp \;include(joinpath(@__DIR__, "ctest_models.jl"));const CTEST_MODEL_FILTER_ENV = "JULIA_MVMC_CTEST_MODELS";function selected_ctest_models();raw_filter = strip(get(ENV, CTEST_MODEL_FILTER_ENV, ""));isempty(raw_filter) && return CTEST_STANDARD_MODELS;return filter(CTEST_STANDARD_MODELS) do model;model.fixture in requested || model.c_model in requested;function effective_counts(model, namelist::AbstractString);nsteps = model.nsteps_override === nothing ?;Int(model.nsteps_override);nsmp = model.nsmp_override === nothing ?;Int(model.nsmp_override);return (nsteps = nsteps, nsmp = nsmp);function run_ctest_model(model);refdir = joinpath(@__DIR__, "reference", model.fixture);@assert isfile(namelist) "namelist.def missing for $(model.fixture)";@assert isfile(ref_mean_path) "ref_mean.dat missing for $(model.fixture)";@assert isfile(ref_std_path) "ref_std.dat missing for $(model.fixture)";counts = effective_counts(model, namelist);nsteps = counts.nsteps,;nsmp = counts.nsmp,;mode = model.mode,;nsteps = counts.nsteps,;nsmp = counts.nsmp,;models = selected_ctest_models();@test !isempty(models);for model in models;@testset "$(model.fixture) ($(model.c_model), $(model.mode))" begin;run = run_ctest_model(model);@test run.result.effective_nsteps == run.nsteps;@test run.result.effective_nsmp == run.nsmp;@info "ctest comparison failed" fixture=model.fixture column=idx calculated expected sigma diff=abs(calculated - expected)	UNVERIFIED: individual Julia scenario not replayed against Rust; candidate gate is not evidence of equivalent assertions	#180/#179
S294	script-entry-or-reference-aid	test/integration/ctest_models.jl	test/integration/ctest_models.jl:1	crates/mvmc-core/src/run.rs::vmc_para_opt	Optimization; real/cmp/FSZ; nsteps/nsmp; direct or standard CG; grouped direct within validator; grouped CG rejected	executable bounded production mapping; independent scenario replay unverified	C trajectory/SR/input authority; Julia architecture; final optimization-window output differs from C (owner output gap)	Sampling/proposed moves/acceptance must remain exact; numerical comparisons only for computed values; no implicit rejection rollback claim	E0 scenario-to-production mapping; proposed gate only unless result names executed record	J=8bb1b9e8ae47b1512c00b321be05664ddcac0fd1; source SHA256=00970ce856d6cde420fd5e6b33dd3f781118fd35952a1bb97880e041d5612d84; C=extern/mVMC-1.3.0; independent expectation provenance must be read from named fixtures; no regeneration/run in documentation audit	cargo nextest run --locked --cargo-profile test-fast -p mvmc-core --test run_smoke --test runner_config --no-fail-fast --retries 0	# C-mVMC ctest models supported by the Julia ctest-equivalent runner.;# `c_model` is the C-mVMC `runtest.py <ModelName>` argument.;# The 2 deferred models complete the private 15-model set, but need additional;# - SpinChainLanczos, HubbardChainLanczos: mode1/Lanczos output path.;const CTEST_STANDARD_MODELS = [;c_model = "HeisenbergChain",;nsteps_override = nothing,;nsmp_override = nothing,;c_model = "HubbardChain",;nsteps_override = nothing,;nsmp_override = nothing,;c_model = "HubbardTetragonal",;nsteps_override = nothing,;nsmp_override = nothing,;c_model = "HubbardTetragonal_MomentumProjection",;nsteps_override = nothing,;nsmp_override = nothing,;c_model = "KondoChain",;nsteps_override = nothing,;nsmp_override = nothing,;c_model = "HeisenbergChain_cmp",;nsteps_override = nothing,;nsmp_override = nothing,;c_model = "HubbardChain_cmp",;nsteps_override = nothing,;nsmp_override = nothing,;c_model = "KondoChain_cmp",;nsteps_override = nothing,;nsmp_override = nothing,;c_model = "KondoChain_Stot1_cmp",;nsteps_override = nothing,;nsmp_override = nothing,;c_model = "GeneralRBM_cmp",;nsteps_override = nothing,;nsmp_override = nothing,;c_model = "HeisenbergChain_fsz",;nsteps_override = nothing,;nsmp_override = nothing,;c_model = "HubbardChain_fsz",;nsteps_override = nothing,	UNVERIFIED: individual Julia scenario not replayed against Rust; candidate gate is not evidence of equivalent assertions	#180/#179
S295	testset	@testset "Julia-mVMC Full Lanczos PhysCal e2e (C reference)" begin	test/integration/lanczos_equivalent.jl:132	crates/mvmc-core/src/observables.rs::calculate_lanczos_green	PhysCal normal mode1/2 only; FSZ/grouped/spin-changing rejected; all InterAll work excluded	executable bounded production mapping; independent scenario replay unverified	C non-InterAll Hamiltonian/QQQQ/QCAQ flattening/output; Julia-deferred para-opt wrapper does not exclude PhysCal	Sampling/proposed moves/acceptance must remain exact; numerical comparisons only for computed values; no implicit rejection rollback claim	E0 scenario-to-production mapping; proposed gate only unless result names executed record	J=8bb1b9e8ae47b1512c00b321be05664ddcac0fd1; source SHA256=d265cc15f60a68c89262afb0b8c53dab81153278d21c6e29b6abb2d9fce91e09; C=extern/mVMC-1.3.0; independent expectation provenance must be read from named fixtures; no regeneration/run in documentation audit	MVMC_RS_LANCZOS_PHYSICAL=1 cargo nextest run --locked --cargo-profile test-fast -p mvmc-core --test lanczos_transfer_physcal --run-ignored only --no-fail-fast --retries 0	No local scalar override; inherited fixture/synthetic constructor arguments; File-wide declarations (inherited where used): # Julia-mVMC Full Lanczos PhysCal end-to-end integration gate.;# NLanczosMode=2 into a fresh tempdir, and;# 3. compares the produced Lanczos files against committed C-mVMC references:;# Run a subset (by fixture dir name or C model name):;# JULIA_MVMC_LANCZOS_MODELS=hubbard_chain_lanczos \;const LANCZOS_MODEL_FILTER_ENV = "JULIA_MVMC_LANCZOS_MODELS";const LANCZOS_MODELS = [;c_model = "HubbardChainLanczos",;c_model = "SpinChainLanczos",;c_model = "HubbardChain",;function selected_lanczos_models();raw = strip(get(ENV, LANCZOS_MODEL_FILTER_ENV, ""));isempty(raw) && return LANCZOS_MODELS;return filter(LANCZOS_MODELS) do model;model.fixture in requested || model.c_model in requested;function run_lanczos_model(model);refdir = joinpath(@__DIR__, "reference", model.fixture, "physcal_ref");@assert isfile(namelist) "Lanczos namelist.def missing for $(model.fixture)";@assert isfile(opt_para) "Lanczos zqp_opt.dat missing for $(model.fixture)";@assert isdir(expected) "Lanczos expected/ missing for $(model.fixture)";namelist; opt_para = opt_para, mode = model.mode, output_dir = dir,;@test result.n_para_consumed == model.n_para;if model.has_two_body_ex;@testset "Julia-mVMC Full Lanczos PhysCal e2e (C reference)" begin;models = selected_lanczos_models();@test !isempty(models);for model in models;@testset "$(model.fixture) ($(model.c_model), $(model.mode))" begin;run_lanczos_model(model)	UNVERIFIED: individual Julia scenario not replayed against Rust; candidate gate is not evidence of equivalent assertions	#181/#178
S296	testset	@testset "$(model.fixture) ($(model.c_model), $(model.mode))" begin	test/integration/lanczos_equivalent.jl:137	crates/mvmc-core/src/observables.rs::calculate_lanczos_green	PhysCal normal mode1/2 only; FSZ/grouped/spin-changing rejected; all InterAll work excluded	executable bounded production mapping; independent scenario replay unverified	C non-InterAll Hamiltonian/QQQQ/QCAQ flattening/output; Julia-deferred para-opt wrapper does not exclude PhysCal	Sampling/proposed moves/acceptance must remain exact; numerical comparisons only for computed values; no implicit rejection rollback claim	E0 scenario-to-production mapping; proposed gate only unless result names executed record	J=8bb1b9e8ae47b1512c00b321be05664ddcac0fd1; source SHA256=d265cc15f60a68c89262afb0b8c53dab81153278d21c6e29b6abb2d9fce91e09; C=extern/mVMC-1.3.0; independent expectation provenance must be read from named fixtures; no regeneration/run in documentation audit	MVMC_RS_LANCZOS_PHYSICAL=1 cargo nextest run --locked --cargo-profile test-fast -p mvmc-core --test lanczos_transfer_physcal --run-ignored only --no-fail-fast --retries 0	No local scalar override; inherited fixture/synthetic constructor arguments; File-wide declarations (inherited where used): # Julia-mVMC Full Lanczos PhysCal end-to-end integration gate.;# NLanczosMode=2 into a fresh tempdir, and;# 3. compares the produced Lanczos files against committed C-mVMC references:;# Run a subset (by fixture dir name or C model name):;# JULIA_MVMC_LANCZOS_MODELS=hubbard_chain_lanczos \;const LANCZOS_MODEL_FILTER_ENV = "JULIA_MVMC_LANCZOS_MODELS";const LANCZOS_MODELS = [;c_model = "HubbardChainLanczos",;c_model = "SpinChainLanczos",;c_model = "HubbardChain",;function selected_lanczos_models();raw = strip(get(ENV, LANCZOS_MODEL_FILTER_ENV, ""));isempty(raw) && return LANCZOS_MODELS;return filter(LANCZOS_MODELS) do model;model.fixture in requested || model.c_model in requested;function run_lanczos_model(model);refdir = joinpath(@__DIR__, "reference", model.fixture, "physcal_ref");@assert isfile(namelist) "Lanczos namelist.def missing for $(model.fixture)";@assert isfile(opt_para) "Lanczos zqp_opt.dat missing for $(model.fixture)";@assert isdir(expected) "Lanczos expected/ missing for $(model.fixture)";namelist; opt_para = opt_para, mode = model.mode, output_dir = dir,;@test result.n_para_consumed == model.n_para;if model.has_two_body_ex;@testset "Julia-mVMC Full Lanczos PhysCal e2e (C reference)" begin;models = selected_lanczos_models();@test !isempty(models);for model in models;@testset "$(model.fixture) ($(model.c_model), $(model.mode))" begin;run_lanczos_model(model)	UNVERIFIED: individual Julia scenario not replayed against Rust; candidate gate is not evidence of equivalent assertions	#181/#178
S297	assertion-outside-testset-or-worker	@assert isfile(namelist) "Lanczos namelist.def missing for $(model.fixture)"	test/integration/lanczos_equivalent.jl:85	crates/mvmc-core/src/observables.rs::calculate_lanczos_green	PhysCal normal mode1/2 only; FSZ/grouped/spin-changing rejected; all InterAll work excluded	executable bounded production mapping; independent scenario replay unverified	C non-InterAll Hamiltonian/QQQQ/QCAQ flattening/output; Julia-deferred para-opt wrapper does not exclude PhysCal	Validation/load failure before init/output unless title targets callback/output/SR; state/RNG/files boundary must be asserted by candidate gate; current collective callbacks fail after completed sample, not rollback	E0 scenario-to-production mapping; proposed gate only unless result names executed record	J=8bb1b9e8ae47b1512c00b321be05664ddcac0fd1; source SHA256=d265cc15f60a68c89262afb0b8c53dab81153278d21c6e29b6abb2d9fce91e09; C=extern/mVMC-1.3.0; independent expectation provenance must be read from named fixtures; no regeneration/run in documentation audit	MVMC_RS_LANCZOS_PHYSICAL=1 cargo nextest run --locked --cargo-profile test-fast -p mvmc-core --test lanczos_transfer_physcal --run-ignored only --no-fail-fast --retries 0	# Julia-mVMC Full Lanczos PhysCal end-to-end integration gate.;# NLanczosMode=2 into a fresh tempdir, and;# 3. compares the produced Lanczos files against committed C-mVMC references:;# Run a subset (by fixture dir name or C model name):;# JULIA_MVMC_LANCZOS_MODELS=hubbard_chain_lanczos \;const LANCZOS_MODEL_FILTER_ENV = "JULIA_MVMC_LANCZOS_MODELS";const LANCZOS_MODELS = [;c_model = "HubbardChainLanczos",;c_model = "SpinChainLanczos",;c_model = "HubbardChain",;function selected_lanczos_models();raw = strip(get(ENV, LANCZOS_MODEL_FILTER_ENV, ""));isempty(raw) && return LANCZOS_MODELS;return filter(LANCZOS_MODELS) do model;model.fixture in requested || model.c_model in requested;function run_lanczos_model(model);refdir = joinpath(@__DIR__, "reference", model.fixture, "physcal_ref");@assert isfile(namelist) "Lanczos namelist.def missing for $(model.fixture)";@assert isfile(opt_para) "Lanczos zqp_opt.dat missing for $(model.fixture)";@assert isdir(expected) "Lanczos expected/ missing for $(model.fixture)";namelist; opt_para = opt_para, mode = model.mode, output_dir = dir,;@test result.n_para_consumed == model.n_para;if model.has_two_body_ex;@testset "Julia-mVMC Full Lanczos PhysCal e2e (C reference)" begin;models = selected_lanczos_models();@test !isempty(models);for model in models;@testset "$(model.fixture) ($(model.c_model), $(model.mode))" begin;run_lanczos_model(model)	UNVERIFIED: individual Julia scenario not replayed against Rust; candidate gate is not evidence of equivalent assertions	#181/#178
S298	assertion-outside-testset-or-worker	@assert isfile(opt_para) "Lanczos zqp_opt.dat missing for $(model.fixture)"	test/integration/lanczos_equivalent.jl:86	crates/mvmc-core/src/observables.rs::calculate_lanczos_green	PhysCal normal mode1/2 only; FSZ/grouped/spin-changing rejected; all InterAll work excluded	executable bounded production mapping; independent scenario replay unverified	C non-InterAll Hamiltonian/QQQQ/QCAQ flattening/output; Julia-deferred para-opt wrapper does not exclude PhysCal	Validation/load failure before init/output unless title targets callback/output/SR; state/RNG/files boundary must be asserted by candidate gate; current collective callbacks fail after completed sample, not rollback	E0 scenario-to-production mapping; proposed gate only unless result names executed record	J=8bb1b9e8ae47b1512c00b321be05664ddcac0fd1; source SHA256=d265cc15f60a68c89262afb0b8c53dab81153278d21c6e29b6abb2d9fce91e09; C=extern/mVMC-1.3.0; independent expectation provenance must be read from named fixtures; no regeneration/run in documentation audit	MVMC_RS_LANCZOS_PHYSICAL=1 cargo nextest run --locked --cargo-profile test-fast -p mvmc-core --test lanczos_transfer_physcal --run-ignored only --no-fail-fast --retries 0	# Julia-mVMC Full Lanczos PhysCal end-to-end integration gate.;# NLanczosMode=2 into a fresh tempdir, and;# 3. compares the produced Lanczos files against committed C-mVMC references:;# Run a subset (by fixture dir name or C model name):;# JULIA_MVMC_LANCZOS_MODELS=hubbard_chain_lanczos \;const LANCZOS_MODEL_FILTER_ENV = "JULIA_MVMC_LANCZOS_MODELS";const LANCZOS_MODELS = [;c_model = "HubbardChainLanczos",;c_model = "SpinChainLanczos",;c_model = "HubbardChain",;function selected_lanczos_models();raw = strip(get(ENV, LANCZOS_MODEL_FILTER_ENV, ""));isempty(raw) && return LANCZOS_MODELS;return filter(LANCZOS_MODELS) do model;model.fixture in requested || model.c_model in requested;function run_lanczos_model(model);refdir = joinpath(@__DIR__, "reference", model.fixture, "physcal_ref");@assert isfile(namelist) "Lanczos namelist.def missing for $(model.fixture)";@assert isfile(opt_para) "Lanczos zqp_opt.dat missing for $(model.fixture)";@assert isdir(expected) "Lanczos expected/ missing for $(model.fixture)";namelist; opt_para = opt_para, mode = model.mode, output_dir = dir,;@test result.n_para_consumed == model.n_para;if model.has_two_body_ex;@testset "Julia-mVMC Full Lanczos PhysCal e2e (C reference)" begin;models = selected_lanczos_models();@test !isempty(models);for model in models;@testset "$(model.fixture) ($(model.c_model), $(model.mode))" begin;run_lanczos_model(model)	UNVERIFIED: individual Julia scenario not replayed against Rust; candidate gate is not evidence of equivalent assertions	#181/#178
S299	assertion-outside-testset-or-worker	@assert isdir(expected) "Lanczos expected/ missing for $(model.fixture)"	test/integration/lanczos_equivalent.jl:87	crates/mvmc-core/src/observables.rs::calculate_lanczos_green	PhysCal normal mode1/2 only; FSZ/grouped/spin-changing rejected; all InterAll work excluded	executable bounded production mapping; independent scenario replay unverified	C non-InterAll Hamiltonian/QQQQ/QCAQ flattening/output; Julia-deferred para-opt wrapper does not exclude PhysCal	Validation/load failure before init/output unless title targets callback/output/SR; state/RNG/files boundary must be asserted by candidate gate; current collective callbacks fail after completed sample, not rollback	E0 scenario-to-production mapping; proposed gate only unless result names executed record	J=8bb1b9e8ae47b1512c00b321be05664ddcac0fd1; source SHA256=d265cc15f60a68c89262afb0b8c53dab81153278d21c6e29b6abb2d9fce91e09; C=extern/mVMC-1.3.0; independent expectation provenance must be read from named fixtures; no regeneration/run in documentation audit	MVMC_RS_LANCZOS_PHYSICAL=1 cargo nextest run --locked --cargo-profile test-fast -p mvmc-core --test lanczos_transfer_physcal --run-ignored only --no-fail-fast --retries 0	# Julia-mVMC Full Lanczos PhysCal end-to-end integration gate.;# NLanczosMode=2 into a fresh tempdir, and;# 3. compares the produced Lanczos files against committed C-mVMC references:;# Run a subset (by fixture dir name or C model name):;# JULIA_MVMC_LANCZOS_MODELS=hubbard_chain_lanczos \;const LANCZOS_MODEL_FILTER_ENV = "JULIA_MVMC_LANCZOS_MODELS";const LANCZOS_MODELS = [;c_model = "HubbardChainLanczos",;c_model = "SpinChainLanczos",;c_model = "HubbardChain",;function selected_lanczos_models();raw = strip(get(ENV, LANCZOS_MODEL_FILTER_ENV, ""));isempty(raw) && return LANCZOS_MODELS;return filter(LANCZOS_MODELS) do model;model.fixture in requested || model.c_model in requested;function run_lanczos_model(model);refdir = joinpath(@__DIR__, "reference", model.fixture, "physcal_ref");@assert isfile(namelist) "Lanczos namelist.def missing for $(model.fixture)";@assert isfile(opt_para) "Lanczos zqp_opt.dat missing for $(model.fixture)";@assert isdir(expected) "Lanczos expected/ missing for $(model.fixture)";namelist; opt_para = opt_para, mode = model.mode, output_dir = dir,;@test result.n_para_consumed == model.n_para;if model.has_two_body_ex;@testset "Julia-mVMC Full Lanczos PhysCal e2e (C reference)" begin;models = selected_lanczos_models();@test !isempty(models);for model in models;@testset "$(model.fixture) ($(model.c_model), $(model.mode))" begin;run_lanczos_model(model)	UNVERIFIED: individual Julia scenario not replayed against Rust; candidate gate is not evidence of equivalent assertions	#181/#178
S300	testset	@testset "Julia-mVMC PairHop e2e (C reference)" begin	test/integration/pairhop_equivalent.jl:44	crates/mvmc-core/src/run.rs::vmc_para_opt	Optimization; real/cmp/FSZ; nsteps/nsmp; direct or standard CG; grouped direct within validator; grouped CG rejected	executable bounded production mapping; independent scenario replay unverified	C trajectory/SR/input authority; Julia architecture; final optimization-window output differs from C (owner output gap)	Sampling/proposed moves/acceptance must remain exact; numerical comparisons only for computed values; no implicit rejection rollback claim	E0 scenario-to-production mapping; proposed gate only unless result names executed record	J=8bb1b9e8ae47b1512c00b321be05664ddcac0fd1; source SHA256=18c5d366437752b0dadce4a762e315c0637426165476dcf8cc5fc531d08a70f8; C=extern/mVMC-1.3.0; independent expectation provenance must be read from named fixtures; no regeneration/run in documentation audit	cargo nextest run --locked --cargo-profile test-fast -p mvmc-core --test run_smoke --test runner_config --no-fail-fast --retries 0	No local scalar override; inherited fixture/synthetic constructor arguments; File-wide declarations (inherited where used): const PAIRHOP_MODELS = [;function run_pairhop_model(model);refdir = joinpath(@__DIR__, "reference", model.fixture);@assert isfile(namelist) "namelist.def missing for $(model.fixture)";@assert isfile(refpath) "zvo_out_first1.dat missing for $(model.fixture)";nsteps = 1,;nsmp = 1,;mode = model.mode,;for model in PAIRHOP_MODELS;@testset "$(model.fixture) ($(model.mode))" begin;run = run_pairhop_model(model)	UNVERIFIED: individual Julia scenario not replayed against Rust; candidate gate is not evidence of equivalent assertions	#180/#179
S301	testset	@testset "$(model.fixture) ($(model.mode))" begin	test/integration/pairhop_equivalent.jl:46	crates/mvmc-core/src/run.rs::vmc_para_opt	Optimization; real/cmp/FSZ; nsteps/nsmp; direct or standard CG; grouped direct within validator; grouped CG rejected	executable bounded production mapping; independent scenario replay unverified	C trajectory/SR/input authority; Julia architecture; final optimization-window output differs from C (owner output gap)	Sampling/proposed moves/acceptance must remain exact; numerical comparisons only for computed values; no implicit rejection rollback claim	E0 scenario-to-production mapping; proposed gate only unless result names executed record	J=8bb1b9e8ae47b1512c00b321be05664ddcac0fd1; source SHA256=18c5d366437752b0dadce4a762e315c0637426165476dcf8cc5fc531d08a70f8; C=extern/mVMC-1.3.0; independent expectation provenance must be read from named fixtures; no regeneration/run in documentation audit	cargo nextest run --locked --cargo-profile test-fast -p mvmc-core --test run_smoke --test runner_config --no-fail-fast --retries 0	No local scalar override; inherited fixture/synthetic constructor arguments; File-wide declarations (inherited where used): const PAIRHOP_MODELS = [;function run_pairhop_model(model);refdir = joinpath(@__DIR__, "reference", model.fixture);@assert isfile(namelist) "namelist.def missing for $(model.fixture)";@assert isfile(refpath) "zvo_out_first1.dat missing for $(model.fixture)";nsteps = 1,;nsmp = 1,;mode = model.mode,;for model in PAIRHOP_MODELS;@testset "$(model.fixture) ($(model.mode))" begin;run = run_pairhop_model(model)	UNVERIFIED: individual Julia scenario not replayed against Rust; candidate gate is not evidence of equivalent assertions	#180/#179
S302	assertion-outside-testset-or-worker	@assert isfile(namelist) "namelist.def missing for $(model.fixture)"	test/integration/pairhop_equivalent.jl:30	crates/mvmc-core/src/run.rs::vmc_para_opt	Optimization; real/cmp/FSZ; nsteps/nsmp; direct or standard CG; grouped direct within validator; grouped CG rejected	executable bounded production mapping; independent scenario replay unverified	C trajectory/SR/input authority; Julia architecture; final optimization-window output differs from C (owner output gap)	Validation/load failure before init/output unless title targets callback/output/SR; state/RNG/files boundary must be asserted by candidate gate; current collective callbacks fail after completed sample, not rollback	E0 scenario-to-production mapping; proposed gate only unless result names executed record	J=8bb1b9e8ae47b1512c00b321be05664ddcac0fd1; source SHA256=18c5d366437752b0dadce4a762e315c0637426165476dcf8cc5fc531d08a70f8; C=extern/mVMC-1.3.0; independent expectation provenance must be read from named fixtures; no regeneration/run in documentation audit	cargo nextest run --locked --cargo-profile test-fast -p mvmc-core --test run_smoke --test runner_config --no-fail-fast --retries 0	const PAIRHOP_MODELS = [;function run_pairhop_model(model);refdir = joinpath(@__DIR__, "reference", model.fixture);@assert isfile(namelist) "namelist.def missing for $(model.fixture)";@assert isfile(refpath) "zvo_out_first1.dat missing for $(model.fixture)";nsteps = 1,;nsmp = 1,;mode = model.mode,;for model in PAIRHOP_MODELS;@testset "$(model.fixture) ($(model.mode))" begin;run = run_pairhop_model(model)	UNVERIFIED: individual Julia scenario not replayed against Rust; candidate gate is not evidence of equivalent assertions	#180/#179
S303	assertion-outside-testset-or-worker	@assert isfile(refpath) "zvo_out_first1.dat missing for $(model.fixture)"	test/integration/pairhop_equivalent.jl:31	crates/mvmc-core/src/run.rs::vmc_para_opt	Optimization; real/cmp/FSZ; nsteps/nsmp; direct or standard CG; grouped direct within validator; grouped CG rejected	executable bounded production mapping; independent scenario replay unverified	C trajectory/SR/input authority; Julia architecture; final optimization-window output differs from C (owner output gap)	Validation/load failure before init/output unless title targets callback/output/SR; state/RNG/files boundary must be asserted by candidate gate; current collective callbacks fail after completed sample, not rollback	E0 scenario-to-production mapping; proposed gate only unless result names executed record	J=8bb1b9e8ae47b1512c00b321be05664ddcac0fd1; source SHA256=18c5d366437752b0dadce4a762e315c0637426165476dcf8cc5fc531d08a70f8; C=extern/mVMC-1.3.0; independent expectation provenance must be read from named fixtures; no regeneration/run in documentation audit	cargo nextest run --locked --cargo-profile test-fast -p mvmc-core --test run_smoke --test runner_config --no-fail-fast --retries 0	const PAIRHOP_MODELS = [;function run_pairhop_model(model);refdir = joinpath(@__DIR__, "reference", model.fixture);@assert isfile(namelist) "namelist.def missing for $(model.fixture)";@assert isfile(refpath) "zvo_out_first1.dat missing for $(model.fixture)";nsteps = 1,;nsmp = 1,;mode = model.mode,;for model in PAIRHOP_MODELS;@testset "$(model.fixture) ($(model.mode))" begin;run = run_pairhop_model(model)	UNVERIFIED: individual Julia scenario not replayed against Rust; candidate gate is not evidence of equivalent assertions	#180/#179
S304	testset	@testset "Julia-mVMC PhysCal e2e (C reference)" begin	test/integration/phys_cal_equivalent.jl:116	crates/mvmc-core/src/run.rs::vmc_phys_cal_with_reducer_and_callback; crates/mvmc-core/src/run.rs::vmc_phys_cal_in_place (single borrowed production core; retains state/RNG on Err)	--physcal PATH; serial normal/FSZ; grouped normal Green accepted; grouped FSZ/Lanczos/OptTrans multi-sector rejected; callback library-only	executable bounded production mapping; independent scenario replay unverified	C fixed restore and indexed output authoritative; Julia shared out/var lifecycle differs; factored pairs single ordered row; Goodall owns io.rs repair	Sampling/proposed moves/acceptance must remain exact; numerical comparisons only for computed values; no implicit rejection rollback claim	E0 scenario-to-production mapping; proposed gate only unless result names executed record	J=8bb1b9e8ae47b1512c00b321be05664ddcac0fd1; source SHA256=d08a09d36b8673aabbd95bfe95165c2da5e1d3434d5292366ebf887235068e44; C=extern/mVMC-1.3.0; independent expectation provenance must be read from named fixtures; no regeneration/run in documentation audit	MVMC_RS_PHYSCAL_181=1 cargo nextest run --locked --cargo-profile test-fast -p mvmc-core --test physcal_issue181 --run-ignored only --no-fail-fast --retries 0	No local scalar override; inherited fixture/synthetic constructor arguments; File-wide declarations (inherited where used): # Run a subset (by fixture dir name or C model name):;# JULIA_MVMC_PHYS_CAL_MODELS=hubbard_chain_real \;const PHYS_CAL_MODEL_FILTER_ENV = "JULIA_MVMC_PHYS_CAL_MODELS";const PHYS_CAL_MODELS = [;(fixture = "heisenberg_chain_real", c_model = "HeisenbergChain", mode = :real, n_para = 14),;(fixture = "heisenberg_chain_cmp", c_model = "HeisenbergChain_cmp", mode = :cmp, n_para = 14),;(fixture = "heisenberg_chain_fsz", c_model = "HeisenbergChain_fsz", mode = :fsz, n_para = 24),;(fixture = "hubbard_chain_real", c_model = "HubbardChain", mode = :real, n_para = 19),;(fixture = "hubbard_chain_dh_real", c_model = "HubbardChain_DH", mode = :real, n_para = 35),;(fixture = "kondo_chain_real", c_model = "KondoChain", mode = :real, n_para = 76),;function selected_phys_cal_models();raw = strip(get(ENV, PHYS_CAL_MODEL_FILTER_ENV, ""));isempty(raw) && return PHYS_CAL_MODELS;return filter(PHYS_CAL_MODELS) do model;model.fixture in requested || model.c_model in requested;# The single `<prefix>_NNN.dat` produced for a one-sample run (NDataQtySmp=1).;function run_phys_cal_model(model);refdir = joinpath(@__DIR__, "reference", model.fixture, "physcal_ref");@assert isfile(namelist) "physcal namelist.def missing for $(model.fixture)";@assert isfile(opt_para) "physcal zqp_opt.dat missing for $(model.fixture)";@assert isdir(expected) "physcal expected/ missing for $(model.fixture)";namelist; opt_para = opt_para, mode = model.mode, output_dir = dir,;@test result.n_para_consumed == model.n_para;@info "PhysCal Green match" fixture = model.fixture quantity = label exact = r.exact fallback = r.fallback_used max_abs = r.max_abs_err n = r.n_values;@info "PhysCal Green mismatch" fixture = model.fixture quantity = label detail = r.detail;models = selected_phys_cal_models();@test !isempty(models);for model in models;@testset "$(model.fixture) ($(model.c_model), $(model.mode))" begin;run_phys_cal_model(model)	UNVERIFIED: individual Julia scenario not replayed against Rust; candidate gate is not evidence of equivalent assertions	#174/#175/#178/#181/#179
S305	testset	@testset "$(model.fixture) ($(model.c_model), $(model.mode))" begin	test/integration/phys_cal_equivalent.jl:121	crates/mvmc-core/src/run.rs::vmc_phys_cal_with_reducer_and_callback; crates/mvmc-core/src/run.rs::vmc_phys_cal_in_place (single borrowed production core; retains state/RNG on Err)	--physcal PATH; serial normal/FSZ; grouped normal Green accepted; grouped FSZ/Lanczos/OptTrans multi-sector rejected; callback library-only	executable bounded production mapping; independent scenario replay unverified	C fixed restore and indexed output authoritative; Julia shared out/var lifecycle differs; factored pairs single ordered row; Goodall owns io.rs repair	Sampling/proposed moves/acceptance must remain exact; numerical comparisons only for computed values; no implicit rejection rollback claim	E0 scenario-to-production mapping; proposed gate only unless result names executed record	J=8bb1b9e8ae47b1512c00b321be05664ddcac0fd1; source SHA256=d08a09d36b8673aabbd95bfe95165c2da5e1d3434d5292366ebf887235068e44; C=extern/mVMC-1.3.0; independent expectation provenance must be read from named fixtures; no regeneration/run in documentation audit	MVMC_RS_PHYSCAL_181=1 cargo nextest run --locked --cargo-profile test-fast -p mvmc-core --test physcal_issue181 --run-ignored only --no-fail-fast --retries 0	No local scalar override; inherited fixture/synthetic constructor arguments; File-wide declarations (inherited where used): # Run a subset (by fixture dir name or C model name):;# JULIA_MVMC_PHYS_CAL_MODELS=hubbard_chain_real \;const PHYS_CAL_MODEL_FILTER_ENV = "JULIA_MVMC_PHYS_CAL_MODELS";const PHYS_CAL_MODELS = [;(fixture = "heisenberg_chain_real", c_model = "HeisenbergChain", mode = :real, n_para = 14),;(fixture = "heisenberg_chain_cmp", c_model = "HeisenbergChain_cmp", mode = :cmp, n_para = 14),;(fixture = "heisenberg_chain_fsz", c_model = "HeisenbergChain_fsz", mode = :fsz, n_para = 24),;(fixture = "hubbard_chain_real", c_model = "HubbardChain", mode = :real, n_para = 19),;(fixture = "hubbard_chain_dh_real", c_model = "HubbardChain_DH", mode = :real, n_para = 35),;(fixture = "kondo_chain_real", c_model = "KondoChain", mode = :real, n_para = 76),;function selected_phys_cal_models();raw = strip(get(ENV, PHYS_CAL_MODEL_FILTER_ENV, ""));isempty(raw) && return PHYS_CAL_MODELS;return filter(PHYS_CAL_MODELS) do model;model.fixture in requested || model.c_model in requested;# The single `<prefix>_NNN.dat` produced for a one-sample run (NDataQtySmp=1).;function run_phys_cal_model(model);refdir = joinpath(@__DIR__, "reference", model.fixture, "physcal_ref");@assert isfile(namelist) "physcal namelist.def missing for $(model.fixture)";@assert isfile(opt_para) "physcal zqp_opt.dat missing for $(model.fixture)";@assert isdir(expected) "physcal expected/ missing for $(model.fixture)";namelist; opt_para = opt_para, mode = model.mode, output_dir = dir,;@test result.n_para_consumed == model.n_para;@info "PhysCal Green match" fixture = model.fixture quantity = label exact = r.exact fallback = r.fallback_used max_abs = r.max_abs_err n = r.n_values;@info "PhysCal Green mismatch" fixture = model.fixture quantity = label detail = r.detail;models = selected_phys_cal_models();@test !isempty(models);for model in models;@testset "$(model.fixture) ($(model.c_model), $(model.mode))" begin;run_phys_cal_model(model)	UNVERIFIED: individual Julia scenario not replayed against Rust; candidate gate is not evidence of equivalent assertions	#174/#175/#178/#181/#179
S306	assertion-outside-testset-or-worker	@assert isfile(namelist) "physcal namelist.def missing for $(model.fixture)"	test/integration/phys_cal_equivalent.jl:82	crates/mvmc-core/src/run.rs::vmc_phys_cal_with_reducer_and_callback; crates/mvmc-core/src/run.rs::vmc_phys_cal_in_place (single borrowed production core; retains state/RNG on Err)	--physcal PATH; serial normal/FSZ; grouped normal Green accepted; grouped FSZ/Lanczos/OptTrans multi-sector rejected; callback library-only	executable bounded production mapping; independent scenario replay unverified	C fixed restore and indexed output authoritative; Julia shared out/var lifecycle differs; factored pairs single ordered row; Goodall owns io.rs repair	Validation/load failure before init/output unless title targets callback/output/SR; state/RNG/files boundary must be asserted by candidate gate; current collective callbacks fail after completed sample, not rollback	E0 scenario-to-production mapping; proposed gate only unless result names executed record	J=8bb1b9e8ae47b1512c00b321be05664ddcac0fd1; source SHA256=d08a09d36b8673aabbd95bfe95165c2da5e1d3434d5292366ebf887235068e44; C=extern/mVMC-1.3.0; independent expectation provenance must be read from named fixtures; no regeneration/run in documentation audit	MVMC_RS_PHYSCAL_181=1 cargo nextest run --locked --cargo-profile test-fast -p mvmc-core --test physcal_issue181 --run-ignored only --no-fail-fast --retries 0	# Run a subset (by fixture dir name or C model name):;# JULIA_MVMC_PHYS_CAL_MODELS=hubbard_chain_real \;const PHYS_CAL_MODEL_FILTER_ENV = "JULIA_MVMC_PHYS_CAL_MODELS";const PHYS_CAL_MODELS = [;(fixture = "heisenberg_chain_real", c_model = "HeisenbergChain", mode = :real, n_para = 14),;(fixture = "heisenberg_chain_cmp", c_model = "HeisenbergChain_cmp", mode = :cmp, n_para = 14),;(fixture = "heisenberg_chain_fsz", c_model = "HeisenbergChain_fsz", mode = :fsz, n_para = 24),;(fixture = "hubbard_chain_real", c_model = "HubbardChain", mode = :real, n_para = 19),;(fixture = "hubbard_chain_dh_real", c_model = "HubbardChain_DH", mode = :real, n_para = 35),;(fixture = "kondo_chain_real", c_model = "KondoChain", mode = :real, n_para = 76),;function selected_phys_cal_models();raw = strip(get(ENV, PHYS_CAL_MODEL_FILTER_ENV, ""));isempty(raw) && return PHYS_CAL_MODELS;return filter(PHYS_CAL_MODELS) do model;model.fixture in requested || model.c_model in requested;# The single `<prefix>_NNN.dat` produced for a one-sample run (NDataQtySmp=1).;function run_phys_cal_model(model);refdir = joinpath(@__DIR__, "reference", model.fixture, "physcal_ref");@assert isfile(namelist) "physcal namelist.def missing for $(model.fixture)";@assert isfile(opt_para) "physcal zqp_opt.dat missing for $(model.fixture)";@assert isdir(expected) "physcal expected/ missing for $(model.fixture)";namelist; opt_para = opt_para, mode = model.mode, output_dir = dir,;@test result.n_para_consumed == model.n_para;@info "PhysCal Green match" fixture = model.fixture quantity = label exact = r.exact fallback = r.fallback_used max_abs = r.max_abs_err n = r.n_values;@info "PhysCal Green mismatch" fixture = model.fixture quantity = label detail = r.detail;models = selected_phys_cal_models();@test !isempty(models);for model in models;@testset "$(model.fixture) ($(model.c_model), $(model.mode))" begin;run_phys_cal_model(model)	UNVERIFIED: individual Julia scenario not replayed against Rust; candidate gate is not evidence of equivalent assertions	#174/#175/#178/#181/#179
S307	assertion-outside-testset-or-worker	@assert isfile(opt_para) "physcal zqp_opt.dat missing for $(model.fixture)"	test/integration/phys_cal_equivalent.jl:83	crates/mvmc-core/src/run.rs::vmc_phys_cal_with_reducer_and_callback; crates/mvmc-core/src/run.rs::vmc_phys_cal_in_place (single borrowed production core; retains state/RNG on Err)	--physcal PATH; serial normal/FSZ; grouped normal Green accepted; grouped FSZ/Lanczos/OptTrans multi-sector rejected; callback library-only	executable bounded production mapping; independent scenario replay unverified	C fixed restore and indexed output authoritative; Julia shared out/var lifecycle differs; factored pairs single ordered row; Goodall owns io.rs repair	Validation/load failure before init/output unless title targets callback/output/SR; state/RNG/files boundary must be asserted by candidate gate; current collective callbacks fail after completed sample, not rollback	E0 scenario-to-production mapping; proposed gate only unless result names executed record	J=8bb1b9e8ae47b1512c00b321be05664ddcac0fd1; source SHA256=d08a09d36b8673aabbd95bfe95165c2da5e1d3434d5292366ebf887235068e44; C=extern/mVMC-1.3.0; independent expectation provenance must be read from named fixtures; no regeneration/run in documentation audit	MVMC_RS_PHYSCAL_181=1 cargo nextest run --locked --cargo-profile test-fast -p mvmc-core --test physcal_issue181 --run-ignored only --no-fail-fast --retries 0	# Run a subset (by fixture dir name or C model name):;# JULIA_MVMC_PHYS_CAL_MODELS=hubbard_chain_real \;const PHYS_CAL_MODEL_FILTER_ENV = "JULIA_MVMC_PHYS_CAL_MODELS";const PHYS_CAL_MODELS = [;(fixture = "heisenberg_chain_real", c_model = "HeisenbergChain", mode = :real, n_para = 14),;(fixture = "heisenberg_chain_cmp", c_model = "HeisenbergChain_cmp", mode = :cmp, n_para = 14),;(fixture = "heisenberg_chain_fsz", c_model = "HeisenbergChain_fsz", mode = :fsz, n_para = 24),;(fixture = "hubbard_chain_real", c_model = "HubbardChain", mode = :real, n_para = 19),;(fixture = "hubbard_chain_dh_real", c_model = "HubbardChain_DH", mode = :real, n_para = 35),;(fixture = "kondo_chain_real", c_model = "KondoChain", mode = :real, n_para = 76),;function selected_phys_cal_models();raw = strip(get(ENV, PHYS_CAL_MODEL_FILTER_ENV, ""));isempty(raw) && return PHYS_CAL_MODELS;return filter(PHYS_CAL_MODELS) do model;model.fixture in requested || model.c_model in requested;# The single `<prefix>_NNN.dat` produced for a one-sample run (NDataQtySmp=1).;function run_phys_cal_model(model);refdir = joinpath(@__DIR__, "reference", model.fixture, "physcal_ref");@assert isfile(namelist) "physcal namelist.def missing for $(model.fixture)";@assert isfile(opt_para) "physcal zqp_opt.dat missing for $(model.fixture)";@assert isdir(expected) "physcal expected/ missing for $(model.fixture)";namelist; opt_para = opt_para, mode = model.mode, output_dir = dir,;@test result.n_para_consumed == model.n_para;@info "PhysCal Green match" fixture = model.fixture quantity = label exact = r.exact fallback = r.fallback_used max_abs = r.max_abs_err n = r.n_values;@info "PhysCal Green mismatch" fixture = model.fixture quantity = label detail = r.detail;models = selected_phys_cal_models();@test !isempty(models);for model in models;@testset "$(model.fixture) ($(model.c_model), $(model.mode))" begin;run_phys_cal_model(model)	UNVERIFIED: individual Julia scenario not replayed against Rust; candidate gate is not evidence of equivalent assertions	#174/#175/#178/#181/#179
S308	assertion-outside-testset-or-worker	@assert isdir(expected) "physcal expected/ missing for $(model.fixture)"	test/integration/phys_cal_equivalent.jl:84	crates/mvmc-core/src/run.rs::vmc_phys_cal_with_reducer_and_callback; crates/mvmc-core/src/run.rs::vmc_phys_cal_in_place (single borrowed production core; retains state/RNG on Err)	--physcal PATH; serial normal/FSZ; grouped normal Green accepted; grouped FSZ/Lanczos/OptTrans multi-sector rejected; callback library-only	executable bounded production mapping; independent scenario replay unverified	C fixed restore and indexed output authoritative; Julia shared out/var lifecycle differs; factored pairs single ordered row; Goodall owns io.rs repair	Validation/load failure before init/output unless title targets callback/output/SR; state/RNG/files boundary must be asserted by candidate gate; current collective callbacks fail after completed sample, not rollback	E0 scenario-to-production mapping; proposed gate only unless result names executed record	J=8bb1b9e8ae47b1512c00b321be05664ddcac0fd1; source SHA256=d08a09d36b8673aabbd95bfe95165c2da5e1d3434d5292366ebf887235068e44; C=extern/mVMC-1.3.0; independent expectation provenance must be read from named fixtures; no regeneration/run in documentation audit	MVMC_RS_PHYSCAL_181=1 cargo nextest run --locked --cargo-profile test-fast -p mvmc-core --test physcal_issue181 --run-ignored only --no-fail-fast --retries 0	# Run a subset (by fixture dir name or C model name):;# JULIA_MVMC_PHYS_CAL_MODELS=hubbard_chain_real \;const PHYS_CAL_MODEL_FILTER_ENV = "JULIA_MVMC_PHYS_CAL_MODELS";const PHYS_CAL_MODELS = [;(fixture = "heisenberg_chain_real", c_model = "HeisenbergChain", mode = :real, n_para = 14),;(fixture = "heisenberg_chain_cmp", c_model = "HeisenbergChain_cmp", mode = :cmp, n_para = 14),;(fixture = "heisenberg_chain_fsz", c_model = "HeisenbergChain_fsz", mode = :fsz, n_para = 24),;(fixture = "hubbard_chain_real", c_model = "HubbardChain", mode = :real, n_para = 19),;(fixture = "hubbard_chain_dh_real", c_model = "HubbardChain_DH", mode = :real, n_para = 35),;(fixture = "kondo_chain_real", c_model = "KondoChain", mode = :real, n_para = 76),;function selected_phys_cal_models();raw = strip(get(ENV, PHYS_CAL_MODEL_FILTER_ENV, ""));isempty(raw) && return PHYS_CAL_MODELS;return filter(PHYS_CAL_MODELS) do model;model.fixture in requested || model.c_model in requested;# The single `<prefix>_NNN.dat` produced for a one-sample run (NDataQtySmp=1).;function run_phys_cal_model(model);refdir = joinpath(@__DIR__, "reference", model.fixture, "physcal_ref");@assert isfile(namelist) "physcal namelist.def missing for $(model.fixture)";@assert isfile(opt_para) "physcal zqp_opt.dat missing for $(model.fixture)";@assert isdir(expected) "physcal expected/ missing for $(model.fixture)";namelist; opt_para = opt_para, mode = model.mode, output_dir = dir,;@test result.n_para_consumed == model.n_para;@info "PhysCal Green match" fixture = model.fixture quantity = label exact = r.exact fallback = r.fallback_used max_abs = r.max_abs_err n = r.n_values;@info "PhysCal Green mismatch" fixture = model.fixture quantity = label detail = r.detail;models = selected_phys_cal_models();@test !isempty(models);for model in models;@testset "$(model.fixture) ($(model.c_model), $(model.mode))" begin;run_phys_cal_model(model)	UNVERIFIED: individual Julia scenario not replayed against Rust; candidate gate is not evidence of equivalent assertions	#174/#175/#178/#181/#179
S309	testset	@testset "Julia-mVMC integration vs C reference" begin	test/integration/runtests.jl:97	crates/mvmc-core/src/run.rs::vmc_para_opt	Optimization; real/cmp/FSZ; nsteps/nsmp; direct or standard CG; grouped direct within validator; grouped CG rejected	executable bounded production mapping; independent scenario replay unverified	C trajectory/SR/input authority; Julia architecture; final optimization-window output differs from C (owner output gap)	Sampling/proposed moves/acceptance must remain exact; numerical comparisons only for computed values; no implicit rejection rollback claim	E0 scenario-to-production mapping; proposed gate only unless result names executed record	J=8bb1b9e8ae47b1512c00b321be05664ddcac0fd1; source SHA256=d738104c8e85370a5d52a71a05f31f3ade24448d0e5106afcbf0e3c055ebbd7e; C=extern/mVMC-1.3.0; independent expectation provenance must be read from named fixtures; no regeneration/run in documentation audit	cargo nextest run --locked --cargo-profile test-fast -p mvmc-core --test run_smoke --test runner_config --no-fail-fast --retries 0	No local scalar override; inherited fixture/synthetic constructor arguments; File-wide declarations (inherited where used): # Julia-mVMC integration tests: replay each fixture model and compare;const MODELS = [;function run_model(name, mode; nsteps = N_STEPS, output_dir = tempname());refpath = joinpath(refdir, "zvo_out_first$(nsteps).dat");# - seeds the SFMT19937 RNG with modpara.def's RndSeed (C-parity;# resolve_rnd_seed: missing → 11272, 0 → 0, < 0 → time seed),;# - runs nsteps SR steps,;nsteps = nsteps,;nsmp = nsteps,;for (name, mode) in MODELS;ours_lines = run_model(name, mode).zvo_first_n;name = "heisenberg_chain_real_nsrcg";result = run_model(name, :real; nsteps = 1, output_dir = outdir)	UNVERIFIED: individual Julia scenario not replayed against Rust; candidate gate is not evidence of equivalent assertions	#180/#179
S310	testset	@testset "$name ($mode)" begin	test/integration/runtests.jl:99	crates/mvmc-core/src/run.rs::vmc_para_opt	Optimization; real/cmp/FSZ; nsteps/nsmp; direct or standard CG; grouped direct within validator; grouped CG rejected	executable bounded production mapping; independent scenario replay unverified	C trajectory/SR/input authority; Julia architecture; final optimization-window output differs from C (owner output gap)	Sampling/proposed moves/acceptance must remain exact; numerical comparisons only for computed values; no implicit rejection rollback claim	E0 scenario-to-production mapping; proposed gate only unless result names executed record	J=8bb1b9e8ae47b1512c00b321be05664ddcac0fd1; source SHA256=d738104c8e85370a5d52a71a05f31f3ade24448d0e5106afcbf0e3c055ebbd7e; C=extern/mVMC-1.3.0; independent expectation provenance must be read from named fixtures; no regeneration/run in documentation audit	cargo nextest run --locked --cargo-profile test-fast -p mvmc-core --test run_smoke --test runner_config --no-fail-fast --retries 0	No local scalar override; inherited fixture/synthetic constructor arguments; File-wide declarations (inherited where used): # Julia-mVMC integration tests: replay each fixture model and compare;const MODELS = [;function run_model(name, mode; nsteps = N_STEPS, output_dir = tempname());refpath = joinpath(refdir, "zvo_out_first$(nsteps).dat");# - seeds the SFMT19937 RNG with modpara.def's RndSeed (C-parity;# resolve_rnd_seed: missing → 11272, 0 → 0, < 0 → time seed),;# - runs nsteps SR steps,;nsteps = nsteps,;nsmp = nsteps,;for (name, mode) in MODELS;ours_lines = run_model(name, mode).zvo_first_n;name = "heisenberg_chain_real_nsrcg";result = run_model(name, :real; nsteps = 1, output_dir = outdir)	UNVERIFIED: individual Julia scenario not replayed against Rust; candidate gate is not evidence of equivalent assertions	#180/#179
S311	testset	@testset "Julia-mVMC NSRCG=1 first-step e2e vs C reference" begin	test/integration/runtests.jl:123	crates/mvmc-core/src/run.rs::vmc_para_opt	Optimization; real/cmp/FSZ; nsteps/nsmp; direct or standard CG; grouped direct within validator; grouped CG rejected	executable bounded production mapping; independent scenario replay unverified	C trajectory/SR/input authority; Julia architecture; final optimization-window output differs from C (owner output gap)	Sampling/proposed moves/acceptance must remain exact; numerical comparisons only for computed values; no implicit rejection rollback claim	E0 scenario-to-production mapping; proposed gate only unless result names executed record	J=8bb1b9e8ae47b1512c00b321be05664ddcac0fd1; source SHA256=d738104c8e85370a5d52a71a05f31f3ade24448d0e5106afcbf0e3c055ebbd7e; C=extern/mVMC-1.3.0; independent expectation provenance must be read from named fixtures; no regeneration/run in documentation audit	cargo nextest run --locked --cargo-profile test-fast -p mvmc-core --test run_smoke --test runner_config --no-fail-fast --retries 0	Testset scalar settings: result = run_model(name, :real; nsteps = 1, output_dir = outdir); File-wide declarations (inherited where used): # Julia-mVMC integration tests: replay each fixture model and compare;const MODELS = [;function run_model(name, mode; nsteps = N_STEPS, output_dir = tempname());refpath = joinpath(refdir, "zvo_out_first$(nsteps).dat");# - seeds the SFMT19937 RNG with modpara.def's RndSeed (C-parity;# resolve_rnd_seed: missing → 11272, 0 → 0, < 0 → time seed),;# - runs nsteps SR steps,;nsteps = nsteps,;nsmp = nsteps,;for (name, mode) in MODELS;ours_lines = run_model(name, mode).zvo_first_n;name = "heisenberg_chain_real_nsrcg";result = run_model(name, :real; nsteps = 1, output_dir = outdir)	UNVERIFIED: individual Julia scenario not replayed against Rust; candidate gate is not evidence of equivalent assertions	#180/#179
S312	assertion-outside-testset-or-worker	@assert iseven(length(vals)) "expected an even number of floats in $path"	test/integration/runtests.jl:56	crates/mvmc-core/src/run.rs::vmc_para_opt	Optimization; real/cmp/FSZ; nsteps/nsmp; direct or standard CG; grouped direct within validator; grouped CG rejected	executable bounded production mapping; independent scenario replay unverified	C trajectory/SR/input authority; Julia architecture; final optimization-window output differs from C (owner output gap)	Sampling/proposed moves/acceptance must remain exact; numerical comparisons only for computed values; no implicit rejection rollback claim	E0 scenario-to-production mapping; proposed gate only unless result names executed record	J=8bb1b9e8ae47b1512c00b321be05664ddcac0fd1; source SHA256=d738104c8e85370a5d52a71a05f31f3ade24448d0e5106afcbf0e3c055ebbd7e; C=extern/mVMC-1.3.0; independent expectation provenance must be read from named fixtures; no regeneration/run in documentation audit	cargo nextest run --locked --cargo-profile test-fast -p mvmc-core --test run_smoke --test runner_config --no-fail-fast --retries 0	# Julia-mVMC integration tests: replay each fixture model and compare;const MODELS = [;function run_model(name, mode; nsteps = N_STEPS, output_dir = tempname());refpath = joinpath(refdir, "zvo_out_first$(nsteps).dat");# - seeds the SFMT19937 RNG with modpara.def's RndSeed (C-parity;# resolve_rnd_seed: missing → 11272, 0 → 0, < 0 → time seed),;# - runs nsteps SR steps,;nsteps = nsteps,;nsmp = nsteps,;for (name, mode) in MODELS;ours_lines = run_model(name, mode).zvo_first_n;name = "heisenberg_chain_real_nsrcg";result = run_model(name, :real; nsteps = 1, output_dir = outdir)	UNVERIFIED: individual Julia scenario not replayed against Rust; candidate gate is not evidence of equivalent assertions	#180/#179
S313	assertion-outside-testset-or-worker	@assert isfile(namelist) "namelist.def missing for $name"	test/integration/runtests.jl:78	crates/mvmc-core/src/run.rs::vmc_para_opt	Optimization; real/cmp/FSZ; nsteps/nsmp; direct or standard CG; grouped direct within validator; grouped CG rejected	executable bounded production mapping; independent scenario replay unverified	C trajectory/SR/input authority; Julia architecture; final optimization-window output differs from C (owner output gap)	Validation/load failure before init/output unless title targets callback/output/SR; state/RNG/files boundary must be asserted by candidate gate; current collective callbacks fail after completed sample, not rollback	E0 scenario-to-production mapping; proposed gate only unless result names executed record	J=8bb1b9e8ae47b1512c00b321be05664ddcac0fd1; source SHA256=d738104c8e85370a5d52a71a05f31f3ade24448d0e5106afcbf0e3c055ebbd7e; C=extern/mVMC-1.3.0; independent expectation provenance must be read from named fixtures; no regeneration/run in documentation audit	cargo nextest run --locked --cargo-profile test-fast -p mvmc-core --test run_smoke --test runner_config --no-fail-fast --retries 0	# Julia-mVMC integration tests: replay each fixture model and compare;const MODELS = [;function run_model(name, mode; nsteps = N_STEPS, output_dir = tempname());refpath = joinpath(refdir, "zvo_out_first$(nsteps).dat");# - seeds the SFMT19937 RNG with modpara.def's RndSeed (C-parity;# resolve_rnd_seed: missing → 11272, 0 → 0, < 0 → time seed),;# - runs nsteps SR steps,;nsteps = nsteps,;nsmp = nsteps,;for (name, mode) in MODELS;ours_lines = run_model(name, mode).zvo_first_n;name = "heisenberg_chain_real_nsrcg";result = run_model(name, :real; nsteps = 1, output_dir = outdir)	UNVERIFIED: individual Julia scenario not replayed against Rust; candidate gate is not evidence of equivalent assertions	#180/#179
S314	assertion-outside-testset-or-worker	@assert isfile(refpath) "reference missing for $name"	test/integration/runtests.jl:79	crates/mvmc-core/src/run.rs::vmc_para_opt	Optimization; real/cmp/FSZ; nsteps/nsmp; direct or standard CG; grouped direct within validator; grouped CG rejected	executable bounded production mapping; independent scenario replay unverified	C trajectory/SR/input authority; Julia architecture; final optimization-window output differs from C (owner output gap)	Validation/load failure before init/output unless title targets callback/output/SR; state/RNG/files boundary must be asserted by candidate gate; current collective callbacks fail after completed sample, not rollback	E0 scenario-to-production mapping; proposed gate only unless result names executed record	J=8bb1b9e8ae47b1512c00b321be05664ddcac0fd1; source SHA256=d738104c8e85370a5d52a71a05f31f3ade24448d0e5106afcbf0e3c055ebbd7e; C=extern/mVMC-1.3.0; independent expectation provenance must be read from named fixtures; no regeneration/run in documentation audit	cargo nextest run --locked --cargo-profile test-fast -p mvmc-core --test run_smoke --test runner_config --no-fail-fast --retries 0	# Julia-mVMC integration tests: replay each fixture model and compare;const MODELS = [;function run_model(name, mode; nsteps = N_STEPS, output_dir = tempname());refpath = joinpath(refdir, "zvo_out_first$(nsteps).dat");# - seeds the SFMT19937 RNG with modpara.def's RndSeed (C-parity;# resolve_rnd_seed: missing → 11272, 0 → 0, < 0 → time seed),;# - runs nsteps SR steps,;nsteps = nsteps,;nsmp = nsteps,;for (name, mode) in MODELS;ours_lines = run_model(name, mode).zvo_first_n;name = "heisenberg_chain_real_nsrcg";result = run_model(name, :real; nsteps = 1, output_dir = outdir)	UNVERIFIED: individual Julia scenario not replayed against Rust; candidate gate is not evidence of equivalent assertions	#180/#179
S315	testset	@testset "run_phys_cal_from_namelist: errors at the loader, before sampling" begin	test/integration/test_run_phys_cal_contract.jl:11	crates/mvmc-core/src/run.rs::prepare_phys_cal_from_namelist; crates/mvmc-core/src/run.rs::vmc_phys_cal_with_reducer; crates/mvmc-core/src/run.rs::vmc_phys_cal_in_place (single borrowed production core; retains state/RNG on Err)	--physcal PATH; serial normal/FSZ; grouped normal Green accepted; grouped FSZ/Lanczos/OptTrans multi-sector rejected; callback library-only	executable bounded production mapping; independent scenario replay unverified	C fixed restore and indexed output authoritative; Julia shared out/var lifecycle differs; factored pairs single ordered row; Goodall owns io.rs repair	Validation/load failure before init/output unless title targets callback/output/SR; state/RNG/files boundary must be asserted by candidate gate; current collective callbacks fail after completed sample, not rollback	E0 scenario-to-production mapping; proposed gate only unless result names executed record	J=8bb1b9e8ae47b1512c00b321be05664ddcac0fd1; source SHA256=2f58e9336ebe0eb1ec025479b00a17f3f6e281ce000ca307158baf6270707727; C=extern/mVMC-1.3.0; independent expectation provenance must be read from named fixtures; no regeneration/run in documentation audit	MVMC_RS_PHYSCAL_181=1 cargo nextest run --locked --cargo-profile test-fast -p mvmc-core --test physcal_issue181 --run-ignored only --no-fail-fast --retries 0	No local scalar override; inherited fixture/synthetic constructor arguments; No file-wide stochastic settings	UNVERIFIED: individual Julia scenario not replayed against Rust; candidate gate is not evidence of equivalent assertions	#174/#175/#178/#181/#179
S316	script-entry-or-reference-aid	test/integration/tools/generate_ctest_fixtures.jl	test/integration/tools/generate_ctest_fixtures.jl:1	crates/mvmc-core/src/io.rs::format_c_double	No reference-generator/mock/benchmark/build-adapter CLI obligation	excluded reference aid/tool/mock, not production port requirement	Reference aid; ordinary Rust tests independent of C/Julia/toolbox runtimes	Sampling/proposed moves/acceptance must remain exact; numerical comparisons only for computed values; no implicit rejection rollback claim	E0 scenario-to-production mapping; proposed gate only unless result names executed record	J=8bb1b9e8ae47b1512c00b321be05664ddcac0fd1; source SHA256=00951e73c6b81b440aa8ba15431f4469024db450bdfe5b45cc972eb77f2811ee; C=extern/mVMC-1.3.0; independent expectation provenance must be read from named fixtures; no regeneration/run in documentation audit	SOURCE_ONLY: no production obligation; optional reference-tool invocation only	include(joinpath(@__DIR__, "..", "ctest_models.jl"));--models LIST Comma-separated fixture names or C model names.;Default: all CTEST_STANDARD_MODELS.;model_filter = nothing;elseif arg == "--models";i <= length(args) || error("--models requires a value");model_filter = args[i];return (c_test_dir = c_test_dir, model_filter = model_filter);function selected_models(model_filter);model_filter === nothing && return CTEST_STANDARD_MODELS;requested = Set(strip.(split(model_filter, ",")));models = filter(CTEST_STANDARD_MODELS) do model;model.fixture in requested || model.c_model in requested;isempty(models) && error("no CTEST_STANDARD_MODELS matched --models=$model_filter");return models;function generate_fixture(model, c_test_dir::AbstractString);work_dir = require_dir(joinpath(c_test_dir, "work", model.c_model));data_dir = require_dir(joinpath(c_test_dir, "data", model.c_model));fixture_dir = joinpath(@__DIR__, "..", "reference", model.fixture);fixture = model.fixture,;c_model = model.c_model,;models = selected_models(parsed.model_filter);println("Generating $(length(models)) ctest fixture(s)");for model in models;result = generate_fixture(model, c_test_dir);println(" $(result.fixture) <= $(result.c_model): $(result.n_defs) .def files, optional inputs: $optional")	UNVERIFIED: individual Julia scenario not replayed against Rust; candidate gate is not evidence of equivalent assertions	#184
S317	script-entry-or-reference-aid	test/integration/tools/green_compare.jl	test/integration/tools/green_compare.jl:1	crates/mvmc-core/src/io.rs::format_c_double	No reference-generator/mock/benchmark/build-adapter CLI obligation	excluded reference aid/tool/mock, not production port requirement	Reference aid; ordinary Rust tests independent of C/Julia/toolbox runtimes	Sampling/proposed moves/acceptance must remain exact; numerical comparisons only for computed values; no implicit rejection rollback claim	E0 scenario-to-production mapping; proposed gate only unless result names executed record	J=8bb1b9e8ae47b1512c00b321be05664ddcac0fd1; source SHA256=8d20b64bf7a3567e5ad0ea4598c65a2208b95c52c08baec0c8ca859bf26fd0a7; C=extern/mVMC-1.3.0; independent expectation provenance must be read from named fixtures; no regeneration/run in documentation audit	SOURCE_ONLY: no production obligation; optional reference-tool invocation only	Deterministic synthetic testset; no externally selected stochastic seed; literal arrays/indices in source; no execution recorded	UNVERIFIED: individual Julia scenario not replayed against Rust; candidate gate is not evidence of equivalent assertions	#184
S318	testset	@testset "green_compare: exact (raw-byte) match" begin	test/integration/tools/test_green_compare.jl:12	tests/support/numerical_comparison.rs::{assert_numeric_text,assert_values_close}; byte equality of computed floats intentionally retired by #190	No reference-generator/mock/benchmark/build-adapter CLI obligation	excluded reference aid/tool/mock, not production port requirement	Reference aid; ordinary Rust tests independent of C/Julia/toolbox runtimes	Sampling/proposed moves/acceptance must remain exact; numerical comparisons only for computed values; no implicit rejection rollback claim	E0 scenario-to-production mapping; proposed gate only unless result names executed record	J=8bb1b9e8ae47b1512c00b321be05664ddcac0fd1; source SHA256=5f5239bdbb09d30828b625014193ebcd9ab1c63a06123c9230e2f2f31c0b2678; C=extern/mVMC-1.3.0; independent expectation provenance must be read from named fixtures; no regeneration/run in documentation audit	SOURCE_ONLY: no production obligation; optional reference-tool invocation only	No local scalar override; inherited fixture/synthetic constructor arguments; No file-wide stochastic settings	UNVERIFIED: individual Julia scenario not replayed against Rust; candidate gate is not evidence of equivalent assertions	#184
S319	testset	@testset "green_compare: numeric fallback within tolerance" begin	test/integration/tools/test_green_compare.jl:27	tests/support/numerical_comparison.rs::{assert_numeric_text,assert_values_close}; byte equality of computed floats intentionally retired by #190	No reference-generator/mock/benchmark/build-adapter CLI obligation	excluded reference aid/tool/mock, not production port requirement	Reference aid; ordinary Rust tests independent of C/Julia/toolbox runtimes	Sampling/proposed moves/acceptance must remain exact; numerical comparisons only for computed values; no implicit rejection rollback claim	E0 scenario-to-production mapping; proposed gate only unless result names executed record	J=8bb1b9e8ae47b1512c00b321be05664ddcac0fd1; source SHA256=5f5239bdbb09d30828b625014193ebcd9ab1c63a06123c9230e2f2f31c0b2678; C=extern/mVMC-1.3.0; independent expectation provenance must be read from named fixtures; no regeneration/run in documentation audit	SOURCE_ONLY: no production obligation; optional reference-tool invocation only	No local scalar override; inherited fixture/synthetic constructor arguments; No file-wide stochastic settings	UNVERIFIED: individual Julia scenario not replayed against Rust; candidate gate is not evidence of equivalent assertions	#184
S320	testset	@testset "green_compare: beyond tolerance fails" begin	test/integration/tools/test_green_compare.jl:38	tests/support/numerical_comparison.rs::{assert_numeric_text,assert_values_close}; byte equality of computed floats intentionally retired by #190	No reference-generator/mock/benchmark/build-adapter CLI obligation	excluded reference aid/tool/mock, not production port requirement	Reference aid; ordinary Rust tests independent of C/Julia/toolbox runtimes	Sampling/proposed moves/acceptance must remain exact; numerical comparisons only for computed values; no implicit rejection rollback claim	E0 scenario-to-production mapping; proposed gate only unless result names executed record	J=8bb1b9e8ae47b1512c00b321be05664ddcac0fd1; source SHA256=5f5239bdbb09d30828b625014193ebcd9ab1c63a06123c9230e2f2f31c0b2678; C=extern/mVMC-1.3.0; independent expectation provenance must be read from named fixtures; no regeneration/run in documentation audit	SOURCE_ONLY: no production obligation; optional reference-tool invocation only	No local scalar override; inherited fixture/synthetic constructor arguments; No file-wide stochastic settings	UNVERIFIED: individual Julia scenario not replayed against Rust; candidate gate is not evidence of equivalent assertions	#184
S321	testset	@testset "green_compare: per-quantity tolerance differs (one-body tight, factored loose)" begin	test/integration/tools/test_green_compare.jl:47	tests/support/numerical_comparison.rs::{assert_numeric_text,assert_values_close}; byte equality of computed floats intentionally retired by #190	No reference-generator/mock/benchmark/build-adapter CLI obligation	excluded reference aid/tool/mock, not production port requirement	Reference aid; ordinary Rust tests independent of C/Julia/toolbox runtimes	Sampling/proposed moves/acceptance must remain exact; numerical comparisons only for computed values; no implicit rejection rollback claim	E0 scenario-to-production mapping; proposed gate only unless result names executed record	J=8bb1b9e8ae47b1512c00b321be05664ddcac0fd1; source SHA256=5f5239bdbb09d30828b625014193ebcd9ab1c63a06123c9230e2f2f31c0b2678; C=extern/mVMC-1.3.0; independent expectation provenance must be read from named fixtures; no regeneration/run in documentation audit	SOURCE_ONLY: no production obligation; optional reference-tool invocation only	No local scalar override; inherited fixture/synthetic constructor arguments; No file-wide stochastic settings	UNVERIFIED: individual Julia scenario not replayed against Rust; candidate gate is not evidence of equivalent assertions	#184
S322	testset	@testset "green_compare: structural mismatches hard-fail regardless of tol" begin	test/integration/tools/test_green_compare.jl:60	tests/support/numerical_comparison.rs::{assert_numeric_text,assert_values_close}; byte equality of computed floats intentionally retired by #190	No reference-generator/mock/benchmark/build-adapter CLI obligation	excluded reference aid/tool/mock, not production port requirement	Reference aid; ordinary Rust tests independent of C/Julia/toolbox runtimes	Sampling/proposed moves/acceptance must remain exact; numerical comparisons only for computed values; no implicit rejection rollback claim	E0 scenario-to-production mapping; proposed gate only unless result names executed record	J=8bb1b9e8ae47b1512c00b321be05664ddcac0fd1; source SHA256=5f5239bdbb09d30828b625014193ebcd9ab1c63a06123c9230e2f2f31c0b2678; C=extern/mVMC-1.3.0; independent expectation provenance must be read from named fixtures; no regeneration/run in documentation audit	SOURCE_ONLY: no production obligation; optional reference-tool invocation only	No local scalar override; inherited fixture/synthetic constructor arguments; No file-wide stochastic settings	UNVERIFIED: individual Julia scenario not replayed against Rust; candidate gate is not evidence of equivalent assertions	#184
S323	testset	@testset "green_compare: factored must stay single-line (layout regression guard)" begin	test/integration/tools/test_green_compare.jl:80	tests/support/numerical_comparison.rs::{assert_numeric_text,assert_values_close}; byte equality of computed floats intentionally retired by #190	No reference-generator/mock/benchmark/build-adapter CLI obligation	excluded reference aid/tool/mock, not production port requirement	Reference aid; ordinary Rust tests independent of C/Julia/toolbox runtimes	Exact RNG/config/count/status/indices/flags and untouched copy tails; computed normalization/inverse values follow #190; no claimed full trajectory from snapshots	E0 scenario-to-production mapping; proposed gate only unless result names executed record	J=8bb1b9e8ae47b1512c00b321be05664ddcac0fd1; source SHA256=5f5239bdbb09d30828b625014193ebcd9ab1c63a06123c9230e2f2f31c0b2678; C=extern/mVMC-1.3.0; independent expectation provenance must be read from named fixtures; no regeneration/run in documentation audit	SOURCE_ONLY: no production obligation; optional reference-tool invocation only	No local scalar override; inherited fixture/synthetic constructor arguments; No file-wide stochastic settings	UNVERIFIED: individual Julia scenario not replayed against Rust; candidate gate is not evidence of equivalent assertions	#184
S324	testset	@testset "green_compare: raw-byte check is whitespace-sensitive but numeric fallback passes" begin	test/integration/tools/test_green_compare.jl:99	tests/support/numerical_comparison.rs::{assert_numeric_text,assert_values_close}; byte equality of computed floats intentionally retired by #190	No reference-generator/mock/benchmark/build-adapter CLI obligation	excluded reference aid/tool/mock, not production port requirement	Reference aid; ordinary Rust tests independent of C/Julia/toolbox runtimes	Sampling/proposed moves/acceptance must remain exact; numerical comparisons only for computed values; no implicit rejection rollback claim	E0 scenario-to-production mapping; proposed gate only unless result names executed record	J=8bb1b9e8ae47b1512c00b321be05664ddcac0fd1; source SHA256=5f5239bdbb09d30828b625014193ebcd9ab1c63a06123c9230e2f2f31c0b2678; C=extern/mVMC-1.3.0; independent expectation provenance must be read from named fixtures; no regeneration/run in documentation audit	SOURCE_ONLY: no production obligation; optional reference-tool invocation only	No local scalar override; inherited fixture/synthetic constructor arguments; No file-wide stochastic settings	UNVERIFIED: individual Julia scenario not replayed against Rust; candidate gate is not evidence of equivalent assertions	#184
S325	testset	@testset "green_compare: missing files fail cleanly" begin	test/integration/tools/test_green_compare.jl:113	tests/support/numerical_comparison.rs::{assert_numeric_text,assert_values_close}; byte equality of computed floats intentionally retired by #190	No reference-generator/mock/benchmark/build-adapter CLI obligation	excluded reference aid/tool/mock, not production port requirement	Reference aid; ordinary Rust tests independent of C/Julia/toolbox runtimes	Validation/load failure before init/output unless title targets callback/output/SR; state/RNG/files boundary must be asserted by candidate gate; current collective callbacks fail after completed sample, not rollback	E0 scenario-to-production mapping; proposed gate only unless result names executed record	J=8bb1b9e8ae47b1512c00b321be05664ddcac0fd1; source SHA256=5f5239bdbb09d30828b625014193ebcd9ab1c63a06123c9230e2f2f31c0b2678; C=extern/mVMC-1.3.0; independent expectation provenance must be read from named fixtures; no regeneration/run in documentation audit	SOURCE_ONLY: no production obligation; optional reference-tool invocation only	No local scalar override; inherited fixture/synthetic constructor arguments; No file-wide stochastic settings	UNVERIFIED: individual Julia scenario not replayed against Rust; candidate gate is not evidence of equivalent assertions	#184
S326	script-entry-or-reference-aid	test/mpi/mpi_failure_modes.jl	test/mpi/mpi_failure_modes.jl:1	crates/mvmc-core/src/validation.rs::validate_phys_cal	Same grouped support validators library/CLI; no output before rejection; valid normal grouped PhysCal accepted	executable bounded production mapping; independent scenario replay unverified	Distinguish Julia unsupported combos from C undefined invalid input; Rust safe rejection can precede MPI.Init differently	Validation/load failure before init/output unless title targets callback/output/SR; state/RNG/files boundary must be asserted by candidate gate; current collective callbacks fail after completed sample, not rollback	E0 scenario-to-production mapping; proposed gate only unless result names executed record	J=8bb1b9e8ae47b1512c00b321be05664ddcac0fd1; source SHA256=9b8b2c9513db534e7538c86e35e7f4970dcce682f33bda4e82927bb175d55ed3; C=extern/mVMC-1.3.0; independent expectation provenance must be read from named fixtures; no regeneration/run in documentation audit	cargo nextest run --locked --cargo-profile test-fast -p mvmc-core -p mvmc-cli --test runtime_contract --no-fail-fast --retries 0	# nsrcg2 - NSRCG >= 2 must be rejected before MPI.Init().;# nsplit_srcg - NSplitSize > 1 with SR-CG must be rejected before MPI.Init().;# nsplit_opttrans - NSplitSize > 1 with OptTrans must be rejected before MPI.Init().;# nsplit_fsz_projection - FSZ standard-projection NQPFull > 1 must be rejected before MPI.Init().;error("usage: mpi_failure_modes.jl <nsrcg2|nsplit_srcg|nsplit_opttrans|nsplit_fsz_projection> <output_dir>");function run_nsrcg2_rejection();data.modpara.nsrcg = 2;println("failure-mode worker: nsrcg2 expected rejection ok");function run_nsplit_srcg_rejection();data.modpara.nsplit_size = 2;data.modpara.nsrcg = 1;("NSplitSize > 1 with SR-CG", "NSRCG = 1"),;MPI.Initialized() && error("NSplitSize > 1 with SR-CG rejection should happen before MPI.Init()");println("failure-mode worker: nsplit_srcg expected rejection ok");function run_nsplit_opttrans_rejection();data.modpara.nsplit_size = 2;("NSplitSize > 1 with NQPOptTrans > 1", "OptTrans"),;println("failure-mode worker: nsplit_opttrans expected rejection ok");function run_nsplit_fsz_projection_rejection();data.modpara.nsplit_size = 2;data.modpara.nsp_gauss_leg = 1;data.modpara.nmp_trans = 2;("NSplitSize > 1 with FSZ standard-projection NQPFull > 1", "NMPTrans = 2"),;println("failure-mode worker: nsplit_fsz_projection expected rejection ok");if mode == "nsrcg2";run_nsrcg2_rejection();elseif mode == "nsplit_srcg";run_nsplit_srcg_rejection();elseif mode == "nsplit_opttrans";run_nsplit_opttrans_rejection();elseif mode == "nsplit_fsz_projection";run_nsplit_fsz_projection_rejection();error("unknown mode '$mode'; expected nsrcg2, nsplit_srcg, nsplit_opttrans, or nsplit_fsz_projection")	UNVERIFIED: individual Julia scenario not replayed against Rust; candidate gate is not evidence of equivalent assertions	#178
S327	assertion-outside-testset-or-worker	@assert isnan(result.final_energy_per_site)	test/mpi/mpi_hubbard_smoke.jl:20	crates/mvmc-core/src/parallel.rs::partition_range	--features mpi and detected launcher; root-only stdout/output; no JULIA_MVMC_MPI env compatibility promise	executable bounded production mapping; independent scenario replay unverified	C/Julia NSplitSize=group SIZE; current draft follows width/remainder and full-chain/comm1 measurement semantics; prior chain-length/burn-marker failures require fresh independent state verification; protocol success not parity	Sampling/proposed moves/acceptance must remain exact; numerical comparisons only for computed values; no implicit rejection rollback claim	E0 scenario-to-production mapping; proposed gate only unless result names executed record	J=8bb1b9e8ae47b1512c00b321be05664ddcac0fd1; source SHA256=a155b6a4d73b22a477d5334a6acc98cf4decff55ee14fedebdbe46c0b8891395; C=extern/mVMC-1.3.0; independent expectation provenance must be read from named fixtures; no regeneration/run in documentation audit	cargo nextest run --locked --cargo-profile test-fast -p mvmc-core --features mpi --test mpi_issue179_collectives --test mpi_issue179_state --no-fail-fast --retries 0	fixture; nsteps = 4, nsmp = 4, mode = :real, output_dir = outdir)	UNVERIFIED: individual Julia scenario not replayed against Rust; candidate gate is not evidence of equivalent assertions	#177/#178/#179
S328	assertion-outside-testset-or-worker	@assert result.status == 0	test/mpi/mpi_hubbard_smoke.jl:23	crates/mvmc-core/src/parallel.rs::partition_range	--features mpi and detected launcher; root-only stdout/output; no JULIA_MVMC_MPI env compatibility promise	executable bounded production mapping; independent scenario replay unverified	C/Julia NSplitSize=group SIZE; current draft follows width/remainder and full-chain/comm1 measurement semantics; prior chain-length/burn-marker failures require fresh independent state verification; protocol success not parity	Sampling/proposed moves/acceptance must remain exact; numerical comparisons only for computed values; no implicit rejection rollback claim	E0 scenario-to-production mapping; proposed gate only unless result names executed record	J=8bb1b9e8ae47b1512c00b321be05664ddcac0fd1; source SHA256=a155b6a4d73b22a477d5334a6acc98cf4decff55ee14fedebdbe46c0b8891395; C=extern/mVMC-1.3.0; independent expectation provenance must be read from named fixtures; no regeneration/run in documentation audit	cargo nextest run --locked --cargo-profile test-fast -p mvmc-core --features mpi --test mpi_issue179_collectives --test mpi_issue179_state --no-fail-fast --retries 0	fixture; nsteps = 4, nsmp = 4, mode = :real, output_dir = outdir)	UNVERIFIED: individual Julia scenario not replayed against Rust; candidate gate is not evidence of equivalent assertions	#177/#178/#179
S329	assertion-outside-testset-or-worker	@assert length(result.zvo_first_n) == 4	test/mpi/mpi_hubbard_smoke.jl:24	crates/mvmc-core/src/parallel.rs::partition_range	--features mpi and detected launcher; root-only stdout/output; no JULIA_MVMC_MPI env compatibility promise	executable bounded production mapping; independent scenario replay unverified	C/Julia NSplitSize=group SIZE; current draft follows width/remainder and full-chain/comm1 measurement semantics; prior chain-length/burn-marker failures require fresh independent state verification; protocol success not parity	Sampling/proposed moves/acceptance must remain exact; numerical comparisons only for computed values; no implicit rejection rollback claim	E0 scenario-to-production mapping; proposed gate only unless result names executed record	J=8bb1b9e8ae47b1512c00b321be05664ddcac0fd1; source SHA256=a155b6a4d73b22a477d5334a6acc98cf4decff55ee14fedebdbe46c0b8891395; C=extern/mVMC-1.3.0; independent expectation provenance must be read from named fixtures; no regeneration/run in documentation audit	cargo nextest run --locked --cargo-profile test-fast -p mvmc-core --features mpi --test mpi_issue179_collectives --test mpi_issue179_state --no-fail-fast --retries 0	fixture; nsteps = 4, nsmp = 4, mode = :real, output_dir = outdir)	UNVERIFIED: individual Julia scenario not replayed against Rust; candidate gate is not evidence of equivalent assertions	#177/#178/#179
S330	script-entry-or-reference-aid	test/mpi/mpi_hubbard_smoke.jl	test/mpi/mpi_hubbard_smoke.jl:1	crates/mvmc-core/src/parallel.rs::partition_range	--features mpi and detected launcher; root-only stdout/output; no JULIA_MVMC_MPI env compatibility promise	executable bounded production mapping; independent scenario replay unverified	C/Julia NSplitSize=group SIZE; current draft follows width/remainder and full-chain/comm1 measurement semantics; prior chain-length/burn-marker failures require fresh independent state verification; protocol success not parity	Sampling/proposed moves/acceptance must remain exact; numerical comparisons only for computed values; no implicit rejection rollback claim	E0 scenario-to-production mapping; proposed gate only unless result names executed record	J=8bb1b9e8ae47b1512c00b321be05664ddcac0fd1; source SHA256=a155b6a4d73b22a477d5334a6acc98cf4decff55ee14fedebdbe46c0b8891395; C=extern/mVMC-1.3.0; independent expectation provenance must be read from named fixtures; no regeneration/run in documentation audit	cargo nextest run --locked --cargo-profile test-fast -p mvmc-core --features mpi --test mpi_issue179_collectives --test mpi_issue179_state --no-fail-fast --retries 0	fixture; nsteps = 4, nsmp = 4, mode = :real, output_dir = outdir)	UNVERIFIED: individual Julia scenario not replayed against Rust; candidate gate is not evidence of equivalent assertions	#177/#178/#179
S331	assertion-outside-testset-or-worker	@assert isnan(result.final_energy_per_site)	test/mpi/mpi_nsplit_nstore_smoke.jl:111	crates/mvmc-core/src/parallel.rs::partition_range	--features mpi and detected launcher; root-only stdout/output; no JULIA_MVMC_MPI env compatibility promise	executable bounded production mapping; independent scenario replay unverified	C/Julia NSplitSize=group SIZE; current draft follows width/remainder and full-chain/comm1 measurement semantics; prior chain-length/burn-marker failures require fresh independent state verification; protocol success not parity	Sampling/proposed moves/acceptance must remain exact; numerical comparisons only for computed values; no implicit rejection rollback claim	E0 scenario-to-production mapping; proposed gate only unless result names executed record	J=8bb1b9e8ae47b1512c00b321be05664ddcac0fd1; source SHA256=ddaeb1db91f476e3500aa4c63299f135e982bf83b8a3994e0a30a250ac4a9a3a; C=extern/mVMC-1.3.0; independent expectation provenance must be read from named fixtures; no regeneration/run in documentation audit	cargo nextest run --locked --cargo-profile test-fast -p mvmc-core --features mpi --test mpi_issue179_collectives --test mpi_issue179_state --no-fail-fast --retries 0	# mpiexec worker for the direct-SR NSplitSize/NStoreO smoke matrix.;# julia --project=<workspace> test/mpi/mpi_nsplit_nstore_smoke.jl <fixture> <mode> <nsplit> <nstore> <output_dir>;# gate for comm1 sample splitting and NStore handling, not a C-reference physics;error("usage: mpi_nsplit_nstore_smoke.jl <fixture> <real|cmp|fsz> <nsplit> <nstore> <output_dir>");const nsplit = parse(Int, ARGS[3]);const nstore = parse(Int, ARGS[4]);nsplit >= 1 || error("nsplit must be >= 1; got $nsplit");nstore in (0, 1) || error("nstore must be 0 or 1; got $nstore");"NVMCSample" => "4",;"NSplitSize" => string(nsplit),;"NStore" => string(nstore),;nsteps = 1,;nsmp = 1,;label = "nsplit-nstore worker: $(fixture_name) nsplit=$(nsplit) nstore=$(nstore)";@error "mpi_nsplit_nstore_smoke worker failed" exception = (err, catch_backtrace())	UNVERIFIED: individual Julia scenario not replayed against Rust; candidate gate is not evidence of equivalent assertions	#177/#178/#179
S332	assertion-outside-testset-or-worker	@assert result.status == 0	test/mpi/mpi_nsplit_nstore_smoke.jl:114	crates/mvmc-core/src/parallel.rs::partition_range	--features mpi and detected launcher; root-only stdout/output; no JULIA_MVMC_MPI env compatibility promise	executable bounded production mapping; independent scenario replay unverified	C/Julia NSplitSize=group SIZE; current draft follows width/remainder and full-chain/comm1 measurement semantics; prior chain-length/burn-marker failures require fresh independent state verification; protocol success not parity	Sampling/proposed moves/acceptance must remain exact; numerical comparisons only for computed values; no implicit rejection rollback claim	E0 scenario-to-production mapping; proposed gate only unless result names executed record	J=8bb1b9e8ae47b1512c00b321be05664ddcac0fd1; source SHA256=ddaeb1db91f476e3500aa4c63299f135e982bf83b8a3994e0a30a250ac4a9a3a; C=extern/mVMC-1.3.0; independent expectation provenance must be read from named fixtures; no regeneration/run in documentation audit	cargo nextest run --locked --cargo-profile test-fast -p mvmc-core --features mpi --test mpi_issue179_collectives --test mpi_issue179_state --no-fail-fast --retries 0	# mpiexec worker for the direct-SR NSplitSize/NStoreO smoke matrix.;# julia --project=<workspace> test/mpi/mpi_nsplit_nstore_smoke.jl <fixture> <mode> <nsplit> <nstore> <output_dir>;# gate for comm1 sample splitting and NStore handling, not a C-reference physics;error("usage: mpi_nsplit_nstore_smoke.jl <fixture> <real|cmp|fsz> <nsplit> <nstore> <output_dir>");const nsplit = parse(Int, ARGS[3]);const nstore = parse(Int, ARGS[4]);nsplit >= 1 || error("nsplit must be >= 1; got $nsplit");nstore in (0, 1) || error("nstore must be 0 or 1; got $nstore");"NVMCSample" => "4",;"NSplitSize" => string(nsplit),;"NStore" => string(nstore),;nsteps = 1,;nsmp = 1,;label = "nsplit-nstore worker: $(fixture_name) nsplit=$(nsplit) nstore=$(nstore)";@error "mpi_nsplit_nstore_smoke worker failed" exception = (err, catch_backtrace())	UNVERIFIED: individual Julia scenario not replayed against Rust; candidate gate is not evidence of equivalent assertions	#177/#178/#179
S333	assertion-outside-testset-or-worker	@assert length(result.zvo_first_n) == 1	test/mpi/mpi_nsplit_nstore_smoke.jl:115	crates/mvmc-core/src/parallel.rs::partition_range	--features mpi and detected launcher; root-only stdout/output; no JULIA_MVMC_MPI env compatibility promise	executable bounded production mapping; independent scenario replay unverified	C/Julia NSplitSize=group SIZE; current draft follows width/remainder and full-chain/comm1 measurement semantics; prior chain-length/burn-marker failures require fresh independent state verification; protocol success not parity	Sampling/proposed moves/acceptance must remain exact; numerical comparisons only for computed values; no implicit rejection rollback claim	E0 scenario-to-production mapping; proposed gate only unless result names executed record	J=8bb1b9e8ae47b1512c00b321be05664ddcac0fd1; source SHA256=ddaeb1db91f476e3500aa4c63299f135e982bf83b8a3994e0a30a250ac4a9a3a; C=extern/mVMC-1.3.0; independent expectation provenance must be read from named fixtures; no regeneration/run in documentation audit	cargo nextest run --locked --cargo-profile test-fast -p mvmc-core --features mpi --test mpi_issue179_collectives --test mpi_issue179_state --no-fail-fast --retries 0	# mpiexec worker for the direct-SR NSplitSize/NStoreO smoke matrix.;# julia --project=<workspace> test/mpi/mpi_nsplit_nstore_smoke.jl <fixture> <mode> <nsplit> <nstore> <output_dir>;# gate for comm1 sample splitting and NStore handling, not a C-reference physics;error("usage: mpi_nsplit_nstore_smoke.jl <fixture> <real|cmp|fsz> <nsplit> <nstore> <output_dir>");const nsplit = parse(Int, ARGS[3]);const nstore = parse(Int, ARGS[4]);nsplit >= 1 || error("nsplit must be >= 1; got $nsplit");nstore in (0, 1) || error("nstore must be 0 or 1; got $nstore");"NVMCSample" => "4",;"NSplitSize" => string(nsplit),;"NStore" => string(nstore),;nsteps = 1,;nsmp = 1,;label = "nsplit-nstore worker: $(fixture_name) nsplit=$(nsplit) nstore=$(nstore)";@error "mpi_nsplit_nstore_smoke worker failed" exception = (err, catch_backtrace())	UNVERIFIED: individual Julia scenario not replayed against Rust; candidate gate is not evidence of equivalent assertions	#177/#178/#179
S334	script-entry-or-reference-aid	test/mpi/mpi_nsplit_nstore_smoke.jl	test/mpi/mpi_nsplit_nstore_smoke.jl:1	crates/mvmc-core/src/parallel.rs::partition_range	--features mpi and detected launcher; root-only stdout/output; no JULIA_MVMC_MPI env compatibility promise	executable bounded production mapping; independent scenario replay unverified	C/Julia NSplitSize=group SIZE; current draft follows width/remainder and full-chain/comm1 measurement semantics; prior chain-length/burn-marker failures require fresh independent state verification; protocol success not parity; support validator distinguishes normal Green positives from FSZ/Lanczos/CG/OptTrans rejections	Sampling/proposed moves/acceptance must remain exact; numerical comparisons only for computed values; no implicit rejection rollback claim	E0 scenario-to-production mapping; proposed gate only unless result names executed record	J=8bb1b9e8ae47b1512c00b321be05664ddcac0fd1; source SHA256=ddaeb1db91f476e3500aa4c63299f135e982bf83b8a3994e0a30a250ac4a9a3a; C=extern/mVMC-1.3.0; independent expectation provenance must be read from named fixtures; no regeneration/run in documentation audit	cargo nextest run --locked --cargo-profile test-fast -p mvmc-core --features mpi --test mpi_issue179_collectives --test mpi_issue179_state --no-fail-fast --retries 0	# mpiexec worker for the direct-SR NSplitSize/NStoreO smoke matrix.;# julia --project=<workspace> test/mpi/mpi_nsplit_nstore_smoke.jl <fixture> <mode> <nsplit> <nstore> <output_dir>;# gate for comm1 sample splitting and NStore handling, not a C-reference physics;error("usage: mpi_nsplit_nstore_smoke.jl <fixture> <real|cmp|fsz> <nsplit> <nstore> <output_dir>");const nsplit = parse(Int, ARGS[3]);const nstore = parse(Int, ARGS[4]);nsplit >= 1 || error("nsplit must be >= 1; got $nsplit");nstore in (0, 1) || error("nstore must be 0 or 1; got $nstore");"NVMCSample" => "4",;"NSplitSize" => string(nsplit),;"NStore" => string(nstore),;nsteps = 1,;nsmp = 1,;label = "nsplit-nstore worker: $(fixture_name) nsplit=$(nsplit) nstore=$(nstore)";@error "mpi_nsplit_nstore_smoke worker failed" exception = (err, catch_backtrace())	UNVERIFIED: individual Julia scenario not replayed against Rust; candidate gate is not evidence of equivalent assertions	#177/#178/#179
S335	assertion-outside-testset-or-worker	@assert isnan(result.final_energy_per_site)	test/mpi/mpi_nsplit_standard_projection_smoke.jl:92	crates/mvmc-core/src/parallel.rs::partition_range	--features mpi and detected launcher; root-only stdout/output; no JULIA_MVMC_MPI env compatibility promise	executable bounded production mapping; independent scenario replay unverified	C/Julia NSplitSize=group SIZE; current draft follows width/remainder and full-chain/comm1 measurement semantics; prior chain-length/burn-marker failures require fresh independent state verification; protocol success not parity	Sampling/proposed moves/acceptance must remain exact; numerical comparisons only for computed values; no implicit rejection rollback claim	E0 scenario-to-production mapping; proposed gate only unless result names executed record	J=8bb1b9e8ae47b1512c00b321be05664ddcac0fd1; source SHA256=1d59045961424f3b65422b56bf696bcb2fdbaf1fc294efab4c282e325e9b5a35; C=extern/mVMC-1.3.0; independent expectation provenance must be read from named fixtures; no regeneration/run in documentation audit	cargo nextest run --locked --cargo-profile test-fast -p mvmc-core --features mpi --test mpi_issue179_collectives --test mpi_issue179_state --no-fail-fast --retries 0	# mpiexec worker for standard-projection NQPFull > 1 with NSplitSize.;# julia --project=<workspace> test/mpi/mpi_nsplit_standard_projection_smoke.jl <fixture> <mode> <nsplit> <nstore> <output_dir>;error("usage: mpi_nsplit_standard_projection_smoke.jl <fixture> <real|cmp|fsz> <nsplit> <nstore> <output_dir>");const nsplit = parse(Int, ARGS[3]);const nstore = parse(Int, ARGS[4]);const smoke_nsp_gauss_leg = get(ENV, "JULIA_MVMC_SMOKE_NSPGAUSSLEG", "");nsplit >= 1 || error("nsplit must be >= 1; got $nsplit");nstore in (0, 1) || error("nstore must be 0 or 1; got $nstore");"NSPGaussLeg" => smoke_nsp_gauss_leg,;"NVMCSample" => "4",;"NSplitSize" => string(nsplit),;"NStore" => string(nstore),;ensure_modpara_value!(modpara_path, "NSPGaussLeg", smoke_nsp_gauss_leg);nsteps = 1,;nsmp = 1,;label = "nsplit-standard-projection worker: $(fixture_name) nsplit=$(nsplit) nstore=$(nstore)";@error "mpi_nsplit_standard_projection_smoke worker failed" exception = (err, catch_backtrace())	UNVERIFIED: individual Julia scenario not replayed against Rust; candidate gate is not evidence of equivalent assertions	#177/#178/#179
S336	assertion-outside-testset-or-worker	@assert result.status == 0	test/mpi/mpi_nsplit_standard_projection_smoke.jl:95	crates/mvmc-core/src/parallel.rs::partition_range	--features mpi and detected launcher; root-only stdout/output; no JULIA_MVMC_MPI env compatibility promise	executable bounded production mapping; independent scenario replay unverified	C/Julia NSplitSize=group SIZE; current draft follows width/remainder and full-chain/comm1 measurement semantics; prior chain-length/burn-marker failures require fresh independent state verification; protocol success not parity	Sampling/proposed moves/acceptance must remain exact; numerical comparisons only for computed values; no implicit rejection rollback claim	E0 scenario-to-production mapping; proposed gate only unless result names executed record	J=8bb1b9e8ae47b1512c00b321be05664ddcac0fd1; source SHA256=1d59045961424f3b65422b56bf696bcb2fdbaf1fc294efab4c282e325e9b5a35; C=extern/mVMC-1.3.0; independent expectation provenance must be read from named fixtures; no regeneration/run in documentation audit	cargo nextest run --locked --cargo-profile test-fast -p mvmc-core --features mpi --test mpi_issue179_collectives --test mpi_issue179_state --no-fail-fast --retries 0	# mpiexec worker for standard-projection NQPFull > 1 with NSplitSize.;# julia --project=<workspace> test/mpi/mpi_nsplit_standard_projection_smoke.jl <fixture> <mode> <nsplit> <nstore> <output_dir>;error("usage: mpi_nsplit_standard_projection_smoke.jl <fixture> <real|cmp|fsz> <nsplit> <nstore> <output_dir>");const nsplit = parse(Int, ARGS[3]);const nstore = parse(Int, ARGS[4]);const smoke_nsp_gauss_leg = get(ENV, "JULIA_MVMC_SMOKE_NSPGAUSSLEG", "");nsplit >= 1 || error("nsplit must be >= 1; got $nsplit");nstore in (0, 1) || error("nstore must be 0 or 1; got $nstore");"NSPGaussLeg" => smoke_nsp_gauss_leg,;"NVMCSample" => "4",;"NSplitSize" => string(nsplit),;"NStore" => string(nstore),;ensure_modpara_value!(modpara_path, "NSPGaussLeg", smoke_nsp_gauss_leg);nsteps = 1,;nsmp = 1,;label = "nsplit-standard-projection worker: $(fixture_name) nsplit=$(nsplit) nstore=$(nstore)";@error "mpi_nsplit_standard_projection_smoke worker failed" exception = (err, catch_backtrace())	UNVERIFIED: individual Julia scenario not replayed against Rust; candidate gate is not evidence of equivalent assertions	#177/#178/#179
S337	assertion-outside-testset-or-worker	@assert length(result.zvo_first_n) == 1	test/mpi/mpi_nsplit_standard_projection_smoke.jl:96	crates/mvmc-core/src/parallel.rs::partition_range	--features mpi and detected launcher; root-only stdout/output; no JULIA_MVMC_MPI env compatibility promise	executable bounded production mapping; independent scenario replay unverified	C/Julia NSplitSize=group SIZE; current draft follows width/remainder and full-chain/comm1 measurement semantics; prior chain-length/burn-marker failures require fresh independent state verification; protocol success not parity	Sampling/proposed moves/acceptance must remain exact; numerical comparisons only for computed values; no implicit rejection rollback claim	E0 scenario-to-production mapping; proposed gate only unless result names executed record	J=8bb1b9e8ae47b1512c00b321be05664ddcac0fd1; source SHA256=1d59045961424f3b65422b56bf696bcb2fdbaf1fc294efab4c282e325e9b5a35; C=extern/mVMC-1.3.0; independent expectation provenance must be read from named fixtures; no regeneration/run in documentation audit	cargo nextest run --locked --cargo-profile test-fast -p mvmc-core --features mpi --test mpi_issue179_collectives --test mpi_issue179_state --no-fail-fast --retries 0	# mpiexec worker for standard-projection NQPFull > 1 with NSplitSize.;# julia --project=<workspace> test/mpi/mpi_nsplit_standard_projection_smoke.jl <fixture> <mode> <nsplit> <nstore> <output_dir>;error("usage: mpi_nsplit_standard_projection_smoke.jl <fixture> <real|cmp|fsz> <nsplit> <nstore> <output_dir>");const nsplit = parse(Int, ARGS[3]);const nstore = parse(Int, ARGS[4]);const smoke_nsp_gauss_leg = get(ENV, "JULIA_MVMC_SMOKE_NSPGAUSSLEG", "");nsplit >= 1 || error("nsplit must be >= 1; got $nsplit");nstore in (0, 1) || error("nstore must be 0 or 1; got $nstore");"NSPGaussLeg" => smoke_nsp_gauss_leg,;"NVMCSample" => "4",;"NSplitSize" => string(nsplit),;"NStore" => string(nstore),;ensure_modpara_value!(modpara_path, "NSPGaussLeg", smoke_nsp_gauss_leg);nsteps = 1,;nsmp = 1,;label = "nsplit-standard-projection worker: $(fixture_name) nsplit=$(nsplit) nstore=$(nstore)";@error "mpi_nsplit_standard_projection_smoke worker failed" exception = (err, catch_backtrace())	UNVERIFIED: individual Julia scenario not replayed against Rust; candidate gate is not evidence of equivalent assertions	#177/#178/#179
S338	script-entry-or-reference-aid	test/mpi/mpi_nsplit_standard_projection_smoke.jl	test/mpi/mpi_nsplit_standard_projection_smoke.jl:1	crates/mvmc-core/src/parallel.rs::partition_range	--features mpi and detected launcher; root-only stdout/output; no JULIA_MVMC_MPI env compatibility promise	executable bounded production mapping; independent scenario replay unverified	C/Julia NSplitSize=group SIZE; current draft follows width/remainder and full-chain/comm1 measurement semantics; prior chain-length/burn-marker failures require fresh independent state verification; protocol success not parity; support validator distinguishes normal Green positives from FSZ/Lanczos/CG/OptTrans rejections	Sampling/proposed moves/acceptance must remain exact; numerical comparisons only for computed values; no implicit rejection rollback claim	E0 scenario-to-production mapping; proposed gate only unless result names executed record	J=8bb1b9e8ae47b1512c00b321be05664ddcac0fd1; source SHA256=1d59045961424f3b65422b56bf696bcb2fdbaf1fc294efab4c282e325e9b5a35; C=extern/mVMC-1.3.0; independent expectation provenance must be read from named fixtures; no regeneration/run in documentation audit	cargo nextest run --locked --cargo-profile test-fast -p mvmc-core --features mpi --test mpi_issue179_collectives --test mpi_issue179_state --no-fail-fast --retries 0	# mpiexec worker for standard-projection NQPFull > 1 with NSplitSize.;# julia --project=<workspace> test/mpi/mpi_nsplit_standard_projection_smoke.jl <fixture> <mode> <nsplit> <nstore> <output_dir>;error("usage: mpi_nsplit_standard_projection_smoke.jl <fixture> <real|cmp|fsz> <nsplit> <nstore> <output_dir>");const nsplit = parse(Int, ARGS[3]);const nstore = parse(Int, ARGS[4]);const smoke_nsp_gauss_leg = get(ENV, "JULIA_MVMC_SMOKE_NSPGAUSSLEG", "");nsplit >= 1 || error("nsplit must be >= 1; got $nsplit");nstore in (0, 1) || error("nstore must be 0 or 1; got $nstore");"NSPGaussLeg" => smoke_nsp_gauss_leg,;"NVMCSample" => "4",;"NSplitSize" => string(nsplit),;"NStore" => string(nstore),;ensure_modpara_value!(modpara_path, "NSPGaussLeg", smoke_nsp_gauss_leg);nsteps = 1,;nsmp = 1,;label = "nsplit-standard-projection worker: $(fixture_name) nsplit=$(nsplit) nstore=$(nstore)";@error "mpi_nsplit_standard_projection_smoke worker failed" exception = (err, catch_backtrace())	UNVERIFIED: individual Julia scenario not replayed against Rust; candidate gate is not evidence of equivalent assertions	#177/#178/#179
S339	assertion-outside-testset-or-worker	@assert result.status == 0	test/mpi/mpi_physcal_nsplit_smoke.jl:88	crates/mvmc-core/src/parallel.rs::partition_range	--features mpi and detected launcher; root-only stdout/output; no JULIA_MVMC_MPI env compatibility promise	executable bounded production mapping; independent scenario replay unverified	C/Julia NSplitSize=group SIZE; current draft follows width/remainder and full-chain/comm1 measurement semantics; prior chain-length/burn-marker failures require fresh independent state verification; protocol success not parity	Sampling/proposed moves/acceptance must remain exact; numerical comparisons only for computed values; no implicit rejection rollback claim	E0 scenario-to-production mapping; proposed gate only unless result names executed record	J=8bb1b9e8ae47b1512c00b321be05664ddcac0fd1; source SHA256=15744fade94b867c6abfb416c8d620969f9fce07fe47958bcabadaeae7542015; C=extern/mVMC-1.3.0; independent expectation provenance must be read from named fixtures; no regeneration/run in documentation audit	cargo nextest run --locked --cargo-profile test-fast -p mvmc-core --features mpi --test mpi_issue179_collectives --test mpi_issue179_state --no-fail-fast --retries 0	# mpiexec worker for VMCPhysCal NSplitSize self-consistency smokes.;# julia --project=<workspace> test/mpi/mpi_physcal_nsplit_smoke.jl <fixture> <mode> <nsplit> <output_dir>;error("usage: mpi_physcal_nsplit_smoke.jl <fixture> <real|cmp> <nsplit> <output_dir>");const nsplit = parse(Int, ARGS[3]);nsplit >= 1 || error("nsplit must be >= 1; got $nsplit");"NDataQtySmp" => "1",;"NVMCSample" => "4",;"NSplitSize" => string(nsplit),;"NLanczosMode" => "0",;label = "physcal-nsplit worker: $(fixture_name) nsplit=$(nsplit)";@error "mpi_physcal_nsplit_smoke worker failed" exception = (err, catch_backtrace())	UNVERIFIED: individual Julia scenario not replayed against Rust; candidate gate is not evidence of equivalent assertions	#177/#178/#179
S340	assertion-outside-testset-or-worker	@assert isfile(joinpath(outdir, name)) "missing PhysCal output: $name"	test/mpi/mpi_physcal_nsplit_smoke.jl:92	crates/mvmc-core/src/parallel.rs::partition_range	--features mpi and detected launcher; root-only stdout/output; no JULIA_MVMC_MPI env compatibility promise	executable bounded production mapping; independent scenario replay unverified	C/Julia NSplitSize=group SIZE; current draft follows width/remainder and full-chain/comm1 measurement semantics; prior chain-length/burn-marker failures require fresh independent state verification; protocol success not parity	Validation/load failure before init/output unless title targets callback/output/SR; state/RNG/files boundary must be asserted by candidate gate; current collective callbacks fail after completed sample, not rollback	E0 scenario-to-production mapping; proposed gate only unless result names executed record	J=8bb1b9e8ae47b1512c00b321be05664ddcac0fd1; source SHA256=15744fade94b867c6abfb416c8d620969f9fce07fe47958bcabadaeae7542015; C=extern/mVMC-1.3.0; independent expectation provenance must be read from named fixtures; no regeneration/run in documentation audit	cargo nextest run --locked --cargo-profile test-fast -p mvmc-core --features mpi --test mpi_issue179_collectives --test mpi_issue179_state --no-fail-fast --retries 0	# mpiexec worker for VMCPhysCal NSplitSize self-consistency smokes.;# julia --project=<workspace> test/mpi/mpi_physcal_nsplit_smoke.jl <fixture> <mode> <nsplit> <output_dir>;error("usage: mpi_physcal_nsplit_smoke.jl <fixture> <real|cmp> <nsplit> <output_dir>");const nsplit = parse(Int, ARGS[3]);nsplit >= 1 || error("nsplit must be >= 1; got $nsplit");"NDataQtySmp" => "1",;"NVMCSample" => "4",;"NSplitSize" => string(nsplit),;"NLanczosMode" => "0",;label = "physcal-nsplit worker: $(fixture_name) nsplit=$(nsplit)";@error "mpi_physcal_nsplit_smoke worker failed" exception = (err, catch_backtrace())	UNVERIFIED: individual Julia scenario not replayed against Rust; candidate gate is not evidence of equivalent assertions	#177/#178/#179
S341	script-entry-or-reference-aid	test/mpi/mpi_physcal_nsplit_smoke.jl	test/mpi/mpi_physcal_nsplit_smoke.jl:1	crates/mvmc-core/src/parallel.rs::partition_range	--features mpi and detected launcher; root-only stdout/output; no JULIA_MVMC_MPI env compatibility promise	executable bounded production mapping; independent scenario replay unverified	C/Julia NSplitSize=group SIZE; current draft follows width/remainder and full-chain/comm1 measurement semantics; prior chain-length/burn-marker failures require fresh independent state verification; protocol success not parity; support validator distinguishes normal Green positives from FSZ/Lanczos/CG/OptTrans rejections	Sampling/proposed moves/acceptance must remain exact; numerical comparisons only for computed values; no implicit rejection rollback claim	E0 scenario-to-production mapping; proposed gate only unless result names executed record	J=8bb1b9e8ae47b1512c00b321be05664ddcac0fd1; source SHA256=15744fade94b867c6abfb416c8d620969f9fce07fe47958bcabadaeae7542015; C=extern/mVMC-1.3.0; independent expectation provenance must be read from named fixtures; no regeneration/run in documentation audit	cargo nextest run --locked --cargo-profile test-fast -p mvmc-core --features mpi --test mpi_issue179_collectives --test mpi_issue179_state --no-fail-fast --retries 0	# mpiexec worker for VMCPhysCal NSplitSize self-consistency smokes.;# julia --project=<workspace> test/mpi/mpi_physcal_nsplit_smoke.jl <fixture> <mode> <nsplit> <output_dir>;error("usage: mpi_physcal_nsplit_smoke.jl <fixture> <real|cmp> <nsplit> <output_dir>");const nsplit = parse(Int, ARGS[3]);nsplit >= 1 || error("nsplit must be >= 1; got $nsplit");"NDataQtySmp" => "1",;"NVMCSample" => "4",;"NSplitSize" => string(nsplit),;"NLanczosMode" => "0",;label = "physcal-nsplit worker: $(fixture_name) nsplit=$(nsplit)";@error "mpi_physcal_nsplit_smoke worker failed" exception = (err, catch_backtrace())	UNVERIFIED: individual Julia scenario not replayed against Rust; candidate gate is not evidence of equivalent assertions	#177/#178/#179
S342	assertion-outside-testset-or-worker	@assert result.status == 0	test/mpi/mpi_physcal_smoke.jl:26	crates/mvmc-core/src/parallel.rs::partition_range	--features mpi and detected launcher; root-only stdout/output; no JULIA_MVMC_MPI env compatibility promise	executable bounded production mapping; independent scenario replay unverified	C/Julia NSplitSize=group SIZE; current draft follows width/remainder and full-chain/comm1 measurement semantics; prior chain-length/burn-marker failures require fresh independent state verification; protocol success not parity	Sampling/proposed moves/acceptance must remain exact; numerical comparisons only for computed values; no implicit rejection rollback claim	E0 scenario-to-production mapping; proposed gate only unless result names executed record	J=8bb1b9e8ae47b1512c00b321be05664ddcac0fd1; source SHA256=6a7a2c8088a11c76b6610ff27bd54688c1360c7004fdf2c72f1b99e17dc6d1f4; C=extern/mVMC-1.3.0; independent expectation provenance must be read from named fixtures; no regeneration/run in documentation audit	cargo nextest run --locked --cargo-profile test-fast -p mvmc-core --features mpi --test mpi_issue179_collectives --test mpi_issue179_state --no-fail-fast --retries 0	Deterministic synthetic testset; no externally selected stochastic seed; literal arrays/indices in source; no execution recorded	UNVERIFIED: individual Julia scenario not replayed against Rust; candidate gate is not evidence of equivalent assertions	#177/#178/#179
S343	assertion-outside-testset-or-worker	@assert result.n_para_consumed == 14	test/mpi/mpi_physcal_smoke.jl:27	crates/mvmc-core/src/parallel.rs::partition_range	--features mpi and detected launcher; root-only stdout/output; no JULIA_MVMC_MPI env compatibility promise	executable bounded production mapping; independent scenario replay unverified	C/Julia NSplitSize=group SIZE; current draft follows width/remainder and full-chain/comm1 measurement semantics; prior chain-length/burn-marker failures require fresh independent state verification; protocol success not parity	Sampling/proposed moves/acceptance must remain exact; numerical comparisons only for computed values; no implicit rejection rollback claim	E0 scenario-to-production mapping; proposed gate only unless result names executed record	J=8bb1b9e8ae47b1512c00b321be05664ddcac0fd1; source SHA256=6a7a2c8088a11c76b6610ff27bd54688c1360c7004fdf2c72f1b99e17dc6d1f4; C=extern/mVMC-1.3.0; independent expectation provenance must be read from named fixtures; no regeneration/run in documentation audit	cargo nextest run --locked --cargo-profile test-fast -p mvmc-core --features mpi --test mpi_issue179_collectives --test mpi_issue179_state --no-fail-fast --retries 0	Deterministic synthetic testset; no externally selected stochastic seed; literal arrays/indices in source; no execution recorded	UNVERIFIED: individual Julia scenario not replayed against Rust; candidate gate is not evidence of equivalent assertions	#177/#178/#179
S344	assertion-outside-testset-or-worker	@assert isfile(joinpath(outdir, name)) "missing PhysCal output: $name"	test/mpi/mpi_physcal_smoke.jl:31	crates/mvmc-core/src/parallel.rs::partition_range	--features mpi and detected launcher; root-only stdout/output; no JULIA_MVMC_MPI env compatibility promise	executable bounded production mapping; independent scenario replay unverified	C/Julia NSplitSize=group SIZE; current draft follows width/remainder and full-chain/comm1 measurement semantics; prior chain-length/burn-marker failures require fresh independent state verification; protocol success not parity	Validation/load failure before init/output unless title targets callback/output/SR; state/RNG/files boundary must be asserted by candidate gate; current collective callbacks fail after completed sample, not rollback	E0 scenario-to-production mapping; proposed gate only unless result names executed record	J=8bb1b9e8ae47b1512c00b321be05664ddcac0fd1; source SHA256=6a7a2c8088a11c76b6610ff27bd54688c1360c7004fdf2c72f1b99e17dc6d1f4; C=extern/mVMC-1.3.0; independent expectation provenance must be read from named fixtures; no regeneration/run in documentation audit	cargo nextest run --locked --cargo-profile test-fast -p mvmc-core --features mpi --test mpi_issue179_collectives --test mpi_issue179_state --no-fail-fast --retries 0	Deterministic synthetic testset; no externally selected stochastic seed; literal arrays/indices in source; no execution recorded	UNVERIFIED: individual Julia scenario not replayed against Rust; candidate gate is not evidence of equivalent assertions	#177/#178/#179
S345	script-entry-or-reference-aid	test/mpi/mpi_physcal_smoke.jl	test/mpi/mpi_physcal_smoke.jl:1	crates/mvmc-core/src/parallel.rs::partition_range	--features mpi and detected launcher; root-only stdout/output; no JULIA_MVMC_MPI env compatibility promise	executable bounded production mapping; independent scenario replay unverified	C/Julia NSplitSize=group SIZE; current draft follows width/remainder and full-chain/comm1 measurement semantics; prior chain-length/burn-marker failures require fresh independent state verification; protocol success not parity	Sampling/proposed moves/acceptance must remain exact; numerical comparisons only for computed values; no implicit rejection rollback claim	E0 scenario-to-production mapping; proposed gate only unless result names executed record	J=8bb1b9e8ae47b1512c00b321be05664ddcac0fd1; source SHA256=6a7a2c8088a11c76b6610ff27bd54688c1360c7004fdf2c72f1b99e17dc6d1f4; C=extern/mVMC-1.3.0; independent expectation provenance must be read from named fixtures; no regeneration/run in documentation audit	cargo nextest run --locked --cargo-profile test-fast -p mvmc-core --features mpi --test mpi_issue179_collectives --test mpi_issue179_state --no-fail-fast --retries 0	Deterministic synthetic testset; no externally selected stochastic seed; literal arrays/indices in source; no execution recorded	UNVERIFIED: individual Julia scenario not replayed against Rust; candidate gate is not evidence of equivalent assertions	#177/#178/#179
S346	assertion-outside-testset-or-worker	@assert isnan(result.final_energy_per_site)	test/mpi/mpi_smoke.jl:25	crates/mvmc-core/src/parallel.rs::partition_range	--features mpi and detected launcher; root-only stdout/output; no JULIA_MVMC_MPI env compatibility promise	executable bounded production mapping; independent scenario replay unverified	C/Julia NSplitSize=group SIZE; current draft follows width/remainder and full-chain/comm1 measurement semantics; prior chain-length/burn-marker failures require fresh independent state verification; protocol success not parity	Sampling/proposed moves/acceptance must remain exact; numerical comparisons only for computed values; no implicit rejection rollback claim	E0 scenario-to-production mapping; proposed gate only unless result names executed record	J=8bb1b9e8ae47b1512c00b321be05664ddcac0fd1; source SHA256=0a46ce117fa1ba2478454a391bae1e06c0022094d848773ac3f286a840e7ae88; C=extern/mVMC-1.3.0; independent expectation provenance must be read from named fixtures; no regeneration/run in documentation audit	cargo nextest run --locked --cargo-profile test-fast -p mvmc-core --features mpi --test mpi_issue179_collectives --test mpi_issue179_state --no-fail-fast --retries 0	fixture; nsteps = 4, nsmp = 4, mode = :real, output_dir = outdir)	UNVERIFIED: individual Julia scenario not replayed against Rust; candidate gate is not evidence of equivalent assertions	#177/#178/#179
S347	assertion-outside-testset-or-worker	@assert result.status == 0	test/mpi/mpi_smoke.jl:28	crates/mvmc-core/src/parallel.rs::partition_range	--features mpi and detected launcher; root-only stdout/output; no JULIA_MVMC_MPI env compatibility promise	executable bounded production mapping; independent scenario replay unverified	C/Julia NSplitSize=group SIZE; current draft follows width/remainder and full-chain/comm1 measurement semantics; prior chain-length/burn-marker failures require fresh independent state verification; protocol success not parity	Sampling/proposed moves/acceptance must remain exact; numerical comparisons only for computed values; no implicit rejection rollback claim	E0 scenario-to-production mapping; proposed gate only unless result names executed record	J=8bb1b9e8ae47b1512c00b321be05664ddcac0fd1; source SHA256=0a46ce117fa1ba2478454a391bae1e06c0022094d848773ac3f286a840e7ae88; C=extern/mVMC-1.3.0; independent expectation provenance must be read from named fixtures; no regeneration/run in documentation audit	cargo nextest run --locked --cargo-profile test-fast -p mvmc-core --features mpi --test mpi_issue179_collectives --test mpi_issue179_state --no-fail-fast --retries 0	fixture; nsteps = 4, nsmp = 4, mode = :real, output_dir = outdir)	UNVERIFIED: individual Julia scenario not replayed against Rust; candidate gate is not evidence of equivalent assertions	#177/#178/#179
S348	assertion-outside-testset-or-worker	@assert length(result.zvo_first_n) == 4	test/mpi/mpi_smoke.jl:29	crates/mvmc-core/src/parallel.rs::partition_range	--features mpi and detected launcher; root-only stdout/output; no JULIA_MVMC_MPI env compatibility promise	executable bounded production mapping; independent scenario replay unverified	C/Julia NSplitSize=group SIZE; current draft follows width/remainder and full-chain/comm1 measurement semantics; prior chain-length/burn-marker failures require fresh independent state verification; protocol success not parity	Sampling/proposed moves/acceptance must remain exact; numerical comparisons only for computed values; no implicit rejection rollback claim	E0 scenario-to-production mapping; proposed gate only unless result names executed record	J=8bb1b9e8ae47b1512c00b321be05664ddcac0fd1; source SHA256=0a46ce117fa1ba2478454a391bae1e06c0022094d848773ac3f286a840e7ae88; C=extern/mVMC-1.3.0; independent expectation provenance must be read from named fixtures; no regeneration/run in documentation audit	cargo nextest run --locked --cargo-profile test-fast -p mvmc-core --features mpi --test mpi_issue179_collectives --test mpi_issue179_state --no-fail-fast --retries 0	fixture; nsteps = 4, nsmp = 4, mode = :real, output_dir = outdir)	UNVERIFIED: individual Julia scenario not replayed against Rust; candidate gate is not evidence of equivalent assertions	#177/#178/#179
S349	script-entry-or-reference-aid	test/mpi/mpi_smoke.jl	test/mpi/mpi_smoke.jl:1	crates/mvmc-core/src/parallel.rs::partition_range	--features mpi and detected launcher; root-only stdout/output; no JULIA_MVMC_MPI env compatibility promise	executable bounded production mapping; independent scenario replay unverified	C/Julia NSplitSize=group SIZE; current draft follows width/remainder and full-chain/comm1 measurement semantics; prior chain-length/burn-marker failures require fresh independent state verification; protocol success not parity	Sampling/proposed moves/acceptance must remain exact; numerical comparisons only for computed values; no implicit rejection rollback claim	E0 scenario-to-production mapping; proposed gate only unless result names executed record	J=8bb1b9e8ae47b1512c00b321be05664ddcac0fd1; source SHA256=0a46ce117fa1ba2478454a391bae1e06c0022094d848773ac3f286a840e7ae88; C=extern/mVMC-1.3.0; independent expectation provenance must be read from named fixtures; no regeneration/run in documentation audit	cargo nextest run --locked --cargo-profile test-fast -p mvmc-core --features mpi --test mpi_issue179_collectives --test mpi_issue179_state --no-fail-fast --retries 0	fixture; nsteps = 4, nsmp = 4, mode = :real, output_dir = outdir)	UNVERIFIED: individual Julia scenario not replayed against Rust; candidate gate is not evidence of equivalent assertions	#177/#178/#179
S350	script-entry-or-reference-aid	test/mpi/mpi_srcg_e2e_smoke.jl	test/mpi/mpi_srcg_e2e_smoke.jl:1	crates/mvmc-core/src/parallel.rs::partition_range	--features mpi and detected launcher; root-only stdout/output; no JULIA_MVMC_MPI env compatibility promise	executable bounded production mapping; independent scenario replay unverified	C/Julia NSplitSize=group SIZE; current draft follows width/remainder and full-chain/comm1 measurement semantics; prior chain-length/burn-marker failures require fresh independent state verification; protocol success not parity	Sampling/proposed moves/acceptance must remain exact; numerical comparisons only for computed values; no implicit rejection rollback claim	E0 scenario-to-production mapping; proposed gate only unless result names executed record	J=8bb1b9e8ae47b1512c00b321be05664ddcac0fd1; source SHA256=664ff218867b0be6258dc0fc2fcf911cdc81c07ca7dbb0a701b9be0cd4f71715; C=extern/mVMC-1.3.0; independent expectation provenance must be read from named fixtures; no regeneration/run in documentation audit	cargo nextest run --locked --cargo-profile test-fast -p mvmc-core --features mpi --test mpi_issue179_collectives --test mpi_issue179_state --no-fail-fast --retries 0	"heisenberg_chain_real_nsrcg");const nsrcg_param_tol = 1e-2;fixture; nsteps = 1, nsmp = 1, mode = :real, output_dir = outdir);@test orbital_maxdiff <= nsrcg_param_tol	UNVERIFIED: individual Julia scenario not replayed against Rust; candidate gate is not evidence of equivalent assertions	#177/#178/#179
S351	script-entry-or-reference-aid	test/mpi/mpi_srcg_operate_smoke.jl	test/mpi/mpi_srcg_operate_smoke.jl:1	crates/mvmc-core/src/parallel.rs::partition_range	--features mpi and detected launcher; root-only stdout/output; no JULIA_MVMC_MPI env compatibility promise	executable bounded production mapping; independent scenario replay unverified	C/Julia NSplitSize=group SIZE; current draft follows width/remainder and full-chain/comm1 measurement semantics; prior chain-length/burn-marker failures require fresh independent state verification; protocol success not parity	Sampling/proposed moves/acceptance must remain exact; numerical comparisons only for computed values; no implicit rejection rollback claim	E0 scenario-to-production mapping; proposed gate only unless result names executed record	J=8bb1b9e8ae47b1512c00b321be05664ddcac0fd1; source SHA256=c883547ddb30e826c074a1fcaff70129ff4119feec97f1137c98b1830d99f861; C=extern/mVMC-1.3.0; independent expectation provenance must be read from named fixtures; no regeneration/run in documentation audit	cargo nextest run --locked --cargo-profile test-fast -p mvmc-core --features mpi --test mpi_issue179_collectives --test mpi_issue179_state --no-fail-fast --retries 0	Deterministic synthetic testset; no externally selected stochastic seed; literal arrays/indices in source; no execution recorded	UNVERIFIED: individual Julia scenario not replayed against Rust; candidate gate is not evidence of equivalent assertions	#177/#178/#179
S352	assertion-outside-testset-or-worker	@assert state.energy.wc == expected_wc	test/mpi/mpi_weight_average_smoke.jl:27	crates/mvmc-core/src/parallel.rs::partition_range	--features mpi and detected launcher; root-only stdout/output; no JULIA_MVMC_MPI env compatibility promise	executable bounded production mapping; independent scenario replay unverified	C/Julia NSplitSize=group SIZE; current draft follows width/remainder and full-chain/comm1 measurement semantics; prior chain-length/burn-marker failures require fresh independent state verification; protocol success not parity	Sampling/proposed moves/acceptance must remain exact; numerical comparisons only for computed values; no implicit rejection rollback claim	E0 scenario-to-production mapping; proposed gate only unless result names executed record	J=8bb1b9e8ae47b1512c00b321be05664ddcac0fd1; source SHA256=ddc10748fa33e49b85c55bc28544cc2410bd08589ab4330f88d1a3e2a9ee81d3; C=extern/mVMC-1.3.0; independent expectation provenance must be read from named fixtures; no regeneration/run in documentation audit	cargo nextest run --locked --cargo-profile test-fast -p mvmc-core --features mpi --test mpi_issue179_collectives --test mpi_issue179_state --no-fail-fast --retries 0	Deterministic synthetic testset; no externally selected stochastic seed; literal arrays/indices in source; no execution recorded	UNVERIFIED: individual Julia scenario not replayed against Rust; candidate gate is not evidence of equivalent assertions	#177/#178/#179
S353	assertion-outside-testset-or-worker	@assert state.energy.etot ≈ 10.0 + 0.0im	test/mpi/mpi_weight_average_smoke.jl:28	crates/mvmc-core/src/parallel.rs::partition_range	--features mpi and detected launcher; root-only stdout/output; no JULIA_MVMC_MPI env compatibility promise	executable bounded production mapping; independent scenario replay unverified	C/Julia NSplitSize=group SIZE; current draft follows width/remainder and full-chain/comm1 measurement semantics; prior chain-length/burn-marker failures require fresh independent state verification; protocol success not parity	Sampling/proposed moves/acceptance must remain exact; numerical comparisons only for computed values; no implicit rejection rollback claim	E0 scenario-to-production mapping; proposed gate only unless result names executed record	J=8bb1b9e8ae47b1512c00b321be05664ddcac0fd1; source SHA256=ddc10748fa33e49b85c55bc28544cc2410bd08589ab4330f88d1a3e2a9ee81d3; C=extern/mVMC-1.3.0; independent expectation provenance must be read from named fixtures; no regeneration/run in documentation audit	cargo nextest run --locked --cargo-profile test-fast -p mvmc-core --features mpi --test mpi_issue179_collectives --test mpi_issue179_state --no-fail-fast --retries 0	Deterministic synthetic testset; no externally selected stochastic seed; literal arrays/indices in source; no execution recorded	UNVERIFIED: individual Julia scenario not replayed against Rust; candidate gate is not evidence of equivalent assertions	#177/#178/#179
S354	assertion-outside-testset-or-worker	@assert state.energy.etot2 ≈ 100.0 + 0.0im	test/mpi/mpi_weight_average_smoke.jl:29	crates/mvmc-core/src/parallel.rs::partition_range	--features mpi and detected launcher; root-only stdout/output; no JULIA_MVMC_MPI env compatibility promise	executable bounded production mapping; independent scenario replay unverified	C/Julia NSplitSize=group SIZE; current draft follows width/remainder and full-chain/comm1 measurement semantics; prior chain-length/burn-marker failures require fresh independent state verification; protocol success not parity	Sampling/proposed moves/acceptance must remain exact; numerical comparisons only for computed values; no implicit rejection rollback claim	E0 scenario-to-production mapping; proposed gate only unless result names executed record	J=8bb1b9e8ae47b1512c00b321be05664ddcac0fd1; source SHA256=ddc10748fa33e49b85c55bc28544cc2410bd08589ab4330f88d1a3e2a9ee81d3; C=extern/mVMC-1.3.0; independent expectation provenance must be read from named fixtures; no regeneration/run in documentation audit	cargo nextest run --locked --cargo-profile test-fast -p mvmc-core --features mpi --test mpi_issue179_collectives --test mpi_issue179_state --no-fail-fast --retries 0	Deterministic synthetic testset; no externally selected stochastic seed; literal arrays/indices in source; no execution recorded	UNVERIFIED: individual Julia scenario not replayed against Rust; candidate gate is not evidence of equivalent assertions	#177/#178/#179
S355	assertion-outside-testset-or-worker	@assert state.energy.sztot ≈ 2.0 + 0.0im	test/mpi/mpi_weight_average_smoke.jl:30	crates/mvmc-core/src/parallel.rs::partition_range	--features mpi and detected launcher; root-only stdout/output; no JULIA_MVMC_MPI env compatibility promise	executable bounded production mapping; independent scenario replay unverified	C/Julia NSplitSize=group SIZE; current draft follows width/remainder and full-chain/comm1 measurement semantics; prior chain-length/burn-marker failures require fresh independent state verification; protocol success not parity	Sampling/proposed moves/acceptance must remain exact; numerical comparisons only for computed values; no implicit rejection rollback claim	E0 scenario-to-production mapping; proposed gate only unless result names executed record	J=8bb1b9e8ae47b1512c00b321be05664ddcac0fd1; source SHA256=ddc10748fa33e49b85c55bc28544cc2410bd08589ab4330f88d1a3e2a9ee81d3; C=extern/mVMC-1.3.0; independent expectation provenance must be read from named fixtures; no regeneration/run in documentation audit	cargo nextest run --locked --cargo-profile test-fast -p mvmc-core --features mpi --test mpi_issue179_collectives --test mpi_issue179_state --no-fail-fast --retries 0	Deterministic synthetic testset; no externally selected stochastic seed; literal arrays/indices in source; no execution recorded	UNVERIFIED: individual Julia scenario not replayed against Rust; candidate gate is not evidence of equivalent assertions	#177/#178/#179
S356	assertion-outside-testset-or-worker	@assert state.energy.sztot2 ≈ 3.0 + 0.0im	test/mpi/mpi_weight_average_smoke.jl:31	crates/mvmc-core/src/parallel.rs::partition_range	--features mpi and detected launcher; root-only stdout/output; no JULIA_MVMC_MPI env compatibility promise	executable bounded production mapping; independent scenario replay unverified	C/Julia NSplitSize=group SIZE; current draft follows width/remainder and full-chain/comm1 measurement semantics; prior chain-length/burn-marker failures require fresh independent state verification; protocol success not parity	Sampling/proposed moves/acceptance must remain exact; numerical comparisons only for computed values; no implicit rejection rollback claim	E0 scenario-to-production mapping; proposed gate only unless result names executed record	J=8bb1b9e8ae47b1512c00b321be05664ddcac0fd1; source SHA256=ddc10748fa33e49b85c55bc28544cc2410bd08589ab4330f88d1a3e2a9ee81d3; C=extern/mVMC-1.3.0; independent expectation provenance must be read from named fixtures; no regeneration/run in documentation audit	cargo nextest run --locked --cargo-profile test-fast -p mvmc-core --features mpi --test mpi_issue179_collectives --test mpi_issue179_state --no-fail-fast --retries 0	Deterministic synthetic testset; no externally selected stochastic seed; literal arrays/indices in source; no execution recorded	UNVERIFIED: individual Julia scenario not replayed against Rust; candidate gate is not evidence of equivalent assertions	#177/#178/#179
S357	script-entry-or-reference-aid	test/mpi/mpi_weight_average_smoke.jl	test/mpi/mpi_weight_average_smoke.jl:1	crates/mvmc-core/src/parallel.rs::partition_range	--features mpi and detected launcher; root-only stdout/output; no JULIA_MVMC_MPI env compatibility promise	executable bounded production mapping; independent scenario replay unverified	C/Julia NSplitSize=group SIZE; current draft follows width/remainder and full-chain/comm1 measurement semantics; prior chain-length/burn-marker failures require fresh independent state verification; protocol success not parity	Sampling/proposed moves/acceptance must remain exact; numerical comparisons only for computed values; no implicit rejection rollback claim	E0 scenario-to-production mapping; proposed gate only unless result names executed record	J=8bb1b9e8ae47b1512c00b321be05664ddcac0fd1; source SHA256=ddc10748fa33e49b85c55bc28544cc2410bd08589ab4330f88d1a3e2a9ee81d3; C=extern/mVMC-1.3.0; independent expectation provenance must be read from named fixtures; no regeneration/run in documentation audit	cargo nextest run --locked --cargo-profile test-fast -p mvmc-core --features mpi --test mpi_issue179_collectives --test mpi_issue179_state --no-fail-fast --retries 0	Deterministic synthetic testset; no externally selected stochastic seed; literal arrays/indices in source; no execution recorded	UNVERIFIED: individual Julia scenario not replayed against Rust; candidate gate is not evidence of equivalent assertions	#177/#178/#179
S358	testset	@testset "R1 mpiexec -n 2 smoke (rank0 output + allreduce path)" begin	test/mpi/run_mpi_smoke.jl:132	crates/mvmc-core/src/parallel.rs::partition_range	--features mpi and detected launcher; root-only stdout/output; no JULIA_MVMC_MPI env compatibility promise	executable bounded production mapping; independent scenario replay unverified	C/Julia NSplitSize=group SIZE; current draft follows width/remainder and full-chain/comm1 measurement semantics; prior chain-length/burn-marker failures require fresh independent state verification; protocol success not parity	Sampling/proposed moves/acceptance must remain exact; numerical comparisons only for computed values; no implicit rejection rollback claim	E0 scenario-to-production mapping; proposed gate only unless result names executed record	J=8bb1b9e8ae47b1512c00b321be05664ddcac0fd1; source SHA256=dc5b078a3e0424d90d866e59aa0c868652d099481ef52196f9a9fa99b50ceeea; C=extern/mVMC-1.3.0; independent expectation provenance must be read from named fixtures; no regeneration/run in documentation audit	cargo nextest run --locked --cargo-profile test-fast -p mvmc-core --features mpi --test mpi_issue179_collectives --test mpi_issue179_state --no-fail-fast --retries 0	No local scalar override; inherited fixture/synthetic constructor arguments; File-wide declarations (inherited where used): const nsplit_nstore_worker = joinpath(@__DIR__, "mpi_nsplit_nstore_smoke.jl");const nsplit_standard_projection_worker =;joinpath(@__DIR__, "mpi_nsplit_standard_projection_smoke.jl");const physcal_nsplit_worker = joinpath(@__DIR__, "mpi_physcal_nsplit_smoke.jl");const nsplit_nstore_tol = 1e-8;# NQPFull > 1 changes the floating-point summation order: nsplit=1 sums QP;# sectors locally in one loop, while nsplit>1 sums rank-local partial IP values;const nsplit_standard_projection_tol = 5e-8;const physcal_nsplit_tol = 5e-8;function run_nsplit_nstore_case(fixture::AbstractString, mode::AbstractString,;nsplit::Int, nstore::Int, nranks::Int);`$(mpiexec()) -n $nranks $(Base.julia_cmd()) --project=$project $nsplit_nstore_worker $fixture $mode $nsplit $nstore $mpi_dir`,;label = "nsplit-nstore worker: $fixture nsplit=$nsplit nstore=$nstore";function run_nsplit_standard_projection_case(;nsplit::Int,;nstore::Int,;nsp_gauss_leg::Union{Nothing,Int} = nothing,;cmd = `$(mpiexec()) -n $nranks $(Base.julia_cmd()) --project=$project $nsplit_standard_projection_worker $fixture $mode $nsplit $nstore $mpi_dir`;if nsp_gauss_leg !== nothing;cmd = addenv(cmd, "JULIA_MVMC_SMOKE_NSPGAUSSLEG" => string(nsp_gauss_leg));label = "nsplit-standard-projection worker: $fixture nsplit=$nsplit nstore=$nstore";function run_physcal_nsplit_case(;nsplit::Int,;`$(mpiexec()) -n $nranks $(Base.julia_cmd()) --project=$project $physcal_nsplit_worker $fixture $mode $nsplit $mpi_dir`,;label = "physcal-nsplit worker: $fixture nsplit=$nsplit";out = read(`$(mpiexec()) -n 2 $(Base.julia_cmd()) --project=$project $failure_worker nsrcg2 $outdir`,;@test count("failure-mode worker: nsrcg2 expected rejection ok", out) == 2;@testset "v0.5 failure mode: NSplitSize > 1 with SR-CG rejects before MPI.Init" begin;out = read(`$(mpiexec()) -n 2 $(Base.julia_cmd()) --project=$project $failure_worker nsplit_srcg $outdir`,;@test count("failure-mode worker: nsplit_srcg expected rejection ok", out) == 2;@testset "v0.5 failure mode: NSplitSize > 1 with OptTrans rejects before MPI.Init" begin;out = read(`$(mpiexec()) -n 2 $(Base.julia_cmd()) --project=$project $failure_worker nsplit_opttrans $outdir`,;@test count("failure-mode worker: nsplit_opttrans expected rejection ok", out) == 2;@testset "v0.5 failure mode: NSplitSize > 1 with FSZ projection rejects before MPI.Init" begin;out = read(`$(mpiexec()) -n 2 $(Base.julia_cmd()) --project=$project $failure_worker nsplit_fsz_projection $outdir`,;@test count("failure-mode worker: nsplit_fsz_projection expected rejection ok", out) == 2;@testset "v0.5 NSplitSize/NStore direct-SR self-consistency" begin;direct_ref = run_nsplit_nstore_case(case.fixture, case.mode, 1, 0, 2);store_ref = run_nsplit_nstore_case(case.fixture, case.mode, 1, 1, 2);direct_split = run_nsplit_nstore_case(case.fixture, case.mode, 2, 0, 4)	UNVERIFIED: individual Julia scenario not replayed against Rust; candidate gate is not evidence of equivalent assertions	#177/#178/#179
S359	testset	@testset "R1 mpiexec -n 2 WeightAverageWE numeric smoke" begin	test/mpi/run_mpi_smoke.jl:152	crates/mvmc-core/src/parallel.rs::partition_range	--features mpi and detected launcher; root-only stdout/output; no JULIA_MVMC_MPI env compatibility promise	executable bounded production mapping; independent scenario replay unverified	C/Julia NSplitSize=group SIZE; current draft follows width/remainder and full-chain/comm1 measurement semantics; prior chain-length/burn-marker failures require fresh independent state verification; protocol success not parity	Sampling/proposed moves/acceptance must remain exact; numerical comparisons only for computed values; no implicit rejection rollback claim	E0 scenario-to-production mapping; proposed gate only unless result names executed record	J=8bb1b9e8ae47b1512c00b321be05664ddcac0fd1; source SHA256=dc5b078a3e0424d90d866e59aa0c868652d099481ef52196f9a9fa99b50ceeea; C=extern/mVMC-1.3.0; independent expectation provenance must be read from named fixtures; no regeneration/run in documentation audit	cargo nextest run --locked --cargo-profile test-fast -p mvmc-core --features mpi --test mpi_issue179_collectives --test mpi_issue179_state --no-fail-fast --retries 0	No local scalar override; inherited fixture/synthetic constructor arguments; File-wide declarations (inherited where used): const nsplit_nstore_worker = joinpath(@__DIR__, "mpi_nsplit_nstore_smoke.jl");const nsplit_standard_projection_worker =;joinpath(@__DIR__, "mpi_nsplit_standard_projection_smoke.jl");const physcal_nsplit_worker = joinpath(@__DIR__, "mpi_physcal_nsplit_smoke.jl");const nsplit_nstore_tol = 1e-8;# NQPFull > 1 changes the floating-point summation order: nsplit=1 sums QP;# sectors locally in one loop, while nsplit>1 sums rank-local partial IP values;const nsplit_standard_projection_tol = 5e-8;const physcal_nsplit_tol = 5e-8;function run_nsplit_nstore_case(fixture::AbstractString, mode::AbstractString,;nsplit::Int, nstore::Int, nranks::Int);`$(mpiexec()) -n $nranks $(Base.julia_cmd()) --project=$project $nsplit_nstore_worker $fixture $mode $nsplit $nstore $mpi_dir`,;label = "nsplit-nstore worker: $fixture nsplit=$nsplit nstore=$nstore";function run_nsplit_standard_projection_case(;nsplit::Int,;nstore::Int,;nsp_gauss_leg::Union{Nothing,Int} = nothing,;cmd = `$(mpiexec()) -n $nranks $(Base.julia_cmd()) --project=$project $nsplit_standard_projection_worker $fixture $mode $nsplit $nstore $mpi_dir`;if nsp_gauss_leg !== nothing;cmd = addenv(cmd, "JULIA_MVMC_SMOKE_NSPGAUSSLEG" => string(nsp_gauss_leg));label = "nsplit-standard-projection worker: $fixture nsplit=$nsplit nstore=$nstore";function run_physcal_nsplit_case(;nsplit::Int,;`$(mpiexec()) -n $nranks $(Base.julia_cmd()) --project=$project $physcal_nsplit_worker $fixture $mode $nsplit $mpi_dir`,;label = "physcal-nsplit worker: $fixture nsplit=$nsplit";out = read(`$(mpiexec()) -n 2 $(Base.julia_cmd()) --project=$project $failure_worker nsrcg2 $outdir`,;@test count("failure-mode worker: nsrcg2 expected rejection ok", out) == 2;@testset "v0.5 failure mode: NSplitSize > 1 with SR-CG rejects before MPI.Init" begin;out = read(`$(mpiexec()) -n 2 $(Base.julia_cmd()) --project=$project $failure_worker nsplit_srcg $outdir`,;@test count("failure-mode worker: nsplit_srcg expected rejection ok", out) == 2;@testset "v0.5 failure mode: NSplitSize > 1 with OptTrans rejects before MPI.Init" begin;out = read(`$(mpiexec()) -n 2 $(Base.julia_cmd()) --project=$project $failure_worker nsplit_opttrans $outdir`,;@test count("failure-mode worker: nsplit_opttrans expected rejection ok", out) == 2;@testset "v0.5 failure mode: NSplitSize > 1 with FSZ projection rejects before MPI.Init" begin;out = read(`$(mpiexec()) -n 2 $(Base.julia_cmd()) --project=$project $failure_worker nsplit_fsz_projection $outdir`,;@test count("failure-mode worker: nsplit_fsz_projection expected rejection ok", out) == 2;@testset "v0.5 NSplitSize/NStore direct-SR self-consistency" begin;direct_ref = run_nsplit_nstore_case(case.fixture, case.mode, 1, 0, 2);store_ref = run_nsplit_nstore_case(case.fixture, case.mode, 1, 1, 2);direct_split = run_nsplit_nstore_case(case.fixture, case.mode, 2, 0, 4)	UNVERIFIED: individual Julia scenario not replayed against Rust; candidate gate is not evidence of equivalent assertions	#177/#178/#179
S360	testset	@testset "R1 mpiexec -n 2 Hubbard para-opt smoke" begin	test/mpi/run_mpi_smoke.jl:159	crates/mvmc-core/src/parallel.rs::partition_range	--features mpi and detected launcher; root-only stdout/output; no JULIA_MVMC_MPI env compatibility promise	executable bounded production mapping; independent scenario replay unverified	C/Julia NSplitSize=group SIZE; current draft follows width/remainder and full-chain/comm1 measurement semantics; prior chain-length/burn-marker failures require fresh independent state verification; protocol success not parity	Sampling/proposed moves/acceptance must remain exact; numerical comparisons only for computed values; no implicit rejection rollback claim	E0 scenario-to-production mapping; proposed gate only unless result names executed record	J=8bb1b9e8ae47b1512c00b321be05664ddcac0fd1; source SHA256=dc5b078a3e0424d90d866e59aa0c868652d099481ef52196f9a9fa99b50ceeea; C=extern/mVMC-1.3.0; independent expectation provenance must be read from named fixtures; no regeneration/run in documentation audit	cargo nextest run --locked --cargo-profile test-fast -p mvmc-core --features mpi --test mpi_issue179_collectives --test mpi_issue179_state --no-fail-fast --retries 0	No local scalar override; inherited fixture/synthetic constructor arguments; File-wide declarations (inherited where used): const nsplit_nstore_worker = joinpath(@__DIR__, "mpi_nsplit_nstore_smoke.jl");const nsplit_standard_projection_worker =;joinpath(@__DIR__, "mpi_nsplit_standard_projection_smoke.jl");const physcal_nsplit_worker = joinpath(@__DIR__, "mpi_physcal_nsplit_smoke.jl");const nsplit_nstore_tol = 1e-8;# NQPFull > 1 changes the floating-point summation order: nsplit=1 sums QP;# sectors locally in one loop, while nsplit>1 sums rank-local partial IP values;const nsplit_standard_projection_tol = 5e-8;const physcal_nsplit_tol = 5e-8;function run_nsplit_nstore_case(fixture::AbstractString, mode::AbstractString,;nsplit::Int, nstore::Int, nranks::Int);`$(mpiexec()) -n $nranks $(Base.julia_cmd()) --project=$project $nsplit_nstore_worker $fixture $mode $nsplit $nstore $mpi_dir`,;label = "nsplit-nstore worker: $fixture nsplit=$nsplit nstore=$nstore";function run_nsplit_standard_projection_case(;nsplit::Int,;nstore::Int,;nsp_gauss_leg::Union{Nothing,Int} = nothing,;cmd = `$(mpiexec()) -n $nranks $(Base.julia_cmd()) --project=$project $nsplit_standard_projection_worker $fixture $mode $nsplit $nstore $mpi_dir`;if nsp_gauss_leg !== nothing;cmd = addenv(cmd, "JULIA_MVMC_SMOKE_NSPGAUSSLEG" => string(nsp_gauss_leg));label = "nsplit-standard-projection worker: $fixture nsplit=$nsplit nstore=$nstore";function run_physcal_nsplit_case(;nsplit::Int,;`$(mpiexec()) -n $nranks $(Base.julia_cmd()) --project=$project $physcal_nsplit_worker $fixture $mode $nsplit $mpi_dir`,;label = "physcal-nsplit worker: $fixture nsplit=$nsplit";out = read(`$(mpiexec()) -n 2 $(Base.julia_cmd()) --project=$project $failure_worker nsrcg2 $outdir`,;@test count("failure-mode worker: nsrcg2 expected rejection ok", out) == 2;@testset "v0.5 failure mode: NSplitSize > 1 with SR-CG rejects before MPI.Init" begin;out = read(`$(mpiexec()) -n 2 $(Base.julia_cmd()) --project=$project $failure_worker nsplit_srcg $outdir`,;@test count("failure-mode worker: nsplit_srcg expected rejection ok", out) == 2;@testset "v0.5 failure mode: NSplitSize > 1 with OptTrans rejects before MPI.Init" begin;out = read(`$(mpiexec()) -n 2 $(Base.julia_cmd()) --project=$project $failure_worker nsplit_opttrans $outdir`,;@test count("failure-mode worker: nsplit_opttrans expected rejection ok", out) == 2;@testset "v0.5 failure mode: NSplitSize > 1 with FSZ projection rejects before MPI.Init" begin;out = read(`$(mpiexec()) -n 2 $(Base.julia_cmd()) --project=$project $failure_worker nsplit_fsz_projection $outdir`,;@test count("failure-mode worker: nsplit_fsz_projection expected rejection ok", out) == 2;@testset "v0.5 NSplitSize/NStore direct-SR self-consistency" begin;direct_ref = run_nsplit_nstore_case(case.fixture, case.mode, 1, 0, 2);store_ref = run_nsplit_nstore_case(case.fixture, case.mode, 1, 1, 2);direct_split = run_nsplit_nstore_case(case.fixture, case.mode, 2, 0, 4)	UNVERIFIED: individual Julia scenario not replayed against Rust; candidate gate is not evidence of equivalent assertions	#177/#178/#179
S361	testset	@testset "R2 mpiexec -n 2 WeightAverage warning rank0 gate" begin	test/mpi/run_mpi_smoke.jl:172	crates/mvmc-core/src/parallel.rs::partition_range	--features mpi and detected launcher; root-only stdout/output; no JULIA_MVMC_MPI env compatibility promise	executable bounded production mapping; independent scenario replay unverified	C/Julia NSplitSize=group SIZE; current draft follows width/remainder and full-chain/comm1 measurement semantics; prior chain-length/burn-marker failures require fresh independent state verification; protocol success not parity	Sampling/proposed moves/acceptance must remain exact; numerical comparisons only for computed values; no implicit rejection rollback claim	E0 scenario-to-production mapping; proposed gate only unless result names executed record	J=8bb1b9e8ae47b1512c00b321be05664ddcac0fd1; source SHA256=dc5b078a3e0424d90d866e59aa0c868652d099481ef52196f9a9fa99b50ceeea; C=extern/mVMC-1.3.0; independent expectation provenance must be read from named fixtures; no regeneration/run in documentation audit	cargo nextest run --locked --cargo-profile test-fast -p mvmc-core --features mpi --test mpi_issue179_collectives --test mpi_issue179_state --no-fail-fast --retries 0	No local scalar override; inherited fixture/synthetic constructor arguments; File-wide declarations (inherited where used): const nsplit_nstore_worker = joinpath(@__DIR__, "mpi_nsplit_nstore_smoke.jl");const nsplit_standard_projection_worker =;joinpath(@__DIR__, "mpi_nsplit_standard_projection_smoke.jl");const physcal_nsplit_worker = joinpath(@__DIR__, "mpi_physcal_nsplit_smoke.jl");const nsplit_nstore_tol = 1e-8;# NQPFull > 1 changes the floating-point summation order: nsplit=1 sums QP;# sectors locally in one loop, while nsplit>1 sums rank-local partial IP values;const nsplit_standard_projection_tol = 5e-8;const physcal_nsplit_tol = 5e-8;function run_nsplit_nstore_case(fixture::AbstractString, mode::AbstractString,;nsplit::Int, nstore::Int, nranks::Int);`$(mpiexec()) -n $nranks $(Base.julia_cmd()) --project=$project $nsplit_nstore_worker $fixture $mode $nsplit $nstore $mpi_dir`,;label = "nsplit-nstore worker: $fixture nsplit=$nsplit nstore=$nstore";function run_nsplit_standard_projection_case(;nsplit::Int,;nstore::Int,;nsp_gauss_leg::Union{Nothing,Int} = nothing,;cmd = `$(mpiexec()) -n $nranks $(Base.julia_cmd()) --project=$project $nsplit_standard_projection_worker $fixture $mode $nsplit $nstore $mpi_dir`;if nsp_gauss_leg !== nothing;cmd = addenv(cmd, "JULIA_MVMC_SMOKE_NSPGAUSSLEG" => string(nsp_gauss_leg));label = "nsplit-standard-projection worker: $fixture nsplit=$nsplit nstore=$nstore";function run_physcal_nsplit_case(;nsplit::Int,;`$(mpiexec()) -n $nranks $(Base.julia_cmd()) --project=$project $physcal_nsplit_worker $fixture $mode $nsplit $mpi_dir`,;label = "physcal-nsplit worker: $fixture nsplit=$nsplit";out = read(`$(mpiexec()) -n 2 $(Base.julia_cmd()) --project=$project $failure_worker nsrcg2 $outdir`,;@test count("failure-mode worker: nsrcg2 expected rejection ok", out) == 2;@testset "v0.5 failure mode: NSplitSize > 1 with SR-CG rejects before MPI.Init" begin;out = read(`$(mpiexec()) -n 2 $(Base.julia_cmd()) --project=$project $failure_worker nsplit_srcg $outdir`,;@test count("failure-mode worker: nsplit_srcg expected rejection ok", out) == 2;@testset "v0.5 failure mode: NSplitSize > 1 with OptTrans rejects before MPI.Init" begin;out = read(`$(mpiexec()) -n 2 $(Base.julia_cmd()) --project=$project $failure_worker nsplit_opttrans $outdir`,;@test count("failure-mode worker: nsplit_opttrans expected rejection ok", out) == 2;@testset "v0.5 failure mode: NSplitSize > 1 with FSZ projection rejects before MPI.Init" begin;out = read(`$(mpiexec()) -n 2 $(Base.julia_cmd()) --project=$project $failure_worker nsplit_fsz_projection $outdir`,;@test count("failure-mode worker: nsplit_fsz_projection expected rejection ok", out) == 2;@testset "v0.5 NSplitSize/NStore direct-SR self-consistency" begin;direct_ref = run_nsplit_nstore_case(case.fixture, case.mode, 1, 0, 2);store_ref = run_nsplit_nstore_case(case.fixture, case.mode, 1, 1, 2);direct_split = run_nsplit_nstore_case(case.fixture, case.mode, 2, 0, 4)	UNVERIFIED: individual Julia scenario not replayed against Rust; candidate gate is not evidence of equivalent assertions	#177/#178/#179
S362	testset	@testset "v0.5 mpiexec -n 2 SR-CG operate_by_s collective smoke" begin	test/mpi/run_mpi_smoke.jl:184	crates/mvmc-core/src/parallel.rs::partition_range	--features mpi and detected launcher; root-only stdout/output; no JULIA_MVMC_MPI env compatibility promise	executable bounded production mapping; independent scenario replay unverified	C/Julia NSplitSize=group SIZE; current draft follows width/remainder and full-chain/comm1 measurement semantics; prior chain-length/burn-marker failures require fresh independent state verification; protocol success not parity	Sampling/proposed moves/acceptance must remain exact; numerical comparisons only for computed values; no implicit rejection rollback claim	E0 scenario-to-production mapping; proposed gate only unless result names executed record	J=8bb1b9e8ae47b1512c00b321be05664ddcac0fd1; source SHA256=dc5b078a3e0424d90d866e59aa0c868652d099481ef52196f9a9fa99b50ceeea; C=extern/mVMC-1.3.0; independent expectation provenance must be read from named fixtures; no regeneration/run in documentation audit	cargo nextest run --locked --cargo-profile test-fast -p mvmc-core --features mpi --test mpi_issue179_collectives --test mpi_issue179_state --no-fail-fast --retries 0	No local scalar override; inherited fixture/synthetic constructor arguments; File-wide declarations (inherited where used): const nsplit_nstore_worker = joinpath(@__DIR__, "mpi_nsplit_nstore_smoke.jl");const nsplit_standard_projection_worker =;joinpath(@__DIR__, "mpi_nsplit_standard_projection_smoke.jl");const physcal_nsplit_worker = joinpath(@__DIR__, "mpi_physcal_nsplit_smoke.jl");const nsplit_nstore_tol = 1e-8;# NQPFull > 1 changes the floating-point summation order: nsplit=1 sums QP;# sectors locally in one loop, while nsplit>1 sums rank-local partial IP values;const nsplit_standard_projection_tol = 5e-8;const physcal_nsplit_tol = 5e-8;function run_nsplit_nstore_case(fixture::AbstractString, mode::AbstractString,;nsplit::Int, nstore::Int, nranks::Int);`$(mpiexec()) -n $nranks $(Base.julia_cmd()) --project=$project $nsplit_nstore_worker $fixture $mode $nsplit $nstore $mpi_dir`,;label = "nsplit-nstore worker: $fixture nsplit=$nsplit nstore=$nstore";function run_nsplit_standard_projection_case(;nsplit::Int,;nstore::Int,;nsp_gauss_leg::Union{Nothing,Int} = nothing,;cmd = `$(mpiexec()) -n $nranks $(Base.julia_cmd()) --project=$project $nsplit_standard_projection_worker $fixture $mode $nsplit $nstore $mpi_dir`;if nsp_gauss_leg !== nothing;cmd = addenv(cmd, "JULIA_MVMC_SMOKE_NSPGAUSSLEG" => string(nsp_gauss_leg));label = "nsplit-standard-projection worker: $fixture nsplit=$nsplit nstore=$nstore";function run_physcal_nsplit_case(;nsplit::Int,;`$(mpiexec()) -n $nranks $(Base.julia_cmd()) --project=$project $physcal_nsplit_worker $fixture $mode $nsplit $mpi_dir`,;label = "physcal-nsplit worker: $fixture nsplit=$nsplit";out = read(`$(mpiexec()) -n 2 $(Base.julia_cmd()) --project=$project $failure_worker nsrcg2 $outdir`,;@test count("failure-mode worker: nsrcg2 expected rejection ok", out) == 2;@testset "v0.5 failure mode: NSplitSize > 1 with SR-CG rejects before MPI.Init" begin;out = read(`$(mpiexec()) -n 2 $(Base.julia_cmd()) --project=$project $failure_worker nsplit_srcg $outdir`,;@test count("failure-mode worker: nsplit_srcg expected rejection ok", out) == 2;@testset "v0.5 failure mode: NSplitSize > 1 with OptTrans rejects before MPI.Init" begin;out = read(`$(mpiexec()) -n 2 $(Base.julia_cmd()) --project=$project $failure_worker nsplit_opttrans $outdir`,;@test count("failure-mode worker: nsplit_opttrans expected rejection ok", out) == 2;@testset "v0.5 failure mode: NSplitSize > 1 with FSZ projection rejects before MPI.Init" begin;out = read(`$(mpiexec()) -n 2 $(Base.julia_cmd()) --project=$project $failure_worker nsplit_fsz_projection $outdir`,;@test count("failure-mode worker: nsplit_fsz_projection expected rejection ok", out) == 2;@testset "v0.5 NSplitSize/NStore direct-SR self-consistency" begin;direct_ref = run_nsplit_nstore_case(case.fixture, case.mode, 1, 0, 2);store_ref = run_nsplit_nstore_case(case.fixture, case.mode, 1, 1, 2);direct_split = run_nsplit_nstore_case(case.fixture, case.mode, 2, 0, 4)	UNVERIFIED: individual Julia scenario not replayed against Rust; candidate gate is not evidence of equivalent assertions	#177/#178/#179
S363	testset	@testset "v0.5 mpiexec -n 2 SR-CG e2e C-reference smoke" begin	test/mpi/run_mpi_smoke.jl:191	crates/mvmc-core/src/parallel.rs::partition_range	--features mpi and detected launcher; root-only stdout/output; no JULIA_MVMC_MPI env compatibility promise	executable bounded production mapping; independent scenario replay unverified	C/Julia NSplitSize=group SIZE; current draft follows width/remainder and full-chain/comm1 measurement semantics; prior chain-length/burn-marker failures require fresh independent state verification; protocol success not parity	Sampling/proposed moves/acceptance must remain exact; numerical comparisons only for computed values; no implicit rejection rollback claim	E0 scenario-to-production mapping; proposed gate only unless result names executed record	J=8bb1b9e8ae47b1512c00b321be05664ddcac0fd1; source SHA256=dc5b078a3e0424d90d866e59aa0c868652d099481ef52196f9a9fa99b50ceeea; C=extern/mVMC-1.3.0; independent expectation provenance must be read from named fixtures; no regeneration/run in documentation audit	cargo nextest run --locked --cargo-profile test-fast -p mvmc-core --features mpi --test mpi_issue179_collectives --test mpi_issue179_state --no-fail-fast --retries 0	No local scalar override; inherited fixture/synthetic constructor arguments; File-wide declarations (inherited where used): const nsplit_nstore_worker = joinpath(@__DIR__, "mpi_nsplit_nstore_smoke.jl");const nsplit_standard_projection_worker =;joinpath(@__DIR__, "mpi_nsplit_standard_projection_smoke.jl");const physcal_nsplit_worker = joinpath(@__DIR__, "mpi_physcal_nsplit_smoke.jl");const nsplit_nstore_tol = 1e-8;# NQPFull > 1 changes the floating-point summation order: nsplit=1 sums QP;# sectors locally in one loop, while nsplit>1 sums rank-local partial IP values;const nsplit_standard_projection_tol = 5e-8;const physcal_nsplit_tol = 5e-8;function run_nsplit_nstore_case(fixture::AbstractString, mode::AbstractString,;nsplit::Int, nstore::Int, nranks::Int);`$(mpiexec()) -n $nranks $(Base.julia_cmd()) --project=$project $nsplit_nstore_worker $fixture $mode $nsplit $nstore $mpi_dir`,;label = "nsplit-nstore worker: $fixture nsplit=$nsplit nstore=$nstore";function run_nsplit_standard_projection_case(;nsplit::Int,;nstore::Int,;nsp_gauss_leg::Union{Nothing,Int} = nothing,;cmd = `$(mpiexec()) -n $nranks $(Base.julia_cmd()) --project=$project $nsplit_standard_projection_worker $fixture $mode $nsplit $nstore $mpi_dir`;if nsp_gauss_leg !== nothing;cmd = addenv(cmd, "JULIA_MVMC_SMOKE_NSPGAUSSLEG" => string(nsp_gauss_leg));label = "nsplit-standard-projection worker: $fixture nsplit=$nsplit nstore=$nstore";function run_physcal_nsplit_case(;nsplit::Int,;`$(mpiexec()) -n $nranks $(Base.julia_cmd()) --project=$project $physcal_nsplit_worker $fixture $mode $nsplit $mpi_dir`,;label = "physcal-nsplit worker: $fixture nsplit=$nsplit";out = read(`$(mpiexec()) -n 2 $(Base.julia_cmd()) --project=$project $failure_worker nsrcg2 $outdir`,;@test count("failure-mode worker: nsrcg2 expected rejection ok", out) == 2;@testset "v0.5 failure mode: NSplitSize > 1 with SR-CG rejects before MPI.Init" begin;out = read(`$(mpiexec()) -n 2 $(Base.julia_cmd()) --project=$project $failure_worker nsplit_srcg $outdir`,;@test count("failure-mode worker: nsplit_srcg expected rejection ok", out) == 2;@testset "v0.5 failure mode: NSplitSize > 1 with OptTrans rejects before MPI.Init" begin;out = read(`$(mpiexec()) -n 2 $(Base.julia_cmd()) --project=$project $failure_worker nsplit_opttrans $outdir`,;@test count("failure-mode worker: nsplit_opttrans expected rejection ok", out) == 2;@testset "v0.5 failure mode: NSplitSize > 1 with FSZ projection rejects before MPI.Init" begin;out = read(`$(mpiexec()) -n 2 $(Base.julia_cmd()) --project=$project $failure_worker nsplit_fsz_projection $outdir`,;@test count("failure-mode worker: nsplit_fsz_projection expected rejection ok", out) == 2;@testset "v0.5 NSplitSize/NStore direct-SR self-consistency" begin;direct_ref = run_nsplit_nstore_case(case.fixture, case.mode, 1, 0, 2);store_ref = run_nsplit_nstore_case(case.fixture, case.mode, 1, 1, 2);direct_split = run_nsplit_nstore_case(case.fixture, case.mode, 2, 0, 4)	UNVERIFIED: individual Julia scenario not replayed against Rust; candidate gate is not evidence of equivalent assertions	#177/#178/#179
S364	testset	@testset "v0.5 failure mode: NSRCG >= 2 rejects before MPI.Init" begin	test/mpi/run_mpi_smoke.jl:201	crates/mvmc-core/src/parallel.rs::partition_range	--features mpi and detected launcher; root-only stdout/output; no JULIA_MVMC_MPI env compatibility promise	rejected titled invalid scope; validation counterpart exists, not a blanket rejection of valid combinations	C/Julia NSplitSize=group SIZE; current draft follows width/remainder and full-chain/comm1 measurement semantics; prior chain-length/burn-marker failures require fresh independent state verification; protocol success not parity	Validation/load failure before init/output unless title targets callback/output/SR; state/RNG/files boundary must be asserted by candidate gate; current collective callbacks fail after completed sample, not rollback	E0 scenario-to-production mapping; proposed gate only unless result names executed record	J=8bb1b9e8ae47b1512c00b321be05664ddcac0fd1; source SHA256=dc5b078a3e0424d90d866e59aa0c868652d099481ef52196f9a9fa99b50ceeea; C=extern/mVMC-1.3.0; independent expectation provenance must be read from named fixtures; no regeneration/run in documentation audit	cargo nextest run --locked --cargo-profile test-fast -p mvmc-core --features mpi --test mpi_issue179_collectives --test mpi_issue179_state --no-fail-fast --retries 0	No local scalar override; inherited fixture/synthetic constructor arguments; File-wide declarations (inherited where used): const nsplit_nstore_worker = joinpath(@__DIR__, "mpi_nsplit_nstore_smoke.jl");const nsplit_standard_projection_worker =;joinpath(@__DIR__, "mpi_nsplit_standard_projection_smoke.jl");const physcal_nsplit_worker = joinpath(@__DIR__, "mpi_physcal_nsplit_smoke.jl");const nsplit_nstore_tol = 1e-8;# NQPFull > 1 changes the floating-point summation order: nsplit=1 sums QP;# sectors locally in one loop, while nsplit>1 sums rank-local partial IP values;const nsplit_standard_projection_tol = 5e-8;const physcal_nsplit_tol = 5e-8;function run_nsplit_nstore_case(fixture::AbstractString, mode::AbstractString,;nsplit::Int, nstore::Int, nranks::Int);`$(mpiexec()) -n $nranks $(Base.julia_cmd()) --project=$project $nsplit_nstore_worker $fixture $mode $nsplit $nstore $mpi_dir`,;label = "nsplit-nstore worker: $fixture nsplit=$nsplit nstore=$nstore";function run_nsplit_standard_projection_case(;nsplit::Int,;nstore::Int,;nsp_gauss_leg::Union{Nothing,Int} = nothing,;cmd = `$(mpiexec()) -n $nranks $(Base.julia_cmd()) --project=$project $nsplit_standard_projection_worker $fixture $mode $nsplit $nstore $mpi_dir`;if nsp_gauss_leg !== nothing;cmd = addenv(cmd, "JULIA_MVMC_SMOKE_NSPGAUSSLEG" => string(nsp_gauss_leg));label = "nsplit-standard-projection worker: $fixture nsplit=$nsplit nstore=$nstore";function run_physcal_nsplit_case(;nsplit::Int,;`$(mpiexec()) -n $nranks $(Base.julia_cmd()) --project=$project $physcal_nsplit_worker $fixture $mode $nsplit $mpi_dir`,;label = "physcal-nsplit worker: $fixture nsplit=$nsplit";out = read(`$(mpiexec()) -n 2 $(Base.julia_cmd()) --project=$project $failure_worker nsrcg2 $outdir`,;@test count("failure-mode worker: nsrcg2 expected rejection ok", out) == 2;@testset "v0.5 failure mode: NSplitSize > 1 with SR-CG rejects before MPI.Init" begin;out = read(`$(mpiexec()) -n 2 $(Base.julia_cmd()) --project=$project $failure_worker nsplit_srcg $outdir`,;@test count("failure-mode worker: nsplit_srcg expected rejection ok", out) == 2;@testset "v0.5 failure mode: NSplitSize > 1 with OptTrans rejects before MPI.Init" begin;out = read(`$(mpiexec()) -n 2 $(Base.julia_cmd()) --project=$project $failure_worker nsplit_opttrans $outdir`,;@test count("failure-mode worker: nsplit_opttrans expected rejection ok", out) == 2;@testset "v0.5 failure mode: NSplitSize > 1 with FSZ projection rejects before MPI.Init" begin;out = read(`$(mpiexec()) -n 2 $(Base.julia_cmd()) --project=$project $failure_worker nsplit_fsz_projection $outdir`,;@test count("failure-mode worker: nsplit_fsz_projection expected rejection ok", out) == 2;@testset "v0.5 NSplitSize/NStore direct-SR self-consistency" begin;direct_ref = run_nsplit_nstore_case(case.fixture, case.mode, 1, 0, 2);store_ref = run_nsplit_nstore_case(case.fixture, case.mode, 1, 1, 2);direct_split = run_nsplit_nstore_case(case.fixture, case.mode, 2, 0, 4)	UNVERIFIED: individual Julia scenario not replayed against Rust; candidate gate is not evidence of equivalent assertions	#177/#178/#179
S365	testset	@testset "v0.5 failure mode: NSplitSize > 1 with SR-CG rejects before MPI.Init" begin	test/mpi/run_mpi_smoke.jl:209	crates/mvmc-core/src/parallel.rs::partition_range	--features mpi and detected launcher; root-only stdout/output; no JULIA_MVMC_MPI env compatibility promise	rejected titled invalid scope; validation counterpart exists, not a blanket rejection of valid combinations	C/Julia NSplitSize=group SIZE; current draft follows width/remainder and full-chain/comm1 measurement semantics; prior chain-length/burn-marker failures require fresh independent state verification; protocol success not parity; support validator distinguishes normal Green positives from FSZ/Lanczos/CG/OptTrans rejections	Validation/load failure before init/output unless title targets callback/output/SR; state/RNG/files boundary must be asserted by candidate gate; current collective callbacks fail after completed sample, not rollback	E0 scenario-to-production mapping; proposed gate only unless result names executed record	J=8bb1b9e8ae47b1512c00b321be05664ddcac0fd1; source SHA256=dc5b078a3e0424d90d866e59aa0c868652d099481ef52196f9a9fa99b50ceeea; C=extern/mVMC-1.3.0; independent expectation provenance must be read from named fixtures; no regeneration/run in documentation audit	cargo nextest run --locked --cargo-profile test-fast -p mvmc-core --features mpi --test mpi_issue179_collectives --test mpi_issue179_state --no-fail-fast --retries 0	No local scalar override; inherited fixture/synthetic constructor arguments; File-wide declarations (inherited where used): const nsplit_nstore_worker = joinpath(@__DIR__, "mpi_nsplit_nstore_smoke.jl");const nsplit_standard_projection_worker =;joinpath(@__DIR__, "mpi_nsplit_standard_projection_smoke.jl");const physcal_nsplit_worker = joinpath(@__DIR__, "mpi_physcal_nsplit_smoke.jl");const nsplit_nstore_tol = 1e-8;# NQPFull > 1 changes the floating-point summation order: nsplit=1 sums QP;# sectors locally in one loop, while nsplit>1 sums rank-local partial IP values;const nsplit_standard_projection_tol = 5e-8;const physcal_nsplit_tol = 5e-8;function run_nsplit_nstore_case(fixture::AbstractString, mode::AbstractString,;nsplit::Int, nstore::Int, nranks::Int);`$(mpiexec()) -n $nranks $(Base.julia_cmd()) --project=$project $nsplit_nstore_worker $fixture $mode $nsplit $nstore $mpi_dir`,;label = "nsplit-nstore worker: $fixture nsplit=$nsplit nstore=$nstore";function run_nsplit_standard_projection_case(;nsplit::Int,;nstore::Int,;nsp_gauss_leg::Union{Nothing,Int} = nothing,;cmd = `$(mpiexec()) -n $nranks $(Base.julia_cmd()) --project=$project $nsplit_standard_projection_worker $fixture $mode $nsplit $nstore $mpi_dir`;if nsp_gauss_leg !== nothing;cmd = addenv(cmd, "JULIA_MVMC_SMOKE_NSPGAUSSLEG" => string(nsp_gauss_leg));label = "nsplit-standard-projection worker: $fixture nsplit=$nsplit nstore=$nstore";function run_physcal_nsplit_case(;nsplit::Int,;`$(mpiexec()) -n $nranks $(Base.julia_cmd()) --project=$project $physcal_nsplit_worker $fixture $mode $nsplit $mpi_dir`,;label = "physcal-nsplit worker: $fixture nsplit=$nsplit";out = read(`$(mpiexec()) -n 2 $(Base.julia_cmd()) --project=$project $failure_worker nsrcg2 $outdir`,;@test count("failure-mode worker: nsrcg2 expected rejection ok", out) == 2;@testset "v0.5 failure mode: NSplitSize > 1 with SR-CG rejects before MPI.Init" begin;out = read(`$(mpiexec()) -n 2 $(Base.julia_cmd()) --project=$project $failure_worker nsplit_srcg $outdir`,;@test count("failure-mode worker: nsplit_srcg expected rejection ok", out) == 2;@testset "v0.5 failure mode: NSplitSize > 1 with OptTrans rejects before MPI.Init" begin;out = read(`$(mpiexec()) -n 2 $(Base.julia_cmd()) --project=$project $failure_worker nsplit_opttrans $outdir`,;@test count("failure-mode worker: nsplit_opttrans expected rejection ok", out) == 2;@testset "v0.5 failure mode: NSplitSize > 1 with FSZ projection rejects before MPI.Init" begin;out = read(`$(mpiexec()) -n 2 $(Base.julia_cmd()) --project=$project $failure_worker nsplit_fsz_projection $outdir`,;@test count("failure-mode worker: nsplit_fsz_projection expected rejection ok", out) == 2;@testset "v0.5 NSplitSize/NStore direct-SR self-consistency" begin;direct_ref = run_nsplit_nstore_case(case.fixture, case.mode, 1, 0, 2);store_ref = run_nsplit_nstore_case(case.fixture, case.mode, 1, 1, 2);direct_split = run_nsplit_nstore_case(case.fixture, case.mode, 2, 0, 4)	UNVERIFIED: individual Julia scenario not replayed against Rust; candidate gate is not evidence of equivalent assertions	#177/#178/#179
S366	testset	@testset "v0.5 failure mode: NSplitSize > 1 with OptTrans rejects before MPI.Init" begin	test/mpi/run_mpi_smoke.jl:217	crates/mvmc-core/src/parallel.rs::partition_range	--features mpi and detected launcher; root-only stdout/output; no JULIA_MVMC_MPI env compatibility promise	rejected titled invalid scope; validation counterpart exists, not a blanket rejection of valid combinations	C/Julia NSplitSize=group SIZE; current draft follows width/remainder and full-chain/comm1 measurement semantics; prior chain-length/burn-marker failures require fresh independent state verification; protocol success not parity; support validator distinguishes normal Green positives from FSZ/Lanczos/CG/OptTrans rejections	Validation/load failure before init/output unless title targets callback/output/SR; state/RNG/files boundary must be asserted by candidate gate; current collective callbacks fail after completed sample, not rollback	E0 scenario-to-production mapping; proposed gate only unless result names executed record	J=8bb1b9e8ae47b1512c00b321be05664ddcac0fd1; source SHA256=dc5b078a3e0424d90d866e59aa0c868652d099481ef52196f9a9fa99b50ceeea; C=extern/mVMC-1.3.0; independent expectation provenance must be read from named fixtures; no regeneration/run in documentation audit	cargo nextest run --locked --cargo-profile test-fast -p mvmc-core --features mpi --test mpi_issue179_collectives --test mpi_issue179_state --no-fail-fast --retries 0	No local scalar override; inherited fixture/synthetic constructor arguments; File-wide declarations (inherited where used): const nsplit_nstore_worker = joinpath(@__DIR__, "mpi_nsplit_nstore_smoke.jl");const nsplit_standard_projection_worker =;joinpath(@__DIR__, "mpi_nsplit_standard_projection_smoke.jl");const physcal_nsplit_worker = joinpath(@__DIR__, "mpi_physcal_nsplit_smoke.jl");const nsplit_nstore_tol = 1e-8;# NQPFull > 1 changes the floating-point summation order: nsplit=1 sums QP;# sectors locally in one loop, while nsplit>1 sums rank-local partial IP values;const nsplit_standard_projection_tol = 5e-8;const physcal_nsplit_tol = 5e-8;function run_nsplit_nstore_case(fixture::AbstractString, mode::AbstractString,;nsplit::Int, nstore::Int, nranks::Int);`$(mpiexec()) -n $nranks $(Base.julia_cmd()) --project=$project $nsplit_nstore_worker $fixture $mode $nsplit $nstore $mpi_dir`,;label = "nsplit-nstore worker: $fixture nsplit=$nsplit nstore=$nstore";function run_nsplit_standard_projection_case(;nsplit::Int,;nstore::Int,;nsp_gauss_leg::Union{Nothing,Int} = nothing,;cmd = `$(mpiexec()) -n $nranks $(Base.julia_cmd()) --project=$project $nsplit_standard_projection_worker $fixture $mode $nsplit $nstore $mpi_dir`;if nsp_gauss_leg !== nothing;cmd = addenv(cmd, "JULIA_MVMC_SMOKE_NSPGAUSSLEG" => string(nsp_gauss_leg));label = "nsplit-standard-projection worker: $fixture nsplit=$nsplit nstore=$nstore";function run_physcal_nsplit_case(;nsplit::Int,;`$(mpiexec()) -n $nranks $(Base.julia_cmd()) --project=$project $physcal_nsplit_worker $fixture $mode $nsplit $mpi_dir`,;label = "physcal-nsplit worker: $fixture nsplit=$nsplit";out = read(`$(mpiexec()) -n 2 $(Base.julia_cmd()) --project=$project $failure_worker nsrcg2 $outdir`,;@test count("failure-mode worker: nsrcg2 expected rejection ok", out) == 2;@testset "v0.5 failure mode: NSplitSize > 1 with SR-CG rejects before MPI.Init" begin;out = read(`$(mpiexec()) -n 2 $(Base.julia_cmd()) --project=$project $failure_worker nsplit_srcg $outdir`,;@test count("failure-mode worker: nsplit_srcg expected rejection ok", out) == 2;@testset "v0.5 failure mode: NSplitSize > 1 with OptTrans rejects before MPI.Init" begin;out = read(`$(mpiexec()) -n 2 $(Base.julia_cmd()) --project=$project $failure_worker nsplit_opttrans $outdir`,;@test count("failure-mode worker: nsplit_opttrans expected rejection ok", out) == 2;@testset "v0.5 failure mode: NSplitSize > 1 with FSZ projection rejects before MPI.Init" begin;out = read(`$(mpiexec()) -n 2 $(Base.julia_cmd()) --project=$project $failure_worker nsplit_fsz_projection $outdir`,;@test count("failure-mode worker: nsplit_fsz_projection expected rejection ok", out) == 2;@testset "v0.5 NSplitSize/NStore direct-SR self-consistency" begin;direct_ref = run_nsplit_nstore_case(case.fixture, case.mode, 1, 0, 2);store_ref = run_nsplit_nstore_case(case.fixture, case.mode, 1, 1, 2);direct_split = run_nsplit_nstore_case(case.fixture, case.mode, 2, 0, 4)	UNVERIFIED: individual Julia scenario not replayed against Rust; candidate gate is not evidence of equivalent assertions	#177/#178/#179
S367	testset	@testset "v0.5 failure mode: NSplitSize > 1 with FSZ projection rejects before MPI.Init" begin	test/mpi/run_mpi_smoke.jl:225	crates/mvmc-core/src/parallel.rs::partition_range	--features mpi and detected launcher; root-only stdout/output; no JULIA_MVMC_MPI env compatibility promise	rejected titled invalid scope; validation counterpart exists, not a blanket rejection of valid combinations	C/Julia NSplitSize=group SIZE; current draft follows width/remainder and full-chain/comm1 measurement semantics; prior chain-length/burn-marker failures require fresh independent state verification; protocol success not parity; support validator distinguishes normal Green positives from FSZ/Lanczos/CG/OptTrans rejections	Validation/load failure before init/output unless title targets callback/output/SR; state/RNG/files boundary must be asserted by candidate gate; current collective callbacks fail after completed sample, not rollback	E0 scenario-to-production mapping; proposed gate only unless result names executed record	J=8bb1b9e8ae47b1512c00b321be05664ddcac0fd1; source SHA256=dc5b078a3e0424d90d866e59aa0c868652d099481ef52196f9a9fa99b50ceeea; C=extern/mVMC-1.3.0; independent expectation provenance must be read from named fixtures; no regeneration/run in documentation audit	cargo nextest run --locked --cargo-profile test-fast -p mvmc-core --features mpi --test mpi_issue179_collectives --test mpi_issue179_state --no-fail-fast --retries 0	No local scalar override; inherited fixture/synthetic constructor arguments; File-wide declarations (inherited where used): const nsplit_nstore_worker = joinpath(@__DIR__, "mpi_nsplit_nstore_smoke.jl");const nsplit_standard_projection_worker =;joinpath(@__DIR__, "mpi_nsplit_standard_projection_smoke.jl");const physcal_nsplit_worker = joinpath(@__DIR__, "mpi_physcal_nsplit_smoke.jl");const nsplit_nstore_tol = 1e-8;# NQPFull > 1 changes the floating-point summation order: nsplit=1 sums QP;# sectors locally in one loop, while nsplit>1 sums rank-local partial IP values;const nsplit_standard_projection_tol = 5e-8;const physcal_nsplit_tol = 5e-8;function run_nsplit_nstore_case(fixture::AbstractString, mode::AbstractString,;nsplit::Int, nstore::Int, nranks::Int);`$(mpiexec()) -n $nranks $(Base.julia_cmd()) --project=$project $nsplit_nstore_worker $fixture $mode $nsplit $nstore $mpi_dir`,;label = "nsplit-nstore worker: $fixture nsplit=$nsplit nstore=$nstore";function run_nsplit_standard_projection_case(;nsplit::Int,;nstore::Int,;nsp_gauss_leg::Union{Nothing,Int} = nothing,;cmd = `$(mpiexec()) -n $nranks $(Base.julia_cmd()) --project=$project $nsplit_standard_projection_worker $fixture $mode $nsplit $nstore $mpi_dir`;if nsp_gauss_leg !== nothing;cmd = addenv(cmd, "JULIA_MVMC_SMOKE_NSPGAUSSLEG" => string(nsp_gauss_leg));label = "nsplit-standard-projection worker: $fixture nsplit=$nsplit nstore=$nstore";function run_physcal_nsplit_case(;nsplit::Int,;`$(mpiexec()) -n $nranks $(Base.julia_cmd()) --project=$project $physcal_nsplit_worker $fixture $mode $nsplit $mpi_dir`,;label = "physcal-nsplit worker: $fixture nsplit=$nsplit";out = read(`$(mpiexec()) -n 2 $(Base.julia_cmd()) --project=$project $failure_worker nsrcg2 $outdir`,;@test count("failure-mode worker: nsrcg2 expected rejection ok", out) == 2;@testset "v0.5 failure mode: NSplitSize > 1 with SR-CG rejects before MPI.Init" begin;out = read(`$(mpiexec()) -n 2 $(Base.julia_cmd()) --project=$project $failure_worker nsplit_srcg $outdir`,;@test count("failure-mode worker: nsplit_srcg expected rejection ok", out) == 2;@testset "v0.5 failure mode: NSplitSize > 1 with OptTrans rejects before MPI.Init" begin;out = read(`$(mpiexec()) -n 2 $(Base.julia_cmd()) --project=$project $failure_worker nsplit_opttrans $outdir`,;@test count("failure-mode worker: nsplit_opttrans expected rejection ok", out) == 2;@testset "v0.5 failure mode: NSplitSize > 1 with FSZ projection rejects before MPI.Init" begin;out = read(`$(mpiexec()) -n 2 $(Base.julia_cmd()) --project=$project $failure_worker nsplit_fsz_projection $outdir`,;@test count("failure-mode worker: nsplit_fsz_projection expected rejection ok", out) == 2;@testset "v0.5 NSplitSize/NStore direct-SR self-consistency" begin;direct_ref = run_nsplit_nstore_case(case.fixture, case.mode, 1, 0, 2);store_ref = run_nsplit_nstore_case(case.fixture, case.mode, 1, 1, 2);direct_split = run_nsplit_nstore_case(case.fixture, case.mode, 2, 0, 4)	UNVERIFIED: individual Julia scenario not replayed against Rust; candidate gate is not evidence of equivalent assertions	#177/#178/#179
S368	testset	@testset "v0.5 NSplitSize/NStore direct-SR self-consistency" begin	test/mpi/run_mpi_smoke.jl:233	crates/mvmc-core/src/parallel.rs::partition_range	--features mpi and detected launcher; root-only stdout/output; no JULIA_MVMC_MPI env compatibility promise	executable bounded production mapping; independent scenario replay unverified	C/Julia NSplitSize=group SIZE; current draft follows width/remainder and full-chain/comm1 measurement semantics; prior chain-length/burn-marker failures require fresh independent state verification; protocol success not parity; support validator distinguishes normal Green positives from FSZ/Lanczos/CG/OptTrans rejections	Sampling/proposed moves/acceptance must remain exact; numerical comparisons only for computed values; no implicit rejection rollback claim	E0 scenario-to-production mapping; proposed gate only unless result names executed record	J=8bb1b9e8ae47b1512c00b321be05664ddcac0fd1; source SHA256=dc5b078a3e0424d90d866e59aa0c868652d099481ef52196f9a9fa99b50ceeea; C=extern/mVMC-1.3.0; independent expectation provenance must be read from named fixtures; no regeneration/run in documentation audit	cargo nextest run --locked --cargo-profile test-fast -p mvmc-core --features mpi --test mpi_issue179_collectives --test mpi_issue179_state --no-fail-fast --retries 0	No local scalar override; inherited fixture/synthetic constructor arguments; File-wide declarations (inherited where used): const nsplit_nstore_worker = joinpath(@__DIR__, "mpi_nsplit_nstore_smoke.jl");const nsplit_standard_projection_worker =;joinpath(@__DIR__, "mpi_nsplit_standard_projection_smoke.jl");const physcal_nsplit_worker = joinpath(@__DIR__, "mpi_physcal_nsplit_smoke.jl");const nsplit_nstore_tol = 1e-8;# NQPFull > 1 changes the floating-point summation order: nsplit=1 sums QP;# sectors locally in one loop, while nsplit>1 sums rank-local partial IP values;const nsplit_standard_projection_tol = 5e-8;const physcal_nsplit_tol = 5e-8;function run_nsplit_nstore_case(fixture::AbstractString, mode::AbstractString,;nsplit::Int, nstore::Int, nranks::Int);`$(mpiexec()) -n $nranks $(Base.julia_cmd()) --project=$project $nsplit_nstore_worker $fixture $mode $nsplit $nstore $mpi_dir`,;label = "nsplit-nstore worker: $fixture nsplit=$nsplit nstore=$nstore";function run_nsplit_standard_projection_case(;nsplit::Int,;nstore::Int,;nsp_gauss_leg::Union{Nothing,Int} = nothing,;cmd = `$(mpiexec()) -n $nranks $(Base.julia_cmd()) --project=$project $nsplit_standard_projection_worker $fixture $mode $nsplit $nstore $mpi_dir`;if nsp_gauss_leg !== nothing;cmd = addenv(cmd, "JULIA_MVMC_SMOKE_NSPGAUSSLEG" => string(nsp_gauss_leg));label = "nsplit-standard-projection worker: $fixture nsplit=$nsplit nstore=$nstore";function run_physcal_nsplit_case(;nsplit::Int,;`$(mpiexec()) -n $nranks $(Base.julia_cmd()) --project=$project $physcal_nsplit_worker $fixture $mode $nsplit $mpi_dir`,;label = "physcal-nsplit worker: $fixture nsplit=$nsplit";out = read(`$(mpiexec()) -n 2 $(Base.julia_cmd()) --project=$project $failure_worker nsrcg2 $outdir`,;@test count("failure-mode worker: nsrcg2 expected rejection ok", out) == 2;@testset "v0.5 failure mode: NSplitSize > 1 with SR-CG rejects before MPI.Init" begin;out = read(`$(mpiexec()) -n 2 $(Base.julia_cmd()) --project=$project $failure_worker nsplit_srcg $outdir`,;@test count("failure-mode worker: nsplit_srcg expected rejection ok", out) == 2;@testset "v0.5 failure mode: NSplitSize > 1 with OptTrans rejects before MPI.Init" begin;out = read(`$(mpiexec()) -n 2 $(Base.julia_cmd()) --project=$project $failure_worker nsplit_opttrans $outdir`,;@test count("failure-mode worker: nsplit_opttrans expected rejection ok", out) == 2;@testset "v0.5 failure mode: NSplitSize > 1 with FSZ projection rejects before MPI.Init" begin;out = read(`$(mpiexec()) -n 2 $(Base.julia_cmd()) --project=$project $failure_worker nsplit_fsz_projection $outdir`,;@test count("failure-mode worker: nsplit_fsz_projection expected rejection ok", out) == 2;@testset "v0.5 NSplitSize/NStore direct-SR self-consistency" begin;direct_ref = run_nsplit_nstore_case(case.fixture, case.mode, 1, 0, 2);store_ref = run_nsplit_nstore_case(case.fixture, case.mode, 1, 1, 2);direct_split = run_nsplit_nstore_case(case.fixture, case.mode, 2, 0, 4)	UNVERIFIED: individual Julia scenario not replayed against Rust; candidate gate is not evidence of equivalent assertions	#177/#178/#179
S369	testset	@testset "v0.5 NSplitSize standard-projection NQPFull self-consistency" begin	test/mpi/run_mpi_smoke.jl:258	crates/mvmc-core/src/parallel.rs::partition_range	--features mpi and detected launcher; root-only stdout/output; no JULIA_MVMC_MPI env compatibility promise	executable bounded production mapping; independent scenario replay unverified	C/Julia NSplitSize=group SIZE; current draft follows width/remainder and full-chain/comm1 measurement semantics; prior chain-length/burn-marker failures require fresh independent state verification; protocol success not parity; support validator distinguishes normal Green positives from FSZ/Lanczos/CG/OptTrans rejections	Sampling/proposed moves/acceptance must remain exact; numerical comparisons only for computed values; no implicit rejection rollback claim	E0 scenario-to-production mapping; proposed gate only unless result names executed record	J=8bb1b9e8ae47b1512c00b321be05664ddcac0fd1; source SHA256=dc5b078a3e0424d90d866e59aa0c868652d099481ef52196f9a9fa99b50ceeea; C=extern/mVMC-1.3.0; independent expectation provenance must be read from named fixtures; no regeneration/run in documentation audit	cargo nextest run --locked --cargo-profile test-fast -p mvmc-core --features mpi --test mpi_issue179_collectives --test mpi_issue179_state --no-fail-fast --retries 0	Testset scalar settings: nsp_gauss_leg = nsp,; nsp_gauss_leg = nsp,; nsp_gauss_leg = nsp,; nsp_gauss_leg = nsp,; File-wide declarations (inherited where used): const nsplit_nstore_worker = joinpath(@__DIR__, "mpi_nsplit_nstore_smoke.jl");const nsplit_standard_projection_worker =;joinpath(@__DIR__, "mpi_nsplit_standard_projection_smoke.jl");const physcal_nsplit_worker = joinpath(@__DIR__, "mpi_physcal_nsplit_smoke.jl");const nsplit_nstore_tol = 1e-8;# NQPFull > 1 changes the floating-point summation order: nsplit=1 sums QP;# sectors locally in one loop, while nsplit>1 sums rank-local partial IP values;const nsplit_standard_projection_tol = 5e-8;const physcal_nsplit_tol = 5e-8;function run_nsplit_nstore_case(fixture::AbstractString, mode::AbstractString,;nsplit::Int, nstore::Int, nranks::Int);`$(mpiexec()) -n $nranks $(Base.julia_cmd()) --project=$project $nsplit_nstore_worker $fixture $mode $nsplit $nstore $mpi_dir`,;label = "nsplit-nstore worker: $fixture nsplit=$nsplit nstore=$nstore";function run_nsplit_standard_projection_case(;nsplit::Int,;nstore::Int,;nsp_gauss_leg::Union{Nothing,Int} = nothing,;cmd = `$(mpiexec()) -n $nranks $(Base.julia_cmd()) --project=$project $nsplit_standard_projection_worker $fixture $mode $nsplit $nstore $mpi_dir`;if nsp_gauss_leg !== nothing;cmd = addenv(cmd, "JULIA_MVMC_SMOKE_NSPGAUSSLEG" => string(nsp_gauss_leg));label = "nsplit-standard-projection worker: $fixture nsplit=$nsplit nstore=$nstore";function run_physcal_nsplit_case(;nsplit::Int,;`$(mpiexec()) -n $nranks $(Base.julia_cmd()) --project=$project $physcal_nsplit_worker $fixture $mode $nsplit $mpi_dir`,;label = "physcal-nsplit worker: $fixture nsplit=$nsplit";out = read(`$(mpiexec()) -n 2 $(Base.julia_cmd()) --project=$project $failure_worker nsrcg2 $outdir`,;@test count("failure-mode worker: nsrcg2 expected rejection ok", out) == 2;@testset "v0.5 failure mode: NSplitSize > 1 with SR-CG rejects before MPI.Init" begin;out = read(`$(mpiexec()) -n 2 $(Base.julia_cmd()) --project=$project $failure_worker nsplit_srcg $outdir`,;@test count("failure-mode worker: nsplit_srcg expected rejection ok", out) == 2;@testset "v0.5 failure mode: NSplitSize > 1 with OptTrans rejects before MPI.Init" begin;out = read(`$(mpiexec()) -n 2 $(Base.julia_cmd()) --project=$project $failure_worker nsplit_opttrans $outdir`,;@test count("failure-mode worker: nsplit_opttrans expected rejection ok", out) == 2;@testset "v0.5 failure mode: NSplitSize > 1 with FSZ projection rejects before MPI.Init" begin;out = read(`$(mpiexec()) -n 2 $(Base.julia_cmd()) --project=$project $failure_worker nsplit_fsz_projection $outdir`,;@test count("failure-mode worker: nsplit_fsz_projection expected rejection ok", out) == 2;@testset "v0.5 NSplitSize/NStore direct-SR self-consistency" begin;direct_ref = run_nsplit_nstore_case(case.fixture, case.mode, 1, 0, 2);store_ref = run_nsplit_nstore_case(case.fixture, case.mode, 1, 1, 2);direct_split = run_nsplit_nstore_case(case.fixture, case.mode, 2, 0, 4)	UNVERIFIED: individual Julia scenario not replayed against Rust; candidate gate is not evidence of equivalent assertions	#177/#178/#179
S370	testset	@testset "v0.5 PhysCal NSplitSize self-consistency" begin	test/mpi/run_mpi_smoke.jl:315	crates/mvmc-core/src/parallel.rs::partition_range	--features mpi and detected launcher; root-only stdout/output; no JULIA_MVMC_MPI env compatibility promise	executable bounded production mapping; independent scenario replay unverified	C/Julia NSplitSize=group SIZE; current draft follows width/remainder and full-chain/comm1 measurement semantics; prior chain-length/burn-marker failures require fresh independent state verification; protocol success not parity; support validator distinguishes normal Green positives from FSZ/Lanczos/CG/OptTrans rejections	Sampling/proposed moves/acceptance must remain exact; numerical comparisons only for computed values; no implicit rejection rollback claim	E0 scenario-to-production mapping; proposed gate only unless result names executed record	J=8bb1b9e8ae47b1512c00b321be05664ddcac0fd1; source SHA256=dc5b078a3e0424d90d866e59aa0c868652d099481ef52196f9a9fa99b50ceeea; C=extern/mVMC-1.3.0; independent expectation provenance must be read from named fixtures; no regeneration/run in documentation audit	cargo nextest run --locked --cargo-profile test-fast -p mvmc-core --features mpi --test mpi_issue179_collectives --test mpi_issue179_state --no-fail-fast --retries 0	No local scalar override; inherited fixture/synthetic constructor arguments; File-wide declarations (inherited where used): const nsplit_nstore_worker = joinpath(@__DIR__, "mpi_nsplit_nstore_smoke.jl");const nsplit_standard_projection_worker =;joinpath(@__DIR__, "mpi_nsplit_standard_projection_smoke.jl");const physcal_nsplit_worker = joinpath(@__DIR__, "mpi_physcal_nsplit_smoke.jl");const nsplit_nstore_tol = 1e-8;# NQPFull > 1 changes the floating-point summation order: nsplit=1 sums QP;# sectors locally in one loop, while nsplit>1 sums rank-local partial IP values;const nsplit_standard_projection_tol = 5e-8;const physcal_nsplit_tol = 5e-8;function run_nsplit_nstore_case(fixture::AbstractString, mode::AbstractString,;nsplit::Int, nstore::Int, nranks::Int);`$(mpiexec()) -n $nranks $(Base.julia_cmd()) --project=$project $nsplit_nstore_worker $fixture $mode $nsplit $nstore $mpi_dir`,;label = "nsplit-nstore worker: $fixture nsplit=$nsplit nstore=$nstore";function run_nsplit_standard_projection_case(;nsplit::Int,;nstore::Int,;nsp_gauss_leg::Union{Nothing,Int} = nothing,;cmd = `$(mpiexec()) -n $nranks $(Base.julia_cmd()) --project=$project $nsplit_standard_projection_worker $fixture $mode $nsplit $nstore $mpi_dir`;if nsp_gauss_leg !== nothing;cmd = addenv(cmd, "JULIA_MVMC_SMOKE_NSPGAUSSLEG" => string(nsp_gauss_leg));label = "nsplit-standard-projection worker: $fixture nsplit=$nsplit nstore=$nstore";function run_physcal_nsplit_case(;nsplit::Int,;`$(mpiexec()) -n $nranks $(Base.julia_cmd()) --project=$project $physcal_nsplit_worker $fixture $mode $nsplit $mpi_dir`,;label = "physcal-nsplit worker: $fixture nsplit=$nsplit";out = read(`$(mpiexec()) -n 2 $(Base.julia_cmd()) --project=$project $failure_worker nsrcg2 $outdir`,;@test count("failure-mode worker: nsrcg2 expected rejection ok", out) == 2;@testset "v0.5 failure mode: NSplitSize > 1 with SR-CG rejects before MPI.Init" begin;out = read(`$(mpiexec()) -n 2 $(Base.julia_cmd()) --project=$project $failure_worker nsplit_srcg $outdir`,;@test count("failure-mode worker: nsplit_srcg expected rejection ok", out) == 2;@testset "v0.5 failure mode: NSplitSize > 1 with OptTrans rejects before MPI.Init" begin;out = read(`$(mpiexec()) -n 2 $(Base.julia_cmd()) --project=$project $failure_worker nsplit_opttrans $outdir`,;@test count("failure-mode worker: nsplit_opttrans expected rejection ok", out) == 2;@testset "v0.5 failure mode: NSplitSize > 1 with FSZ projection rejects before MPI.Init" begin;out = read(`$(mpiexec()) -n 2 $(Base.julia_cmd()) --project=$project $failure_worker nsplit_fsz_projection $outdir`,;@test count("failure-mode worker: nsplit_fsz_projection expected rejection ok", out) == 2;@testset "v0.5 NSplitSize/NStore direct-SR self-consistency" begin;direct_ref = run_nsplit_nstore_case(case.fixture, case.mode, 1, 0, 2);store_ref = run_nsplit_nstore_case(case.fixture, case.mode, 1, 1, 2);direct_split = run_nsplit_nstore_case(case.fixture, case.mode, 2, 0, 4)	UNVERIFIED: individual Julia scenario not replayed against Rust; candidate gate is not evidence of equivalent assertions	#177/#178/#179
S371	testset	@testset "R1 mpiexec -n 4 para-opt smoke" begin	test/mpi/run_mpi_smoke.jl:335	crates/mvmc-core/src/parallel.rs::partition_range	--features mpi and detected launcher; root-only stdout/output; no JULIA_MVMC_MPI env compatibility promise	executable bounded production mapping; independent scenario replay unverified	C/Julia NSplitSize=group SIZE; current draft follows width/remainder and full-chain/comm1 measurement semantics; prior chain-length/burn-marker failures require fresh independent state verification; protocol success not parity	Sampling/proposed moves/acceptance must remain exact; numerical comparisons only for computed values; no implicit rejection rollback claim	E0 scenario-to-production mapping; proposed gate only unless result names executed record	J=8bb1b9e8ae47b1512c00b321be05664ddcac0fd1; source SHA256=dc5b078a3e0424d90d866e59aa0c868652d099481ef52196f9a9fa99b50ceeea; C=extern/mVMC-1.3.0; independent expectation provenance must be read from named fixtures; no regeneration/run in documentation audit	cargo nextest run --locked --cargo-profile test-fast -p mvmc-core --features mpi --test mpi_issue179_collectives --test mpi_issue179_state --no-fail-fast --retries 0	No local scalar override; inherited fixture/synthetic constructor arguments; File-wide declarations (inherited where used): const nsplit_nstore_worker = joinpath(@__DIR__, "mpi_nsplit_nstore_smoke.jl");const nsplit_standard_projection_worker =;joinpath(@__DIR__, "mpi_nsplit_standard_projection_smoke.jl");const physcal_nsplit_worker = joinpath(@__DIR__, "mpi_physcal_nsplit_smoke.jl");const nsplit_nstore_tol = 1e-8;# NQPFull > 1 changes the floating-point summation order: nsplit=1 sums QP;# sectors locally in one loop, while nsplit>1 sums rank-local partial IP values;const nsplit_standard_projection_tol = 5e-8;const physcal_nsplit_tol = 5e-8;function run_nsplit_nstore_case(fixture::AbstractString, mode::AbstractString,;nsplit::Int, nstore::Int, nranks::Int);`$(mpiexec()) -n $nranks $(Base.julia_cmd()) --project=$project $nsplit_nstore_worker $fixture $mode $nsplit $nstore $mpi_dir`,;label = "nsplit-nstore worker: $fixture nsplit=$nsplit nstore=$nstore";function run_nsplit_standard_projection_case(;nsplit::Int,;nstore::Int,;nsp_gauss_leg::Union{Nothing,Int} = nothing,;cmd = `$(mpiexec()) -n $nranks $(Base.julia_cmd()) --project=$project $nsplit_standard_projection_worker $fixture $mode $nsplit $nstore $mpi_dir`;if nsp_gauss_leg !== nothing;cmd = addenv(cmd, "JULIA_MVMC_SMOKE_NSPGAUSSLEG" => string(nsp_gauss_leg));label = "nsplit-standard-projection worker: $fixture nsplit=$nsplit nstore=$nstore";function run_physcal_nsplit_case(;nsplit::Int,;`$(mpiexec()) -n $nranks $(Base.julia_cmd()) --project=$project $physcal_nsplit_worker $fixture $mode $nsplit $mpi_dir`,;label = "physcal-nsplit worker: $fixture nsplit=$nsplit";out = read(`$(mpiexec()) -n 2 $(Base.julia_cmd()) --project=$project $failure_worker nsrcg2 $outdir`,;@test count("failure-mode worker: nsrcg2 expected rejection ok", out) == 2;@testset "v0.5 failure mode: NSplitSize > 1 with SR-CG rejects before MPI.Init" begin;out = read(`$(mpiexec()) -n 2 $(Base.julia_cmd()) --project=$project $failure_worker nsplit_srcg $outdir`,;@test count("failure-mode worker: nsplit_srcg expected rejection ok", out) == 2;@testset "v0.5 failure mode: NSplitSize > 1 with OptTrans rejects before MPI.Init" begin;out = read(`$(mpiexec()) -n 2 $(Base.julia_cmd()) --project=$project $failure_worker nsplit_opttrans $outdir`,;@test count("failure-mode worker: nsplit_opttrans expected rejection ok", out) == 2;@testset "v0.5 failure mode: NSplitSize > 1 with FSZ projection rejects before MPI.Init" begin;out = read(`$(mpiexec()) -n 2 $(Base.julia_cmd()) --project=$project $failure_worker nsplit_fsz_projection $outdir`,;@test count("failure-mode worker: nsplit_fsz_projection expected rejection ok", out) == 2;@testset "v0.5 NSplitSize/NStore direct-SR self-consistency" begin;direct_ref = run_nsplit_nstore_case(case.fixture, case.mode, 1, 0, 2);store_ref = run_nsplit_nstore_case(case.fixture, case.mode, 1, 1, 2);direct_split = run_nsplit_nstore_case(case.fixture, case.mode, 2, 0, 4)	UNVERIFIED: individual Julia scenario not replayed against Rust; candidate gate is not evidence of equivalent assertions	#177/#178/#179
S372	testset	@testset "R1 mpiexec -n 2 PhysCal smoke (rank0 Green output)" begin	test/mpi/run_mpi_smoke.jl:345	crates/mvmc-core/src/parallel.rs::partition_range	--features mpi and detected launcher; root-only stdout/output; no JULIA_MVMC_MPI env compatibility promise	executable bounded production mapping; independent scenario replay unverified	C/Julia NSplitSize=group SIZE; current draft follows width/remainder and full-chain/comm1 measurement semantics; prior chain-length/burn-marker failures require fresh independent state verification; protocol success not parity	Sampling/proposed moves/acceptance must remain exact; numerical comparisons only for computed values; no implicit rejection rollback claim	E0 scenario-to-production mapping; proposed gate only unless result names executed record	J=8bb1b9e8ae47b1512c00b321be05664ddcac0fd1; source SHA256=dc5b078a3e0424d90d866e59aa0c868652d099481ef52196f9a9fa99b50ceeea; C=extern/mVMC-1.3.0; independent expectation provenance must be read from named fixtures; no regeneration/run in documentation audit	cargo nextest run --locked --cargo-profile test-fast -p mvmc-core --features mpi --test mpi_issue179_collectives --test mpi_issue179_state --no-fail-fast --retries 0	No local scalar override; inherited fixture/synthetic constructor arguments; File-wide declarations (inherited where used): const nsplit_nstore_worker = joinpath(@__DIR__, "mpi_nsplit_nstore_smoke.jl");const nsplit_standard_projection_worker =;joinpath(@__DIR__, "mpi_nsplit_standard_projection_smoke.jl");const physcal_nsplit_worker = joinpath(@__DIR__, "mpi_physcal_nsplit_smoke.jl");const nsplit_nstore_tol = 1e-8;# NQPFull > 1 changes the floating-point summation order: nsplit=1 sums QP;# sectors locally in one loop, while nsplit>1 sums rank-local partial IP values;const nsplit_standard_projection_tol = 5e-8;const physcal_nsplit_tol = 5e-8;function run_nsplit_nstore_case(fixture::AbstractString, mode::AbstractString,;nsplit::Int, nstore::Int, nranks::Int);`$(mpiexec()) -n $nranks $(Base.julia_cmd()) --project=$project $nsplit_nstore_worker $fixture $mode $nsplit $nstore $mpi_dir`,;label = "nsplit-nstore worker: $fixture nsplit=$nsplit nstore=$nstore";function run_nsplit_standard_projection_case(;nsplit::Int,;nstore::Int,;nsp_gauss_leg::Union{Nothing,Int} = nothing,;cmd = `$(mpiexec()) -n $nranks $(Base.julia_cmd()) --project=$project $nsplit_standard_projection_worker $fixture $mode $nsplit $nstore $mpi_dir`;if nsp_gauss_leg !== nothing;cmd = addenv(cmd, "JULIA_MVMC_SMOKE_NSPGAUSSLEG" => string(nsp_gauss_leg));label = "nsplit-standard-projection worker: $fixture nsplit=$nsplit nstore=$nstore";function run_physcal_nsplit_case(;nsplit::Int,;`$(mpiexec()) -n $nranks $(Base.julia_cmd()) --project=$project $physcal_nsplit_worker $fixture $mode $nsplit $mpi_dir`,;label = "physcal-nsplit worker: $fixture nsplit=$nsplit";out = read(`$(mpiexec()) -n 2 $(Base.julia_cmd()) --project=$project $failure_worker nsrcg2 $outdir`,;@test count("failure-mode worker: nsrcg2 expected rejection ok", out) == 2;@testset "v0.5 failure mode: NSplitSize > 1 with SR-CG rejects before MPI.Init" begin;out = read(`$(mpiexec()) -n 2 $(Base.julia_cmd()) --project=$project $failure_worker nsplit_srcg $outdir`,;@test count("failure-mode worker: nsplit_srcg expected rejection ok", out) == 2;@testset "v0.5 failure mode: NSplitSize > 1 with OptTrans rejects before MPI.Init" begin;out = read(`$(mpiexec()) -n 2 $(Base.julia_cmd()) --project=$project $failure_worker nsplit_opttrans $outdir`,;@test count("failure-mode worker: nsplit_opttrans expected rejection ok", out) == 2;@testset "v0.5 failure mode: NSplitSize > 1 with FSZ projection rejects before MPI.Init" begin;out = read(`$(mpiexec()) -n 2 $(Base.julia_cmd()) --project=$project $failure_worker nsplit_fsz_projection $outdir`,;@test count("failure-mode worker: nsplit_fsz_projection expected rejection ok", out) == 2;@testset "v0.5 NSplitSize/NStore direct-SR self-consistency" begin;direct_ref = run_nsplit_nstore_case(case.fixture, case.mode, 1, 0, 2);store_ref = run_nsplit_nstore_case(case.fixture, case.mode, 1, 1, 2);direct_split = run_nsplit_nstore_case(case.fixture, case.mode, 2, 0, 4)	UNVERIFIED: individual Julia scenario not replayed against Rust; candidate gate is not evidence of equivalent assertions	#177/#178/#179
S373	testset	@testset "rank0-only stdout under mpiexec -n 2 (plan review F5)" begin	test/mpi/run_mpi_smoke.jl:359	crates/mvmc-core/src/parallel.rs::partition_range	--features mpi and detected launcher; root-only stdout/output; no JULIA_MVMC_MPI env compatibility promise	executable bounded production mapping; independent scenario replay unverified	C/Julia NSplitSize=group SIZE; current draft follows width/remainder and full-chain/comm1 measurement semantics; prior chain-length/burn-marker failures require fresh independent state verification; protocol success not parity	Sampling/proposed moves/acceptance must remain exact; numerical comparisons only for computed values; no implicit rejection rollback claim	E0 scenario-to-production mapping; proposed gate only unless result names executed record	J=8bb1b9e8ae47b1512c00b321be05664ddcac0fd1; source SHA256=dc5b078a3e0424d90d866e59aa0c868652d099481ef52196f9a9fa99b50ceeea; C=extern/mVMC-1.3.0; independent expectation provenance must be read from named fixtures; no regeneration/run in documentation audit	cargo nextest run --locked --cargo-profile test-fast -p mvmc-core --features mpi --test mpi_issue179_collectives --test mpi_issue179_state --no-fail-fast --retries 0	No local scalar override; inherited fixture/synthetic constructor arguments; File-wide declarations (inherited where used): const nsplit_nstore_worker = joinpath(@__DIR__, "mpi_nsplit_nstore_smoke.jl");const nsplit_standard_projection_worker =;joinpath(@__DIR__, "mpi_nsplit_standard_projection_smoke.jl");const physcal_nsplit_worker = joinpath(@__DIR__, "mpi_physcal_nsplit_smoke.jl");const nsplit_nstore_tol = 1e-8;# NQPFull > 1 changes the floating-point summation order: nsplit=1 sums QP;# sectors locally in one loop, while nsplit>1 sums rank-local partial IP values;const nsplit_standard_projection_tol = 5e-8;const physcal_nsplit_tol = 5e-8;function run_nsplit_nstore_case(fixture::AbstractString, mode::AbstractString,;nsplit::Int, nstore::Int, nranks::Int);`$(mpiexec()) -n $nranks $(Base.julia_cmd()) --project=$project $nsplit_nstore_worker $fixture $mode $nsplit $nstore $mpi_dir`,;label = "nsplit-nstore worker: $fixture nsplit=$nsplit nstore=$nstore";function run_nsplit_standard_projection_case(;nsplit::Int,;nstore::Int,;nsp_gauss_leg::Union{Nothing,Int} = nothing,;cmd = `$(mpiexec()) -n $nranks $(Base.julia_cmd()) --project=$project $nsplit_standard_projection_worker $fixture $mode $nsplit $nstore $mpi_dir`;if nsp_gauss_leg !== nothing;cmd = addenv(cmd, "JULIA_MVMC_SMOKE_NSPGAUSSLEG" => string(nsp_gauss_leg));label = "nsplit-standard-projection worker: $fixture nsplit=$nsplit nstore=$nstore";function run_physcal_nsplit_case(;nsplit::Int,;`$(mpiexec()) -n $nranks $(Base.julia_cmd()) --project=$project $physcal_nsplit_worker $fixture $mode $nsplit $mpi_dir`,;label = "physcal-nsplit worker: $fixture nsplit=$nsplit";out = read(`$(mpiexec()) -n 2 $(Base.julia_cmd()) --project=$project $failure_worker nsrcg2 $outdir`,;@test count("failure-mode worker: nsrcg2 expected rejection ok", out) == 2;@testset "v0.5 failure mode: NSplitSize > 1 with SR-CG rejects before MPI.Init" begin;out = read(`$(mpiexec()) -n 2 $(Base.julia_cmd()) --project=$project $failure_worker nsplit_srcg $outdir`,;@test count("failure-mode worker: nsplit_srcg expected rejection ok", out) == 2;@testset "v0.5 failure mode: NSplitSize > 1 with OptTrans rejects before MPI.Init" begin;out = read(`$(mpiexec()) -n 2 $(Base.julia_cmd()) --project=$project $failure_worker nsplit_opttrans $outdir`,;@test count("failure-mode worker: nsplit_opttrans expected rejection ok", out) == 2;@testset "v0.5 failure mode: NSplitSize > 1 with FSZ projection rejects before MPI.Init" begin;out = read(`$(mpiexec()) -n 2 $(Base.julia_cmd()) --project=$project $failure_worker nsplit_fsz_projection $outdir`,;@test count("failure-mode worker: nsplit_fsz_projection expected rejection ok", out) == 2;@testset "v0.5 NSplitSize/NStore direct-SR self-consistency" begin;direct_ref = run_nsplit_nstore_case(case.fixture, case.mode, 1, 0, 2);store_ref = run_nsplit_nstore_case(case.fixture, case.mode, 1, 1, 2);direct_split = run_nsplit_nstore_case(case.fixture, case.mode, 2, 0, 4)	UNVERIFIED: individual Julia scenario not replayed against Rust; candidate gate is not evidence of equivalent assertions	#177/#178/#179
S374	testset	@testset "JULIA_MVMC_MPI=0 under mpiexec -n 2 aborts (F12)" begin	test/mpi/run_mpi_smoke.jl:373	crates/mvmc-core/src/parallel.rs::partition_range	--features mpi and detected launcher; root-only stdout/output; no JULIA_MVMC_MPI env compatibility promise	executable bounded production mapping; independent scenario replay unverified	C/Julia NSplitSize=group SIZE; current draft follows width/remainder and full-chain/comm1 measurement semantics; prior chain-length/burn-marker failures require fresh independent state verification; protocol success not parity	Sampling/proposed moves/acceptance must remain exact; numerical comparisons only for computed values; no implicit rejection rollback claim	E0 scenario-to-production mapping; proposed gate only unless result names executed record	J=8bb1b9e8ae47b1512c00b321be05664ddcac0fd1; source SHA256=dc5b078a3e0424d90d866e59aa0c868652d099481ef52196f9a9fa99b50ceeea; C=extern/mVMC-1.3.0; independent expectation provenance must be read from named fixtures; no regeneration/run in documentation audit	cargo nextest run --locked --cargo-profile test-fast -p mvmc-core --features mpi --test mpi_issue179_collectives --test mpi_issue179_state --no-fail-fast --retries 0	No local scalar override; inherited fixture/synthetic constructor arguments; File-wide declarations (inherited where used): const nsplit_nstore_worker = joinpath(@__DIR__, "mpi_nsplit_nstore_smoke.jl");const nsplit_standard_projection_worker =;joinpath(@__DIR__, "mpi_nsplit_standard_projection_smoke.jl");const physcal_nsplit_worker = joinpath(@__DIR__, "mpi_physcal_nsplit_smoke.jl");const nsplit_nstore_tol = 1e-8;# NQPFull > 1 changes the floating-point summation order: nsplit=1 sums QP;# sectors locally in one loop, while nsplit>1 sums rank-local partial IP values;const nsplit_standard_projection_tol = 5e-8;const physcal_nsplit_tol = 5e-8;function run_nsplit_nstore_case(fixture::AbstractString, mode::AbstractString,;nsplit::Int, nstore::Int, nranks::Int);`$(mpiexec()) -n $nranks $(Base.julia_cmd()) --project=$project $nsplit_nstore_worker $fixture $mode $nsplit $nstore $mpi_dir`,;label = "nsplit-nstore worker: $fixture nsplit=$nsplit nstore=$nstore";function run_nsplit_standard_projection_case(;nsplit::Int,;nstore::Int,;nsp_gauss_leg::Union{Nothing,Int} = nothing,;cmd = `$(mpiexec()) -n $nranks $(Base.julia_cmd()) --project=$project $nsplit_standard_projection_worker $fixture $mode $nsplit $nstore $mpi_dir`;if nsp_gauss_leg !== nothing;cmd = addenv(cmd, "JULIA_MVMC_SMOKE_NSPGAUSSLEG" => string(nsp_gauss_leg));label = "nsplit-standard-projection worker: $fixture nsplit=$nsplit nstore=$nstore";function run_physcal_nsplit_case(;nsplit::Int,;`$(mpiexec()) -n $nranks $(Base.julia_cmd()) --project=$project $physcal_nsplit_worker $fixture $mode $nsplit $mpi_dir`,;label = "physcal-nsplit worker: $fixture nsplit=$nsplit";out = read(`$(mpiexec()) -n 2 $(Base.julia_cmd()) --project=$project $failure_worker nsrcg2 $outdir`,;@test count("failure-mode worker: nsrcg2 expected rejection ok", out) == 2;@testset "v0.5 failure mode: NSplitSize > 1 with SR-CG rejects before MPI.Init" begin;out = read(`$(mpiexec()) -n 2 $(Base.julia_cmd()) --project=$project $failure_worker nsplit_srcg $outdir`,;@test count("failure-mode worker: nsplit_srcg expected rejection ok", out) == 2;@testset "v0.5 failure mode: NSplitSize > 1 with OptTrans rejects before MPI.Init" begin;out = read(`$(mpiexec()) -n 2 $(Base.julia_cmd()) --project=$project $failure_worker nsplit_opttrans $outdir`,;@test count("failure-mode worker: nsplit_opttrans expected rejection ok", out) == 2;@testset "v0.5 failure mode: NSplitSize > 1 with FSZ projection rejects before MPI.Init" begin;out = read(`$(mpiexec()) -n 2 $(Base.julia_cmd()) --project=$project $failure_worker nsplit_fsz_projection $outdir`,;@test count("failure-mode worker: nsplit_fsz_projection expected rejection ok", out) == 2;@testset "v0.5 NSplitSize/NStore direct-SR self-consistency" begin;direct_ref = run_nsplit_nstore_case(case.fixture, case.mode, 1, 0, 2);store_ref = run_nsplit_nstore_case(case.fixture, case.mode, 1, 1, 2);direct_split = run_nsplit_nstore_case(case.fixture, case.mode, 2, 0, 4)	UNVERIFIED: individual Julia scenario not replayed against Rust; candidate gate is not evidence of equivalent assertions	#177/#178/#179
S375	testset	@testset "JULIA_MVMC_MPI=1 without mpiexec runs as size-1 MPI (A7)" begin	test/mpi/run_mpi_smoke.jl:381	crates/mvmc-core/src/parallel.rs::partition_range	--features mpi and detected launcher; root-only stdout/output; no JULIA_MVMC_MPI env compatibility promise	executable bounded production mapping; independent scenario replay unverified	C/Julia NSplitSize=group SIZE; current draft follows width/remainder and full-chain/comm1 measurement semantics; prior chain-length/burn-marker failures require fresh independent state verification; protocol success not parity	Sampling/proposed moves/acceptance must remain exact; numerical comparisons only for computed values; no implicit rejection rollback claim	E0 scenario-to-production mapping; proposed gate only unless result names executed record	J=8bb1b9e8ae47b1512c00b321be05664ddcac0fd1; source SHA256=dc5b078a3e0424d90d866e59aa0c868652d099481ef52196f9a9fa99b50ceeea; C=extern/mVMC-1.3.0; independent expectation provenance must be read from named fixtures; no regeneration/run in documentation audit	cargo nextest run --locked --cargo-profile test-fast -p mvmc-core --features mpi --test mpi_issue179_collectives --test mpi_issue179_state --no-fail-fast --retries 0	No local scalar override; inherited fixture/synthetic constructor arguments; File-wide declarations (inherited where used): const nsplit_nstore_worker = joinpath(@__DIR__, "mpi_nsplit_nstore_smoke.jl");const nsplit_standard_projection_worker =;joinpath(@__DIR__, "mpi_nsplit_standard_projection_smoke.jl");const physcal_nsplit_worker = joinpath(@__DIR__, "mpi_physcal_nsplit_smoke.jl");const nsplit_nstore_tol = 1e-8;# NQPFull > 1 changes the floating-point summation order: nsplit=1 sums QP;# sectors locally in one loop, while nsplit>1 sums rank-local partial IP values;const nsplit_standard_projection_tol = 5e-8;const physcal_nsplit_tol = 5e-8;function run_nsplit_nstore_case(fixture::AbstractString, mode::AbstractString,;nsplit::Int, nstore::Int, nranks::Int);`$(mpiexec()) -n $nranks $(Base.julia_cmd()) --project=$project $nsplit_nstore_worker $fixture $mode $nsplit $nstore $mpi_dir`,;label = "nsplit-nstore worker: $fixture nsplit=$nsplit nstore=$nstore";function run_nsplit_standard_projection_case(;nsplit::Int,;nstore::Int,;nsp_gauss_leg::Union{Nothing,Int} = nothing,;cmd = `$(mpiexec()) -n $nranks $(Base.julia_cmd()) --project=$project $nsplit_standard_projection_worker $fixture $mode $nsplit $nstore $mpi_dir`;if nsp_gauss_leg !== nothing;cmd = addenv(cmd, "JULIA_MVMC_SMOKE_NSPGAUSSLEG" => string(nsp_gauss_leg));label = "nsplit-standard-projection worker: $fixture nsplit=$nsplit nstore=$nstore";function run_physcal_nsplit_case(;nsplit::Int,;`$(mpiexec()) -n $nranks $(Base.julia_cmd()) --project=$project $physcal_nsplit_worker $fixture $mode $nsplit $mpi_dir`,;label = "physcal-nsplit worker: $fixture nsplit=$nsplit";out = read(`$(mpiexec()) -n 2 $(Base.julia_cmd()) --project=$project $failure_worker nsrcg2 $outdir`,;@test count("failure-mode worker: nsrcg2 expected rejection ok", out) == 2;@testset "v0.5 failure mode: NSplitSize > 1 with SR-CG rejects before MPI.Init" begin;out = read(`$(mpiexec()) -n 2 $(Base.julia_cmd()) --project=$project $failure_worker nsplit_srcg $outdir`,;@test count("failure-mode worker: nsplit_srcg expected rejection ok", out) == 2;@testset "v0.5 failure mode: NSplitSize > 1 with OptTrans rejects before MPI.Init" begin;out = read(`$(mpiexec()) -n 2 $(Base.julia_cmd()) --project=$project $failure_worker nsplit_opttrans $outdir`,;@test count("failure-mode worker: nsplit_opttrans expected rejection ok", out) == 2;@testset "v0.5 failure mode: NSplitSize > 1 with FSZ projection rejects before MPI.Init" begin;out = read(`$(mpiexec()) -n 2 $(Base.julia_cmd()) --project=$project $failure_worker nsplit_fsz_projection $outdir`,;@test count("failure-mode worker: nsplit_fsz_projection expected rejection ok", out) == 2;@testset "v0.5 NSplitSize/NStore direct-SR self-consistency" begin;direct_ref = run_nsplit_nstore_case(case.fixture, case.mode, 1, 0, 2);store_ref = run_nsplit_nstore_case(case.fixture, case.mode, 1, 1, 2);direct_split = run_nsplit_nstore_case(case.fixture, case.mode, 2, 0, 4)	UNVERIFIED: individual Julia scenario not replayed against Rust; candidate gate is not evidence of equivalent assertions	#177/#178/#179
S376	expanded-ctest-model	heisenberg_chain_real	test/integration/ctest_equivalent.jl:1	crates/mvmc-core/src/run.rs::vmc_para_opt	Optimization; real/cmp/FSZ; nsteps/nsmp; direct or standard CG; grouped direct within validator; grouped CG rejected	executable bounded production mapping; independent scenario replay unverified	C trajectory/SR/input authority; Julia architecture; final optimization-window output differs from C (owner output gap)	Sampling/proposed moves/acceptance must remain exact; numerical comparisons only for computed values; no implicit rejection rollback claim	expanded executable scenario; unverified unless an executed record is named	J heisenberg_chain_real/ctest_ref metadata+ref_mean/std; tests/fixtures/ctest_model_prefixes/heisenberg_chain_real provenance; owner issue-180-model-coverage.md; statistical != discrete	MVMC_RS_CTEST_MODELS=heisenberg_chain_real cargo nextest run --locked --cargo-profile test-fast -p mvmc-core --test ctest_equivalent --run-ignored only -E 'test(rust_ctest_equivalent_selected_models)' --no-fail-fast --retries 0	NVMCCalMode=0, NLanczosMode=0, NDataIdxStart=1, NDataQtySmp=1, Nsite=6, NSPGaussLeg=8, NSPStot=0, NMPTrans=-1, NSROptItrStep=1000, NSROptItrSmp=100, NVMCWarmUp=10, NVMCInterval=1, NVMCSample=100, RndSeed=1, NSplitSize=1, NStore=1, NSRCG=0; native steps/window and canonical initial.def auto	OWNER-REPORTED: pre-integration all13 statistical gate pass90495; twelve canonical prefix quantities1/2/3/50 reached13138 but gate FAILS missing C optimization-window output; GeneralRBM exact stored/CG prefix pass reported #180; final integrated milestone UNVERIFIED	#180/#179
S377	expanded-ctest-model	hubbard_chain_real	test/integration/ctest_equivalent.jl:1	crates/mvmc-core/src/run.rs::vmc_para_opt	Optimization; real/cmp/FSZ; nsteps/nsmp; direct or standard CG; grouped direct within validator; grouped CG rejected	executable bounded production mapping; independent scenario replay unverified	C trajectory/SR/input authority; Julia architecture; final optimization-window output differs from C (owner output gap)	Sampling/proposed moves/acceptance must remain exact; numerical comparisons only for computed values; no implicit rejection rollback claim	expanded executable scenario; unverified unless an executed record is named	J hubbard_chain_real/ctest_ref metadata+ref_mean/std; tests/fixtures/ctest_model_prefixes/hubbard_chain_real provenance; owner issue-180-model-coverage.md; statistical != discrete	MVMC_RS_CTEST_MODELS=hubbard_chain_real cargo nextest run --locked --cargo-profile test-fast -p mvmc-core --test ctest_equivalent --run-ignored only -E 'test(rust_ctest_equivalent_selected_models)' --no-fail-fast --retries 0	NVMCCalMode=0, NLanczosMode=0, NDataIdxStart=1, NDataQtySmp=1, Nsite=6, NSPGaussLeg=8, NSPStot=0, NMPTrans=-1, NSROptItrStep=500, NSROptItrSmp=50, NVMCWarmUp=10, NVMCInterval=1, NVMCSample=100, RndSeed=1, NSplitSize=1, NStore=1, NSRCG=0; native steps/window and canonical initial.def auto	OWNER-REPORTED: pre-integration all13 statistical gate pass90495; twelve canonical prefix quantities1/2/3/50 reached13138 but gate FAILS missing C optimization-window output; GeneralRBM exact stored/CG prefix pass reported #180; final integrated milestone UNVERIFIED	#180/#179
S378	expanded-ctest-model	hubbard_tetragonal_real	test/integration/ctest_equivalent.jl:1	crates/mvmc-core/src/run.rs::vmc_para_opt	Optimization; real/cmp/FSZ; nsteps/nsmp; direct or standard CG; grouped direct within validator; grouped CG rejected	executable bounded production mapping; independent scenario replay unverified	C trajectory/SR/input authority; Julia architecture; final optimization-window output differs from C (owner output gap)	Sampling/proposed moves/acceptance must remain exact; numerical comparisons only for computed values; no implicit rejection rollback claim	expanded executable scenario; unverified unless an executed record is named	J hubbard_tetragonal_real/ctest_ref metadata+ref_mean/std; tests/fixtures/ctest_model_prefixes/hubbard_tetragonal_real provenance; owner issue-180-model-coverage.md; statistical != discrete	MVMC_RS_CTEST_MODELS=hubbard_tetragonal_real cargo nextest run --locked --cargo-profile test-fast -p mvmc-core --test ctest_equivalent --run-ignored only -E 'test(rust_ctest_equivalent_selected_models)' --no-fail-fast --retries 0	NVMCCalMode=0, NLanczosMode=0, NDataIdxStart=1, NDataQtySmp=1, Nsite=8, NSPGaussLeg=8, NSPStot=0, NMPTrans=-1, NSROptItrStep=200, NSROptItrSmp=20, NVMCWarmUp=10, NVMCInterval=1, NVMCSample=500, RndSeed=1, NSplitSize=1, NStore=1, NSRCG=0; native steps/window and canonical initial.def auto	OWNER-REPORTED: pre-integration all13 statistical gate pass90495; twelve canonical prefix quantities1/2/3/50 reached13138 but gate FAILS missing C optimization-window output; GeneralRBM exact stored/CG prefix pass reported #180; final integrated milestone UNVERIFIED	#180/#179
S379	expanded-ctest-model	hubbard_tetragonal_momentum_projection_real	test/integration/ctest_equivalent.jl:1	crates/mvmc-core/src/run.rs::vmc_para_opt	Optimization; real/cmp/FSZ; nsteps/nsmp; direct or standard CG; grouped direct within validator; grouped CG rejected	executable bounded production mapping; independent scenario replay unverified	C trajectory/SR/input authority; Julia architecture; final optimization-window output differs from C (owner output gap)	Sampling/proposed moves/acceptance must remain exact; numerical comparisons only for computed values; no implicit rejection rollback claim	expanded executable scenario; unverified unless an executed record is named	J hubbard_tetragonal_momentum_projection_real/ctest_ref metadata+ref_mean/std; tests/fixtures/ctest_model_prefixes/hubbard_tetragonal_momentum_projection_real provenance; owner issue-180-model-coverage.md; statistical != discrete	MVMC_RS_CTEST_MODELS=hubbard_tetragonal_momentum_projection_real cargo nextest run --locked --cargo-profile test-fast -p mvmc-core --test ctest_equivalent --run-ignored only -E 'test(rust_ctest_equivalent_selected_models)' --no-fail-fast --retries 0	NVMCCalMode=0, NLanczosMode=0, NDataIdxStart=1, NDataQtySmp=1, Nsite=8, NSPGaussLeg=8, NSPStot=0, NMPTrans=4, NSROptItrStep=200, NSROptItrSmp=20, NVMCWarmUp=10, NVMCInterval=1, NVMCSample=1000, RndSeed=1, NSplitSize=1, NStore=1, NSRCG=0; native steps/window and canonical initial.def auto	OWNER-REPORTED: pre-integration all13 statistical gate pass90495; twelve canonical prefix quantities1/2/3/50 reached13138 but gate FAILS missing C optimization-window output; GeneralRBM exact stored/CG prefix pass reported #180; final integrated milestone UNVERIFIED	#180/#179
S380	expanded-ctest-model	kondo_chain_real	test/integration/ctest_equivalent.jl:1	crates/mvmc-core/src/run.rs::vmc_para_opt	Optimization; real/cmp/FSZ; nsteps/nsmp; direct or standard CG; grouped direct within validator; grouped CG rejected	executable bounded production mapping; independent scenario replay unverified	C trajectory/SR/input authority; Julia architecture; final optimization-window output differs from C (owner output gap)	Sampling/proposed moves/acceptance must remain exact; numerical comparisons only for computed values; no implicit rejection rollback claim	expanded executable scenario; unverified unless an executed record is named	J kondo_chain_real/ctest_ref metadata+ref_mean/std; tests/fixtures/ctest_model_prefixes/kondo_chain_real provenance; owner issue-180-model-coverage.md; statistical != discrete	MVMC_RS_CTEST_MODELS=kondo_chain_real cargo nextest run --locked --cargo-profile test-fast -p mvmc-core --test ctest_equivalent --run-ignored only -E 'test(rust_ctest_equivalent_selected_models)' --no-fail-fast --retries 0	NVMCCalMode=0, NLanczosMode=0, NDataIdxStart=1, NDataQtySmp=1, Nsite=8, NSPGaussLeg=8, NSPStot=0, NMPTrans=-1, NSROptItrStep=200, NSROptItrSmp=20, NVMCWarmUp=10, NVMCInterval=1, NVMCSample=500, RndSeed=1, NSplitSize=1, NStore=1, NSRCG=0; native steps/window and canonical initial.def auto	OWNER-REPORTED: pre-integration all13 statistical gate pass90495; twelve canonical prefix quantities1/2/3/50 reached13138 but gate FAILS missing C optimization-window output; GeneralRBM exact stored/CG prefix pass reported #180; final integrated milestone UNVERIFIED	#180/#179
S381	expanded-ctest-model	heisenberg_chain_cmp	test/integration/ctest_equivalent.jl:1	crates/mvmc-core/src/run.rs::vmc_para_opt	Optimization; real/cmp/FSZ; nsteps/nsmp; direct or standard CG; grouped direct within validator; grouped CG rejected	executable bounded production mapping; independent scenario replay unverified	C trajectory/SR/input authority; Julia architecture; final optimization-window output differs from C (owner output gap)	Sampling/proposed moves/acceptance must remain exact; numerical comparisons only for computed values; no implicit rejection rollback claim	expanded executable scenario; unverified unless an executed record is named	J heisenberg_chain_cmp/ctest_ref metadata+ref_mean/std; tests/fixtures/ctest_model_prefixes/heisenberg_chain_cmp provenance; owner issue-180-model-coverage.md; statistical != discrete	MVMC_RS_CTEST_MODELS=heisenberg_chain_cmp cargo nextest run --locked --cargo-profile test-fast -p mvmc-core --test ctest_equivalent --run-ignored only -E 'test(rust_ctest_equivalent_selected_models)' --no-fail-fast --retries 0	NVMCCalMode=0, NLanczosMode=0, NDataIdxStart=1, NDataQtySmp=1, Nsite=6, NSPGaussLeg=8, NSPStot=0, NMPTrans=-1, NSROptItrStep=1000, NSROptItrSmp=100, NVMCWarmUp=10, NVMCInterval=1, NVMCSample=100, RndSeed=1, NSplitSize=1, NStore=1, NSRCG=0; native steps/window and canonical initial.def auto	OWNER-REPORTED: pre-integration all13 statistical gate pass90495; twelve canonical prefix quantities1/2/3/50 reached13138 but gate FAILS missing C optimization-window output; GeneralRBM exact stored/CG prefix pass reported #180; final integrated milestone UNVERIFIED	#180/#179
S382	expanded-ctest-model	hubbard_chain_cmp	test/integration/ctest_equivalent.jl:1	crates/mvmc-core/src/run.rs::vmc_para_opt	Optimization; real/cmp/FSZ; nsteps/nsmp; direct or standard CG; grouped direct within validator; grouped CG rejected	executable bounded production mapping; independent scenario replay unverified	C trajectory/SR/input authority; Julia architecture; final optimization-window output differs from C (owner output gap)	Sampling/proposed moves/acceptance must remain exact; numerical comparisons only for computed values; no implicit rejection rollback claim	expanded executable scenario; unverified unless an executed record is named	J hubbard_chain_cmp/ctest_ref metadata+ref_mean/std; tests/fixtures/ctest_model_prefixes/hubbard_chain_cmp provenance; owner issue-180-model-coverage.md; statistical != discrete	MVMC_RS_CTEST_MODELS=hubbard_chain_cmp cargo nextest run --locked --cargo-profile test-fast -p mvmc-core --test ctest_equivalent --run-ignored only -E 'test(rust_ctest_equivalent_selected_models)' --no-fail-fast --retries 0	NVMCCalMode=0, NLanczosMode=0, NDataIdxStart=1, NDataQtySmp=1, Nsite=6, NSPGaussLeg=8, NSPStot=0, NMPTrans=-1, NSROptItrStep=500, NSROptItrSmp=50, NVMCWarmUp=10, NVMCInterval=1, NVMCSample=100, RndSeed=1, NSplitSize=1, NStore=1, NSRCG=0; native steps/window and canonical initial.def auto	OWNER-REPORTED: pre-integration all13 statistical gate pass90495; twelve canonical prefix quantities1/2/3/50 reached13138 but gate FAILS missing C optimization-window output; GeneralRBM exact stored/CG prefix pass reported #180; final integrated milestone UNVERIFIED	#180/#179
S383	expanded-ctest-model	kondo_chain_cmp	test/integration/ctest_equivalent.jl:1	crates/mvmc-core/src/run.rs::vmc_para_opt	Optimization; real/cmp/FSZ; nsteps/nsmp; direct or standard CG; grouped direct within validator; grouped CG rejected	executable bounded production mapping; independent scenario replay unverified	C trajectory/SR/input authority; Julia architecture; final optimization-window output differs from C (owner output gap)	Sampling/proposed moves/acceptance must remain exact; numerical comparisons only for computed values; no implicit rejection rollback claim	expanded executable scenario; unverified unless an executed record is named	J kondo_chain_cmp/ctest_ref metadata+ref_mean/std; tests/fixtures/ctest_model_prefixes/kondo_chain_cmp provenance; owner issue-180-model-coverage.md; statistical != discrete	MVMC_RS_CTEST_MODELS=kondo_chain_cmp cargo nextest run --locked --cargo-profile test-fast -p mvmc-core --test ctest_equivalent --run-ignored only -E 'test(rust_ctest_equivalent_selected_models)' --no-fail-fast --retries 0	NVMCCalMode=0, NLanczosMode=0, NDataIdxStart=1, NDataQtySmp=1, Nsite=8, NSPGaussLeg=8, NSPStot=0, NMPTrans=-1, NSROptItrStep=200, NSROptItrSmp=20, NVMCWarmUp=10, NVMCInterval=1, NVMCSample=1000, RndSeed=1, NSplitSize=1, NStore=1, NSRCG=0; native steps/window and canonical initial.def auto	OWNER-REPORTED: pre-integration all13 statistical gate pass90495; twelve canonical prefix quantities1/2/3/50 reached13138 but gate FAILS missing C optimization-window output; GeneralRBM exact stored/CG prefix pass reported #180; final integrated milestone UNVERIFIED	#180/#179
S384	expanded-ctest-model	kondo_chain_stot1_cmp	test/integration/ctest_equivalent.jl:1	crates/mvmc-core/src/run.rs::vmc_para_opt	Optimization; real/cmp/FSZ; nsteps/nsmp; direct or standard CG; grouped direct within validator; grouped CG rejected	executable bounded production mapping; independent scenario replay unverified	C trajectory/SR/input authority; Julia architecture; final optimization-window output differs from C (owner output gap)	Sampling/proposed moves/acceptance must remain exact; numerical comparisons only for computed values; no implicit rejection rollback claim	expanded executable scenario; unverified unless an executed record is named	J kondo_chain_stot1_cmp/ctest_ref metadata+ref_mean/std; tests/fixtures/ctest_model_prefixes/kondo_chain_stot1_cmp provenance; owner issue-180-model-coverage.md; statistical != discrete	MVMC_RS_CTEST_MODELS=kondo_chain_stot1_cmp cargo nextest run --locked --cargo-profile test-fast -p mvmc-core --test ctest_equivalent --run-ignored only -E 'test(rust_ctest_equivalent_selected_models)' --no-fail-fast --retries 0	NVMCCalMode=0, NLanczosMode=0, NDataIdxStart=1, NDataQtySmp=1, Nsite=8, NSPGaussLeg=8, NSPStot=1, NMPTrans=-1, NSROptItrStep=200, NSROptItrSmp=20, NVMCWarmUp=10, NVMCInterval=1, NVMCSample=500, RndSeed=123456789, NSplitSize=1, NStore=1, NSRCG=0; native steps/window and canonical initial.def auto	OWNER-REPORTED: pre-integration all13 statistical gate pass90495; twelve canonical prefix quantities1/2/3/50 reached13138 but gate FAILS missing C optimization-window output; GeneralRBM exact stored/CG prefix pass reported #180; final integrated milestone UNVERIFIED	#180/#179
S385	expanded-ctest-model	general_rbm_cmp	test/integration/ctest_equivalent.jl:1	crates/mvmc-core/src/run.rs::vmc_para_opt	Optimization; real/cmp/FSZ; nsteps/nsmp; direct or standard CG; grouped direct within validator; grouped CG rejected	executable bounded production mapping; independent scenario replay unverified	C trajectory/SR/input authority; Julia architecture; final optimization-window output differs from C (owner output gap)	Sampling/proposed moves/acceptance must remain exact; numerical comparisons only for computed values; no implicit rejection rollback claim	expanded executable scenario; unverified unless an executed record is named	J general_rbm_cmp/ctest_ref metadata+ref_mean/std; tests/fixtures/ctest_model_prefixes/general_rbm_cmp provenance; owner issue-180-model-coverage.md; statistical != discrete	MVMC_RS_CTEST_MODELS=general_rbm_cmp cargo nextest run --locked --cargo-profile test-fast -p mvmc-core --test ctest_equivalent --run-ignored only -E 'test(rust_ctest_equivalent_selected_models)' --no-fail-fast --retries 0	NVMCCalMode=0, NDataIdxStart=1, NDataQtySmp=1, Nsite=10, NSPGaussLeg=1, NSPStot=0, NMPTrans=1, NSROptItrStep=1500, NSROptItrSmp=100, NVMCWarmUp=10, NVMCInterval=1, NVMCSample=100, NSplitSize=1, NStore=1, NSRCG=0, RndSeed=12395; native steps/window and canonical initial.def auto	OWNER-REPORTED: pre-integration all13 statistical gate pass90495; twelve canonical prefix quantities1/2/3/50 reached13138 but gate FAILS missing C optimization-window output; GeneralRBM exact stored/CG prefix pass reported #180; final integrated milestone UNVERIFIED	#180/#179
S386	expanded-ctest-model	heisenberg_chain_fsz	test/integration/ctest_equivalent.jl:1	crates/mvmc-core/src/run.rs::vmc_para_opt	Optimization; real/cmp/FSZ; nsteps/nsmp; direct or standard CG; grouped direct within validator; grouped CG rejected	executable bounded production mapping; independent scenario replay unverified	C trajectory/SR/input authority; Julia architecture; final optimization-window output differs from C (owner output gap)	Sampling/proposed moves/acceptance must remain exact; numerical comparisons only for computed values; no implicit rejection rollback claim	expanded executable scenario; unverified unless an executed record is named	J heisenberg_chain_fsz/ctest_ref metadata+ref_mean/std; tests/fixtures/ctest_model_prefixes/heisenberg_chain_fsz provenance; owner issue-180-model-coverage.md; statistical != discrete	MVMC_RS_CTEST_MODELS=heisenberg_chain_fsz cargo nextest run --locked --cargo-profile test-fast -p mvmc-core --test ctest_equivalent --run-ignored only -E 'test(rust_ctest_equivalent_selected_models)' --no-fail-fast --retries 0	NVMCCalMode=0, NLanczosMode=0, NDataIdxStart=1, NDataQtySmp=1, Nsite=6, NMPTrans=-1, NSROptItrStep=5000, NSROptItrSmp=500, NVMCWarmUp=10, NVMCInterval=1, NVMCSample=200, RndSeed=1, NSplitSize=1, NStore=1, NSRCG=0; native steps/window and canonical initial.def auto	OWNER-REPORTED: pre-integration all13 statistical gate pass90495; twelve canonical prefix quantities1/2/3/50 reached13138 but gate FAILS missing C optimization-window output; GeneralRBM exact stored/CG prefix pass reported #180; final integrated milestone UNVERIFIED	#180/#179
S387	expanded-ctest-model	hubbard_chain_fsz	test/integration/ctest_equivalent.jl:1	crates/mvmc-core/src/run.rs::vmc_para_opt	Optimization; real/cmp/FSZ; nsteps/nsmp; direct or standard CG; grouped direct within validator; grouped CG rejected	executable bounded production mapping; independent scenario replay unverified	C trajectory/SR/input authority; Julia architecture; final optimization-window output differs from C (owner output gap)	Sampling/proposed moves/acceptance must remain exact; numerical comparisons only for computed values; no implicit rejection rollback claim	expanded executable scenario; unverified unless an executed record is named	J hubbard_chain_fsz/ctest_ref metadata+ref_mean/std; tests/fixtures/ctest_model_prefixes/hubbard_chain_fsz provenance; owner issue-180-model-coverage.md; statistical != discrete	MVMC_RS_CTEST_MODELS=hubbard_chain_fsz cargo nextest run --locked --cargo-profile test-fast -p mvmc-core --test ctest_equivalent --run-ignored only -E 'test(rust_ctest_equivalent_selected_models)' --no-fail-fast --retries 0	NVMCCalMode=0, NLanczosMode=0, NDataIdxStart=1, NDataQtySmp=1, Nsite=6, NMPTrans=-1, NSROptItrStep=200, NSROptItrSmp=20, NVMCWarmUp=10, NVMCInterval=1, NVMCSample=2000, RndSeed=1, NSplitSize=1, NStore=1, NSRCG=0; native steps/window and canonical initial.def auto	OWNER-REPORTED: pre-integration all13 statistical gate pass90495; twelve canonical prefix quantities1/2/3/50 reached13138 but gate FAILS missing C optimization-window output; GeneralRBM exact stored/CG prefix pass reported #180; final integrated milestone UNVERIFIED	#180/#179
S388	expanded-ctest-model	kondo_chain_fsz	test/integration/ctest_equivalent.jl:1	crates/mvmc-core/src/run.rs::vmc_para_opt	Optimization; real/cmp/FSZ; nsteps/nsmp; direct or standard CG; grouped direct within validator; grouped CG rejected	executable bounded production mapping; independent scenario replay unverified	C trajectory/SR/input authority; Julia architecture; final optimization-window output differs from C (owner output gap)	Sampling/proposed moves/acceptance must remain exact; numerical comparisons only for computed values; no implicit rejection rollback claim	expanded executable scenario; unverified unless an executed record is named	J kondo_chain_fsz/ctest_ref metadata+ref_mean/std; tests/fixtures/ctest_model_prefixes/kondo_chain_fsz provenance; owner issue-180-model-coverage.md; statistical != discrete	MVMC_RS_CTEST_MODELS=kondo_chain_fsz cargo nextest run --locked --cargo-profile test-fast -p mvmc-core --test ctest_equivalent --run-ignored only -E 'test(rust_ctest_equivalent_selected_models)' --no-fail-fast --retries 0	NVMCCalMode=0, NLanczosMode=0, NDataIdxStart=1, NDataQtySmp=1, Nsite=8, NMPTrans=-1, NSROptItrStep=200, NSROptItrSmp=20, NVMCWarmUp=10, NVMCInterval=1, NVMCSample=1000, RndSeed=1, NSplitSize=1, NStore=1, NSRCG=0; native steps/window and canonical initial.def auto	OWNER-REPORTED: pre-integration all13 statistical gate pass90495; twelve canonical prefix quantities1/2/3/50 reached13138 but gate FAILS missing C optimization-window output; GeneralRBM exact stored/CG prefix pass reported #180; final integrated milestone UNVERIFIED	#180/#179
S389	expanded-integration-prefix	heisenberg_chain_real first10	test/integration/runtests.jl:1	crates/mvmc-core/src/run.rs::vmc_para_opt	Optimization; real/cmp/FSZ; nsteps/nsmp; direct or standard CG; grouped direct within validator; grouped CG rejected	executable bounded production mapping; independent scenario replay unverified	C trajectory/SR/input authority; Julia architecture; final optimization-window output differs from C (owner output gap)	Sampling/proposed moves/acceptance must remain exact; numerical comparisons only for computed values; no implicit rejection rollback claim	expanded executable scenario; unverified unless an executed record is named	J heisenberg_chain_real/zvo_out_first10.dat; historical C output; canonical initial.def same-input qualification required	cargo nextest run --locked --cargo-profile test-fast -p mvmc-core --test run_smoke --test runner_config --no-fail-fast --retries 0	NVMCCalMode=0, NLanczosMode=0, NDataIdxStart=1, NDataQtySmp=1, Nsite=6, NSPGaussLeg=8, NSPStot=0, NMPTrans=-1, NSROptItrStep=1000, NSROptItrSmp=100, NVMCWarmUp=10, NVMCInterval=1, NVMCSample=100, RndSeed=1, NSplitSize=1, NStore=1, NSRCG=0; nsteps=nsmp=10; Julia abs1e-10 cols1/2/5/6,1e-9 cols3/4 (not adopted new Rust bound)	UNVERIFIED exact cell; not replayed by documentation audit; smoke/self-consistency is not independent C parity	#180/#179
S390	expanded-integration-prefix	heisenberg_chain_cmp first10	test/integration/runtests.jl:1	crates/mvmc-core/src/run.rs::vmc_para_opt	Optimization; real/cmp/FSZ; nsteps/nsmp; direct or standard CG; grouped direct within validator; grouped CG rejected	executable bounded production mapping; independent scenario replay unverified	C trajectory/SR/input authority; Julia architecture; final optimization-window output differs from C (owner output gap)	Sampling/proposed moves/acceptance must remain exact; numerical comparisons only for computed values; no implicit rejection rollback claim	expanded executable scenario; unverified unless an executed record is named	J heisenberg_chain_cmp/zvo_out_first10.dat; historical C output; canonical initial.def same-input qualification required	cargo nextest run --locked --cargo-profile test-fast -p mvmc-core --test run_smoke --test runner_config --no-fail-fast --retries 0	NVMCCalMode=0, NLanczosMode=0, NDataIdxStart=1, NDataQtySmp=1, Nsite=6, NSPGaussLeg=8, NSPStot=0, NMPTrans=-1, NSROptItrStep=1000, NSROptItrSmp=100, NVMCWarmUp=10, NVMCInterval=1, NVMCSample=100, RndSeed=1, NSplitSize=1, NStore=1, NSRCG=0; nsteps=nsmp=10; Julia abs1e-10 cols1/2/5/6,1e-9 cols3/4 (not adopted new Rust bound)	UNVERIFIED exact cell; not replayed by documentation audit; smoke/self-consistency is not independent C parity	#180/#179
S391	expanded-integration-prefix	heisenberg_chain_fsz first10	test/integration/runtests.jl:1	crates/mvmc-core/src/run.rs::vmc_para_opt	Optimization; real/cmp/FSZ; nsteps/nsmp; direct or standard CG; grouped direct within validator; grouped CG rejected	executable bounded production mapping; independent scenario replay unverified	C trajectory/SR/input authority; Julia architecture; final optimization-window output differs from C (owner output gap)	Sampling/proposed moves/acceptance must remain exact; numerical comparisons only for computed values; no implicit rejection rollback claim	expanded executable scenario; unverified unless an executed record is named	J heisenberg_chain_fsz/zvo_out_first10.dat; historical C output; canonical initial.def same-input qualification required	cargo nextest run --locked --cargo-profile test-fast -p mvmc-core --test run_smoke --test runner_config --no-fail-fast --retries 0	NVMCCalMode=0, NLanczosMode=0, NDataIdxStart=1, NDataQtySmp=1, Nsite=6, NMPTrans=-1, NSROptItrStep=5000, NSROptItrSmp=500, NVMCWarmUp=10, NVMCInterval=1, NVMCSample=200, RndSeed=1, NSplitSize=1, NStore=1, NSRCG=0; nsteps=nsmp=10; Julia abs1e-10 cols1/2/5/6,1e-9 cols3/4 (not adopted new Rust bound)	UNVERIFIED exact cell; not replayed by documentation audit; smoke/self-consistency is not independent C parity	#180/#179
S392	expanded-integration-prefix	hubbard_chain_real first10	test/integration/runtests.jl:1	crates/mvmc-core/src/run.rs::vmc_para_opt	Optimization; real/cmp/FSZ; nsteps/nsmp; direct or standard CG; grouped direct within validator; grouped CG rejected	executable bounded production mapping; independent scenario replay unverified	C trajectory/SR/input authority; Julia architecture; final optimization-window output differs from C (owner output gap)	Sampling/proposed moves/acceptance must remain exact; numerical comparisons only for computed values; no implicit rejection rollback claim	expanded executable scenario; unverified unless an executed record is named	J hubbard_chain_real/zvo_out_first10.dat; historical C output; canonical initial.def same-input qualification required	cargo nextest run --locked --cargo-profile test-fast -p mvmc-core --test run_smoke --test runner_config --no-fail-fast --retries 0	NVMCCalMode=0, NLanczosMode=0, NDataIdxStart=1, NDataQtySmp=1, Nsite=6, NSPGaussLeg=8, NSPStot=0, NMPTrans=-1, NSROptItrStep=500, NSROptItrSmp=50, NVMCWarmUp=10, NVMCInterval=1, NVMCSample=100, RndSeed=1, NSplitSize=1, NStore=1, NSRCG=0; nsteps=nsmp=10; Julia abs1e-10 cols1/2/5/6,1e-9 cols3/4 (not adopted new Rust bound)	UNVERIFIED exact cell; not replayed by documentation audit; smoke/self-consistency is not independent C parity	#180/#179
S393	expanded-integration-CG	heisenberg_chain_real_nsrcg first1	test/integration/runtests.jl:1	crates/mvmc-core/src/sr_cg.rs::stochastic_opt_cg	Direct/standard SR-CG driven by ModPara; grouped CG and unsupported submodes rejected; synthetic peer-failure rollback local contract	executable bounded production mapping; independent scenario replay unverified	C scalar accumulation/order/layout and residuals; #190 computed tolerances cannot relax trajectory or SR status	Sampling/proposed moves/acceptance must remain exact; numerical comparisons only for computed values; no implicit rejection rollback claim	expanded executable scenario; unverified unless an executed record is named	J=8bb1b9e8ae47b1512c00b321be05664ddcac0fd1; source SHA256=d738104c8e85370a5d52a71a05f31f3ade24448d0e5106afcbf0e3c055ebbd7e; C=extern/mVMC-1.3.0; independent expectation provenance must be read from named fixtures; no regeneration/run in documentation audit	cargo nextest run --locked --cargo-profile test-fast -p mvmc-core --lib --test sr_cg --no-fail-fast --retries 0	NVMCCalMode=0, NLanczosMode=0, NDataIdxStart=1, NDataQtySmp=1, Nsite=6, NSPGaussLeg=8, NSPStot=0, NMPTrans=-1, NSROptItrStep=1, NSROptItrSmp=1, NVMCWarmUp=10, NVMCInterval=1, NVMCSample=100, RndSeed=1, NSplitSize=1, NStore=1, NSRCG=1; Julia historical orbital parameter bound1e-2 NOT a new Rust policy	UNVERIFIED exact cell; not replayed by documentation audit; smoke/self-consistency is not independent C parity	#180/#179/#178
S394	expanded-physcal-model	heisenberg_chain_real; consumed=14	test/integration/phys_cal_equivalent.jl:1	crates/mvmc-core/src/run.rs::vmc_phys_cal_with_reducer_and_callback; crates/mvmc-core/src/run.rs::vmc_phys_cal_in_place (single borrowed production core; retains state/RNG on Err)	--physcal PATH; serial normal/FSZ; grouped normal Green accepted; grouped FSZ/Lanczos/OptTrans multi-sector rejected; callback library-only	executable bounded production mapping; independent scenario replay unverified	C fixed restore and indexed output authoritative; Julia shared out/var lifecycle differs; factored pairs single ordered row; Goodall owns io.rs repair	Sampling/proposed moves/acceptance must remain exact; numerical comparisons only for computed values; no implicit rejection rollback claim	expanded executable scenario; unverified unless an executed record is named	J heisenberg_chain_real/physcal_ref/{inputs,zqp_opt.dat,expected,metadata.txt}; tests/fixtures/physcal_181/heisenberg_chain_real/provenance.txt Julia1.13.1 Linux x86_64 seed1 ILP64OpenBLAS0.3.30 Julia/BLASthreads1; sampler replay != actual runner	MVMC_RS_PHYSCAL_181=1 cargo nextest run --locked --cargo-profile test-fast -p mvmc-core --test physcal_issue181 --run-ignored only --no-fail-fast --retries 0	NVMCCalMode=1, NLanczosMode=0, NDataIdxStart=1, NDataQtySmp=1, Nsite=6, NSPGaussLeg=8, NSPStot=0, NMPTrans=-1, NSROptItrStep=1000, NSROptItrSmp=100, NVMCWarmUp=10, NVMCInterval=1, NVMCSample=100, RndSeed=1, NSplitSize=1, NStore=1, NSRCG=0; fixed=zqp_opt.dat; retain native samples	OWNER-REPORTED #181: independent Julia-to-C18 Green files and6 sampler boundaries passed; 70178 full Rust gate FAILED factored row shape; Goodall indexed/row writer draft now implemented, integrated measurement rerun pending; actual final_rng independent-runner checks newly enabled UNVERIFIED	#174/#175/#178/#181/#179
S395	expanded-physcal-model	heisenberg_chain_cmp; consumed=14	test/integration/phys_cal_equivalent.jl:1	crates/mvmc-core/src/run.rs::vmc_phys_cal_with_reducer_and_callback; crates/mvmc-core/src/run.rs::vmc_phys_cal_in_place (single borrowed production core; retains state/RNG on Err)	--physcal PATH; serial normal/FSZ; grouped normal Green accepted; grouped FSZ/Lanczos/OptTrans multi-sector rejected; callback library-only	executable bounded production mapping; independent scenario replay unverified	C fixed restore and indexed output authoritative; Julia shared out/var lifecycle differs; factored pairs single ordered row; Goodall owns io.rs repair	Sampling/proposed moves/acceptance must remain exact; numerical comparisons only for computed values; no implicit rejection rollback claim	expanded executable scenario; unverified unless an executed record is named	J heisenberg_chain_cmp/physcal_ref/{inputs,zqp_opt.dat,expected,metadata.txt}; tests/fixtures/physcal_181/heisenberg_chain_cmp/provenance.txt Julia1.13.1 Linux x86_64 seed1 ILP64OpenBLAS0.3.30 Julia/BLASthreads1; sampler replay != actual runner	MVMC_RS_PHYSCAL_181=1 cargo nextest run --locked --cargo-profile test-fast -p mvmc-core --test physcal_issue181 --run-ignored only --no-fail-fast --retries 0	NVMCCalMode=1, NLanczosMode=0, NDataIdxStart=1, NDataQtySmp=1, Nsite=6, NSPGaussLeg=8, NSPStot=0, NMPTrans=-1, NSROptItrStep=1000, NSROptItrSmp=100, NVMCWarmUp=10, NVMCInterval=1, NVMCSample=100, RndSeed=1, NSplitSize=1, NStore=1, NSRCG=0; fixed=zqp_opt.dat; retain native samples	OWNER-REPORTED #181: independent Julia-to-C18 Green files and6 sampler boundaries passed; 70178 full Rust gate FAILED factored row shape; Goodall indexed/row writer draft now implemented, integrated measurement rerun pending; actual final_rng independent-runner checks newly enabled UNVERIFIED	#174/#175/#178/#181/#179
S396	expanded-physcal-model	heisenberg_chain_fsz; consumed=24	test/integration/phys_cal_equivalent.jl:1	crates/mvmc-core/src/run.rs::vmc_phys_cal_with_reducer_and_callback; crates/mvmc-core/src/run.rs::vmc_phys_cal_in_place (single borrowed production core; retains state/RNG on Err)	--physcal PATH; serial normal/FSZ; grouped normal Green accepted; grouped FSZ/Lanczos/OptTrans multi-sector rejected; callback library-only	executable bounded production mapping; independent scenario replay unverified	C fixed restore and indexed output authoritative; Julia shared out/var lifecycle differs; factored pairs single ordered row; Goodall owns io.rs repair	Sampling/proposed moves/acceptance must remain exact; numerical comparisons only for computed values; no implicit rejection rollback claim	expanded executable scenario; unverified unless an executed record is named	J heisenberg_chain_fsz/physcal_ref/{inputs,zqp_opt.dat,expected,metadata.txt}; tests/fixtures/physcal_181/heisenberg_chain_fsz/provenance.txt Julia1.13.1 Linux x86_64 seed1 ILP64OpenBLAS0.3.30 Julia/BLASthreads1; sampler replay != actual runner	MVMC_RS_PHYSCAL_181=1 cargo nextest run --locked --cargo-profile test-fast -p mvmc-core --test physcal_issue181 --run-ignored only --no-fail-fast --retries 0	NVMCCalMode=1, NLanczosMode=0, NDataIdxStart=1, NDataQtySmp=1, Nsite=6, NMPTrans=-1, NSROptItrStep=5000, NSROptItrSmp=500, NVMCWarmUp=10, NVMCInterval=1, NVMCSample=200, RndSeed=1, NSplitSize=1, NStore=1, NSRCG=0; fixed=zqp_opt.dat; retain native samples	OWNER-REPORTED #181: independent Julia-to-C18 Green files and6 sampler boundaries passed; 70178 full Rust gate FAILED factored row shape; Goodall indexed/row writer draft now implemented, integrated measurement rerun pending; actual final_rng independent-runner checks newly enabled UNVERIFIED	#174/#175/#178/#181/#179
S397	expanded-physcal-model	hubbard_chain_real; consumed=19	test/integration/phys_cal_equivalent.jl:1	crates/mvmc-core/src/run.rs::vmc_phys_cal_with_reducer_and_callback; crates/mvmc-core/src/run.rs::vmc_phys_cal_in_place (single borrowed production core; retains state/RNG on Err)	--physcal PATH; serial normal/FSZ; grouped normal Green accepted; grouped FSZ/Lanczos/OptTrans multi-sector rejected; callback library-only	executable bounded production mapping; independent scenario replay unverified	C fixed restore and indexed output authoritative; Julia shared out/var lifecycle differs; factored pairs single ordered row; Goodall owns io.rs repair	Sampling/proposed moves/acceptance must remain exact; numerical comparisons only for computed values; no implicit rejection rollback claim	expanded executable scenario; unverified unless an executed record is named	J hubbard_chain_real/physcal_ref/{inputs,zqp_opt.dat,expected,metadata.txt}; tests/fixtures/physcal_181/hubbard_chain_real/provenance.txt Julia1.13.1 Linux x86_64 seed1 ILP64OpenBLAS0.3.30 Julia/BLASthreads1; sampler replay != actual runner	MVMC_RS_PHYSCAL_181=1 cargo nextest run --locked --cargo-profile test-fast -p mvmc-core --test physcal_issue181 --run-ignored only --no-fail-fast --retries 0	NVMCCalMode=1, NLanczosMode=2, NDataIdxStart=1, NDataQtySmp=1, Nsite=6, NSPGaussLeg=8, NSPStot=0, NMPTrans=-1, NSROptItrStep=500, NSROptItrSmp=50, NVMCWarmUp=10, NVMCInterval=1, NVMCSample=100, RndSeed=1, NSplitSize=1, NStore=1, NSRCG=0; fixed=zqp_opt.dat; retain native samples	OWNER-REPORTED #181: independent Julia-to-C18 Green files and6 sampler boundaries passed; 70178 full Rust gate FAILED factored row shape; Goodall indexed/row writer draft now implemented, integrated measurement rerun pending; actual final_rng independent-runner checks newly enabled UNVERIFIED	#174/#175/#178/#181/#179
S398	expanded-physcal-model	hubbard_chain_dh_real; consumed=35	test/integration/phys_cal_equivalent.jl:1	crates/mvmc-core/src/run.rs::vmc_phys_cal_with_reducer_and_callback; crates/mvmc-core/src/run.rs::vmc_phys_cal_in_place (single borrowed production core; retains state/RNG on Err)	--physcal PATH; serial normal/FSZ; grouped normal Green accepted; grouped FSZ/Lanczos/OptTrans multi-sector rejected; callback library-only	executable bounded production mapping; independent scenario replay unverified	C fixed restore and indexed output authoritative; Julia shared out/var lifecycle differs; factored pairs single ordered row; Goodall owns io.rs repair	Sampling/proposed moves/acceptance must remain exact; numerical comparisons only for computed values; no implicit rejection rollback claim	expanded executable scenario; unverified unless an executed record is named	J hubbard_chain_dh_real/physcal_ref/{inputs,zqp_opt.dat,expected,metadata.txt}; tests/fixtures/physcal_181/hubbard_chain_dh_real/provenance.txt Julia1.13.1 Linux x86_64 seed1 ILP64OpenBLAS0.3.30 Julia/BLASthreads1; sampler replay != actual runner	MVMC_RS_PHYSCAL_181=1 cargo nextest run --locked --cargo-profile test-fast -p mvmc-core --test physcal_issue181 --run-ignored only --no-fail-fast --retries 0	NVMCCalMode=1, NLanczosMode=0, NDataIdxStart=1, NDataQtySmp=1, Nsite=6, NSPGaussLeg=8, NSPStot=0, NMPTrans=-1, NSROptItrStep=500, NSROptItrSmp=50, NVMCWarmUp=10, NVMCInterval=1, NVMCSample=100, RndSeed=1, NSplitSize=1, NStore=1, NSRCG=0; fixed=zqp_opt.dat; retain native samples	OWNER-REPORTED #181: independent Julia-to-C18 Green files and6 sampler boundaries passed; 70178 full Rust gate FAILED factored row shape; Goodall indexed/row writer draft now implemented, integrated measurement rerun pending; actual final_rng independent-runner checks newly enabled UNVERIFIED	#174/#175/#178/#181/#179
S399	expanded-physcal-model	kondo_chain_real; consumed=76	test/integration/phys_cal_equivalent.jl:1	crates/mvmc-core/src/run.rs::vmc_phys_cal_with_reducer_and_callback; crates/mvmc-core/src/run.rs::vmc_phys_cal_in_place (single borrowed production core; retains state/RNG on Err)	--physcal PATH; serial normal/FSZ; grouped normal Green accepted; grouped FSZ/Lanczos/OptTrans multi-sector rejected; callback library-only	executable bounded production mapping; independent scenario replay unverified	C fixed restore and indexed output authoritative; Julia shared out/var lifecycle differs; factored pairs single ordered row; Goodall owns io.rs repair	Sampling/proposed moves/acceptance must remain exact; numerical comparisons only for computed values; no implicit rejection rollback claim	expanded executable scenario; unverified unless an executed record is named	J kondo_chain_real/physcal_ref/{inputs,zqp_opt.dat,expected,metadata.txt}; tests/fixtures/physcal_181/kondo_chain_real/provenance.txt Julia1.13.1 Linux x86_64 seed1 ILP64OpenBLAS0.3.30 Julia/BLASthreads1; sampler replay != actual runner	MVMC_RS_PHYSCAL_181=1 cargo nextest run --locked --cargo-profile test-fast -p mvmc-core --test physcal_issue181 --run-ignored only --no-fail-fast --retries 0	NVMCCalMode=1, NLanczosMode=0, NDataIdxStart=1, NDataQtySmp=1, Nsite=8, NSPGaussLeg=8, NSPStot=0, NMPTrans=-1, NSROptItrStep=200, NSROptItrSmp=20, NVMCWarmUp=10, NVMCInterval=1, NVMCSample=500, RndSeed=1, NSplitSize=1, NStore=1, NSRCG=0; fixed=zqp_opt.dat; retain native samples	OWNER-REPORTED #181: independent Julia-to-C18 Green files and6 sampler boundaries passed; 70178 full Rust gate FAILED factored row shape; Goodall indexed/row writer draft now implemented, integrated measurement rerun pending; actual final_rng independent-runner checks newly enabled UNVERIFIED	#174/#175/#178/#181/#179
S400	Julia-deferred-para-opt-model	hubbard_chain_lanczos	test/integration/ctest_models.jl:1	crates/mvmc-core/src/observables.rs::calculate_lanczos_green	PhysCal normal mode1/2 only; FSZ/grouped/spin-changing rejected; all InterAll work excluded	executable bounded production mapping; independent scenario replay unverified	C non-InterAll Hamiltonian/QQQQ/QCAQ flattening/output; Julia-deferred para-opt wrapper does not exclude PhysCal	Sampling/proposed moves/acceptance must remain exact; numerical comparisons only for computed values; no implicit rejection rollback claim	expanded executable scenario; unverified unless an executed record is named	J=8bb1b9e8ae47b1512c00b321be05664ddcac0fd1; source SHA256=00970ce856d6cde420fd5e6b33dd3f781118fd35952a1bb97880e041d5612d84; C=extern/mVMC-1.3.0; independent expectation provenance must be read from named fixtures; no regeneration/run in documentation audit	MVMC_RS_LANCZOS_PHYSICAL=1 cargo nextest run --locked --cargo-profile test-fast -p mvmc-core --test lanczos_transfer_physcal --run-ignored only --no-fail-fast --retries 0	NVMCCalMode=1, NLanczosMode=2, NDataIdxStart=1, NDataQtySmp=1, Nsite=10, NSPGaussLeg=8, NSPStot=0, NMPTrans=-1, NSROptItrStep=2000, NSROptItrSmp=200, NVMCWarmUp=10, NVMCInterval=1, NVMCSample=1000, RndSeed=1, NSplitSize=1, NStore=1, NSRCG=0	Julia-DEFERRED para-opt ctest wrapper; Rust ParaOpt rejects Lanczos; bounded non-InterAll PhysCal alternative exists	#181/#178
S401	Julia-deferred-para-opt-model	spin_chain_lanczos	test/integration/ctest_models.jl:1	crates/mvmc-core/src/observables.rs::calculate_lanczos_green	PhysCal normal mode1/2 only; FSZ/grouped/spin-changing rejected; all InterAll work excluded	executable bounded production mapping; independent scenario replay unverified	C non-InterAll Hamiltonian/QQQQ/QCAQ flattening/output; Julia-deferred para-opt wrapper does not exclude PhysCal	Sampling/proposed moves/acceptance must remain exact; numerical comparisons only for computed values; no implicit rejection rollback claim	expanded executable scenario; unverified unless an executed record is named	J=8bb1b9e8ae47b1512c00b321be05664ddcac0fd1; source SHA256=00970ce856d6cde420fd5e6b33dd3f781118fd35952a1bb97880e041d5612d84; C=extern/mVMC-1.3.0; independent expectation provenance must be read from named fixtures; no regeneration/run in documentation audit	MVMC_RS_LANCZOS_PHYSICAL=1 cargo nextest run --locked --cargo-profile test-fast -p mvmc-core --test lanczos_transfer_physcal --run-ignored only --no-fail-fast --retries 0	NVMCCalMode=1, NLanczosMode=2, NDataIdxStart=1, NDataQtySmp=1, Nsite=16, NSPGaussLeg=4, NSPStot=0, NMPTrans=-1, NSROptItrStep=1000, NSROptItrSmp=100, NVMCWarmUp=10, NVMCInterval=1, NVMCSample=5000, RndSeed=1, NSplitSize=1, NStore=1, NSRCG=0	Julia-DEFERRED para-opt ctest wrapper; Rust ParaOpt rejects Lanczos; bounded non-InterAll PhysCal alternative exists	#181/#178
S402	expanded-non-InterAll-Lanczos	hubbard_chain_lanczos NLanczosMode=1	test/integration/lanczos_equivalent.jl:1	crates/mvmc-core/src/observables.rs::calculate_lanczos_green	PhysCal normal mode1/2 only; FSZ/grouped/spin-changing rejected; all InterAll work excluded	executable bounded production mapping; independent scenario replay unverified	C non-InterAll Hamiltonian/QQQQ/QCAQ flattening/output; Julia-deferred para-opt wrapper does not exclude PhysCal	Sampling/proposed moves/acceptance must remain exact; numerical comparisons only for computed values; no implicit rejection rollback claim	expanded executable scenario; unverified unless an executed record is named	J=8bb1b9e8ae47b1512c00b321be05664ddcac0fd1; source SHA256=d265cc15f60a68c89262afb0b8c53dab81153278d21c6e29b6abb2d9fce91e09; C=extern/mVMC-1.3.0; independent expectation provenance must be read from named fixtures; no regeneration/run in documentation audit	MVMC_RS_LANCZOS_PHYSICAL=1 MVMC_RS_LANCZOS_MODE=1 MVMC_RS_LANCZOS_MODEL=hubbard_chain_lanczos cargo nextest run --locked --cargo-profile test-fast -p mvmc-core --test lanczos_transfer_physcal --run-ignored only --no-fail-fast --retries 0	NVMCCalMode=1, NLanczosMode=2, NDataIdxStart=1, NDataQtySmp=1, Nsite=10, NSPGaussLeg=8, NSPStot=0, NMPTrans=-1, NSROptItrStep=2000, NSROptItrSmp=200, NVMCWarmUp=10, NVMCInterval=1, NVMCSample=1000, RndSeed=1, NSplitSize=1, NStore=1, NSRCG=0; select mode1; retain native samples; Hubbard hopping+intra vs spin diagonal exchange; HubbardReal GEx variant	UNVERIFIED integrated full model/mode; writer formatting repair draft; InterAll excluded	#181/#178
S403	expanded-non-InterAll-Lanczos	hubbard_chain_lanczos NLanczosMode=2	test/integration/lanczos_equivalent.jl:1	crates/mvmc-core/src/observables.rs::calculate_lanczos_green	PhysCal normal mode1/2 only; FSZ/grouped/spin-changing rejected; all InterAll work excluded	executable bounded production mapping; independent scenario replay unverified	C non-InterAll Hamiltonian/QQQQ/QCAQ flattening/output; Julia-deferred para-opt wrapper does not exclude PhysCal	Sampling/proposed moves/acceptance must remain exact; numerical comparisons only for computed values; no implicit rejection rollback claim	expanded executable scenario; unverified unless an executed record is named	J=8bb1b9e8ae47b1512c00b321be05664ddcac0fd1; source SHA256=d265cc15f60a68c89262afb0b8c53dab81153278d21c6e29b6abb2d9fce91e09; C=extern/mVMC-1.3.0; independent expectation provenance must be read from named fixtures; no regeneration/run in documentation audit	MVMC_RS_LANCZOS_PHYSICAL=1 MVMC_RS_LANCZOS_MODE=2 MVMC_RS_LANCZOS_MODEL=hubbard_chain_lanczos cargo nextest run --locked --cargo-profile test-fast -p mvmc-core --test lanczos_transfer_physcal --run-ignored only --no-fail-fast --retries 0	NVMCCalMode=1, NLanczosMode=2, NDataIdxStart=1, NDataQtySmp=1, Nsite=10, NSPGaussLeg=8, NSPStot=0, NMPTrans=-1, NSROptItrStep=2000, NSROptItrSmp=200, NVMCWarmUp=10, NVMCInterval=1, NVMCSample=1000, RndSeed=1, NSplitSize=1, NStore=1, NSRCG=0; select mode2; retain native samples; Hubbard hopping+intra vs spin diagonal exchange; HubbardReal GEx variant	UNVERIFIED integrated full model/mode; writer formatting repair draft; InterAll excluded	#181/#178
S404	expanded-non-InterAll-Lanczos	spin_chain_lanczos NLanczosMode=1	test/integration/lanczos_equivalent.jl:1	crates/mvmc-core/src/observables.rs::calculate_lanczos_green	PhysCal normal mode1/2 only; FSZ/grouped/spin-changing rejected; all InterAll work excluded	executable bounded production mapping; independent scenario replay unverified	C non-InterAll Hamiltonian/QQQQ/QCAQ flattening/output; Julia-deferred para-opt wrapper does not exclude PhysCal	Sampling/proposed moves/acceptance must remain exact; numerical comparisons only for computed values; no implicit rejection rollback claim	expanded executable scenario; unverified unless an executed record is named	J=8bb1b9e8ae47b1512c00b321be05664ddcac0fd1; source SHA256=d265cc15f60a68c89262afb0b8c53dab81153278d21c6e29b6abb2d9fce91e09; C=extern/mVMC-1.3.0; independent expectation provenance must be read from named fixtures; no regeneration/run in documentation audit	MVMC_RS_LANCZOS_PHYSICAL=1 MVMC_RS_LANCZOS_MODE=1 MVMC_RS_LANCZOS_MODEL=spin_chain_lanczos cargo nextest run --locked --cargo-profile test-fast -p mvmc-core --test lanczos_transfer_physcal --run-ignored only --no-fail-fast --retries 0	NVMCCalMode=1, NLanczosMode=2, NDataIdxStart=1, NDataQtySmp=1, Nsite=16, NSPGaussLeg=4, NSPStot=0, NMPTrans=-1, NSROptItrStep=1000, NSROptItrSmp=100, NVMCWarmUp=10, NVMCInterval=1, NVMCSample=5000, RndSeed=1, NSplitSize=1, NStore=1, NSRCG=0; select mode1; retain native samples; Hubbard hopping+intra vs spin diagonal exchange; HubbardReal GEx variant	UNVERIFIED integrated full model/mode; writer formatting repair draft; InterAll excluded	#181/#178
S405	expanded-non-InterAll-Lanczos	spin_chain_lanczos NLanczosMode=2	test/integration/lanczos_equivalent.jl:1	crates/mvmc-core/src/observables.rs::calculate_lanczos_green	PhysCal normal mode1/2 only; FSZ/grouped/spin-changing rejected; all InterAll work excluded	executable bounded production mapping; independent scenario replay unverified	C non-InterAll Hamiltonian/QQQQ/QCAQ flattening/output; Julia-deferred para-opt wrapper does not exclude PhysCal	Sampling/proposed moves/acceptance must remain exact; numerical comparisons only for computed values; no implicit rejection rollback claim	expanded executable scenario; unverified unless an executed record is named	J=8bb1b9e8ae47b1512c00b321be05664ddcac0fd1; source SHA256=d265cc15f60a68c89262afb0b8c53dab81153278d21c6e29b6abb2d9fce91e09; C=extern/mVMC-1.3.0; independent expectation provenance must be read from named fixtures; no regeneration/run in documentation audit	MVMC_RS_LANCZOS_PHYSICAL=1 MVMC_RS_LANCZOS_MODE=2 MVMC_RS_LANCZOS_MODEL=spin_chain_lanczos cargo nextest run --locked --cargo-profile test-fast -p mvmc-core --test lanczos_transfer_physcal --run-ignored only --no-fail-fast --retries 0	NVMCCalMode=1, NLanczosMode=2, NDataIdxStart=1, NDataQtySmp=1, Nsite=16, NSPGaussLeg=4, NSPStot=0, NMPTrans=-1, NSROptItrStep=1000, NSROptItrSmp=100, NVMCWarmUp=10, NVMCInterval=1, NVMCSample=5000, RndSeed=1, NSplitSize=1, NStore=1, NSRCG=0; select mode2; retain native samples; Hubbard hopping+intra vs spin diagonal exchange; HubbardReal GEx variant	UNVERIFIED integrated full model/mode; writer formatting repair draft; InterAll excluded	#181/#178
S406	expanded-non-InterAll-Lanczos	hubbard_chain_real NLanczosMode=1	test/integration/lanczos_equivalent.jl:1	crates/mvmc-core/src/observables.rs::calculate_lanczos_green	PhysCal normal mode1/2 only; FSZ/grouped/spin-changing rejected; all InterAll work excluded	executable bounded production mapping; independent scenario replay unverified	C non-InterAll Hamiltonian/QQQQ/QCAQ flattening/output; Julia-deferred para-opt wrapper does not exclude PhysCal	Sampling/proposed moves/acceptance must remain exact; numerical comparisons only for computed values; no implicit rejection rollback claim	expanded executable scenario; unverified unless an executed record is named	J=8bb1b9e8ae47b1512c00b321be05664ddcac0fd1; source SHA256=d265cc15f60a68c89262afb0b8c53dab81153278d21c6e29b6abb2d9fce91e09; C=extern/mVMC-1.3.0; independent expectation provenance must be read from named fixtures; no regeneration/run in documentation audit	MVMC_RS_LANCZOS_PHYSICAL=1 MVMC_RS_LANCZOS_MODE=1 MVMC_RS_LANCZOS_MODEL=hubbard_chain_real cargo nextest run --locked --cargo-profile test-fast -p mvmc-core --test lanczos_transfer_physcal --run-ignored only --no-fail-fast --retries 0	NVMCCalMode=1, NLanczosMode=2, NDataIdxStart=1, NDataQtySmp=1, Nsite=6, NSPGaussLeg=8, NSPStot=0, NMPTrans=-1, NSROptItrStep=500, NSROptItrSmp=50, NVMCWarmUp=10, NVMCInterval=1, NVMCSample=100, RndSeed=1, NSplitSize=1, NStore=1, NSRCG=0; select mode1; retain native samples; Hubbard hopping+intra vs spin diagonal exchange; HubbardReal GEx variant	UNVERIFIED integrated full model/mode; writer formatting repair draft; InterAll excluded	#181/#178
S407	expanded-non-InterAll-Lanczos	hubbard_chain_real NLanczosMode=2	test/integration/lanczos_equivalent.jl:1	crates/mvmc-core/src/observables.rs::calculate_lanczos_green	PhysCal normal mode1/2 only; FSZ/grouped/spin-changing rejected; all InterAll work excluded	executable bounded production mapping; independent scenario replay unverified	C non-InterAll Hamiltonian/QQQQ/QCAQ flattening/output; Julia-deferred para-opt wrapper does not exclude PhysCal	Sampling/proposed moves/acceptance must remain exact; numerical comparisons only for computed values; no implicit rejection rollback claim	expanded executable scenario; unverified unless an executed record is named	J=8bb1b9e8ae47b1512c00b321be05664ddcac0fd1; source SHA256=d265cc15f60a68c89262afb0b8c53dab81153278d21c6e29b6abb2d9fce91e09; C=extern/mVMC-1.3.0; independent expectation provenance must be read from named fixtures; no regeneration/run in documentation audit	MVMC_RS_LANCZOS_PHYSICAL=1 MVMC_RS_LANCZOS_MODE=2 MVMC_RS_LANCZOS_MODEL=hubbard_chain_real cargo nextest run --locked --cargo-profile test-fast -p mvmc-core --test lanczos_transfer_physcal --run-ignored only --no-fail-fast --retries 0	NVMCCalMode=1, NLanczosMode=2, NDataIdxStart=1, NDataQtySmp=1, Nsite=6, NSPGaussLeg=8, NSPStot=0, NMPTrans=-1, NSROptItrStep=500, NSROptItrSmp=50, NVMCWarmUp=10, NVMCInterval=1, NVMCSample=100, RndSeed=1, NSplitSize=1, NStore=1, NSRCG=0; select mode2; retain native samples; Hubbard hopping+intra vs spin diagonal exchange; HubbardReal GEx variant	UNVERIFIED integrated full model/mode; writer formatting repair draft; InterAll excluded	#181/#178
S408	expanded-PairHop	hubbard_chain_pairhop_real	test/integration/pairhop_equivalent.jl:1	crates/mvmc-core/src/run.rs::vmc_para_opt	Optimization; real/cmp/FSZ; nsteps/nsmp; direct or standard CG; grouped direct within validator; grouped CG rejected	executable bounded production mapping; independent scenario replay unverified	C trajectory/SR/input authority; Julia architecture; final optimization-window output differs from C (owner output gap)	Sampling/proposed moves/acceptance must remain exact; numerical comparisons only for computed values; no implicit rejection rollback claim	expanded executable scenario; unverified unless an executed record is named	J hubbard_chain_pairhop_real/zvo_out_first1.dat C reference; no InterAll	cargo nextest run --locked --cargo-profile test-fast -p mvmc-core --test pairhop_reference --no-fail-fast --retries 0	NVMCCalMode=0, NLanczosMode=0, NDataIdxStart=1, NDataQtySmp=1, Nsite=6, NSPGaussLeg=8, NSPStot=0, NMPTrans=-1, NSROptItrStep=1, NSROptItrSmp=1, NVMCWarmUp=10, NVMCInterval=1, NVMCSample=100, RndSeed=1, NSplitSize=1, NStore=1, NSRCG=0; nsteps=nsmp=1	UNVERIFIED exact cell; not replayed by documentation audit; smoke/self-consistency is not independent C parity	#180/#179
S409	expanded-PairHop	hubbard_chain_pairhop_fsz	test/integration/pairhop_equivalent.jl:1	crates/mvmc-core/src/run.rs::vmc_para_opt	Optimization; real/cmp/FSZ; nsteps/nsmp; direct or standard CG; grouped direct within validator; grouped CG rejected	executable bounded production mapping; independent scenario replay unverified	C trajectory/SR/input authority; Julia architecture; final optimization-window output differs from C (owner output gap)	Sampling/proposed moves/acceptance must remain exact; numerical comparisons only for computed values; no implicit rejection rollback claim	expanded executable scenario; unverified unless an executed record is named	J hubbard_chain_pairhop_fsz/zvo_out_first1.dat C reference; no InterAll	cargo nextest run --locked --cargo-profile test-fast -p mvmc-core --test pairhop_reference --no-fail-fast --retries 0	NVMCCalMode=0, NLanczosMode=0, NDataIdxStart=1, NDataQtySmp=1, Nsite=6, NMPTrans=-1, NSROptItrStep=1, NSROptItrSmp=1, NVMCWarmUp=10, NVMCInterval=1, NVMCSample=2000, RndSeed=1, NSplitSize=1, NStore=1, NSRCG=0; nsteps=nsmp=1	UNVERIFIED exact cell; not replayed by documentation audit; smoke/self-consistency is not independent C parity	#180/#179
S410	expanded-example-parameters	heisenberg_chain_cmp	examples/heisenberg_chain_cmp.jl:1	crates/mvmc-core/src/run.rs::vmc_para_opt	Optimization; real/cmp/FSZ; nsteps/nsmp; direct or standard CG; grouped direct within validator; grouped CG rejected	executable bounded production mapping; independent scenario replay unverified	C trajectory/SR/input authority; Julia architecture; final optimization-window output differs from C (owner output gap)	Sampling/proposed moves/acceptance must remain exact; numerical comparisons only for computed values; no implicit rejection rollback claim	expanded executable scenario; unverified unless an executed record is named	J=8bb1b9e8ae47b1512c00b321be05664ddcac0fd1; source SHA256=aff0a84c5b7fdfe3ffd7e4c792bfbd50b03f6af97fe89e770006a5ff87feb8f8; C=extern/mVMC-1.3.0; independent expectation provenance must be read from named fixtures; no regeneration/run in documentation audit	cargo run --locked -p mvmc-cli -- extern/Julia-mVMC/examples/inputs/heisenberg_chain_cmp/namelist.def --nsteps 50 --nsmp 50	NVMCCalMode=0, NLanczosMode=0, NDataIdxStart=1, NDataQtySmp=1, Nsite=6, NSPGaussLeg=8, NSPStot=0, NMPTrans=-1, NSROptItrStep=1000, NSROptItrSmp=100, NVMCWarmUp=10, NVMCInterval=1, NVMCSample=100, RndSeed=1, NSplitSize=1, NStore=1, NSRCG=0; JULIA_MVMC_EXAMPLE_STEPS defaults50,nsteps=nsmp=50; Heisenberg comment16-site vs actualNsite6	UNVERIFIED original50-step example replay; example != canonical ctest input	#180/#179
S411	expanded-example-parameters	heisenberg_chain_fsz	examples/heisenberg_chain_fsz.jl:1	crates/mvmc-core/src/run.rs::vmc_para_opt	Optimization; real/cmp/FSZ; nsteps/nsmp; direct or standard CG; grouped direct within validator; grouped CG rejected	executable bounded production mapping; independent scenario replay unverified	C trajectory/SR/input authority; Julia architecture; final optimization-window output differs from C (owner output gap)	Sampling/proposed moves/acceptance must remain exact; numerical comparisons only for computed values; no implicit rejection rollback claim	expanded executable scenario; unverified unless an executed record is named	J=8bb1b9e8ae47b1512c00b321be05664ddcac0fd1; source SHA256=20f4938e0e54db0a1860c04c403ed2b3522b8658208b14ff5e26379871979cac; C=extern/mVMC-1.3.0; independent expectation provenance must be read from named fixtures; no regeneration/run in documentation audit	cargo run --locked -p mvmc-cli -- extern/Julia-mVMC/examples/inputs/heisenberg_chain_fsz/namelist.def --nsteps 50 --nsmp 50	NVMCCalMode=0, NLanczosMode=0, NDataIdxStart=1, NDataQtySmp=1, Nsite=6, NMPTrans=-1, NSROptItrStep=5000, NSROptItrSmp=500, NVMCWarmUp=10, NVMCInterval=1, NVMCSample=200, RndSeed=1, NSplitSize=1, NStore=1, NSRCG=0; JULIA_MVMC_EXAMPLE_STEPS defaults50,nsteps=nsmp=50; Heisenberg comment16-site vs actualNsite6	UNVERIFIED original50-step example replay; example != canonical ctest input	#180/#179
S412	expanded-example-parameters	heisenberg_chain_real	examples/heisenberg_chain_real.jl:1	crates/mvmc-core/src/run.rs::vmc_para_opt	Optimization; real/cmp/FSZ; nsteps/nsmp; direct or standard CG; grouped direct within validator; grouped CG rejected	executable bounded production mapping; independent scenario replay unverified	C trajectory/SR/input authority; Julia architecture; final optimization-window output differs from C (owner output gap)	Sampling/proposed moves/acceptance must remain exact; numerical comparisons only for computed values; no implicit rejection rollback claim	expanded executable scenario; unverified unless an executed record is named	J=8bb1b9e8ae47b1512c00b321be05664ddcac0fd1; source SHA256=077bce6c1599f73af7fa2a416a79e8fd2a5beec80c3894d2f0b8b7dee41e22f5; C=extern/mVMC-1.3.0; independent expectation provenance must be read from named fixtures; no regeneration/run in documentation audit	cargo run --locked -p mvmc-cli -- extern/Julia-mVMC/examples/inputs/heisenberg_chain_real/namelist.def --nsteps 50 --nsmp 50	NVMCCalMode=0, NLanczosMode=0, NDataIdxStart=1, NDataQtySmp=1, Nsite=6, NSPGaussLeg=8, NSPStot=0, NMPTrans=-1, NSROptItrStep=1000, NSROptItrSmp=100, NVMCWarmUp=10, NVMCInterval=1, NVMCSample=100, RndSeed=1, NSplitSize=1, NStore=1, NSRCG=0; JULIA_MVMC_EXAMPLE_STEPS defaults50,nsteps=nsmp=50; Heisenberg comment16-site vs actualNsite6	UNVERIFIED original50-step example replay; example != canonical ctest input	#180/#179
S413	expanded-example-parameters	hubbard_chain_real	examples/hubbard_chain.jl:1	crates/mvmc-core/src/run.rs::vmc_para_opt	Optimization; real/cmp/FSZ; nsteps/nsmp; direct or standard CG; grouped direct within validator; grouped CG rejected	executable bounded production mapping; independent scenario replay unverified	C trajectory/SR/input authority; Julia architecture; final optimization-window output differs from C (owner output gap)	Sampling/proposed moves/acceptance must remain exact; numerical comparisons only for computed values; no implicit rejection rollback claim	expanded executable scenario; unverified unless an executed record is named	J=8bb1b9e8ae47b1512c00b321be05664ddcac0fd1; source SHA256=c77b3713b98986158515368d65b9e1dddd7f9ec0787d964ce84120783341cf9f; C=extern/mVMC-1.3.0; independent expectation provenance must be read from named fixtures; no regeneration/run in documentation audit	cargo run --locked -p mvmc-cli -- extern/Julia-mVMC/examples/inputs/hubbard_chain_real/namelist.def --nsteps 50 --nsmp 50	NVMCCalMode=0, NLanczosMode=0, NDataIdxStart=1, NDataQtySmp=1, Nsite=6, NSPGaussLeg=8, NSPStot=0, NMPTrans=-1, NSROptItrStep=500, NSROptItrSmp=50, NVMCWarmUp=10, NVMCInterval=1, NVMCSample=100, RndSeed=1, NSplitSize=1, NStore=1, NSRCG=0; JULIA_MVMC_EXAMPLE_STEPS defaults50,nsteps=nsmp=50; Heisenberg comment16-site vs actualNsite6	UNVERIFIED original50-step example replay; example != canonical ctest input	#180/#179
S414	expanded-MPI-identity-direct-store	hubbard_chain_real 2r split1 store0	test/mpi/mpi_nsplit_nstore_smoke.jl:1	crates/mvmc-core/src/parallel.rs::partition_range	--features mpi and detected launcher; root-only stdout/output; no JULIA_MVMC_MPI env compatibility promise	executable bounded production mapping; independent scenario replay unverified	C/Julia NSplitSize=group SIZE; current draft follows width/remainder and full-chain/comm1 measurement semantics; prior chain-length/burn-marker failures require fresh independent state verification; protocol success not parity	Sampling/proposed moves/acceptance must remain exact; numerical comparisons only for computed values; no implicit rejection rollback claim	expanded executable scenario; unverified unless an executed record is named	J copied input transformed to identityQP; NOT original C physics projector; #179 transport successes do not establish independent cell	MPI179_JULIA=<Julia1.13.1> bash scripts/verify_mpi_issue179_states.sh <CLI-evidence-dir>	NVMCCalMode=0, NLanczosMode=0, NDataIdxStart=1, NDataQtySmp=1, Nsite=6, NSPGaussLeg=8, NSPStot=0, NMPTrans=-1, NSROptItrStep=500, NSROptItrSmp=50, NVMCWarmUp=10, NVMCInterval=1, NVMCSample=100, RndSeed=1, NSplitSize=1, NStore=1, NSRCG=0; mode=real,ranks=2,NSplitSize=1,NStore=0,NSRCG0,nsteps=nsmp1,warmup1,samples4,NSPGaussLeg1,NMPTrans1,identityQP; Julia self-consistency abs1e-8	UNVERIFIED exact cell; not replayed by documentation audit; smoke/self-consistency is not independent C parity	#177/#178/#179
S415	expanded-MPI-identity-direct-store	hubbard_chain_real 2r split1 store1	test/mpi/mpi_nsplit_nstore_smoke.jl:1	crates/mvmc-core/src/parallel.rs::partition_range	--features mpi and detected launcher; root-only stdout/output; no JULIA_MVMC_MPI env compatibility promise	executable bounded production mapping; independent scenario replay unverified	C/Julia NSplitSize=group SIZE; current draft follows width/remainder and full-chain/comm1 measurement semantics; prior chain-length/burn-marker failures require fresh independent state verification; protocol success not parity	Sampling/proposed moves/acceptance must remain exact; numerical comparisons only for computed values; no implicit rejection rollback claim	expanded executable scenario; unverified unless an executed record is named	J copied input transformed to identityQP; NOT original C physics projector; #179 transport successes do not establish independent cell	MPI179_JULIA=<Julia1.13.1> bash scripts/verify_mpi_issue179_states.sh <CLI-evidence-dir>	NVMCCalMode=0, NLanczosMode=0, NDataIdxStart=1, NDataQtySmp=1, Nsite=6, NSPGaussLeg=8, NSPStot=0, NMPTrans=-1, NSROptItrStep=500, NSROptItrSmp=50, NVMCWarmUp=10, NVMCInterval=1, NVMCSample=100, RndSeed=1, NSplitSize=1, NStore=1, NSRCG=0; mode=real,ranks=2,NSplitSize=1,NStore=1,NSRCG0,nsteps=nsmp1,warmup1,samples4,NSPGaussLeg1,NMPTrans1,identityQP; Julia self-consistency abs1e-8	UNVERIFIED exact cell; not replayed by documentation audit; smoke/self-consistency is not independent C parity	#177/#178/#179
S416	expanded-MPI-identity-direct-store	hubbard_chain_real 4r split2 store0	test/mpi/mpi_nsplit_nstore_smoke.jl:1	crates/mvmc-core/src/parallel.rs::partition_range	--features mpi and detected launcher; root-only stdout/output; no JULIA_MVMC_MPI env compatibility promise	executable bounded production mapping; independent scenario replay unverified	C/Julia NSplitSize=group SIZE; current draft follows width/remainder and full-chain/comm1 measurement semantics; prior chain-length/burn-marker failures require fresh independent state verification; protocol success not parity	Sampling/proposed moves/acceptance must remain exact; numerical comparisons only for computed values; no implicit rejection rollback claim	expanded executable scenario; unverified unless an executed record is named	J copied input transformed to identityQP; NOT original C physics projector; #179 transport successes do not establish independent cell	MPI179_JULIA=<Julia1.13.1> bash scripts/verify_mpi_issue179_states.sh <CLI-evidence-dir>	NVMCCalMode=0, NLanczosMode=0, NDataIdxStart=1, NDataQtySmp=1, Nsite=6, NSPGaussLeg=8, NSPStot=0, NMPTrans=-1, NSROptItrStep=500, NSROptItrSmp=50, NVMCWarmUp=10, NVMCInterval=1, NVMCSample=100, RndSeed=1, NSplitSize=1, NStore=1, NSRCG=0; mode=real,ranks=4,NSplitSize=2,NStore=0,NSRCG0,nsteps=nsmp1,warmup1,samples4,NSPGaussLeg1,NMPTrans1,identityQP; Julia self-consistency abs1e-8	UNVERIFIED exact cell; not replayed by documentation audit; smoke/self-consistency is not independent C parity	#177/#178/#179
S417	expanded-MPI-identity-direct-store	hubbard_chain_real 4r split2 store1	test/mpi/mpi_nsplit_nstore_smoke.jl:1	crates/mvmc-core/src/parallel.rs::partition_range	--features mpi and detected launcher; root-only stdout/output; no JULIA_MVMC_MPI env compatibility promise	executable bounded production mapping; independent scenario replay unverified	C/Julia NSplitSize=group SIZE; current draft follows width/remainder and full-chain/comm1 measurement semantics; prior chain-length/burn-marker failures require fresh independent state verification; protocol success not parity	Sampling/proposed moves/acceptance must remain exact; numerical comparisons only for computed values; no implicit rejection rollback claim	expanded executable scenario; unverified unless an executed record is named	J copied input transformed to identityQP; NOT original C physics projector; #179 transport successes do not establish independent cell	MPI179_JULIA=<Julia1.13.1> bash scripts/verify_mpi_issue179_states.sh <CLI-evidence-dir>	NVMCCalMode=0, NLanczosMode=0, NDataIdxStart=1, NDataQtySmp=1, Nsite=6, NSPGaussLeg=8, NSPStot=0, NMPTrans=-1, NSROptItrStep=500, NSROptItrSmp=50, NVMCWarmUp=10, NVMCInterval=1, NVMCSample=100, RndSeed=1, NSplitSize=1, NStore=1, NSRCG=0; mode=real,ranks=4,NSplitSize=2,NStore=1,NSRCG0,nsteps=nsmp1,warmup1,samples4,NSPGaussLeg1,NMPTrans1,identityQP; Julia self-consistency abs1e-8	UNVERIFIED exact cell; not replayed by documentation audit; smoke/self-consistency is not independent C parity	#177/#178/#179
S418	expanded-MPI-identity-direct-store	heisenberg_chain_fsz 2r split1 store0	test/mpi/mpi_nsplit_nstore_smoke.jl:1	crates/mvmc-core/src/parallel.rs::partition_range	--features mpi and detected launcher; root-only stdout/output; no JULIA_MVMC_MPI env compatibility promise	executable bounded production mapping; independent scenario replay unverified	C/Julia NSplitSize=group SIZE; current draft follows width/remainder and full-chain/comm1 measurement semantics; prior chain-length/burn-marker failures require fresh independent state verification; protocol success not parity	Sampling/proposed moves/acceptance must remain exact; numerical comparisons only for computed values; no implicit rejection rollback claim	expanded executable scenario; unverified unless an executed record is named	J copied input transformed to identityQP; NOT original C physics projector; #179 transport successes do not establish independent cell	MPI179_JULIA=<Julia1.13.1> bash scripts/verify_mpi_issue179_states.sh <CLI-evidence-dir>	NVMCCalMode=0, NLanczosMode=0, NDataIdxStart=1, NDataQtySmp=1, Nsite=6, NMPTrans=-1, NSROptItrStep=5000, NSROptItrSmp=500, NVMCWarmUp=10, NVMCInterval=1, NVMCSample=200, RndSeed=1, NSplitSize=1, NStore=1, NSRCG=0; mode=fsz,ranks=2,NSplitSize=1,NStore=0,NSRCG0,nsteps=nsmp1,warmup1,samples4,NSPGaussLeg1,NMPTrans1,identityQP; Julia self-consistency abs1e-8	UNVERIFIED exact cell; not replayed by documentation audit; smoke/self-consistency is not independent C parity	#177/#178/#179
S419	expanded-MPI-identity-direct-store	heisenberg_chain_fsz 2r split1 store1	test/mpi/mpi_nsplit_nstore_smoke.jl:1	crates/mvmc-core/src/parallel.rs::partition_range	--features mpi and detected launcher; root-only stdout/output; no JULIA_MVMC_MPI env compatibility promise	executable bounded production mapping; independent scenario replay unverified	C/Julia NSplitSize=group SIZE; current draft follows width/remainder and full-chain/comm1 measurement semantics; prior chain-length/burn-marker failures require fresh independent state verification; protocol success not parity	Sampling/proposed moves/acceptance must remain exact; numerical comparisons only for computed values; no implicit rejection rollback claim	expanded executable scenario; unverified unless an executed record is named	J copied input transformed to identityQP; NOT original C physics projector; #179 transport successes do not establish independent cell	MPI179_JULIA=<Julia1.13.1> bash scripts/verify_mpi_issue179_states.sh <CLI-evidence-dir>	NVMCCalMode=0, NLanczosMode=0, NDataIdxStart=1, NDataQtySmp=1, Nsite=6, NMPTrans=-1, NSROptItrStep=5000, NSROptItrSmp=500, NVMCWarmUp=10, NVMCInterval=1, NVMCSample=200, RndSeed=1, NSplitSize=1, NStore=1, NSRCG=0; mode=fsz,ranks=2,NSplitSize=1,NStore=1,NSRCG0,nsteps=nsmp1,warmup1,samples4,NSPGaussLeg1,NMPTrans1,identityQP; Julia self-consistency abs1e-8	UNVERIFIED exact cell; not replayed by documentation audit; smoke/self-consistency is not independent C parity	#177/#178/#179
S420	expanded-MPI-identity-direct-store	heisenberg_chain_fsz 4r split2 store0	test/mpi/mpi_nsplit_nstore_smoke.jl:1	crates/mvmc-core/src/parallel.rs::partition_range	--features mpi and detected launcher; root-only stdout/output; no JULIA_MVMC_MPI env compatibility promise	executable bounded production mapping; independent scenario replay unverified	C/Julia NSplitSize=group SIZE; current draft follows width/remainder and full-chain/comm1 measurement semantics; prior chain-length/burn-marker failures require fresh independent state verification; protocol success not parity	Sampling/proposed moves/acceptance must remain exact; numerical comparisons only for computed values; no implicit rejection rollback claim	expanded executable scenario; unverified unless an executed record is named	J copied input transformed to identityQP; NOT original C physics projector; #179 transport successes do not establish independent cell	MPI179_JULIA=<Julia1.13.1> bash scripts/verify_mpi_issue179_states.sh <CLI-evidence-dir>	NVMCCalMode=0, NLanczosMode=0, NDataIdxStart=1, NDataQtySmp=1, Nsite=6, NMPTrans=-1, NSROptItrStep=5000, NSROptItrSmp=500, NVMCWarmUp=10, NVMCInterval=1, NVMCSample=200, RndSeed=1, NSplitSize=1, NStore=1, NSRCG=0; mode=fsz,ranks=4,NSplitSize=2,NStore=0,NSRCG0,nsteps=nsmp1,warmup1,samples4,NSPGaussLeg1,NMPTrans1,identityQP; Julia self-consistency abs1e-8	UNVERIFIED exact cell; not replayed by documentation audit; smoke/self-consistency is not independent C parity	#177/#178/#179
S421	expanded-MPI-identity-direct-store	heisenberg_chain_fsz 4r split2 store1	test/mpi/mpi_nsplit_nstore_smoke.jl:1	crates/mvmc-core/src/parallel.rs::partition_range	--features mpi and detected launcher; root-only stdout/output; no JULIA_MVMC_MPI env compatibility promise	executable bounded production mapping; independent scenario replay unverified	C/Julia NSplitSize=group SIZE; current draft follows width/remainder and full-chain/comm1 measurement semantics; prior chain-length/burn-marker failures require fresh independent state verification; protocol success not parity	Sampling/proposed moves/acceptance must remain exact; numerical comparisons only for computed values; no implicit rejection rollback claim	expanded executable scenario; unverified unless an executed record is named	J copied input transformed to identityQP; NOT original C physics projector; #179 transport successes do not establish independent cell	MPI179_JULIA=<Julia1.13.1> bash scripts/verify_mpi_issue179_states.sh <CLI-evidence-dir>	NVMCCalMode=0, NLanczosMode=0, NDataIdxStart=1, NDataQtySmp=1, Nsite=6, NMPTrans=-1, NSROptItrStep=5000, NSROptItrSmp=500, NVMCWarmUp=10, NVMCInterval=1, NVMCSample=200, RndSeed=1, NSplitSize=1, NStore=1, NSRCG=0; mode=fsz,ranks=4,NSplitSize=2,NStore=1,NSRCG0,nsteps=nsmp1,warmup1,samples4,NSPGaussLeg1,NMPTrans1,identityQP; Julia self-consistency abs1e-8	UNVERIFIED exact cell; not replayed by documentation audit; smoke/self-consistency is not independent C parity	#177/#178/#179
S422	expanded-MPI-standard-QP	heisenberg_chain_real 2r split1 store0	test/mpi/mpi_nsplit_standard_projection_smoke.jl:1	crates/mvmc-core/src/parallel.rs::partition_range	--features mpi and detected launcher; root-only stdout/output; no JULIA_MVMC_MPI env compatibility promise	executable bounded production mapping; independent scenario replay unverified	C/Julia NSplitSize=group SIZE; current draft follows width/remainder and full-chain/comm1 measurement semantics; prior chain-length/burn-marker failures require fresh independent state verification; protocol success not parity	Sampling/proposed moves/acceptance must remain exact; numerical comparisons only for computed values; no implicit rejection rollback claim	expanded executable scenario; unverified unless an executed record is named	J native standardQP copied input with changed sample counts; zvo/zqp/var self-consistency, not independent C trajectory	bash scripts/verify_mpi_issue179.sh	NVMCCalMode=0, NLanczosMode=0, NDataIdxStart=1, NDataQtySmp=1, Nsite=6, NSPGaussLeg=8, NSPStot=0, NMPTrans=-1, NSROptItrStep=1000, NSROptItrSmp=100, NVMCWarmUp=10, NVMCInterval=1, NVMCSample=100, RndSeed=1, NSplitSize=1, NStore=1, NSRCG=0; mode=real,ranks=2,NSplitSize=1,NStore=0,NSRCG0,nsteps=nsmp1,warmup1,samples4,standardQP; optional JULIA_MVMC_SMOKE_NSPGAUSSLEG; Julia self-consistency abs5e-8	UNVERIFIED exact cell; not replayed by documentation audit; smoke/self-consistency is not independent C parity	#177/#178/#179
S423	expanded-MPI-standard-QP	heisenberg_chain_real 2r split1 store1	test/mpi/mpi_nsplit_standard_projection_smoke.jl:1	crates/mvmc-core/src/parallel.rs::partition_range	--features mpi and detected launcher; root-only stdout/output; no JULIA_MVMC_MPI env compatibility promise	executable bounded production mapping; independent scenario replay unverified	C/Julia NSplitSize=group SIZE; current draft follows width/remainder and full-chain/comm1 measurement semantics; prior chain-length/burn-marker failures require fresh independent state verification; protocol success not parity	Sampling/proposed moves/acceptance must remain exact; numerical comparisons only for computed values; no implicit rejection rollback claim	expanded executable scenario; unverified unless an executed record is named	J native standardQP copied input with changed sample counts; zvo/zqp/var self-consistency, not independent C trajectory	bash scripts/verify_mpi_issue179.sh	NVMCCalMode=0, NLanczosMode=0, NDataIdxStart=1, NDataQtySmp=1, Nsite=6, NSPGaussLeg=8, NSPStot=0, NMPTrans=-1, NSROptItrStep=1000, NSROptItrSmp=100, NVMCWarmUp=10, NVMCInterval=1, NVMCSample=100, RndSeed=1, NSplitSize=1, NStore=1, NSRCG=0; mode=real,ranks=2,NSplitSize=1,NStore=1,NSRCG0,nsteps=nsmp1,warmup1,samples4,standardQP; optional JULIA_MVMC_SMOKE_NSPGAUSSLEG; Julia self-consistency abs5e-8	UNVERIFIED exact cell; not replayed by documentation audit; smoke/self-consistency is not independent C parity	#177/#178/#179
S424	expanded-MPI-standard-QP	heisenberg_chain_real 4r split2 store0	test/mpi/mpi_nsplit_standard_projection_smoke.jl:1	crates/mvmc-core/src/parallel.rs::partition_range	--features mpi and detected launcher; root-only stdout/output; no JULIA_MVMC_MPI env compatibility promise	executable bounded production mapping; independent scenario replay unverified	C/Julia NSplitSize=group SIZE; current draft follows width/remainder and full-chain/comm1 measurement semantics; prior chain-length/burn-marker failures require fresh independent state verification; protocol success not parity	Sampling/proposed moves/acceptance must remain exact; numerical comparisons only for computed values; no implicit rejection rollback claim	expanded executable scenario; unverified unless an executed record is named	J native standardQP copied input with changed sample counts; zvo/zqp/var self-consistency, not independent C trajectory	bash scripts/verify_mpi_issue179.sh	NVMCCalMode=0, NLanczosMode=0, NDataIdxStart=1, NDataQtySmp=1, Nsite=6, NSPGaussLeg=8, NSPStot=0, NMPTrans=-1, NSROptItrStep=1000, NSROptItrSmp=100, NVMCWarmUp=10, NVMCInterval=1, NVMCSample=100, RndSeed=1, NSplitSize=1, NStore=1, NSRCG=0; mode=real,ranks=4,NSplitSize=2,NStore=0,NSRCG0,nsteps=nsmp1,warmup1,samples4,standardQP; optional JULIA_MVMC_SMOKE_NSPGAUSSLEG; Julia self-consistency abs5e-8	UNVERIFIED exact cell; not replayed by documentation audit; smoke/self-consistency is not independent C parity	#177/#178/#179
S425	expanded-MPI-standard-QP	heisenberg_chain_real 4r split2 store1	test/mpi/mpi_nsplit_standard_projection_smoke.jl:1	crates/mvmc-core/src/parallel.rs::partition_range	--features mpi and detected launcher; root-only stdout/output; no JULIA_MVMC_MPI env compatibility promise	executable bounded production mapping; independent scenario replay unverified	C/Julia NSplitSize=group SIZE; current draft follows width/remainder and full-chain/comm1 measurement semantics; prior chain-length/burn-marker failures require fresh independent state verification; protocol success not parity	Sampling/proposed moves/acceptance must remain exact; numerical comparisons only for computed values; no implicit rejection rollback claim	expanded executable scenario; unverified unless an executed record is named	J native standardQP copied input with changed sample counts; zvo/zqp/var self-consistency, not independent C trajectory	bash scripts/verify_mpi_issue179.sh	NVMCCalMode=0, NLanczosMode=0, NDataIdxStart=1, NDataQtySmp=1, Nsite=6, NSPGaussLeg=8, NSPStot=0, NMPTrans=-1, NSROptItrStep=1000, NSROptItrSmp=100, NVMCWarmUp=10, NVMCInterval=1, NVMCSample=100, RndSeed=1, NSplitSize=1, NStore=1, NSRCG=0; mode=real,ranks=4,NSplitSize=2,NStore=1,NSRCG0,nsteps=nsmp1,warmup1,samples4,standardQP; optional JULIA_MVMC_SMOKE_NSPGAUSSLEG; Julia self-consistency abs5e-8	UNVERIFIED exact cell; not replayed by documentation audit; smoke/self-consistency is not independent C parity	#177/#178/#179
S426	expanded-MPI-standard-QP	hubbard_tetragonal_momentum_projection_real 2r split1 store0	test/mpi/mpi_nsplit_standard_projection_smoke.jl:1	crates/mvmc-core/src/parallel.rs::partition_range	--features mpi and detected launcher; root-only stdout/output; no JULIA_MVMC_MPI env compatibility promise	executable bounded production mapping; independent scenario replay unverified	C/Julia NSplitSize=group SIZE; current draft follows width/remainder and full-chain/comm1 measurement semantics; prior chain-length/burn-marker failures require fresh independent state verification; protocol success not parity	Sampling/proposed moves/acceptance must remain exact; numerical comparisons only for computed values; no implicit rejection rollback claim	expanded executable scenario; unverified unless an executed record is named	J native standardQP copied input with changed sample counts; zvo/zqp/var self-consistency, not independent C trajectory	bash scripts/verify_mpi_issue179.sh	NVMCCalMode=0, NLanczosMode=0, NDataIdxStart=1, NDataQtySmp=1, Nsite=8, NSPGaussLeg=8, NSPStot=0, NMPTrans=4, NSROptItrStep=200, NSROptItrSmp=20, NVMCWarmUp=10, NVMCInterval=1, NVMCSample=1000, RndSeed=1, NSplitSize=1, NStore=1, NSRCG=0; mode=real,ranks=2,NSplitSize=1,NStore=0,NSRCG0,nsteps=nsmp1,warmup1,samples4,standardQP; optional JULIA_MVMC_SMOKE_NSPGAUSSLEG; Julia self-consistency abs5e-8	UNVERIFIED exact cell; not replayed by documentation audit; smoke/self-consistency is not independent C parity	#177/#178/#179
S427	expanded-MPI-standard-QP	hubbard_tetragonal_momentum_projection_real 2r split1 store1	test/mpi/mpi_nsplit_standard_projection_smoke.jl:1	crates/mvmc-core/src/parallel.rs::partition_range	--features mpi and detected launcher; root-only stdout/output; no JULIA_MVMC_MPI env compatibility promise	executable bounded production mapping; independent scenario replay unverified	C/Julia NSplitSize=group SIZE; current draft follows width/remainder and full-chain/comm1 measurement semantics; prior chain-length/burn-marker failures require fresh independent state verification; protocol success not parity	Sampling/proposed moves/acceptance must remain exact; numerical comparisons only for computed values; no implicit rejection rollback claim	expanded executable scenario; unverified unless an executed record is named	J native standardQP copied input with changed sample counts; zvo/zqp/var self-consistency, not independent C trajectory	bash scripts/verify_mpi_issue179.sh	NVMCCalMode=0, NLanczosMode=0, NDataIdxStart=1, NDataQtySmp=1, Nsite=8, NSPGaussLeg=8, NSPStot=0, NMPTrans=4, NSROptItrStep=200, NSROptItrSmp=20, NVMCWarmUp=10, NVMCInterval=1, NVMCSample=1000, RndSeed=1, NSplitSize=1, NStore=1, NSRCG=0; mode=real,ranks=2,NSplitSize=1,NStore=1,NSRCG0,nsteps=nsmp1,warmup1,samples4,standardQP; optional JULIA_MVMC_SMOKE_NSPGAUSSLEG; Julia self-consistency abs5e-8	UNVERIFIED exact cell; not replayed by documentation audit; smoke/self-consistency is not independent C parity	#177/#178/#179
S428	expanded-MPI-standard-QP	hubbard_tetragonal_momentum_projection_real 4r split2 store0	test/mpi/mpi_nsplit_standard_projection_smoke.jl:1	crates/mvmc-core/src/parallel.rs::partition_range	--features mpi and detected launcher; root-only stdout/output; no JULIA_MVMC_MPI env compatibility promise	executable bounded production mapping; independent scenario replay unverified	C/Julia NSplitSize=group SIZE; current draft follows width/remainder and full-chain/comm1 measurement semantics; prior chain-length/burn-marker failures require fresh independent state verification; protocol success not parity	Sampling/proposed moves/acceptance must remain exact; numerical comparisons only for computed values; no implicit rejection rollback claim	expanded executable scenario; unverified unless an executed record is named	J native standardQP copied input with changed sample counts; zvo/zqp/var self-consistency, not independent C trajectory	bash scripts/verify_mpi_issue179.sh	NVMCCalMode=0, NLanczosMode=0, NDataIdxStart=1, NDataQtySmp=1, Nsite=8, NSPGaussLeg=8, NSPStot=0, NMPTrans=4, NSROptItrStep=200, NSROptItrSmp=20, NVMCWarmUp=10, NVMCInterval=1, NVMCSample=1000, RndSeed=1, NSplitSize=1, NStore=1, NSRCG=0; mode=real,ranks=4,NSplitSize=2,NStore=0,NSRCG0,nsteps=nsmp1,warmup1,samples4,standardQP; optional JULIA_MVMC_SMOKE_NSPGAUSSLEG; Julia self-consistency abs5e-8	UNVERIFIED exact cell; not replayed by documentation audit; smoke/self-consistency is not independent C parity	#177/#178/#179
S429	expanded-MPI-standard-QP	hubbard_tetragonal_momentum_projection_real 4r split2 store1	test/mpi/mpi_nsplit_standard_projection_smoke.jl:1	crates/mvmc-core/src/parallel.rs::partition_range	--features mpi and detected launcher; root-only stdout/output; no JULIA_MVMC_MPI env compatibility promise	executable bounded production mapping; independent scenario replay unverified	C/Julia NSplitSize=group SIZE; current draft follows width/remainder and full-chain/comm1 measurement semantics; prior chain-length/burn-marker failures require fresh independent state verification; protocol success not parity	Sampling/proposed moves/acceptance must remain exact; numerical comparisons only for computed values; no implicit rejection rollback claim	expanded executable scenario; unverified unless an executed record is named	J native standardQP copied input with changed sample counts; zvo/zqp/var self-consistency, not independent C trajectory	bash scripts/verify_mpi_issue179.sh	NVMCCalMode=0, NLanczosMode=0, NDataIdxStart=1, NDataQtySmp=1, Nsite=8, NSPGaussLeg=8, NSPStot=0, NMPTrans=4, NSROptItrStep=200, NSROptItrSmp=20, NVMCWarmUp=10, NVMCInterval=1, NVMCSample=1000, RndSeed=1, NSplitSize=1, NStore=1, NSRCG=0; mode=real,ranks=4,NSplitSize=2,NStore=1,NSRCG0,nsteps=nsmp1,warmup1,samples4,standardQP; optional JULIA_MVMC_SMOKE_NSPGAUSSLEG; Julia self-consistency abs5e-8	UNVERIFIED exact cell; not replayed by documentation audit; smoke/self-consistency is not independent C parity	#177/#178/#179
S430	expanded-MPI-standard-QP	heisenberg_chain_cmp 2r split1 store0	test/mpi/mpi_nsplit_standard_projection_smoke.jl:1	crates/mvmc-core/src/parallel.rs::partition_range	--features mpi and detected launcher; root-only stdout/output; no JULIA_MVMC_MPI env compatibility promise	executable bounded production mapping; independent scenario replay unverified	C/Julia NSplitSize=group SIZE; current draft follows width/remainder and full-chain/comm1 measurement semantics; prior chain-length/burn-marker failures require fresh independent state verification; protocol success not parity	Sampling/proposed moves/acceptance must remain exact; numerical comparisons only for computed values; no implicit rejection rollback claim	expanded executable scenario; unverified unless an executed record is named	J native standardQP copied input with changed sample counts; zvo/zqp/var self-consistency, not independent C trajectory	bash scripts/verify_mpi_issue179.sh	NVMCCalMode=0, NLanczosMode=0, NDataIdxStart=1, NDataQtySmp=1, Nsite=6, NSPGaussLeg=8, NSPStot=0, NMPTrans=-1, NSROptItrStep=1000, NSROptItrSmp=100, NVMCWarmUp=10, NVMCInterval=1, NVMCSample=100, RndSeed=1, NSplitSize=1, NStore=1, NSRCG=0; mode=cmp,ranks=2,NSplitSize=1,NStore=0,NSRCG0,nsteps=nsmp1,warmup1,samples4,standardQP; optional JULIA_MVMC_SMOKE_NSPGAUSSLEG; Julia self-consistency abs5e-8	UNVERIFIED exact cell; not replayed by documentation audit; smoke/self-consistency is not independent C parity	#177/#178/#179
S431	expanded-MPI-standard-QP	heisenberg_chain_cmp 2r split1 store1	test/mpi/mpi_nsplit_standard_projection_smoke.jl:1	crates/mvmc-core/src/parallel.rs::partition_range	--features mpi and detected launcher; root-only stdout/output; no JULIA_MVMC_MPI env compatibility promise	executable bounded production mapping; independent scenario replay unverified	C/Julia NSplitSize=group SIZE; current draft follows width/remainder and full-chain/comm1 measurement semantics; prior chain-length/burn-marker failures require fresh independent state verification; protocol success not parity	Sampling/proposed moves/acceptance must remain exact; numerical comparisons only for computed values; no implicit rejection rollback claim	expanded executable scenario; unverified unless an executed record is named	J native standardQP copied input with changed sample counts; zvo/zqp/var self-consistency, not independent C trajectory	bash scripts/verify_mpi_issue179.sh	NVMCCalMode=0, NLanczosMode=0, NDataIdxStart=1, NDataQtySmp=1, Nsite=6, NSPGaussLeg=8, NSPStot=0, NMPTrans=-1, NSROptItrStep=1000, NSROptItrSmp=100, NVMCWarmUp=10, NVMCInterval=1, NVMCSample=100, RndSeed=1, NSplitSize=1, NStore=1, NSRCG=0; mode=cmp,ranks=2,NSplitSize=1,NStore=1,NSRCG0,nsteps=nsmp1,warmup1,samples4,standardQP; optional JULIA_MVMC_SMOKE_NSPGAUSSLEG; Julia self-consistency abs5e-8	UNVERIFIED exact cell; not replayed by documentation audit; smoke/self-consistency is not independent C parity	#177/#178/#179
S432	expanded-MPI-standard-QP	heisenberg_chain_cmp 4r split2 store0	test/mpi/mpi_nsplit_standard_projection_smoke.jl:1	crates/mvmc-core/src/parallel.rs::partition_range	--features mpi and detected launcher; root-only stdout/output; no JULIA_MVMC_MPI env compatibility promise	executable bounded production mapping; independent scenario replay unverified	C/Julia NSplitSize=group SIZE; current draft follows width/remainder and full-chain/comm1 measurement semantics; prior chain-length/burn-marker failures require fresh independent state verification; protocol success not parity	Sampling/proposed moves/acceptance must remain exact; numerical comparisons only for computed values; no implicit rejection rollback claim	expanded executable scenario; unverified unless an executed record is named	J native standardQP copied input with changed sample counts; zvo/zqp/var self-consistency, not independent C trajectory	bash scripts/verify_mpi_issue179.sh	NVMCCalMode=0, NLanczosMode=0, NDataIdxStart=1, NDataQtySmp=1, Nsite=6, NSPGaussLeg=8, NSPStot=0, NMPTrans=-1, NSROptItrStep=1000, NSROptItrSmp=100, NVMCWarmUp=10, NVMCInterval=1, NVMCSample=100, RndSeed=1, NSplitSize=1, NStore=1, NSRCG=0; mode=cmp,ranks=4,NSplitSize=2,NStore=0,NSRCG0,nsteps=nsmp1,warmup1,samples4,standardQP; optional JULIA_MVMC_SMOKE_NSPGAUSSLEG; Julia self-consistency abs5e-8	UNVERIFIED exact cell; not replayed by documentation audit; smoke/self-consistency is not independent C parity	#177/#178/#179
S433	expanded-MPI-standard-QP	heisenberg_chain_cmp 4r split2 store1	test/mpi/mpi_nsplit_standard_projection_smoke.jl:1	crates/mvmc-core/src/parallel.rs::partition_range	--features mpi and detected launcher; root-only stdout/output; no JULIA_MVMC_MPI env compatibility promise	executable bounded production mapping; independent scenario replay unverified	C/Julia NSplitSize=group SIZE; current draft follows width/remainder and full-chain/comm1 measurement semantics; prior chain-length/burn-marker failures require fresh independent state verification; protocol success not parity	Sampling/proposed moves/acceptance must remain exact; numerical comparisons only for computed values; no implicit rejection rollback claim	expanded executable scenario; unverified unless an executed record is named	J native standardQP copied input with changed sample counts; zvo/zqp/var self-consistency, not independent C trajectory	bash scripts/verify_mpi_issue179.sh	NVMCCalMode=0, NLanczosMode=0, NDataIdxStart=1, NDataQtySmp=1, Nsite=6, NSPGaussLeg=8, NSPStot=0, NMPTrans=-1, NSROptItrStep=1000, NSROptItrSmp=100, NVMCWarmUp=10, NVMCInterval=1, NVMCSample=100, RndSeed=1, NSplitSize=1, NStore=1, NSRCG=0; mode=cmp,ranks=4,NSplitSize=2,NStore=1,NSRCG0,nsteps=nsmp1,warmup1,samples4,standardQP; optional JULIA_MVMC_SMOKE_NSPGAUSSLEG; Julia self-consistency abs5e-8	UNVERIFIED exact cell; not replayed by documentation audit; smoke/self-consistency is not independent C parity	#177/#178/#179
S434	expanded-MPI-PhysCal	heisenberg_chain_real 2r split1	test/mpi/mpi_physcal_nsplit_smoke.jl:1	crates/mvmc-core/src/run.rs::vmc_phys_cal_with_reducer_and_callback; crates/mvmc-core/src/run.rs::vmc_phys_cal_in_place (single borrowed production core; retains state/RNG on Err)	--physcal PATH; serial normal/FSZ; grouped normal Green accepted; grouped FSZ/Lanczos/OptTrans multi-sector rejected; callback library-only	executable bounded production mapping; independent scenario replay unverified	C fixed restore and indexed output authoritative; Julia shared out/var lifecycle differs; factored pairs single ordered row; Goodall owns io.rs repair	Sampling/proposed moves/acceptance must remain exact; numerical comparisons only for computed values; no implicit rejection rollback claim	expanded executable scenario; unverified unless an executed record is named	J physcal_ref five expected files; out/var C lifecycle differs from Julia; Goodall owns current writer repair	bash scripts/verify_mpi_issue179_physcal.sh	NVMCCalMode=1, NLanczosMode=0, NDataIdxStart=1, NDataQtySmp=1, Nsite=6, NSPGaussLeg=8, NSPStot=0, NMPTrans=-1, NSROptItrStep=1000, NSROptItrSmp=100, NVMCWarmUp=10, NVMCInterval=1, NVMCSample=100, RndSeed=1, NSplitSize=1, NStore=1, NSRCG=0; mode=real,ranks=2,NSplitSize=1,NDataQtySmp1,warmup1,samples4,Lanczos0,fixed=zqp_opt.dat; Julia self-consistency abs5e-8	UNVERIFIED independent Green/output/trajectory; LC positives execution-only; C index lifecycle differs from Julia shared out/var	#174/#175/#178/#181/#179
S435	expanded-MPI-PhysCal	heisenberg_chain_real 4r split2	test/mpi/mpi_physcal_nsplit_smoke.jl:1	crates/mvmc-core/src/run.rs::vmc_phys_cal_with_reducer_and_callback; crates/mvmc-core/src/run.rs::vmc_phys_cal_in_place (single borrowed production core; retains state/RNG on Err)	--physcal PATH; serial normal/FSZ; grouped normal Green accepted; grouped FSZ/Lanczos/OptTrans multi-sector rejected; callback library-only	executable bounded production mapping; independent scenario replay unverified	C fixed restore and indexed output authoritative; Julia shared out/var lifecycle differs; factored pairs single ordered row; Goodall owns io.rs repair	Sampling/proposed moves/acceptance must remain exact; numerical comparisons only for computed values; no implicit rejection rollback claim	expanded executable scenario; unverified unless an executed record is named	J physcal_ref five expected files; out/var C lifecycle differs from Julia; Goodall owns current writer repair	bash scripts/verify_mpi_issue179_physcal.sh	NVMCCalMode=1, NLanczosMode=0, NDataIdxStart=1, NDataQtySmp=1, Nsite=6, NSPGaussLeg=8, NSPStot=0, NMPTrans=-1, NSROptItrStep=1000, NSROptItrSmp=100, NVMCWarmUp=10, NVMCInterval=1, NVMCSample=100, RndSeed=1, NSplitSize=1, NStore=1, NSRCG=0; mode=real,ranks=4,NSplitSize=2,NDataQtySmp1,warmup1,samples4,Lanczos0,fixed=zqp_opt.dat; Julia self-consistency abs5e-8	UNVERIFIED independent Green/output/trajectory; LC positives execution-only; C index lifecycle differs from Julia shared out/var	#174/#175/#178/#181/#179
S436	expanded-MPI-PhysCal	heisenberg_chain_cmp 2r split1	test/mpi/mpi_physcal_nsplit_smoke.jl:1	crates/mvmc-core/src/run.rs::vmc_phys_cal_with_reducer_and_callback; crates/mvmc-core/src/run.rs::vmc_phys_cal_in_place (single borrowed production core; retains state/RNG on Err)	--physcal PATH; serial normal/FSZ; grouped normal Green accepted; grouped FSZ/Lanczos/OptTrans multi-sector rejected; callback library-only	executable bounded production mapping; independent scenario replay unverified	C fixed restore and indexed output authoritative; Julia shared out/var lifecycle differs; factored pairs single ordered row; Goodall owns io.rs repair	Sampling/proposed moves/acceptance must remain exact; numerical comparisons only for computed values; no implicit rejection rollback claim	expanded executable scenario; unverified unless an executed record is named	J physcal_ref five expected files; out/var C lifecycle differs from Julia; Goodall owns current writer repair	bash scripts/verify_mpi_issue179_physcal.sh	NVMCCalMode=1, NLanczosMode=0, NDataIdxStart=1, NDataQtySmp=1, Nsite=6, NSPGaussLeg=8, NSPStot=0, NMPTrans=-1, NSROptItrStep=1000, NSROptItrSmp=100, NVMCWarmUp=10, NVMCInterval=1, NVMCSample=100, RndSeed=1, NSplitSize=1, NStore=1, NSRCG=0; mode=cmp,ranks=2,NSplitSize=1,NDataQtySmp1,warmup1,samples4,Lanczos0,fixed=zqp_opt.dat; Julia self-consistency abs5e-8	UNVERIFIED independent Green/output/trajectory; LC positives execution-only; C index lifecycle differs from Julia shared out/var	#174/#175/#178/#181/#179
S437	expanded-MPI-PhysCal	heisenberg_chain_cmp 4r split2	test/mpi/mpi_physcal_nsplit_smoke.jl:1	crates/mvmc-core/src/run.rs::vmc_phys_cal_with_reducer_and_callback; crates/mvmc-core/src/run.rs::vmc_phys_cal_in_place (single borrowed production core; retains state/RNG on Err)	--physcal PATH; serial normal/FSZ; grouped normal Green accepted; grouped FSZ/Lanczos/OptTrans multi-sector rejected; callback library-only	executable bounded production mapping; independent scenario replay unverified	C fixed restore and indexed output authoritative; Julia shared out/var lifecycle differs; factored pairs single ordered row; Goodall owns io.rs repair	Sampling/proposed moves/acceptance must remain exact; numerical comparisons only for computed values; no implicit rejection rollback claim	expanded executable scenario; unverified unless an executed record is named	J physcal_ref five expected files; out/var C lifecycle differs from Julia; Goodall owns current writer repair	bash scripts/verify_mpi_issue179_physcal.sh	NVMCCalMode=1, NLanczosMode=0, NDataIdxStart=1, NDataQtySmp=1, Nsite=6, NSPGaussLeg=8, NSPStot=0, NMPTrans=-1, NSROptItrStep=1000, NSROptItrSmp=100, NVMCWarmUp=10, NVMCInterval=1, NVMCSample=100, RndSeed=1, NSplitSize=1, NStore=1, NSRCG=0; mode=cmp,ranks=4,NSplitSize=2,NDataQtySmp1,warmup1,samples4,Lanczos0,fixed=zqp_opt.dat; Julia self-consistency abs5e-8	UNVERIFIED independent Green/output/trajectory; LC positives execution-only; C index lifecycle differs from Julia shared out/var	#174/#175/#178/#181/#179
S438	source-thread-site	copy_real_to_complex! / copy_complex_realpart!	MVMCOptimizers.jl/src/threading.jl:66,86	crates/mvmc-core/src/threading.rs::{copy_real_to_complex,copy_complex_realpart}; run.rs::sync_real_fsz_shadow	MVMC_RS_INNER_THREADS/MVMC_RS_INNER_THRESHOLD; default1/32; no parallel RNG; BLAS workers separate	partial mapped independent loops/lifecycle; full run/backend/performance evidence unverified	Independent QP/copy/OO entries only; frozen config; ordered reductions and ascending first error; Julia defaults differ intentionally	No RNG in parallel workers; copied padding/tails exact; transactional/first-error contract only stated kernels	source call-site mapping; #182 kernel report + local R76/LR are not full threading parity	J source SHA256=a1a7c13b77611172a831520e4cc36b981361cb96d82630b4fbd9283e84681299; #182 issue-182-threaded-coverage.md; historical/analytic expectations not new Julia1.13 runtime	cargo nextest run --locked --cargo-profile test-fast -p mvmc-core --test threaded_issue182 --no-fail-fast --retries 0	Julia threshold64; Rust default32; common prefix; FSZ whole inverse pads vs normal matrix-only copy	OWNER-REPORTED #182 kernel worker1/2/4 pass68703; fresh independent runner/per-proposal/backend/performance UNVERIFIED	#182
S439	source-thread-site	calculate_m_all real/complex QP	MVMCOptimizers.jl/src/calculate_m_all.jl:440,879	crates/mvmc-core/src/pfaffian.rs::{calc_m_all_real,calc_m_all_complex,calc_m_all_fsz_real,calc_m_all_fsz_complex}	MVMC_RS_INNER_THREADS/MVMC_RS_INNER_THRESHOLD; default1/32; no parallel RNG; BLAS workers separate	partial mapped independent loops/lifecycle; full run/backend/performance evidence unverified	Independent QP/copy/OO entries only; frozen config; ordered reductions and ascending first error; Julia defaults differ intentionally	No RNG in parallel workers; copied padding/tails exact; transactional/first-error contract only stated kernels	source call-site mapping; #182 kernel report + local R76/LR are not full threading parity	J source SHA256=051f04ea7f1956befa73c2377376d27e71a09b0e3a82ce8a6c0bf75b9bd80dbd; #182 issue-182-threaded-coverage.md; historical/analytic expectations not new Julia1.13 runtime	cargo nextest run --locked --cargo-profile test-fast -p mvmc-core --test threaded_issue182 --no-fail-fast --retries 0	ascending error selection; FSZ transactional publishing; per-worker scratch	OWNER-REPORTED #182 kernel worker1/2/4 pass68703; fresh independent runner/per-proposal/backend/performance UNVERIFIED	#182/#176
S440	source-thread-site	normal-real transfer independent terms	MVMCOptimizers.jl/src/vmc_main_cal.jl:1707	crates/mvmc-core/src/observables.rs::calculate_local_energy_timed	MVMC_RS_INNER_THREADS/MVMC_RS_INNER_THRESHOLD; default1/32; no parallel RNG; BLAS workers separate	partial mapped independent loops/lifecycle; full run/backend/performance evidence unverified	Independent QP/copy/OO entries only; frozen config; ordered reductions and ascending first error; Julia defaults differ intentionally	No RNG in parallel workers; copied padding/tails exact; transactional/first-error contract only stated kernels	source call-site mapping; #182 kernel report + local R76/LR are not full threading parity	J source SHA256=16def1b75c5a8b36462884983c18a4422882b62d3bb45543baf699756b8839d0; #182 issue-182-threaded-coverage.md; historical/analytic expectations not new Julia1.13 runtime	cargo nextest run --locked --cargo-profile test-fast -p mvmc-core --test threaded_issue182 --no-fail-fast --retries 0	Julia transfer threshold16; Rust configthreshold32; term reduction remains serial; complex/FSZ not that threaded site	OWNER-REPORTED #182 kernel worker1/2/4 pass68703; fresh independent runner/per-proposal/backend/performance UNVERIFIED	#182
S441	source-thread-site	OO / HO independent entries	MVMCOptimizers.jl/src/vmc_main_cal.jl:3406,3423,3462,3481	crates/mvmc-core/src/observables.rs::{calculate_oo,calculate_oo_real}	MVMC_RS_INNER_THREADS/MVMC_RS_INNER_THRESHOLD; default1/32; no parallel RNG; BLAS workers separate	partial mapped independent loops/lifecycle; full run/backend/performance evidence unverified	Independent QP/copy/OO entries only; frozen config; ordered reductions and ascending first error; Julia defaults differ intentionally	No RNG in parallel workers; copied padding/tails exact; transactional/first-error contract only stated kernels	source call-site mapping; #182 kernel report + local R76/LR are not full threading parity	J source SHA256=16def1b75c5a8b36462884983c18a4422882b62d3bb45543baf699756b8839d0; #182 issue-182-threaded-coverage.md; historical/analytic expectations not new Julia1.13 runtime	cargo nextest run --locked --cargo-profile test-fast -p mvmc-core --test threaded_issue182 --no-fail-fast --retries 0	ordered within-entry scalar sums; workers1/2/4; no RNG	OWNER-REPORTED #182 kernel worker1/2/4 pass68703; fresh independent runner/per-proposal/backend/performance UNVERIFIED	#182
S442	source-thread-site	stored sample copies / HO	MVMCOptimizers.jl/src/vmc_main_cal.jl:3516,3555	crates/mvmc-core/src/observables.rs::{calculate_oo_store,calculate_oo_store_real}	MVMC_RS_INNER_THREADS/MVMC_RS_INNER_THRESHOLD; default1/32; no parallel RNG; BLAS workers separate	partial mapped independent loops/lifecycle; full run/backend/performance evidence unverified	Independent QP/copy/OO entries only; frozen config; ordered reductions and ascending first error; Julia defaults differ intentionally	No RNG in parallel workers; copied padding/tails exact; transactional/first-error contract only stated kernels	source call-site mapping; #182 kernel report + local R76/LR are not full threading parity	J source SHA256=16def1b75c5a8b36462884983c18a4422882b62d3bb45543baf699756b8839d0; #182 issue-182-threaded-coverage.md; historical/analytic expectations not new Julia1.13 runtime	cargo nextest run --locked --cargo-profile test-fast -p mvmc-core --test threaded_issue182 --no-fail-fast --retries 0	common-prefix sample storage; same sample_start, active width; no RNG	OWNER-REPORTED #182 kernel worker1/2/4 pass68703; fresh independent runner/per-proposal/backend/performance UNVERIFIED	#182
S443	source-thread-site	CG means / diagonals	MVMCOptimizers.jl/src/vmc_main_cal.jl:3590,3671	crates/mvmc-core/src/observables.rs::{finalize_oo_store,finalize_oo_store_real}	MVMC_RS_INNER_THREADS/MVMC_RS_INNER_THRESHOLD; default1/32; no parallel RNG; BLAS workers separate	partial mapped independent loops/lifecycle; full run/backend/performance evidence unverified	Independent QP/copy/OO entries only; frozen config; ordered reductions and ascending first error; Julia defaults differ intentionally	No RNG in parallel workers; copied padding/tails exact; transactional/first-error contract only stated kernels	source call-site mapping; #182 kernel report + local R76/LR are not full threading parity	J source SHA256=16def1b75c5a8b36462884983c18a4422882b62d3bb45543baf699756b8839d0; #182 issue-182-threaded-coverage.md; historical/analytic expectations not new Julia1.13 runtime	cargo nextest run --locked --cargo-profile test-fast -p mvmc-core --test threaded_issue182 --no-fail-fast --retries 0	serial sample reduction per independent parameter; workers1/2/4	OWNER-REPORTED #182 kernel worker1/2/4 pass68703; fresh independent runner/per-proposal/backend/performance UNVERIFIED	#182
S444	source-thread-site	complex stored Gram columns	MVMCOptimizers.jl/src/vmc_main_cal.jl:3630	crates/mvmc-core/src/observables.rs::sr_store_gram_julia	MVMC_RS_INNER_THREADS/MVMC_RS_INNER_THRESHOLD; default1/32; no parallel RNG; BLAS workers separate	partial mapped independent loops/lifecycle; full run/backend/performance evidence unverified	Independent QP/copy/OO entries only; frozen config; ordered reductions and ascending first error; Julia defaults differ intentionally	No RNG in parallel workers; copied padding/tails exact; transactional/first-error contract only stated kernels	source call-site mapping; #182 kernel report + local R76/LR are not full threading parity	J source SHA256=16def1b75c5a8b36462884983c18a4422882b62d3bb45543baf699756b8839d0; #182 issue-182-threaded-coverage.md; historical/analytic expectations not new Julia1.13 runtime	cargo nextest run --locked --cargo-profile test-fast -p mvmc-core --test threaded_issue182 --no-fail-fast --retries 0	ordered sample accumulation; real stored Gram retains BLAS path	OWNER-REPORTED #182 kernel worker1/2/4 pass68703; fresh independent runner/per-proposal/backend/performance UNVERIFIED	#182
S445	source-runtime	timers/diagnostic environment and merge	MVMCOptimizers.jl/src/c_timer.jl	crates/mvmc-core/tests/c_timer.rs::{inclusive_sections_accumulate_and_reset_both_arrays,disabled_operations_do_not_access_slots_or_read_the_clock,environment_semantics_enable_every_value_except_literal_zero,reports_match_julia_zero_fixtures_and_respect_prefix,worker_elapsed_times_merge_without_changing_parent_start_slots}	CLI runtime_contract::timer_environment_controls_reports_without_changing_numerical_output only; no standalone timer CLI; MPI root-only output NOT VERIFIED	Five deterministic core timer contracts plus one CLI environment/output branch matrix; not whole-source runtime, threading, elapsed-time or performance parity	Julia timer architecture/environment semantics and historical zero-report fixtures; no C numerical trajectory assertion	Disabled operations avoid slot access/clock reads; reset clears arrays; worker merge preserves parent start slots; no sampler/RNG/error-boundary inference	Exact core timer tests executed; parent-reported CLI runtime suite includes named timer branch only	J c_timer.jl SHA256=5e173c94c1e5a416d422c96ca211538829581c1ec2fc6597086ca1253f37a942; Rust c_timer.rs SHA256=e49fd1aea0422b2f31bf92275707e728432f19fdfaf69b5610671fd4699b0019; tests/fixtures/timers historical zero reports (generation version unverified); no #182 kernel evidence	cargo nextest run --locked --cargo-profile test-fast -p mvmc-core --test c_timer --no-fail-fast --retries 0	Core injected clocks; CTIMER_N=1000; prefix=custom; absent/0 disabled and empty/false/1/00 enabled; CLI heisenberg_chain_real seed=1 nsteps=1 nsmp=1 initial=none; primary/legacy/four diagnostic keys, numerical output unchanged; no CLI RNG claim	Core PASS 5/5 0 skipped 0.012s exit=0 run=ceaa4e36-480f-40cb-ac3d-d7840ccd76ba5; parent CLI suite PASS 16/16 0 skipped 3.849s exit=0 run=b8f10525-8faf-4cc6-baac-0a2ba4d2dbf4 (named timer branch only mapped here; exact suite command not supplied); other runtime cells UNVERIFIED	#184; parent CLI evidence
S446	source-runtime	optimization callbacks / sampling_only / store/history	MVMCOptimizers.jl/src/vmc_para_opt.jl	crates/mvmc-core/src/run.rs::{vmc_para_opt,vmc_para_opt_timed,OptimizationOptions}; crates/mvmc-core/src/io.rs::store_opt_data	Optimization; real/cmp/FSZ; nsteps/nsmp; direct or standard CG; grouped direct within validator; grouped CG rejected	partial mapped independent loops/lifecycle; full run/backend/performance evidence unverified	Independent QP/copy/OO entries only; frozen config; ordered reductions and ascending first error; Julia defaults differ intentionally	No RNG in parallel workers; copied padding/tails exact; transactional/first-error contract only stated kernels	source call-site mapping; #182 kernel report + local R76/LR are not full threading parity	J source SHA256=a17e7cab2e3ce7e1e1046d621aead2743acc0a84a080df772c9a396b6260a316; #182 issue-182-threaded-coverage.md; historical/analytic expectations not new Julia1.13 runtime	cargo nextest run --locked --cargo-profile test-fast -p mvmc-core --test threaded_issue182 --no-fail-fast --retries 0	nsteps/nsmp, printmode,sampling_only; StepCallback; final-window C record gap #180	OWNER-REPORTED #182 kernel worker1/2/4 pass68703; fresh independent runner/per-proposal/backend/performance UNVERIFIED	#180/#175/#184
S447	source-runtime	PhysCal callback / actual final_rng diagnostic	MVMCOptimizers.jl/src/vmc_phys_cal.jl	mvmc_core::run::{vmc_phys_cal_in_place,vmc_phys_cal_with_reducer_and_callback,vmc_phys_cal_with_callback,vmc_phys_cal_to_dir_with_callback}; PhysCalResult::final_rng; tests/physcal_callback_reference.rs twelve exact cases	Library callback only; CLI --physcal runs measurement but does not expose callback/RNG/config observations; no CLI callback parity claim	executable single production borrowed core delegated by owned wrappers; bounded serial independent assertion verification; real MPI rank-failure/trajectory and final dependency snapshot pending	Julia mutating runner/callback architecture; C VMCPhysCal sampling->measurement->weighted averages/counter reductions->indexed output ordering authoritative; C has no callback ABI; Julia actual callback capture supplies index/status/energy expectations; Rust returned final_rng diagnostic extension	Callback after completed averaged/output sample, zero-based index/status0; callback Err retains actual borrowed RNG/state and first output, prevents second output; genuine output failure prevents callback and second output; exact next624/words_consumed/config/flags; no surrogate sampler replay	#175 independent actual Julia1.13.1 callback/trajectory fixtures + analytical C lifecycle inspection + actual production retained-state error tests; local callback/no-callback invariance supplementary, not independent MPI proof	tests/fixtures/physcal_callbacks_175 and physcal_181/two-samples; Julia1.13.1 pinned manifest/OpenBLAS0.3.30 ILP64; C contracts authoritative; new records NOT full native-C trajectory	cargo nextest run -p mvmc-core --test physcal_callback_reference --cargo-profile test-fast --locked --no-fail-fast --retries 0	seed1;normal real/cmp/FSZ;labelled C-phase-order OptTrans;two samples indexes0/1,status0;non-InterAll hopping/intra and exchange/spin Lanczos1/2;actual final/Err next624 and words_consumed;coefficients/flags/config/error file boundaries	PASS 12/12,0skip,exit0,260.539s frozen temporary target physcal_callback_reference_counter_checkpoint; run032e99ef-5c40-4afd-a050-fb65da667bf4; byte-identical source SHA6c6267569280044c1c0dbbc61d8eb2357dea6401c261741974f609e7fb7f1fd9; exact command/production snapshot/fixture provenance in tests/fixtures/physcal_callbacks_175/VALIDATION.txt; remaining gap real MPI collective failure/trajectory and full dependent production validation; not every overload	#175; supporting fixture/output #181; CLI scope #174 not callback
S448	expanded-MPI-rejection	nsrcg2	test/mpi/mpi_failure_modes.jl	crates/mvmc-core/src/validation.rs::validate_para_opt	Same grouped support validators library/CLI; no output before rejection; valid normal grouped PhysCal accepted	rejected canonical unsupported combination	Julia rejects before MPI.Init; Rust CLI initializes MPI first then collectively rejects (intentional safe-order difference)	Before seed/init/sampling/output; no failed-rank peer enters communicator split	rejection protocol; local runtime gates, not independent trajectory	J failure worker copies HubbardReal or synthetic FSZ; C invalid input authority remains distinct	cargo nextest run --locked --cargo-profile test-fast -p mvmc-core -p mvmc-cli --test runtime_contract --no-fail-fast --retries 0	ranks2; NSRCG=2; outdir empty; no sampler	UNVERIFIED exact original Julia worker replay; related Rust rejection tests/local MPI checks passed, not a before-MPI.Init assertion	#178/#179
S449	expanded-MPI-rejection	nsplit_srcg	test/mpi/mpi_failure_modes.jl	crates/mvmc-core/src/validation.rs::validate_para_opt	Same grouped support validators library/CLI; no output before rejection; valid normal grouped PhysCal accepted	rejected canonical unsupported combination	Julia rejects before MPI.Init; Rust CLI initializes MPI first then collectively rejects (intentional safe-order difference)	Before seed/init/sampling/output; no failed-rank peer enters communicator split	rejection protocol; local runtime gates, not independent trajectory	J failure worker copies HubbardReal or synthetic FSZ; C invalid input authority remains distinct	cargo nextest run --locked --cargo-profile test-fast -p mvmc-core -p mvmc-cli --test runtime_contract --no-fail-fast --retries 0	ranks2; NSplitSize=2,NSRCG=1; outdir empty; no sampler	UNVERIFIED exact original Julia worker replay; related Rust rejection tests/local MPI checks passed, not a before-MPI.Init assertion	#178/#179
S450	expanded-MPI-rejection	nsplit_opttrans	test/mpi/mpi_failure_modes.jl	crates/mvmc-core/src/validation.rs::validate_para_opt	Same grouped support validators library/CLI; no output before rejection; valid normal grouped PhysCal accepted	rejected canonical unsupported combination	Julia rejects before MPI.Init; Rust CLI initializes MPI first then collectively rejects (intentional safe-order difference)	Before seed/init/sampling/output; no failed-rank peer enters communicator split	rejection protocol; local runtime gates, not independent trajectory	J failure worker copies HubbardReal or synthetic FSZ; C invalid input authority remains distinct	cargo nextest run --locked --cargo-profile test-fast -p mvmc-core -p mvmc-cli --test runtime_contract --no-fail-fast --retries 0	ranks2; NSplitSize=2,NQPOptTrans=2,opt_trans len2; outdir empty; no sampler	UNVERIFIED exact original Julia worker replay; related Rust rejection tests/local MPI checks passed, not a before-MPI.Init assertion	#178/#179
S451	expanded-MPI-rejection	nsplit_fsz_projection	test/mpi/mpi_failure_modes.jl	crates/mvmc-core/src/validation.rs::validate_para_opt	Same grouped support validators library/CLI; no output before rejection; valid normal grouped PhysCal accepted	rejected canonical unsupported combination	Julia rejects before MPI.Init; Rust CLI initializes MPI first then collectively rejects (intentional safe-order difference)	Before seed/init/sampling/output; no failed-rank peer enters communicator split	rejection protocol; local runtime gates, not independent trajectory	J failure worker copies HubbardReal or synthetic FSZ; C invalid input authority remains distinct	cargo nextest run --locked --cargo-profile test-fast -p mvmc-core -p mvmc-cli --test runtime_contract --no-fail-fast --retries 0	ranks2; NSplitSize=2,FSZ,NMPTrans=2,NSPGaussLeg=1; outdir empty; no sampler	UNVERIFIED exact original Julia worker replay; related Rust rejection tests/local MPI checks passed, not a before-MPI.Init assertion	#178/#179
S452	executed-runner-MPI-protocol	LR-2	test/mpi/mpi_failure_modes.jl; MVMCOptimizers.jl/src/parallel.jl	crates/mvmc-core/src/run_mpi_tests.rs::negative_clock_and_asymmetric_runner_failures	--physcal PATH; serial normal/FSZ; grouped normal Green accepted; grouped FSZ/Lanczos/OptTrans multi-sector rejected; callback library-only	executable actual runner protocol; synthetic sampling/SR fault boundary, no independent numerical oracle	C/Julia NSplitSize=group SIZE; current draft follows width/remainder and full-chain/comm1 measurement semantics; prior chain-length/burn-marker failures require fresh independent state verification; protocol success not parity	Errors agreed all ranks; no next sample output after callback/output failure; successful local SR update restored when peer fails	LIVE protocol/localcontract, not independent MPI	valid PhysCal HeisenbergReal fixed fixture + separate valid optimization example; OpenMPI4.1.6 container60e8b0ba99a4; no local log/hash captured	timeout --kill-after=5s 45s mpirun --oversubscribe -n 2 <mvmc_core-test-bin> --ignored --exact run::mpi_runtime_tests::negative_clock_and_asymmetric_runner_failures --nocapture	ranks2; root-only clock,624 seed words,last-rank parse/load/validation/output/callback errors,synthetic sampling/SR status; innerthreads2 threshold1; BLAS/OMP1; isolated /tmp/mvmc-issue178-target; negativeclock1700000000; seed1+currentRustoffset	PASS all2 ranks session81618 (pre-final_rng/indexed-writer draft); dirty snapshot hash NOT CAPTURED; current milestone rerun required	#177/#178/#179
S453	executed-runner-MPI-protocol	LR-4	test/mpi/mpi_failure_modes.jl; MVMCOptimizers.jl/src/parallel.jl	crates/mvmc-core/src/run_mpi_tests.rs::negative_clock_and_asymmetric_runner_failures	--physcal PATH; serial normal/FSZ; grouped normal Green accepted; grouped FSZ/Lanczos/OptTrans multi-sector rejected; callback library-only	executable actual runner protocol; synthetic sampling/SR fault boundary, no independent numerical oracle	C/Julia NSplitSize=group SIZE; current draft follows width/remainder and full-chain/comm1 measurement semantics; prior chain-length/burn-marker failures require fresh independent state verification; protocol success not parity	Errors agreed all ranks; no next sample output after callback/output failure; successful local SR update restored when peer fails	LIVE protocol/localcontract, not independent MPI	valid PhysCal HeisenbergReal fixed fixture + separate valid optimization example; OpenMPI4.1.6 container60e8b0ba99a4; no local log/hash captured	timeout --kill-after=5s 45s mpirun --oversubscribe -n 4 <mvmc_core-test-bin> --ignored --exact run::mpi_runtime_tests::negative_clock_and_asymmetric_runner_failures --nocapture	ranks4; same world/group1/group2 reducers; one-rank missing callback agreement; post-failure communicator usable; innerthreads2 threshold1; BLAS/OMP1; isolated /tmp/mvmc-issue178-target; negativeclock1700000000; seed1+currentRustoffset	PASS all4 ranks session81618 (pre-final_rng/indexed-writer draft); dirty snapshot hash NOT CAPTURED; current milestone rerun required	#177/#178/#179
S454	executed-CLI-localcontract	CLI grouped normal PhysCal stdout	test/mpi/run_mpi_smoke.jl:rank0-only stdout / failure scenarios	crates/mvmc-cli/src/main.rs::{main,agree_controls,run_physcal_with_selected_backend}; crates/mvmc-cli/tests/runtime_contract.rs	--physcal PATH; serial normal/FSZ; grouped normal Green accepted; grouped FSZ/Lanczos/OptTrans multi-sector rejected; callback library-only	executable bounded frontend contract, no independent MPI numerical/config oracle	C/Julia NSplitSize=group SIZE; current draft follows width/remainder and full-chain/comm1 measurement semantics; prior chain-length/burn-marker failures require fresh independent state verification; protocol success not parity	Reject before banner/dispatch/output for mismatched controls; main parse/validation errors collective	LIVE CLI process protocol; local root/output contracts	container OpenMPI4.1.6; source/head d05cde3+dirty edits; local saved log and dirty snapshot hash NOT CAPTURED	cargo nextest run --locked --cargo-profile test-fast -p mvmc-cli --features mpi --test runtime_contract --run-ignored ignored-only --no-fail-fast --retries 0	ranks2/4; split2; seed1; explicitreal; fixed14; informational marker count1; indexedout/var now asserted	LC5 latest PASS 3/3 after borrowed core and reducer-aware sampler wiring; handle39129 run c25b2d3c-8881-410c-9873-da28e3c6da52; actual2/4 ranks stdout/indexedwriter and MPMD failure/control checks; local protocol not independent MPI parity; dirty snapshot hash/logpath not captured	#174/#178/#179
S455	executed-CLI-localcontract	CLI asymmetric parse/fixed/setup	test/mpi/run_mpi_smoke.jl:rank0-only stdout / failure scenarios	crates/mvmc-cli/src/main.rs::{main,agree_controls,run_physcal_with_selected_backend}; crates/mvmc-cli/tests/runtime_contract.rs	--physcal PATH; serial normal/FSZ; grouped normal Green accepted; grouped FSZ/Lanczos/OptTrans multi-sector rejected; callback library-only	executable bounded frontend contract, no independent MPI numerical/config oracle	C/Julia NSplitSize=group SIZE; current draft follows width/remainder and full-chain/comm1 measurement semantics; prior chain-length/burn-marker failures require fresh independent state verification; protocol success not parity	Reject before banner/dispatch/output for mismatched controls; main parse/validation errors collective	LIVE CLI process protocol; local root/output contracts	container OpenMPI4.1.6; source/head d05cde3+dirty edits; local saved log and dirty snapshot hash NOT CAPTURED	cargo nextest run --locked --cargo-profile test-fast -p mvmc-cli --features mpi --test runtime_contract --run-ignored ignored-only --no-fail-fast --retries 0	ranks2; MPMD one bad path/fixed/blocked-root dir; timeout45s; peer output untouched	LC5 latest PASS 3/3 after borrowed core and reducer-aware sampler wiring; handle39129 run c25b2d3c-8881-410c-9873-da28e3c6da52; actual2/4 ranks stdout/indexedwriter and MPMD failure/control checks; local protocol not independent MPI parity; dirty snapshot hash/logpath not captured	#174/#178/#179
S456	executed-CLI-localcontract	CLI valid controls mismatch	test/mpi/run_mpi_smoke.jl:rank0-only stdout / failure scenarios	crates/mvmc-cli/src/main.rs::{main,agree_controls,run_physcal_with_selected_backend}; crates/mvmc-cli/tests/runtime_contract.rs	--physcal PATH; serial normal/FSZ; grouped normal Green accepted; grouped FSZ/Lanczos/OptTrans multi-sector rejected; callback library-only	executable bounded frontend contract, no independent MPI numerical/config oracle	C/Julia NSplitSize=group SIZE; current draft follows width/remainder and full-chain/comm1 measurement semantics; prior chain-length/burn-marker failures require fresh independent state verification; protocol success not parity	Reject before banner/dispatch/output for mismatched controls; main parse/validation errors collective	LIVE CLI process protocol; local root/output contracts	container OpenMPI4.1.6; source/head d05cde3+dirty edits; local saved log and dirty snapshot hash NOT CAPTURED	cargo nextest run --locked --cargo-profile test-fast -p mvmc-cli --features mpi --test runtime_contract --run-ignored ignored-only --no-fail-fast --retries 0	ranks2; positive optimization steps1vs2; PhysCalvsParaOpt dispatch; explicitrealvscmp; NDataQtySmp1vs2; stdoutempty and noout	LC5 latest PASS 3/3 after borrowed core and reducer-aware sampler wiring; handle39129 run c25b2d3c-8881-410c-9873-da28e3c6da52; actual2/4 ranks stdout/indexedwriter and MPMD failure/control checks; local protocol not independent MPI parity; dirty snapshot hash/logpath not captured	#174/#178/#179
