id	julia_source	sha256	lines	exports	testsets	assertions	definitions	scope	rust_entry	cli_scope	candidate_command	settings	result	owner	syntax_assertion_macro_occurrences	assertion_audit_link	assertion_scope_review
F001	MVMCExpertModeParsers.jl/src/MVMCExpertModeParsers.jl	d9aa27bff6ca0f7c539a1d4ddf5290ca2220d240c66931eed9212360a3f6477a	774	parse_expert_mode_files; init_qp_weight!; update_qp_weight!	0	0	_is_required_if_present_file_type@61; _is_unsupported_projection_file_type@71; parse_expert_mode_files@93; _orbital_file_order_error@220; apply_orbital_opt_flags_from_files!@239; apply_rbm_opt_flags_from_files!@291; judge_orbital_mode!@385; parse_file_by_type!@428	Production source; nonexport/internal definitions inventoried, not additional public API promises	parse_expert_mode_files_with_c_opt_trans	Expert namelist is parsed by mvmc CLI; no per-section CLI; strict C completeness before runner/output	cargo nextest run --locked --cargo-profile test-fast -p mvmc-expert-parsers --no-fail-fast --retries 0	No explicit scalar overrides extracted; exact scenario settings/source in scenarios TSV	SOURCE INVENTORY ONLY; not runtime verification	#184/#178	0	issue-184-assertion-audit.tsv source=MVMCExpertModeParsers.jl/src/MVMCExpertModeParsers.jl	PARTIAL: source syntax inventoried; exact assertion/loop/InterAll block classification pending; focused rows do not close entire file
F002	MVMCExpertModeParsers.jl/src/parsers/coulomb_parser.jl	e65544575c059a544b29d87d2d9af393ccf8c10c114baebbe82a37c1c3ec902c	210	none	0	0	parse_coulomb_intra_def@12; parse_coulomb_intra_content@31; parse_coulomb_intra_term@75; parse_coulomb_inter_def@108; parse_coulomb_inter_content@127; parse_coulomb_inter_term@187	Production source; nonexport/internal definitions inventoried, not additional public API promises	parse_expert_mode_files_with_c_opt_trans	Expert namelist is parsed by mvmc CLI; no per-section CLI; strict C completeness before runner/output	cargo nextest run --locked --cargo-profile test-fast -p mvmc-expert-parsers --no-fail-fast --retries 0	No explicit scalar overrides extracted; exact scenario settings/source in scenarios TSV	SOURCE INVENTORY ONLY; not runtime verification	#184/#178	0	issue-184-assertion-audit.tsv source=MVMCExpertModeParsers.jl/src/parsers/coulomb_parser.jl	PARTIAL: source syntax inventoried; exact assertion/loop/InterAll block classification pending; focused rows do not close entire file
F003	MVMCExpertModeParsers.jl/src/parsers/doublon_holon_parser.jl	3333e4e80fd1cf68fce724d8ebb3ea7b94cfaebb81bbaa59fe8bbd5d541c0a4b	372	none	0	0	_dh_parse_int@9; _dh_header_value@15; _dh_body_rows@26; _dh_check_site@36; _dh_check_opt_flag@40; parse_doublon_holon_2site_def@51; parse_doublon_holon_2site_content@68; parse_doublon_holon_4site_def@148; parse_doublon_holon_4site_content@165; parse_doublon_holon_2site_def@250; parse_doublon_holon_2site_content@266; parse_doublon_holon_4site_def@312; parse_doublon_holon_4site_content@328	Production source; nonexport/internal definitions inventoried, not additional public API promises	parse_expert_mode_files_with_c_opt_trans	Expert namelist is parsed by mvmc CLI; no per-section CLI; strict C completeness before runner/output	cargo nextest run --locked --cargo-profile test-fast -p mvmc-expert-parsers --no-fail-fast --retries 0	No explicit scalar overrides extracted; exact scenario settings/source in scenarios TSV	SOURCE INVENTORY ONLY; not runtime verification	#184/#178	0	issue-184-assertion-audit.tsv source=MVMCExpertModeParsers.jl/src/parsers/doublon_holon_parser.jl	PARTIAL: source syntax inventoried; exact assertion/loop/InterAll block classification pending; focused rows do not close entire file
F004	MVMCExpertModeParsers.jl/src/parsers/exchange_parser.jl	fae3fe86b81e2b34aeb9617b1ec4ba12ef9c292956d68d3ffdc8bbdb2f3c6654	158	none	0	0	parse_exchange_def@26; parse_exchange_content@51	Production source; nonexport/internal definitions inventoried, not additional public API promises	parse_expert_mode_files_with_c_opt_trans	Expert namelist is parsed by mvmc CLI; no per-section CLI; strict C completeness before runner/output	cargo nextest run --locked --cargo-profile test-fast -p mvmc-expert-parsers --no-fail-fast --retries 0	No explicit scalar overrides extracted; exact scenario settings/source in scenarios TSV	SOURCE INVENTORY ONLY; not runtime verification	#184/#178	0	issue-184-assertion-audit.tsv source=MVMCExpertModeParsers.jl/src/parsers/exchange_parser.jl	PARTIAL: source syntax inventoried; exact assertion/loop/InterAll block classification pending; focused rows do not close entire file
F005	MVMCExpertModeParsers.jl/src/parsers/green_parser.jl	6e56f7638af2765d4d9ec39839aa9d13cb8ef6e2efba9a9eef05806a7d2613f6	386	none	0	0	parse_green_one_def@12; parse_green_one_content@31; parse_green_one_term@97; parse_green_two_def@140; parse_green_two_content@159; parse_green_two_term@230; parse_green_two_ex_def@279; parse_green_two_ex_content@303	Production source; nonexport/internal definitions inventoried, not additional public API promises	parse_expert_mode_files_with_c_opt_trans	Expert namelist is parsed by mvmc CLI; no per-section CLI; strict C completeness before runner/output	cargo nextest run --locked --cargo-profile test-fast -p mvmc-expert-parsers --no-fail-fast --retries 0	No explicit scalar overrides extracted; exact scenario settings/source in scenarios TSV	SOURCE INVENTORY ONLY; not runtime verification	#184/#178	0	issue-184-assertion-audit.tsv source=MVMCExpertModeParsers.jl/src/parsers/green_parser.jl	PARTIAL: source syntax inventoried; exact assertion/loop/InterAll block classification pending; focused rows do not close entire file
F006	MVMCExpertModeParsers.jl/src/parsers/gutzwiller_parser.jl	8f05f835d071689920661b0b33d4b245e3565203ae8bacc1d268a56d34a00171	305	none	0	0	parse_gutzwiller_def@12; GutzwillerParseResult@31; parse_gutzwiller_content@47; parse_gutzwiller_content_extended@62; parse_gutzwiller_term@261	Production source; nonexport/internal definitions inventoried, not additional public API promises	parse_expert_mode_files_with_c_opt_trans	Expert namelist is parsed by mvmc CLI; no per-section CLI; strict C completeness before runner/output	cargo nextest run --locked --cargo-profile test-fast -p mvmc-expert-parsers --no-fail-fast --retries 0	No explicit scalar overrides extracted; exact scenario settings/source in scenarios TSV	SOURCE INVENTORY ONLY; not runtime verification	#184/#178	0	issue-184-assertion-audit.tsv source=MVMCExpertModeParsers.jl/src/parsers/gutzwiller_parser.jl	PARTIAL: source syntax inventoried; exact assertion/loop/InterAll block classification pending; focused rows do not close entire file
F007	MVMCExpertModeParsers.jl/src/parsers/hund_parser.jl	9f434ebec6fab86b82015ae732cc1ea86be1f9358f5ef3dae4925406d421e920	153	none	0	0	parse_hund_def@26; parse_hund_content@46	Production source; nonexport/internal definitions inventoried, not additional public API promises	parse_expert_mode_files_with_c_opt_trans	Expert namelist is parsed by mvmc CLI; no per-section CLI; strict C completeness before runner/output	cargo nextest run --locked --cargo-profile test-fast -p mvmc-expert-parsers --no-fail-fast --retries 0	No explicit scalar overrides extracted; exact scenario settings/source in scenarios TSV	SOURCE INVENTORY ONLY; not runtime verification	#184/#178	0	issue-184-assertion-audit.tsv source=MVMCExpertModeParsers.jl/src/parsers/hund_parser.jl	PARTIAL: source syntax inventoried; exact assertion/loop/InterAll block classification pending; focused rows do not close entire file
F008	MVMCExpertModeParsers.jl/src/parsers/interall_parser.jl	da011ac92da4d5ac0ab95a5c2838eec7613f72da02c78502c393d41923d6e4f2	127	none	0	0	parse_interall_def@32; parse_interall_content@57	Production source; nonexport/internal definitions inventoried, not additional public API promises	parse_expert_mode_files_with_c_opt_trans	Expert namelist is parsed by mvmc CLI; no per-section CLI; strict C completeness before runner/output	cargo nextest run --locked --cargo-profile test-fast -p mvmc-expert-parsers --no-fail-fast --retries 0	No explicit scalar overrides extracted; exact scenario settings/source in scenarios TSV	SOURCE INVENTORY ONLY; not runtime verification	#184/#178	0	issue-184-assertion-audit.tsv source=MVMCExpertModeParsers.jl/src/parsers/interall_parser.jl	PARTIAL: source syntax inventoried; exact assertion/loop/InterAll block classification pending; focused rows do not close entire file
F009	MVMCExpertModeParsers.jl/src/parsers/jastrow_parser.jl	bddaa9e2f4135c438bc58086103bd100980fe59fb105a6ccbd205c3c61cd305e	301	none	0	0	parse_jastrow_def@12; parse_jastrow_content@26; JastrowParseResult@41; parse_jastrow_content_extended@56; parse_jastrow_term@186; build_jastrow_idx_matrix@239	Production source; nonexport/internal definitions inventoried, not additional public API promises	parse_expert_mode_files_with_c_opt_trans	Expert namelist is parsed by mvmc CLI; no per-section CLI; strict C completeness before runner/output	cargo nextest run --locked --cargo-profile test-fast -p mvmc-expert-parsers --no-fail-fast --retries 0	No explicit scalar overrides extracted; exact scenario settings/source in scenarios TSV	SOURCE INVENTORY ONLY; not runtime verification	#184/#178	0	issue-184-assertion-audit.tsv source=MVMCExpertModeParsers.jl/src/parsers/jastrow_parser.jl	PARTIAL: source syntax inventoried; exact assertion/loop/InterAll block classification pending; focused rows do not close entire file
F010	MVMCExpertModeParsers.jl/src/parsers/locspin_parser.jl	5d65d108ca5b8288635a9855a9db5a4da9b3c2d0f5ad472e29e527e8e0093f66	127	none	0	0	parse_locspin_def@26; parse_locspin_content@46	Production source; nonexport/internal definitions inventoried, not additional public API promises	parse_expert_mode_files_with_c_opt_trans	Expert namelist is parsed by mvmc CLI; no per-section CLI; strict C completeness before runner/output	cargo nextest run --locked --cargo-profile test-fast -p mvmc-expert-parsers --no-fail-fast --retries 0	No explicit scalar overrides extracted; exact scenario settings/source in scenarios TSV	SOURCE INVENTORY ONLY; not runtime verification	#184/#178	0	issue-184-assertion-audit.tsv source=MVMCExpertModeParsers.jl/src/parsers/locspin_parser.jl	PARTIAL: source syntax inventoried; exact assertion/loop/InterAll block classification pending; focused rows do not close entire file
F011	MVMCExpertModeParsers.jl/src/parsers/modpara_parser.jl	43ad49bf3039dcac1ec81b15735c8c124518e642162c665bbb8cfed49921acad	202	none	0	0	parse_modpara_def@12; parse_modpara_content@26; parse_modpara_parameter!@78	Production source; nonexport/internal definitions inventoried, not additional public API promises	parse_expert_mode_files_with_c_opt_trans	Expert namelist is parsed by mvmc CLI; no per-section CLI; strict C completeness before runner/output	cargo nextest run --locked --cargo-profile test-fast -p mvmc-expert-parsers --no-fail-fast --retries 0	params.vmc_calc_mode = safe_parse_int(value, DEFAULT_VMC_CALC_MODE);elseif name == "LanczosMode" || name == "NLanczosMode";params.lanczos_mode = safe_parse_int(value, DEFAULT_LANCZOS_MODE);elseif name == "NVMCSample";params.rnd_seed = safe_parse_int(value, DEFAULT_RND_SEED);elseif name == "NSplitSize";params.nsplit_size = safe_parse_int(value, DEFAULT_NSPLIT_SIZE);params.nsp_gauss_leg = safe_parse_int(value, DEFAULT_NSP_GAUSS_LEG);params.nmp_trans = safe_parse_int(value, DEFAULT_NMP_TRANS);elseif name == "NDataQtySmp";elseif name == "NStore";# NStoreO: 0 = normal, !=0 = store O samples for BLAS calculation;params.nstore_o = safe_parse_int(value, 1) # Default is 1 (from C SetDefaultValuesModPara);params.nsrcg = safe_parse_int(value, 0) # Default is 0 (from C SetDefaultValuesModPara);# Lanczos parameters	SOURCE INVENTORY ONLY; not runtime verification	#184/#178	0	issue-184-assertion-audit.tsv source=MVMCExpertModeParsers.jl/src/parsers/modpara_parser.jl	PARTIAL: source syntax inventoried; exact assertion/loop/InterAll block classification pending; focused rows do not close entire file
F012	MVMCExpertModeParsers.jl/src/parsers/orbital_parser.jl	66f13f8e1e3233d4c132a702d21fd6f28c9edf7953c1491628721631afca6709	251	none	0	0	parse_orbital_def@16; parse_orbital_content@39; parse_orbital_term@194	Production source; nonexport/internal definitions inventoried, not additional public API promises	parse_expert_mode_files_with_c_opt_trans	Expert namelist is parsed by mvmc CLI; no per-section CLI; strict C completeness before runner/output	cargo nextest run --locked --cargo-profile test-fast -p mvmc-expert-parsers --no-fail-fast --retries 0	No explicit scalar overrides extracted; exact scenario settings/source in scenarios TSV	SOURCE INVENTORY ONLY; not runtime verification	#184/#178	0	issue-184-assertion-audit.tsv source=MVMCExpertModeParsers.jl/src/parsers/orbital_parser.jl	PARTIAL: source syntax inventoried; exact assertion/loop/InterAll block classification pending; focused rows do not close entire file
F013	MVMCExpertModeParsers.jl/src/parsers/pairhop_parser.jl	d4f26606fd8d84fc9c550ceab9e91f07d138430d0a995694a0d0904ab82e9f6c	144	none	0	0	parse_pairhop_def@26; parse_pairhop_content@50	Production source; nonexport/internal definitions inventoried, not additional public API promises	parse_expert_mode_files_with_c_opt_trans	Expert namelist is parsed by mvmc CLI; no per-section CLI; strict C completeness before runner/output	cargo nextest run --locked --cargo-profile test-fast -p mvmc-expert-parsers --no-fail-fast --retries 0	No explicit scalar overrides extracted; exact scenario settings/source in scenarios TSV	SOURCE INVENTORY ONLY; not runtime verification	#184/#178	0	issue-184-assertion-audit.tsv source=MVMCExpertModeParsers.jl/src/parsers/pairhop_parser.jl	PARTIAL: source syntax inventoried; exact assertion/loop/InterAll block classification pending; focused rows do not close entire file
F014	MVMCExpertModeParsers.jl/src/parsers/qptrans_parser.jl	7ade525089d4b4af1fc3f103e6ec5e9e6e2973a57ab5e01498e5d54afc50b384	304	none	0	0	parse_qptrans_def@12; parse_qptrans_content@26; parse_qptrans_term@69; parse_qptransidx_def@110; parse_qptransidx_content@124; parse_opttrans_def!@211	Production source; nonexport/internal definitions inventoried, not additional public API promises	parse_expert_mode_files_with_c_opt_trans	Expert namelist is parsed by mvmc CLI; no per-section CLI; strict C completeness before runner/output	cargo nextest run --locked --cargo-profile test-fast -p mvmc-expert-parsers --no-fail-fast --retries 0	if data.modpara.nmp_trans >= 0	SOURCE INVENTORY ONLY; not runtime verification	#184/#178	0	issue-184-assertion-audit.tsv source=MVMCExpertModeParsers.jl/src/parsers/qptrans_parser.jl	PARTIAL: source syntax inventoried; exact assertion/loop/InterAll block classification pending; focused rows do not close entire file
F015	MVMCExpertModeParsers.jl/src/parsers/rbm_parser.jl	3747228687249b459887133702fed7d0d8889bd38e3e38eff7c15c79d388ff7c	403	none	0	0	RBMParseResult@13; _to_simple_result@23; _parse_rbm_header@32; _collect_rbm_sections@52; _parse_opt_flags@108; _parse_rbm_content@123; _read_and_parse_rbm@165; parse_charge_rbm_phys_layer_content_extended@177; parse_charge_rbm_phys_layer_content@196; parse_charge_rbm_phys_layer_def@203; parse_spin_rbm_phys_layer_content_extended@207; parse_spin_rbm_phys_layer_content@223; parse_spin_rbm_phys_layer_def@227; parse_general_rbm_phys_layer_content_extended@231; parse_general_rbm_phys_layer_content@248; parse_general_rbm_phys_layer_def@252; parse_charge_rbm_hidden_layer_content_extended@256; parse_charge_rbm_hidden_layer_content@272; parse_charge_rbm_hidden_layer_def@276; parse_spin_rbm_hidden_layer_content_extended@280; parse_spin_rbm_hidden_layer_content@296; parse_spin_rbm_hidden_layer_def@300; parse_general_rbm_hidden_layer_content_extended@304; parse_general_rbm_hidden_layer_content@320; parse_general_rbm_hidden_layer_def@324; parse_charge_rbm_phys_hidden_content_extended@328; parse_charge_rbm_phys_hidden_content@345; parse_charge_rbm_phys_hidden_def@349; parse_spin_rbm_phys_hidden_content_extended@353; parse_spin_rbm_phys_hidden_content@370; parse_spin_rbm_phys_hidden_def@374; parse_general_rbm_phys_hidden_content_extended@378; parse_general_rbm_phys_hidden_content@396; parse_general_rbm_phys_hidden_def@400	Production source; nonexport/internal definitions inventoried, not additional public API promises	parse_expert_mode_files_with_c_opt_trans	Expert namelist is parsed by mvmc CLI; no per-section CLI; strict C completeness before runner/output	cargo nextest run --locked --cargo-profile test-fast -p mvmc-expert-parsers --no-fail-fast --retries 0	No explicit scalar overrides extracted; exact scenario settings/source in scenarios TSV	SOURCE INVENTORY ONLY; not runtime verification	#184/#178	0	issue-184-assertion-audit.tsv source=MVMCExpertModeParsers.jl/src/parsers/rbm_parser.jl	PARTIAL: source syntax inventoried; exact assertion/loop/InterAll block classification pending; focused rows do not close entire file
F016	MVMCExpertModeParsers.jl/src/parsers/trans_parser.jl	ef3fcf43ea9cc94e89b051c3b44cd5f0c958403c254a09b0ad9e04a62e06d465	120	none	0	0	parse_trans_def@12; parse_trans_content@31; parse_transfer_term@76	Production source; nonexport/internal definitions inventoried, not additional public API promises	parse_expert_mode_files_with_c_opt_trans	Expert namelist is parsed by mvmc CLI; no per-section CLI; strict C completeness before runner/output	cargo nextest run --locked --cargo-profile test-fast -p mvmc-expert-parsers --no-fail-fast --retries 0	No explicit scalar overrides extracted; exact scenario settings/source in scenarios TSV	SOURCE INVENTORY ONLY; not runtime verification	#184/#178	0	issue-184-assertion-audit.tsv source=MVMCExpertModeParsers.jl/src/parsers/trans_parser.jl	PARTIAL: source syntax inventoried; exact assertion/loop/InterAll block classification pending; focused rows do not close entire file
F017	MVMCExpertModeParsers.jl/src/types/expert_types.jl	2ebb3c0dbc95f323b708f21fb5c3222a0dbd90640ed056f856f2838e356acf67	928	none	0	0	ParseResult@13; ValidationResult@25; FileInfo@36; ParsingContext@49; ParsingContext@55; ModParaParameters@66; ModParaParameters@138; TransferTerm@237; CoulombIntraTerm@262; CoulombInterTerm@272; HundTerm@283; ExchangeTerm@294; PairHopTerm@305; GutzwillerTerm@316; JastrowTerm@327; OrbitalTerm@339; GreenOneTerm@365; GreenTwoTerm@377; GreenTwoExTerm@403; QPTransTerm@419; InterAllTerm@438; LocSpinTerm@456; RBMTerm@466; ChargeRBMPhysLayerTerm@473; SpinRBMPhysLayerTerm@487; GeneralRBMPhysLayerTerm@501; ChargeRBMHiddenLayerTerm@516; SpinRBMHiddenLayerTerm@530; GeneralRBMHiddenLayerTerm@544; ChargeRBMPhysHiddenTerm@558; SpinRBMPhysHiddenTerm@573; GeneralRBMPhysHiddenTerm@588; DoublonHolon2SiteTerm@605; DoublonHolon4SiteTerm@618; DoublonHolon2SiteIndex@634; DoublonHolon2SiteIndex@637; DoublonHolon4SiteIndex@651; DoublonHolon4SiteIndex@654; DoublonHolon2SiteDefinition@668; DoublonHolon4SiteDefinition@674; ProjectionLayout@687; ExpertModeData@706; ExpertModeData@795; projection_layout@869; projection_parameters@906	Production source; nonexport/internal definitions inventoried, not additional public API promises	parse_expert_mode_files_with_c_opt_trans	Expert namelist is parsed by mvmc CLI; no per-section CLI; strict C completeness before runner/output	cargo nextest run --locked --cargo-profile test-fast -p mvmc-expert-parsers --no-fail-fast --retries 0	nsrcg::Int # 0: direct solver (LAPACK), !=0: CG solver;nstore_o::Int # 0: normal, !=0: store O samples;rnd_seed::Int;nsplit_size::Int;nsp_gauss_leg::Int;nmp_trans::Int;# Lanczos parameters;nsrcg::Int = 0,;nstore_o::Int = 1,;rnd_seed::Int = 11272, # C parity: RndSeed 行欠落時の default (readdef.c:1967);nsplit_size::Int = 1,;nsp_gauss_leg::Int = 1,;nmp_trans::Int = 0,;nsrcg,;nstore_o,;rnd_seed,;nsplit_size,;nsp_gauss_leg,;nmp_trans,	SOURCE INVENTORY ONLY; not runtime verification	#184/#178	0	issue-184-assertion-audit.tsv source=MVMCExpertModeParsers.jl/src/types/expert_types.jl	PARTIAL: source syntax inventoried; exact assertion/loop/InterAll block classification pending; focused rows do not close entire file
F018	MVMCExpertModeParsers.jl/src/utils/constants.jl	71bff91265745f6228a118f04f5055c0a9ffd36f87710b27e07f9fb0b4909105	162	none	0	0	none	Production source; nonexport/internal definitions inventoried, not additional public API promises	parse_expert_mode_files_with_c_opt_trans	Expert namelist is parsed by mvmc CLI; no per-section CLI; strict C completeness before runner/output	cargo nextest run --locked --cargo-profile test-fast -p mvmc-expert-parsers --no-fail-fast --retries 0	# Lanczos modes;const DEFAULT_VMC_CALC_MODE = 0;const DEFAULT_LANCZOS_MODE = 0;const DEFAULT_NSPLIT_SIZE = 1 # Default value for NSplitSize (from C SetDefaultValuesModPara)	SOURCE INVENTORY ONLY; not runtime verification	#184/#178	0	issue-184-assertion-audit.tsv source=MVMCExpertModeParsers.jl/src/utils/constants.jl	PARTIAL: source syntax inventoried; exact assertion/loop/InterAll block classification pending; focused rows do not close entire file
F019	MVMCExpertModeParsers.jl/src/utils/file_utils.jl	24af4e83e6e16176b3a978ff631a48fa1f2fd575b85697c635df21bad0ed6d5f	185	none	0	0	read_def_file@12; get_file_info@30; validate_file_exists@43; clean_line@52; split_def_line@78; parse_complex_value@98; safe_parse_int@124; parse_namelist_content@138; safe_parse_float@165; safe_parse_complex@178	Production source; nonexport/internal definitions inventoried, not additional public API promises	parse_expert_mode_files_with_c_opt_trans	Expert namelist is parsed by mvmc CLI; no per-section CLI; strict C completeness before runner/output	cargo nextest run --locked --cargo-profile test-fast -p mvmc-expert-parsers --no-fail-fast --retries 0	No explicit scalar overrides extracted; exact scenario settings/source in scenarios TSV	SOURCE INVENTORY ONLY; not runtime verification	#184/#178	0	issue-184-assertion-audit.tsv source=MVMCExpertModeParsers.jl/src/utils/file_utils.jl	PARTIAL: source syntax inventoried; exact assertion/loop/InterAll block classification pending; focused rows do not close entire file
F020	MVMCExpertModeParsers.jl/src/utils/opt_flag_utils.jl	855ff9ea6dd6df39b31c0a6d5f8a92b1cdb8203092d68391e0a2672b24ebd31e	206	none	0	0	is_slater_optimized@24; is_gutzwiller_optimized@62; is_jastrow_optimized@81; get_slater_opt_flag_index@100; set_dh_opt_flags!@127; print_optimization_status@161	Production source; nonexport/internal definitions inventoried, not additional public API promises	parse_expert_mode_files_with_c_opt_trans	Expert namelist is parsed by mvmc CLI; no per-section CLI; strict C completeness before runner/output	cargo nextest run --locked --cargo-profile test-fast -p mvmc-expert-parsers --no-fail-fast --retries 0	No explicit scalar overrides extracted; exact scenario settings/source in scenarios TSV	SOURCE INVENTORY ONLY; not runtime verification	#184/#178	0	issue-184-assertion-audit.tsv source=MVMCExpertModeParsers.jl/src/utils/opt_flag_utils.jl	PARTIAL: source syntax inventoried; exact assertion/loop/InterAll block classification pending; focused rows do not close entire file
F021	MVMCExpertModeParsers.jl/src/utils/orbital_qptrans_utils.jl	10dfb9bd80014ae877d5ed70e2729501afe86ec6d33d53d6d94dbb08b6afab92	307	none	0	0	build_orbital_sgn_matrix!@17; build_qp_trans_mappings!@191	Production source; nonexport/internal definitions inventoried, not additional public API promises	init_qp_weight_inplace	Via both runners; --opt-trans opt-in C default; grouped OptTrans multi-sector rejected	cargo nextest run --locked --cargo-profile test-fast -p mvmc-core --test opttrans --no-fail-fast --retries 0	ap_flag = (data.modpara.nmp_trans < 0) ? 1 : 0;ap_flag = (data.modpara.nmp_trans < 0) ? 1 : 0	SOURCE INVENTORY ONLY; not runtime verification	#178/#180/#181	0	issue-184-assertion-audit.tsv source=MVMCExpertModeParsers.jl/src/utils/orbital_qptrans_utils.jl	PARTIAL: source syntax inventoried; exact assertion/loop/InterAll block classification pending; focused rows do not close entire file
F022	MVMCExpertModeParsers.jl/src/utils/parameter_init.jl	a9650915b37d67dad3a6d78b0575ff9a43649fbe71a3812342523ccb5184c990	328	none	0	0	init_parameter!@32; sync_modified_parameter!@264; initialize_parameters!@323	Production source; nonexport/internal definitions inventoried, not additional public API promises	init_parameter	Optimization initialization; PhysCal consumes one init block on clone then restores fixed values; seed override optional	cargo nextest run --locked --cargo-profile test-fast -p mvmc-expert-parsers --test c_orbital_initialization --test optimization_flags --no-fail-fast --retries 0	# Note: Do NOT re-seed the RNG here!;# The RNG should be seeded by the caller (e.g., vmc_para_opt!) before calling this function.;# C implementation seeds once in main() and then calls InitParameter() without re-seeding.;# Re-seeding here would reset the RNG state and cause mismatch with C implementation.;fresh `SFMT19937RNG()` but **does not seed it**; using that default;first random draw. Either pass in an already-seeded RNG (preferred,;`MVMCOptimizers.run_para_opt_from_namelist`, which wires seeding for;# C-parity seed rule (MVMCOptimizers.resolve_rnd_seed, v0.4): RndSeed >= 0;# RndSeed < 0 means a time-based seed (C readdef.c:2161-2163).;seed = data.modpara.rnd_seed;actual_seed = seed >= 0 ? seed : Int(floor(time()));Random.seed!(rng, actual_seed)	SOURCE INVENTORY ONLY; not runtime verification	#177/#180/#181	0	issue-184-assertion-audit.tsv source=MVMCExpertModeParsers.jl/src/utils/parameter_init.jl	PARTIAL: source syntax inventoried; exact assertion/loop/InterAll block classification pending; focused rows do not close entire file
F023	MVMCExpertModeParsers.jl/src/utils/qp_weight.jl	43a2144cc8ec26e1e3f2a1be2447ba7dc76c8cd60882760a5fbec0de53d6ad52	323	none	0	0	gauss_legendre@31; legendre_poly@99; QuantumProjectionWeights@125; QuantumProjectionWeights@139; init_qp_weight!@168; update_qp_weight!@261; init_qp_weight!@314	Production source; nonexport/internal definitions inventoried, not additional public API promises	init_qp_weight_inplace	Via both runners; --opt-trans opt-in C default; grouped OptTrans multi-sector rejected	cargo nextest run --locked --cargo-profile test-fast -p mvmc-core --test opttrans --no-fail-fast --retries 0	nsp_gauss_leg = modpara.nsp_gauss_leg;nmp_trans = abs(modpara.nmp_trans);if nsp_gauss_leg <= 0 || nmp_trans <= 0;@warn "Invalid quantum projection parameters: NSPGaussLeg=$nsp_gauss_leg, NMPTrans=$(modpara.nmp_trans) (abs=$nmp_trans)";nqp_fix = nsp_gauss_leg * nmp_trans;weights.spgl_cos = zeros(ComplexF64, nsp_gauss_leg);weights.spgl_sin = zeros(ComplexF64, nsp_gauss_leg);weights.spgl_cos_sin = zeros(ComplexF64, nsp_gauss_leg);weights.spgl_cos_cos = zeros(ComplexF64, nsp_gauss_leg);weights.spgl_sin_sin = zeros(ComplexF64, nsp_gauss_leg);if nsp_gauss_leg == 1;for j = 1:nmp_trans;beta, weight_gl = gauss_legendre(0.0, Float64(π), nsp_gauss_leg);for i = 1:nsp_gauss_leg;for j = 1:nmp_trans;idx = i + (j - 1) * nsp_gauss_leg # Convert to 1-based indexing;- Uses data.modpara.nsp_gauss_leg, data.modpara.nsp_stot, data.modpara.nmp_trans	SOURCE INVENTORY ONLY; not runtime verification	#178/#180/#181	0	issue-184-assertion-audit.tsv source=MVMCExpertModeParsers.jl/src/utils/qp_weight.jl	PARTIAL: source syntax inventoried; exact assertion/loop/InterAll block classification pending; focused rows do not close entire file
F024	MVMCExpertModeParsers.jl/src/utils/read_input_parameters.jl	c1855200634cc9418f8bef2f0f20424aafd275377f08dd9fffdd08faf86cd015	581	none	0	0	parse_input_parameter_file@20; _parse_float_strict@73; _parse_int_strict@80; parse_indexed_input_parameter_file_strict@86; _rbm_section_nparam@132; count_rbm_parameters@139; count_orbital_parameters@151; count_variational_parameters@163; _set_rbm_terms_from_params!@171; _set_orbital_terms_from_params!@180; _orbital_parallel_offset@193; read_input_parameters!@253; ensure_optimization_flags_size!@402; set_projection_opt_flags!@425; set_orbital_opt_flags!@475; set_opt_trans_opt_flags!@512; set_rbm_opt_flags!@539; _get_all_complex_flag_local@571	Production source; nonexport/internal definitions inventoried, not additional public API promises	sync_modified_parameter_local	Runner initialization/SR; initial.def auto|none|path; --physcal fixed record plus explicit In overlays	cargo nextest run --locked --cargo-profile test-fast -p mvmc-core --test initial_params --no-fail-fast --retries 0	No explicit scalar overrides extracted; exact scenario settings/source in scenarios TSV	SOURCE INVENTORY ONLY; not runtime verification	#180/#181/#184	0	issue-184-assertion-audit.tsv source=MVMCExpertModeParsers.jl/src/utils/read_input_parameters.jl	PARTIAL: source syntax inventoried; exact assertion/loop/InterAll block classification pending; focused rows do not close entire file
F025	MVMCExpertModeParsers.jl/src/utils/validation.jl	c8493545837d9af17011930eb51328d1c4d45dd44e162665dd4d79dc5e42a68c	862	none	0	0	validate_modpara_params@12; validate_transfer_terms@106; validate_coulomb_intra_terms@148; validate_coulomb_inter_terms@176; validate_gutzwiller_terms@215; validate_jastrow_terms@243; validate_orbital_terms@275; validate_charge_rbm_phys_layer_terms@303; validate_spin_rbm_phys_layer_terms@331; validate_general_rbm_phys_layer_terms@359; validate_charge_rbm_hidden_layer_terms@387; validate_spin_rbm_hidden_layer_terms@415; validate_general_rbm_hidden_layer_terms@443; validate_charge_rbm_phys_hidden_terms@474; validate_spin_rbm_phys_hidden_terms@509; validate_general_rbm_phys_hidden_terms@544; validate_doublon_holon_2site_terms@580; validate_doublon_holon_4site_terms@620; validate_doublon_holon_2site_indices@668; validate_doublon_holon_4site_indices@694; validate_expert_mode_data@725	Production source; nonexport/internal definitions inventoried, not additional public API promises	parse_expert_mode_files_with_c_opt_trans	Expert namelist is parsed by mvmc CLI; no per-section CLI; strict C completeness before runner/output	cargo nextest run --locked --cargo-profile test-fast -p mvmc-expert-parsers --no-fail-fast --retries 0	push!(errors, "NVMCSample must be positive")	SOURCE INVENTORY ONLY; not runtime verification	#184/#178	0	issue-184-assertion-audit.tsv source=MVMCExpertModeParsers.jl/src/utils/validation.jl	PARTIAL: source syntax inventoried; exact assertion/loop/InterAll block classification pending; focused rows do not close entire file
F026	MVMCExpertModeParsers.jl/test/runtests.jl	1d392c65c4fdd5950d550d6df643c4ad647760657f70e9231b9539ef0e24e244	24	none	0	0	none	Test/reference/example/helper source; scenarios separately mapped; no silent exclusion	parse_expert_mode_files_with_c_opt_trans	Expert namelist is parsed by mvmc CLI; no per-section CLI; strict C completeness before runner/output	cargo nextest run --locked --cargo-profile test-fast -p mvmc-expert-parsers --no-fail-fast --retries 0	No explicit scalar overrides extracted; exact scenario settings/source in scenarios TSV	SOURCE INVENTORY ONLY; not runtime verification	#184/#178	0	issue-184-assertion-audit.tsv source=MVMCExpertModeParsers.jl/test/runtests.jl	PARTIAL: source syntax inventoried; exact assertion/loop/InterAll block classification pending; focused rows do not close entire file
F027	MVMCExpertModeParsers.jl/test/test_doublon_holon_parser.jl	056adcb37bb95a5d37dec759eafacba19075ce63a784a65453a3df3fff19f410	241	none	8	0	_dh2_content@19; _dh4_content@39; _orbital_content@59	Test/reference/example/helper source; scenarios separately mapped; no silent exclusion	parse_expert_mode_files_with_c_opt_trans	Expert namelist is parsed by mvmc CLI; no per-section CLI; strict C completeness before runner/output	cargo nextest run --locked --cargo-profile test-fast -p mvmc-expert-parsers --no-fail-fast --retries 0	No explicit scalar overrides extracted; exact scenario settings/source in scenarios TSV	SOURCE INVENTORY ONLY; not runtime verification	#184/#178	50	issue-184-assertion-audit.tsv source=MVMCExpertModeParsers.jl/test/test_doublon_holon_parser.jl	PARTIAL: source syntax inventoried; exact assertion/loop/InterAll block classification pending; focused rows do not close entire file
F028	MVMCExpertModeParsers.jl/test/test_green_two_ex_parser.jl	f7563411720d27553a08d4283a012446d02a8724ca9951614f7b3174fefe4485	149	none	10	0	_greentwoex@26; _greentwoex_raw@38	Test/reference/example/helper source; scenarios separately mapped; no silent exclusion	parse_expert_mode_files_with_c_opt_trans	Expert namelist is parsed by mvmc CLI; no per-section CLI; strict C completeness before runner/output	cargo nextest run --locked --cargo-profile test-fast -p mvmc-expert-parsers --no-fail-fast --retries 0	No explicit scalar overrides extracted; exact scenario settings/source in scenarios TSV	SOURCE INVENTORY ONLY; not runtime verification	#184/#178	30	issue-184-assertion-audit.tsv source=MVMCExpertModeParsers.jl/test/test_green_two_ex_parser.jl	PARTIAL: source syntax inventoried; exact assertion/loop/InterAll block classification pending; focused rows do not close entire file
F029	MVMCExpertModeParsers.jl/test/test_integration.jl	8993bca5b0f473acfcb2f7a6793243901054a9491fd84cfff9422e1f41b28cc2	45	none	2	0	none	Test/reference/example/helper source; scenarios separately mapped; no silent exclusion	parse_expert_mode_files_with_c_opt_trans	Expert namelist is parsed by mvmc CLI; no per-section CLI; strict C completeness before runner/output	cargo nextest run --locked --cargo-profile test-fast -p mvmc-expert-parsers --no-fail-fast --retries 0	No explicit scalar overrides extracted; exact scenario settings/source in scenarios TSV	SOURCE INVENTORY ONLY; not runtime verification	#184/#178	12	issue-184-assertion-audit.tsv source=MVMCExpertModeParsers.jl/test/test_integration.jl	PARTIAL: source syntax inventoried; exact assertion/loop/InterAll block classification pending; focused rows do not close entire file
F030	MVMCExpertModeParsers.jl/test/test_orbital_qptrans_utils.jl	fe430c50c3efd22b3007e93cad377a427fcbedf5bc3b47d446a2ae017e65bd01	345	none	7	0	test_build_orbital_sgn_matrix_sz_conserved@21; test_build_orbital_sgn_matrix_fsz@70; test_build_orbital_sgn_matrix_with_real_data@100; test_build_qp_trans_mappings_basic@149; test_build_qp_trans_mappings_with_real_data@231; test_build_qp_trans_mappings_apflag@295	Test/reference/example/helper source; scenarios separately mapped; no silent exclusion	init_qp_weight_inplace	Via both runners; --opt-trans opt-in C default; grouped OptTrans multi-sector rejected	cargo nextest run --locked --cargo-profile test-fast -p mvmc-core --test opttrans --no-fail-fast --retries 0	data.modpara.nmp_trans = 4 # APFlag = 0 (periodic);data2.modpara.nmp_trans = -4 # APFlag = 1 (anti-periodic);data.modpara.nmp_trans = 2 # APFlag = 0;data.modpara.nmp_trans = 4 # APFlag = 0;data.modpara.nmp_trans = 2 # APFlag = 0;data.modpara.nmp_trans = 4 # APFlag = 0;data.modpara.nmp_trans = -4 # APFlag = 1 (anti-periodic)	SOURCE INVENTORY ONLY; not runtime verification	#178/#180/#181	56	issue-184-assertion-audit.tsv source=MVMCExpertModeParsers.jl/test/test_orbital_qptrans_utils.jl	PARTIAL: source syntax inventoried; exact assertion/loop/InterAll block classification pending; focused rows do not close entire file
F031	MVMCExpertModeParsers.jl/test/test_parameter_init_complexflag_rbm.jl	011d508626489e1d8b9107c4ea167efa1fee348afd4d4db5cb5d4eec0ea90b4b	176	none	4	0	set_rbm_opt_flags!@16; make_data_for_rbm_init_tests@24; expected_rbm_values_real@65; expected_rbm_values_complex@77	Test/reference/example/helper source; scenarios separately mapped; no silent exclusion	init_parameter	Optimization initialization; PhysCal consumes one init block on clone then restores fixed values; seed override optional	cargo nextest run --locked --cargo-profile test-fast -p mvmc-expert-parsers --test c_orbital_initialization --test optimization_flags --no-fail-fast --retries 0	No explicit scalar overrides extracted; exact scenario settings/source in scenarios TSV	SOURCE INVENTORY ONLY; not runtime verification	#177/#180/#181	12	issue-184-assertion-audit.tsv source=MVMCExpertModeParsers.jl/test/test_parameter_init_complexflag_rbm.jl	PARTIAL: source syntax inventoried; exact assertion/loop/InterAll block classification pending; focused rows do not close entire file
F032	MVMCExpertModeParsers.jl/test/test_parameter_initialization.jl	c2c46086c95a392e4b33ae1d5fd36fc270c605dafce2b3e88a1b19325dc427a6	384	none	9	0	create_seeded_rng@21; seeded_rng@27; test_init_parameter_basic@38; test_init_parameter_complex@92; test_init_parameter_optflag@127; test_sync_modified_parameter@164; test_initialize_parameters@209; test_random_seed@252; test_rbm_initialization@303; test_empty_orbital_terms@345	Test/reference/example/helper source; scenarios separately mapped; no silent exclusion	init_parameter	Optimization initialization; PhysCal consumes one init block on clone then restores fixed values; seed override optional	cargo nextest run --locked --cargo-profile test-fast -p mvmc-expert-parsers --test c_orbital_initialization --test optimization_flags --no-fail-fast --retries 0	# Helper function to create a seeded SFMT RNG;function create_seeded_rng(seed::Int);Random.seed!(rng, seed);function seeded_rng(seed::Integer);Random.seed!(rng, seed);data.modpara.rnd_seed = 123456789;rng = seeded_rng(data.modpara.rnd_seed);data.modpara.rnd_seed = 123456789;rng = seeded_rng(data.modpara.rnd_seed);data.modpara.rnd_seed = 123456789;rng = seeded_rng(data.modpara.rnd_seed);data.modpara.rnd_seed = 123456789;rng = seeded_rng(data.modpara.rnd_seed);test_random_seed();Test that random seed works correctly.;function test_random_seed();# Test: Different seed should give different values;data1.modpara.rnd_seed = 123456789;data2.modpara.rnd_seed = 987654321 # Different seed;# Initialize with different seeds;rng1 = create_seeded_rng(data1.modpara.rnd_seed);rng2 = create_seeded_rng(data2.modpara.rnd_seed);data.modpara.rnd_seed = 123456789;rng = seeded_rng(data.modpara.rnd_seed);data.modpara.rnd_seed = 123456789;rng = seeded_rng(data.modpara.rnd_seed);test_random_seed()	SOURCE INVENTORY ONLY; not runtime verification	#177/#180/#181	30	issue-184-assertion-audit.tsv source=MVMCExpertModeParsers.jl/test/test_parameter_initialization.jl	PARTIAL: source syntax inventoried; exact assertion/loop/InterAll block classification pending; focused rows do not close entire file
F033	MVMCExpertModeParsers.jl/test/test_parse_expert_mode_files.jl	dcf0f3d8ed0a272e06696a32ec5e3e060b3acee153392144c6594b9cb662cc10	207	none	2	0	ExpectedValues@22; set_expected_values@59; test_parse_expert_mode_files@95	Test/reference/example/helper source; scenarios separately mapped; no silent exclusion	parse_expert_mode_files_with_c_opt_trans	Expert namelist is parsed by mvmc CLI; no per-section CLI; strict C completeness before runner/output	cargo nextest run --locked --cargo-profile test-fast -p mvmc-expert-parsers --no-fail-fast --retries 0	No explicit scalar overrides extracted; exact scenario settings/source in scenarios TSV	SOURCE INVENTORY ONLY; not runtime verification	#184/#178	15	issue-184-assertion-audit.tsv source=MVMCExpertModeParsers.jl/test/test_parse_expert_mode_files.jl	PARTIAL: source syntax inventoried; exact assertion/loop/InterAll block classification pending; focused rows do not close entire file
F034	MVMCExpertModeParsers.jl/test/test_parsers.jl	8336b21bca7627749e27c588e537e30c20ea4a6383733bae3e93a44461980185	211	none	7	0	none	Test/reference/example/helper source; scenarios separately mapped; no silent exclusion	parse_expert_mode_files_with_c_opt_trans	Expert namelist is parsed by mvmc CLI; no per-section CLI; strict C completeness before runner/output	cargo nextest run --locked --cargo-profile test-fast -p mvmc-expert-parsers --no-fail-fast --retries 0	@test defaults.nsrcg == 0;@test defaults.nstore_o == 1;LanczosMode = 0;NStore = 0;@test result.data.nstore_o == 0;@test result.data.nsrcg == 1	SOURCE INVENTORY ONLY; not runtime verification	#184/#178	72	issue-184-assertion-audit.tsv source=MVMCExpertModeParsers.jl/test/test_parsers.jl	PARTIAL: source syntax inventoried; exact assertion/loop/InterAll block classification pending; focused rows do not close entire file
F035	MVMCExpertModeParsers.jl/test/test_qp_weight.jl	e1d1dc374df410a5c6bb1fc5a4819be9aeb4227e67611b5b87b0504d8016d8f9	213	none	8	0	test_gauss_legendre@19; test_legendre_poly@50; test_init_qp_weight_basic@74; test_init_qp_weight_nsp_gauss_leg_1@100; test_init_qp_weight_data_opttrans@119; test_update_qp_weight@145; test_init_qp_weight_trigonometric@173	Test/reference/example/helper source; scenarios separately mapped; no silent exclusion	init_qp_weight_inplace	Via both runners; --opt-trans opt-in C default; grouped OptTrans multi-sector rejected	cargo nextest run --locked --cargo-profile test-fast -p mvmc-core --test opttrans --no-fail-fast --retries 0	data.modpara.nsp_gauss_leg = 4;data.modpara.nmp_trans = 1;test_init_qp_weight_nsp_gauss_leg_1();function test_init_qp_weight_nsp_gauss_leg_1();data.modpara.nsp_gauss_leg = 1;data.modpara.nmp_trans = 2;data.modpara.nsp_gauss_leg = 1;data.modpara.nmp_trans = 2;data.modpara.nsp_gauss_leg = 4;data.modpara.nmp_trans = 1;test_init_qp_weight_nsp_gauss_leg_1()	SOURCE INVENTORY ONLY; not runtime verification	#178/#180/#181	42	issue-184-assertion-audit.tsv source=MVMCExpertModeParsers.jl/test/test_qp_weight.jl	PARTIAL: source syntax inventoried; exact assertion/loop/InterAll block classification pending; focused rows do not close entire file
F036	MVMCExpertModeParsers.jl/test/test_read_input_parameters.jl	e807528afdf1bd94abd7b830fd7cb01cfa4fa2c1b935676ea5e816c92a42ef40	785	none	15	0	test_read_input_parameters_basic@31; test_read_input_parameters_orbital@85; test_read_input_parameters_orbital_idx_overlay@129; test_read_input_parameters_orbital_general_idx_overlay@159; test_read_input_parameters_complex@194; test_read_input_parameters_missing_file@231; test_read_input_parameters_orbital_parallel_and_opttrans@256; test_parse_opttrans_def@318; _write_indexed_input_parameter_file@350; test_read_input_parameters_dh_overlays@363; test_orbital_parallel_offset_cases@526; test_read_input_parameters_orbital_parallel_offset_regression@558; test_orbital_parallel_offset_from_parse@604; test_orbital_parallel_offset_sparse_header@656; test_orbital_file_order_error@730	Test/reference/example/helper source; scenarios separately mapped; no silent exclusion	sync_modified_parameter_local	Runner initialization/SR; initial.def auto|none|path; --physcal fixed record plus explicit In overlays	cargo nextest run --locked --cargo-profile test-fast -p mvmc-core --test initial_params --no-fail-fast --retries 0	data.modpara = ModParaParameters(nsite = 2, nmp_trans = 1)	SOURCE INVENTORY ONLY; not runtime verification	#180/#181/#184	56	issue-184-assertion-audit.tsv source=MVMCExpertModeParsers.jl/test/test_read_input_parameters.jl	PARTIAL: source syntax inventoried; exact assertion/loop/InterAll block classification pending; focused rows do not close entire file
F037	MVMCExpertModeParsers.jl/test/test_read_input_parameters_rbm_layout.jl	9a6d18956cd165756db7baf8a86954b6262de87c09a3822e9e584c6af92d51e1	56	none	1	0	none	Test/reference/example/helper source; scenarios separately mapped; no silent exclusion	sync_modified_parameter_local	Runner initialization/SR; initial.def auto|none|path; --physcal fixed record plus explicit In overlays	cargo nextest run --locked --cargo-profile test-fast -p mvmc-core --test initial_params --no-fail-fast --retries 0	No explicit scalar overrides extracted; exact scenario settings/source in scenarios TSV	SOURCE INVENTORY ONLY; not runtime verification	#180/#181/#184	7	issue-184-assertion-audit.tsv source=MVMCExpertModeParsers.jl/test/test_read_input_parameters_rbm_layout.jl	PARTIAL: source syntax inventoried; exact assertion/loop/InterAll block classification pending; focused rows do not close entire file
F038	MVMCExpertModeParsers.jl/test/test_sfmt_compatibility.jl	5a5d216421c308146dc2fc786bc8c74edbcc560f11f9bd5830222f6a3276cfc9	431	none	6	0	test_sfmt_slater_compatibility@31; test_sfmt_full_workflow@116; test_sfmt_rbm_compatibility@163; test_sfmt_initialization_order@264; test_sfmt_detailed_verification@328	Test/reference/example/helper source; scenarios separately mapped; no silent exclusion	init_parameter	Optimization initialization; PhysCal consumes one init block on clone then restores fixed values; seed override optional	cargo nextest run --locked --cargo-profile test-fast -p mvmc-expert-parsers --test c_orbital_initialization --test optimization_flags --no-fail-fast --retries 0	as C implementation when using the same random seed with SFMT19937RNG.;as C implementation when using the same seed (123456789) with SFMT19937RNG.;data.modpara.rnd_seed = 123456789 # Same seed as C implementation;Random.seed!(rng, 123456789);data.modpara.rnd_seed = 123456789;Random.seed!(rng, data.modpara.rnd_seed);as C implementation when using the same seed with SFMT19937RNG.;data.modpara.rnd_seed = 123456789;Random.seed!(rng, 123456789);data.modpara.rnd_seed = 123456789;Random.seed!(rng, 123456789);data.modpara.rnd_seed = 123456789;Random.seed!(rng, 123456789);data.modpara.rnd_seed = 123456789;Random.seed!(rng, 123456789);println("as C implementation when using the same random seed.")	SOURCE INVENTORY ONLY; not runtime verification	#177/#180/#181	15	issue-184-assertion-audit.tsv source=MVMCExpertModeParsers.jl/test/test_sfmt_compatibility.jl	PARTIAL: source syntax inventoried; exact assertion/loop/InterAll block classification pending; focused rows do not close entire file
F039	MVMCExpertModeParsers.jl/test/test_trans_parser_spin_indices.jl	0bc8600784abefa59d5a31d979a0589d22f299657b57a4eb6f90b6297ba50fde	38	none	1	0	none	Test/reference/example/helper source; scenarios separately mapped; no silent exclusion	parse_expert_mode_files_with_c_opt_trans	Expert namelist is parsed by mvmc CLI; no per-section CLI; strict C completeness before runner/output	cargo nextest run --locked --cargo-profile test-fast -p mvmc-expert-parsers --no-fail-fast --retries 0	No explicit scalar overrides extracted; exact scenario settings/source in scenarios TSV	SOURCE INVENTORY ONLY; not runtime verification	#184/#178	15	issue-184-assertion-audit.tsv source=MVMCExpertModeParsers.jl/test/test_trans_parser_spin_indices.jl	PARTIAL: source syntax inventoried; exact assertion/loop/InterAll block classification pending; focused rows do not close entire file
F040	MVMCExpertModeParsers.jl/test/test_utils.jl	b4d6adc85734d7f4e85bd18fda8f7a8e5c9722f03046842ab1c9d3cd0f5d43ca	84	none	5	0	none	Test/reference/example/helper source; scenarios separately mapped; no silent exclusion	parse_expert_mode_files_with_c_opt_trans	Expert namelist is parsed by mvmc CLI; no per-section CLI; strict C completeness before runner/output	cargo nextest run --locked --cargo-profile test-fast -p mvmc-expert-parsers --no-fail-fast --retries 0	No explicit scalar overrides extracted; exact scenario settings/source in scenarios TSV	SOURCE INVENTORY ONLY; not runtime verification	#184/#178	28	issue-184-assertion-audit.tsv source=MVMCExpertModeParsers.jl/test/test_utils.jl	PARTIAL: source syntax inventoried; exact assertion/loop/InterAll block classification pending; focused rows do not close entire file
F041	MVMCExpertModeParsers.jl/test/test_validation.jl	c31de68580afd29db514d8ddac1cd6a856f5904727b09ef9fd780e61fc486751	152	none	7	0	none	Test/reference/example/helper source; scenarios separately mapped; no silent exclusion	parse_expert_mode_files_with_c_opt_trans	Expert namelist is parsed by mvmc CLI; no per-section CLI; strict C completeness before runner/output	cargo nextest run --locked --cargo-profile test-fast -p mvmc-expert-parsers --no-fail-fast --retries 0	No explicit scalar overrides extracted; exact scenario settings/source in scenarios TSV	SOURCE INVENTORY ONLY; not runtime verification	#184/#178	36	issue-184-assertion-audit.tsv source=MVMCExpertModeParsers.jl/test/test_validation.jl	PARTIAL: source syntax inventoried; exact assertion/loop/InterAll block classification pending; focused rows do not close entire file
F042	MVMCOptimizers.jl/src/MVMCOptimizers.jl	eec5c87052ce316fd22b131cd8313976e65f2c5a8e49ec9f2ce672b70a6d1a47	95	ParallelContext; serial_context; build_parallel_context; is_output_rank; bcast!; bcast_scalar; allreduce_sum!; reduce_sum_to_root!; barrier; reduce_counter!; abort_parallel; split_loop; split_range; qp_split_range; allreduce_sum_scalar; allreduce_max_scalar; resolve_rnd_seed; count_total_parameters; pack_parameters; unpack_parameters!; set_parameter_value!; get_parameter_value; vmc_para_opt!; vmc_phys_cal!; run_para_opt_from_namelist; run_phys_cal_from_namelist; read_initial_def!; read_opt_para_file!	0	0	none	Production source; nonexport/internal definitions inventoried, not additional public API promises	vmc_para_opt	Optimization; real/cmp/FSZ; nsteps/nsmp; direct or standard CG; grouped direct within validator; grouped CG rejected	cargo nextest run --locked --cargo-profile test-fast -p mvmc-core --test run_smoke --test runner_config --no-fail-fast --retries 0	# wrappers, seed resolution). Serial runs never touch MPI APIs.;allreduce_sum_scalar, allreduce_max_scalar, resolve_rnd_seed	SOURCE INVENTORY ONLY; not runtime verification	#180/#179	0	issue-184-assertion-audit.tsv source=MVMCOptimizers.jl/src/MVMCOptimizers.jl	PARTIAL: source syntax inventoried; exact assertion/loop/InterAll block classification pending; focused rows do not close entire file
F043	MVMCOptimizers.jl/src/c_timer.jl	5e173c94c1e5a416d422c96ca211538829581c1ec2fc6597086ca1253f37a942	231	none	0	0	CTimer@33; ctimer_reset!@78; ctimer_diag_envs@92; write_ctimer_para_opt@174; write_ctimer_diag@222	Production source; nonexport/internal definitions inventoried, not additional public API promises	CTimer; TimerEnv; tests/c_timer.rs five named contracts	CLI runtime_contract::timer_environment_controls_reports_without_changing_numerical_output only; no standalone timer CLI; MPI root-only output NOT VERIFIED	cargo nextest run --locked --cargo-profile test-fast -p mvmc-core --test c_timer --no-fail-fast --retries 0	MVMC_C_TIMER; deprecated MVMC_TIMER; MVMC_CALHAM1_DIAG/MVMC_SLATER_DIAG/MVMC_MAINCAL_DIAG/MVMC_WEIGHTAVG_DIAG; absent/0 disabled, other strings enabled; injected clocks; prefix=custom	Core PASS 5/5 0 skipped 0.012s exit=0 run=ceaa4e36-480f-40cb-ac3d-d7840ccd76ba5; parent CLI suite PASS 16/16 0 skipped 3.849s exit=0 run=b8f10525-8faf-4cc6-baac-0a2ba4d2dbf4 (named timer branch only mapped here; exact suite command not supplied); other runtime cells UNVERIFIED	#184	0	issue-184-assertion-audit.tsv source=MVMCOptimizers.jl/src/c_timer.jl	PARTIAL: five core contracts and named CLI timer branch verified; remaining source semantics not executable proof
F044	MVMCOptimizers.jl/src/calculate_m_all.jl	051f04ea7f1956befa73c2377376d27e71a09b0e3a82ce8a6c0bf75b9bd80dbd	929	none	0	0	calculate_m_all_child_fcmp!@61; calculate_m_all_fcmp!@275; calculate_m_all_fcmp!@383; calculate_m_all_fcmp!@406; calculate_m_all_child_real!@530; calculate_m_all_real!@684; calculate_m_all_real!@788; calculate_m_all_real!@845	Production source; nonexport/internal definitions inventoried, not additional public API promises	vmc_para_opt	Optimization; real/cmp/FSZ; nsteps/nsmp; direct or standard CG; grouped direct within validator; grouped CG rejected	cargo nextest run --locked --cargo-profile test-fast -p mvmc-core --test run_smoke --test runner_config --no-fail-fast --retries 0	using Base.Threads;This version uses thread-local workspaces for parallel execution with Threads.@threads.	SOURCE INVENTORY ONLY; not runtime verification	#180/#179	0	issue-184-assertion-audit.tsv source=MVMCOptimizers.jl/src/calculate_m_all.jl	PARTIAL: source syntax inventoried; exact assertion/loop/InterAll block classification pending; focused rows do not close entire file
F045	MVMCOptimizers.jl/src/counter.jl	94e4c62e756b17435e7ae5474e1804ca7ee82f0210493190c6c81555d94fe7ec	47	none	0	0	reduce_counter!@24; reduce_counter!@42	Production source; nonexport/internal definitions inventoried, not additional public API promises	vmc_para_opt	Optimization; real/cmp/FSZ; nsteps/nsmp; direct or standard CG; grouped direct within validator; grouped CG rejected	cargo nextest run --locked --cargo-profile test-fast -p mvmc-core --test run_smoke --test runner_config --no-fail-fast --retries 0	No explicit scalar overrides extracted; exact scenario settings/source in scenarios TSV	SOURCE INVENTORY ONLY; not runtime verification	#180/#179	0	issue-184-assertion-audit.tsv source=MVMCOptimizers.jl/src/counter.jl	PARTIAL: source syntax inventoried; exact assertion/loop/InterAll block classification pending; focused rows do not close entire file
F046	MVMCOptimizers.jl/src/data_io.jl	fc4c4de41bc1df052925f676803361f2ee1fbbc1b58bf57f683a202bd8cb6f5e	510	none	0	0	store_opt_data!@17; _output_path@48; output_data!@66; output_opt_data!@145; _lanczos_energy_by_alpha@221; _invalid_lanczos_energy@241; _lanczos_energy@246; _lanczos_phys_values@286; output_lanczos_func!@313; output_green_func!@431	Production source; nonexport/internal definitions inventoried, not additional public API promises	vmc_para_opt	Optimization; real/cmp/FSZ; nsteps/nsmp; direct or standard CG; grouped direct within validator; grouped CG rejected	cargo nextest run --locked --cargo-profile test-fast -p mvmc-core --test run_smoke --test runner_config --no-fail-fast --retries 0	@warn "Lanczos energy could not be calculated; writing NaN values" reason;"Lanczos QPhysQ length $(length(qphysq)) does not match 4 * nphys = " *	SOURCE INVENTORY ONLY; not runtime verification	#180/#179	0	issue-184-assertion-audit.tsv source=MVMCOptimizers.jl/src/data_io.jl	PARTIAL: source syntax inventoried; exact assertion/loop/InterAll block classification pending; focused rows do not close entire file
F047	MVMCOptimizers.jl/src/green_func_calc.jl	2baa297e891db88b3aa31ce7d1d44ed15a8aa7fde9bc85a68c415a58f3686513	1309	none	0	0	_spin_int@10; build_canonical_cis_ajs_idx@35; add!@43; resolve_cis_ajs_ckt_alt_idx@77; validate_lanczos_mode2_cis_ajs_unique@97; validate_factored_green_supported@118; initialize_phys_quantities!@128; reset_phys_quantities!@152; accumulate_factored_green!@176; accumulate_factored_green!@184; accumulate_factored_green!@196; LanczosElectronConfig@281; _lanczos_config@288; _lanczos_same_config@300; _lanczos_recompute_proj_cnt!@307; _lanczos_hamiltonian0@315; _lanczos_preserve_m_all!@344; _lanczos_overlap_ratio!@360; _lanczos_scale_terms@394; _lanczos_apply_one_body@405; _lanczos_diagonal_term@439; _lanczos_apply_two_body@444; _lanczos_transfer_spins@519; _lanczos_local_hamiltonian_from_config!@524; calculate_lanczos_h2!@629; accumulate_lanczos_qqqq!@764; _lanczos_hca_from_config!@804; _lanczos_hcaca_from_config!@831; accumulate_lanczos_green!@861; calculate_green_func!@1000; calculate_green_func!@1023; calculate_green_func_into!@1047; calculate_green_func_fsz!@1136; calculate_green_func_fsz!@1161; calculate_green_func_fsz_into!@1187	Production source; nonexport/internal definitions inventoried, not additional public API promises	vmc_para_opt	Optimization; real/cmp/FSZ; nsteps/nsmp; direct or standard CG; grouped direct within validator; grouped CG rejected	cargo nextest run --locked --cargo-profile test-fast -p mvmc-core --test run_smoke --test runner_config --no-fail-fast --retries 0	`(i2,j2)` appended if not already present (C's `CountOneBodyGForLanczos` /;"NLanczosMode = 2 does not support duplicate OneBodyG entries " *;struct LanczosElectronConfig;return LanczosElectronConfig(copy(ele_idx), copy(ele_cfg), copy(ele_num), copy(ele_proj_cnt));_copy_lanczos_config(cfg::LanczosElectronConfig) =;LanczosElectronConfig(copy(cfg.ele_idx), copy(cfg.ele_cfg), copy(cfg.ele_num), copy(cfg.ele_proj_cnt));function _lanczos_same_config(a::LanczosElectronConfig, b::LanczosElectronConfig);function _lanczos_recompute_proj_cnt!(cfg::LanczosElectronConfig, data::ExpertModeData);function _lanczos_hamiltonian0(data::ExpertModeData, cfg::LanczosElectronConfig)::ComplexF64;cfg::LanczosElectronConfig,;original::LanczosElectronConfig,;abs(ip) > 0.0 || error("Lanczos overlap ratio cannot be computed for zero inner product");scaled = Vector{Tuple{ComplexF64,LanczosElectronConfig}}();cfg::LanczosElectronConfig,;return Tuple{ComplexF64,LanczosElectronConfig}[];return Tuple{ComplexF64,LanczosElectronConfig}[];mj < 0 && return Tuple{ComplexF64,LanczosElectronConfig}[];function _lanczos_diagonal_term(coef::Integer, cfg::LanczosElectronConfig);coef == 0 && return Tuple{ComplexF64,LanczosElectronConfig}[];cfg::LanczosElectronConfig,;cfg.ele_num[rtk+1] == 0 && return Tuple{ComplexF64,LanczosElectronConfig}[];return Tuple{ComplexF64,LanczosElectronConfig}[];return Tuple{ComplexF64,LanczosElectronConfig}[];return Tuple{ComplexF64,LanczosElectronConfig}[];return Tuple{ComplexF64,LanczosElectronConfig}[];cfg.ele_num[rsi+1] == 0 && return Tuple{ComplexF64,LanczosElectronConfig}[];return Tuple{ComplexF64,LanczosElectronConfig}[];cfg.ele_num[rsi+1] == 0 && return Tuple{ComplexF64,LanczosElectronConfig}[];return Tuple{ComplexF64,LanczosElectronConfig}[];results = Vector{Tuple{ComplexF64,LanczosElectronConfig}}();cfg::LanczosElectronConfig,;original::LanczosElectronConfig,;original::LanczosElectronConfig,;original::LanczosElectronConfig,	SOURCE INVENTORY ONLY; not runtime verification	#180/#179	0	issue-184-assertion-audit.tsv source=MVMCOptimizers.jl/src/green_func_calc.jl	PARTIAL: source syntax inventoried; exact assertion/loop/InterAll block classification pending; focused rows do not close entire file
F048	MVMCOptimizers.jl/src/initial_params.jl	b8227911dd8f7a5f3012bcb5ec81a1fed7be70aac6d89ef3046abd899c3a5b2f	222	none	0	0	_set_indexed_terms_from_values!@37; _load_para_triples!@47; read_initial_def!@180; read_opt_para_file!@213	Production source; nonexport/internal definitions inventoried, not additional public API promises	sync_modified_parameter_local	Runner initialization/SR; initial.def auto|none|path; --physcal fixed record plus explicit In overlays	cargo nextest run --locked --cargo-profile test-fast -p mvmc-core --test initial_params --no-fail-fast --retries 0	SpinJastrow is not parsed by the toolchain at all; if a future model adds it,;*after* `init_parameter!` (which seeds parameters from the SFMT RNG without;Scope is the `NSROptItrSmp > 1` layout for projection + RBM + Slater models,	SOURCE INVENTORY ONLY; not runtime verification	#180/#181/#184	0	issue-184-assertion-audit.tsv source=MVMCOptimizers.jl/src/initial_params.jl	PARTIAL: source syntax inventoried; exact assertion/loop/InterAll block classification pending; focused rows do not close entire file
F049	MVMCOptimizers.jl/src/parallel.jl	a7d72725f193a121f79267be6f931e2439fecdf104de01a0cb1d3a5ca8d91fc1	340	none	0	0	split_loop@24; split_range@58; ParallelContext@70; qp_split_range@93; slurm_multi_task@115; mpi_launch_detected@131; resolve_mpi_mode@154; build_parallel_context@186; _chunk_ranges@230; bcast!@236; bcast_scalar@246; allreduce_sum!@254; allreduce_sum_scalar@264; allreduce_max_scalar@269; reduce_sum_to_root!@275; barrier@285; reduce_counter!@298; abort_parallel@310; resolve_rnd_seed@328	Production source; nonexport/internal definitions inventoried, not additional public API promises	partition_range -> tests/issue184_assertion_contracts.rs::original_julia_splitloop_eight_cases_match_c_for_every_rank	--features mpi and detected launcher; root-only stdout/output; no JULIA_MVMC_MPI env compatibility promise	cargo nextest run -p mvmc-core --test issue184_assertion_contracts --cargo-profile test-fast --locked --no-fail-fast --retries 0	(10,2),(10,3),(3,2),(5,4),(4,4),(2,4),(1,4),(0,2);all ranks;zero-based half-open	SOURCE INVENTORY; linked focused contract result: PASS focused analytical/synthetic contracts only: 6/6,0 skipped,exit0,0.006s; owner run 8687fb98-2035-4ff4-a43d-10b397562073; parent independent report b7e65ca3 exit0 6/6; Linux x86_64; test SHA256 ef828d7b76c1778dade2d528701fa4055a05c0b66362c37a99b294965e9c27cd; dirty shared source, not frozen full-workspace validation; Julia reference 8bb1b9e8ae47b1512c00b321be05664ddcac0fd1; C parameter.c SHA25646ad04622f4475337028cee633bd76ce318a6d5058d03f202b55204500399fb0	#177/#178/#179	0	issue-184-assertion-audit.tsv source=MVMCOptimizers.jl/src/parallel.jl	PARTIAL: source syntax inventoried; exact assertion/loop/InterAll block classification pending; focused rows do not close entire file
F050	MVMCOptimizers.jl/src/parameter_sync.jl	93886834c217f0054b956837a25ee533eb227ad27b8dbd98eb28ec0628ebe7d1	271	none	0	0	_real_opt_flag@11; _all_gutzwiller_real_optimized@17; flag_shift_dh2@22; flag_shift_dh4@28; shift_dh2!@34; shift_dh4!@53; sync_modified_parameter!@90; count_total_parameters@172; set_parameter_value!@184; _duplicate_checked_sections@194; check_duplicate_consistency@209; pack_parameters@226; unpack_parameters!@235; sync_modified_parameter!@262	Production source; nonexport/internal definitions inventoried, not additional public API promises	sync_modified_parameter_local	Runner initialization/SR; initial.def auto|none|path; --physcal fixed record plus explicit In overlays	cargo nextest run -p mvmc-core --test issue184_assertion_contracts --cargo-profile test-fast --locked --no-fail-fast --retries 0	DH2/DH4 fixed real flags,no explicit flags,exact coefficients unchanged;DH->Gutz->GJ order;remaining file assertions unverified individually	SOURCE INVENTORY; focused linked assertion contracts: PASS focused analytical/synthetic contracts only: 6/6,0 skipped,exit0,0.006s; owner run 8687fb98-2035-4ff4-a43d-10b397562073; parent independent report b7e65ca3 exit0 6/6; Linux x86_64; test SHA256 ef828d7b76c1778dade2d528701fa4055a05c0b66362c37a99b294965e9c27cd; dirty shared source, not frozen full-workspace validation; Julia reference 8bb1b9e8ae47b1512c00b321be05664ddcac0fd1; C parameter.c SHA25646ad04622f4475337028cee633bd76ce318a6d5058d03f202b55204500399fb0; not whole-file assertion closure	#180/#181/#184	0	issue-184-assertion-audit.tsv source=MVMCOptimizers.jl/src/parameter_sync.jl	PARTIAL: source syntax inventoried; exact assertion/loop/InterAll block classification pending; focused rows do not close entire file
F051	MVMCOptimizers.jl/src/qp_weight_update.jl	8b8434618ff1be30d9ac38f8cc5d286dde34bbcb4e04613e11c733339a3690b5	27	none	0	0	update_qp_weight!@17	Production source; nonexport/internal definitions inventoried, not additional public API promises	init_qp_weight_inplace	Via both runners; --opt-trans opt-in C default; grouped OptTrans multi-sector rejected	cargo nextest run --locked --cargo-profile test-fast -p mvmc-core --test opttrans --no-fail-fast --retries 0	No explicit scalar overrides extracted; exact scenario settings/source in scenarios TSV	SOURCE INVENTORY ONLY; not runtime verification	#178/#180/#181	0	issue-184-assertion-audit.tsv source=MVMCOptimizers.jl/src/qp_weight_update.jl	PARTIAL: source syntax inventoried; exact assertion/loop/InterAll block classification pending; focused rows do not close entire file
F052	MVMCOptimizers.jl/src/run_para_opt_from_namelist.jl	138b43064e2f6b04077fa85652ca10d2e32cfa75342dd84c7e30ac56481b15bb	277	none	0	0	run_para_opt_from_namelist@62	Production source; nonexport/internal definitions inventoried, not additional public API promises	vmc_para_opt	Optimization; real/cmp/FSZ; nsteps/nsmp; direct or standard CG; grouped direct within validator; grouped CG rejected	cargo nextest run --locked --cargo-profile test-fast -p mvmc-core --test run_smoke --test runner_config --no-fail-fast --retries 0	nsteps, mode, nsmp=nothing,;output_dir, seed=nothing,;Drive `vmc_para_opt!` for `nsteps` SR steps using the C-mVMC-format;- `nsteps::Integer`: number of SR steps to execute. The value is written;deterministic given the RNG state, so capturing the first `nsteps`;outputs from an `nsteps`-step Julia run reproduces the first `nsteps`;outputs from a longer C run that uses the same seed.;- `nsmp::Union{Integer,Nothing} = nothing`: number of final optimisation;`NSROptItrSmp` from `modpara.def`; an integer overrides it. `nsteps` must;be greater than or equal to the effective `nsmp`. First-N-step tests that;shorten `nsteps` below the fixture's `NSROptItrSmp` should pass;`nsmp = nsteps`.;- `seed::Union{Integer,Nothing} = nothing`: SFMT19937 seed. `nothing` means;resolve `modpara.def`'s `RndSeed` with the C-parity rule (`resolve_rnd_seed`,;rank0 time seed broadcast over comm0, `== 0` → `0`, `> 0` → the value; the;present and rely solely on the RNG-seeded defaults.;| `zvo_first_n` | `Vector{String}` | First `nsteps` raw lines of `zvo_out.dat`. |;| `ctest_values` | `Vector{Float64}` | Mean of columns 1 and 2 over the final `nsmp` `zvo_out.dat` rows, matching the two values C's standard ctest compares from `zqp_opt.dat`. |;| `effective_nsteps` | `Int` | `NSROptItrStep` used for the run. |;| `effective_nsmp` | `Int` | `NSROptItrSmp` used for the run and `ctest_values` averaging. |;nsteps::Integer,;nsmp::Union{Integer,Nothing} = nothing,;seed::Union{Integer,Nothing} = nothing,;nsteps > 0 || throw(ArgumentError("nsteps must be positive; got $nsteps"));if nsmp !== nothing && nsmp <= 0;throw(ArgumentError("nsmp must be positive when provided; got $nsmp"));# init_gen_rand → seed RNG;# v0.4: MPI context は seed / init_parameter! より前に作る（spec §4.2, F3）。;ctx = build_parallel_context(data.modpara.nsplit_size);effective_nsteps = Int(nsteps);effective_nsmp = nsmp === nothing ? data.modpara.nsr_opt_itr_smp : Int(nsmp);effective_nsmp > 0 || throw(ArgumentError("effective nsmp must be positive; got $effective_nsmp"));if effective_nsteps < effective_nsmp;throw(ArgumentError("nsteps ($effective_nsteps) must be >= nsmp ($effective_nsmp); smaller nsteps would zero-pad optimisation averages"));# 2. Construct and seed the SFMT19937 RNG with the C-compatible convention.;# C parity seed 解決 + group1 offset（spec §5-1; C vmcmain.c:257）。;actual_seed = resolve_rnd_seed(ctx, data.modpara.rnd_seed, seed);Random.seed!(rng, actual_seed);# 3. Random-seeded variational parameter initialisation. We call;# Cap the optimisation length at nsteps so that test/example runs stay	SOURCE INVENTORY ONLY; not runtime verification	#180/#179	0	issue-184-assertion-audit.tsv source=MVMCOptimizers.jl/src/run_para_opt_from_namelist.jl	PARTIAL: source syntax inventoried; exact assertion/loop/InterAll block classification pending; focused rows do not close entire file
F053	MVMCOptimizers.jl/src/run_phys_cal_from_namelist.jl	64d146ffdae859c0fdca7d4277729989a1fa89d3eec1b417822cf847bac9e3c4	104	none	0	0	run_phys_cal_from_namelist@58	Production source; nonexport/internal definitions inventoried, not additional public API promises	vmc_phys_cal_with_reducer_and_callback	--physcal PATH; serial normal/FSZ; grouped normal Green accepted; grouped FSZ/Lanczos/OptTrans multi-sector rejected; callback library-only	MVMC_RS_PHYSCAL_181=1 cargo nextest run --locked --cargo-profile test-fast -p mvmc-core --test physcal_issue181 --run-ignored only --no-fail-fast --retries 0	run_phys_cal_from_namelist(namelist_path; opt_para, mode, seed=nothing,;parse → seed RNG → read_opt_para_file! → read_input_parameters!;- `seed::Union{Integer,Nothing} = nothing`: SFMT19937 seed. `nothing` resolves;`modpara.RndSeed` with the same C-parity `resolve_rnd_seed` rule as;applied so each `NSplitSize=1` rank runs an independent chain.;Sampling counts (`NDataQtySmp`, `NVMCSample`) come from `modpara`; there is no;`nsmp` override — in PhysCal those counts are distinct and easy to confuse, so;seed::Union{Integer,Nothing} = nothing,;ctx = build_parallel_context(data.modpara.nsplit_size);actual_seed = resolve_rnd_seed(ctx, data.modpara.rnd_seed, seed);Random.seed!(rng, actual_seed)	SOURCE INVENTORY ONLY; not runtime verification	#174/#175/#178/#181/#179	0	issue-184-assertion-audit.tsv source=MVMCOptimizers.jl/src/run_phys_cal_from_namelist.jl	PARTIAL: source syntax inventoried; exact assertion/loop/InterAll block classification pending; focused rows do not close entire file
F054	MVMCOptimizers.jl/src/slater_update.jl	6beb7443cb698efeeb8d02b41207f159c7ec8f646e68e751e4099823ad9aafc5	743	none	0	0	build_orbital_idx_sgn_matrices@20; build_qp_trans_matrices@99; update_slater_elm_fcmp!@187; build_orbital_idx_sgn_matrices_fsz@401; update_slater_elm_fsz!@568; set_slater_elm!@616	Production source; nonexport/internal definitions inventoried, not additional public API promises	vmc_para_opt	Optimization; real/cmp/FSZ; nsteps/nsmp; direct or standard CG; grouped direct within validator; grouped CG rejected	cargo nextest run --locked --cargo-profile test-fast -p mvmc-core --test run_smoke --test runner_config --no-fail-fast --retries 0	n_sp_gauss_leg = max(1, data.modpara.nsp_gauss_leg);n_mp_trans = max(1, data.modpara.nmp_trans);n_sp_gauss_leg = max(1, data.modpara.nsp_gauss_leg);n_mp_trans = max(1, data.modpara.nmp_trans)	SOURCE INVENTORY ONLY; not runtime verification	#180/#179	0	issue-184-assertion-audit.tsv source=MVMCOptimizers.jl/src/slater_update.jl	PARTIAL: source syntax inventoried; exact assertion/loop/InterAll block classification pending; focused rows do not close entire file
F055	MVMCOptimizers.jl/src/stochastic_opt.jl	d43895a547efb1d8444358b62dc762b481faee58c69afea34fcf28b3f5c9eab7	1143	none	0	0	get_opt_flag_for_parameter@21; _rbm_parameter_sections@28; _parameter_count_breakdown@45; _ParameterLocation@71; _foreach_parameter_location@77; _foreach_parameter_location_at@129; _parameter_location_value@186; _set_parameter_location_value!@204; get_parameter_value@235; _set_parameter_value_direct!@244; _add_parameter_delta_direct!@259; update_parameter_value@286; build_s_matrix_and_g_vector!@322; stochastic_opt!@391; xdot@581; _write_cg_srinfo!@589; CGWorkspace@648; CGWorkspace@661; stochastic_opt_cg_init!@695; operate_by_s!@781; stochastic_opt_cg_main!@846; stochastic_opt_cg!@953	Production source; nonexport/internal definitions inventoried, not additional public API promises	stochastic_opt_cg	Direct/standard SR-CG driven by ModPara; grouped CG and unsupported submodes rejected; synthetic peer-failure rollback local contract	cargo nextest run --locked --cargo-profile test-fast -p mvmc-core --lib --test sr_cg --no-fail-fast --retries 0	stcOs_real::Matrix{Float64} # Sample data O_real [nSmat, NVMCSample];stcOs_imag::Matrix{Float64} # Sample data O_imag [nSmat, NVMCSample] (for complex);y_real::Vector{Float64} # Temporary: [NVMCSample];y_imag::Vector{Float64} # Temporary: [NVMCSample] (for complex)	SOURCE INVENTORY ONLY; not runtime verification	#180/#179/#178	0	issue-184-assertion-audit.tsv source=MVMCOptimizers.jl/src/stochastic_opt.jl	PARTIAL: source syntax inventoried; exact assertion/loop/InterAll block classification pending; focused rows do not close entire file
F056	MVMCOptimizers.jl/src/threading.jl	a1a7c13b77611172a831520e4cc36b981361cb96d82630b4fbd9283e84681299	727	none	0	0	with_pfapack_call_lock@32; copy_real_to_complex!@57; copy_complex_realpart!@77; VMCEnergyAccumulator@97; clear_energy_accumulator!@108; accumulate_energy!@117; merge_energy_accumulator!@134; merge_energy_accumulator!@143; merge_energy_accumulators!@152; VMCSROptAccumulator@159; VMCSROptAccumulator@170; clear_sropt_accumulator!@183; clear_sropt_store!@195; merge_sropt_accumulator!@201; merge_sropt_accumulator!@211; merge_sropt_accumulators!@221; VMCPhysAccumulator@228; VMCPhysAccumulator@253; clear_phys_accumulator!@267; merge_phys_accumulator!@280; merge_phys_accumulator!@291; merge_phys_accumulators!@302; VMCCounterAccumulator@310; record_counter!@316; merge_counter_accumulator!@323; merge_counter_accumulator!@335; merge_counter_accumulators!@347; VMCMainCalScratch@354; VMCMainCalScratch@383; ctimer_add_elapsed!@421; ctimer_merge!@430; ctimer_merge_all!@437; VMCThreadAccumulator@444; VMCThreadAccumulator@456; _resize_only!@476; _resize_fill!@485; _resize_sropt_accumulator!@511; reset_sropt_accumulator_for_maincal!@524; reset_phys_accumulator!@569; reset_phys_accumulator!@582; reset_counter_accumulator!@623; reset_main_cal_scratch!@628; reset_thread_accumulator!@645; main_cal_accumulator!@683; merge_thread_accumulator!@715	Production source; nonexport/internal definitions inventoried, not additional public API promises	inner_thread_config	MVMC_RS_INNER_THREADS/MVMC_RS_INNER_THRESHOLD; default1/32; no parallel RNG; BLAS workers separate	cargo nextest run --locked --cargo-profile test-fast -p mvmc-core --test threaded_issue182 --no-fail-fast --retries 0	Base.Threads.nthreads() > 1;threshold = max(Int(min_work_per_thread), Base.Threads.nthreads());Base.Threads.@threads :static for i = 1:n_copy;Base.Threads.@threads :static for i = 1:n_copy;nsrcg::Bool;nsrcg::Bool = false,;nsrcg,;nsrcg::Bool,;return nsrcg ? 2 * size_2 : size_2 * size_2;return nsrcg ? 2 * sr.sr_opt_size : sr.sr_opt_size * sr.sr_opt_size;nsrcg::Bool = false,;_maincal_active_sr_opt_oo_length(sr; all_complex = true, nsrcg = nsrcg),;_maincal_active_sr_opt_oo_length(sr; all_complex = false, nsrcg = nsrcg),;nsrcg::Bool = false,;acc.nsrcg == nsrcg;nsrcg = nsrcg,;acc.nsrcg = nsrcg;nsrcg::Bool = false,;nsrcg = nsrcg,;nsrcg = nsrcg,	SOURCE INVENTORY ONLY; not runtime verification	#182	0	issue-184-assertion-audit.tsv source=MVMCOptimizers.jl/src/threading.jl	PARTIAL: source syntax inventoried; exact assertion/loop/InterAll block classification pending; focused rows do not close entire file
F057	MVMCOptimizers.jl/src/types.jl	e9b82824ada331af0ae9e77d930edc708bec92be45344933d3f9a2b110f9c730	358	none	0	0	EnergyData@10; EnergyData@17; SROptData@27; SROptData@43; OptDataPoint@79; ElectronConfiguration@89; ElectronConfiguration@113; SlaterMatrixData@176; SlaterMatrixData@186; SamplingWorkspace@223; SamplingWorkspace@248; PhysicalQuantities@270; PhysicalQuantities@301; VMCOptimizationState@327; VMCOptimizationState@336	Production source; nonexport/internal definitions inventoried, not additional public API promises	VmcOptimizationState	No direct type CLI; runner state derives widths/modes; validation before initialization	cargo nextest run --locked --cargo-profile test-fast -p mvmc-core --lib -E 'test(mode_tests)' --no-fail-fast --retries 0	# Full Lanczos R1 accumulator: QQQQ tensor flattened in C order.;# Full Lanczos mode2 Green accumulators, flattened as	SOURCE INVENTORY ONLY; not runtime verification	#184/#180/#181	0	issue-184-assertion-audit.tsv source=MVMCOptimizers.jl/src/types.jl	PARTIAL: source syntax inventoried; exact assertion/loop/InterAll block classification pending; focused rows do not close entire file
F058	MVMCOptimizers.jl/src/unsupported_inputs.jl	ff43c4ae741b67d7fed97a3aa790cb0fca733841de2d148c0882ff15bf22e828	251	none	0	0	validate_supported_modpara@36; validate_supported_para_opt_modpara@89; _has_opt_trans_derived_qp_sectors@109; validate_supported_para_opt_data@123; validate_supported_phys_cal_modpara@162; validate_supported_phys_cal_data@174; validate_supported_para_opt_parallel_modpara@244	Production source; nonexport/internal definitions inventoried, not additional public API promises	validate_phys_cal	Same grouped support validators library/CLI; no output before rejection; valid normal grouped PhysCal accepted	cargo nextest run --locked --cargo-profile test-fast -p mvmc-core -p mvmc-cli --test runtime_contract --no-fail-fast --retries 0	- `NSplitSize < 1` (i.e. `0` or negative): invalid value. NSplitSize is a;- `NLanczosMode < 0` or `NLanczosMode > 2`: invalid / unknown values. Entry;`NSplitSize >= 1`, `NLanczosMode = 0/1/2`, and `NSRCG <= 1` are the globally;if modpara.nsplit_size < 1;"NSplitSize must be >= 1; got NSplitSize = $(modpara.nsplit_size).",;"NLanczosMode must be 0, 1, or 2; got NLanczosMode = " *;if modpara.nsrcg >= 2;"(NSRCG = 1) only (got NSRCG = $(modpara.nsrcg)). " *;`NSplitSize > 1` is supported for the direct SR solver (`NSRCG = 0`) by;`NSplitSize = 1` until its sampled matrix-vector product is made comm1-aware.;"NLanczosMode > 0 is not supported for parameter optimization in " *;"Julia-mVMC (got NLanczosMode = $(modpara.lanczos_mode)). " *;"Use NLanczosMode = 0 for ParaOpt, or run physical measurement " *;"with NLanczosMode = 1 or 2.",;if modpara.nsplit_size > 1 && modpara.nsrcg != 0;"NSplitSize > 1 with SR-CG is not supported: sample splitting by " *;"NSplitSize is currently implemented only for the direct SR solver " *;"(NSRCG = 0), got NSplitSize = $(modpara.nsplit_size), " *;"NSRCG = $(modpara.nsrcg). Set NSRCG = 0 or NSplitSize = 1.",;ModPara. `NSplitSize > 1` supports standard-projection `NQPFull > 1` when;if data.modpara.nsplit_size > 1;(data.modpara.nsp_gauss_leg > 1 || abs(data.modpara.nmp_trans) > 1);"NSplitSize > 1 with FSZ standard-projection NQPFull > 1 " *;"NSplitSize = $(data.modpara.nsplit_size), " *;"NSPGaussLeg = $(data.modpara.nsp_gauss_leg), " *;"NMPTrans = $(data.modpara.nmp_trans). Use NSplitSize = 1 " *;"NSplitSize > 1 with NQPOptTrans > 1 / OptTrans is not " *;"NSplitSize = $(data.modpara.nsplit_size), " *;"NQPOptTrans = $(data.n_qp_opt_trans). Use NSplitSize = 1 " *;Physical-measurement support for `NSplitSize > 1` is scoped by parsed data:;Full Lanczos, and OptTrans-derived split combinations are rejected by;`NSplitSize > 1` is currently limited to sz-conserved normal Green paths.;Full Lanczos is limited to `NSplitSize = 1` on the sz-conserved path;;FSZ/general-orbital Lanczos remains separate work.;if data.modpara.nsplit_size > 1;"NSplitSize > 1 is not supported for FSZ / general-orbital " *;"PhysCal in Julia-mVMC (got NSplitSize = " *;"$(data.modpara.nsplit_size), i_flg_orbital_general = " *;"NSplitSize > 1 with NLanczosMode > 0 is not supported for " *;"PhysCal in Julia-mVMC (got NSplitSize = " *	SOURCE INVENTORY ONLY; not runtime verification	#178	0	issue-184-assertion-audit.tsv source=MVMCOptimizers.jl/src/unsupported_inputs.jl	PARTIAL: source syntax inventoried; exact assertion/loop/InterAll block classification pending; focused rows do not close entire file
F059	MVMCOptimizers.jl/src/vmc_main_cal.jl	16def1b75c5a8b36462884983c18a4422882b62d3bb45543baf699756b8839d0	4637	none	0	0	clear_phys_quantity!@18; proj_ratio@48; log_proj_ratio_noalloc@56; proj_ratio_noalloc@123; calh1_proj_ratio_no_dh_after_move@177; _prepare_calh1_direct_projection_cache!@222; calh1_proj_ratio_no_dh_after_move@269; proj_rbm_ratio@315; green_func1@350; green_func1_real_value!@436; green_func1_real!@540; green_func1_fsz@596; green_func1_fsz2@693; green_func2_fsz@803; green_func2_fsz2@1045; green_func2@1311; _prepare_calham1_real_transfer_cache!@1543; _ensure_calham1_thread_scratch!@1594; _calculate_hamiltonian1_real_fast_seq!@1633; _calculate_hamiltonian1_real_fast_threaded!@1675; calculate_hamiltonian1_real_fast!@1739; calculate_hamiltonian@1802; calculate_hamiltonian_fsz@2112; _build_slater_trans_orb_fcmp_fast!@2417; _accumulate_slater_buffer_fcmp_fast!@2464; _store_slater_sr_opt_o_fast!@2531; slater_elm_diff_fcmp!@2562; slater_elm_diff_fsz!@2914; opt_trans_diff!@3104; find_orbital_idx@3144; get_spin_proj_params@3158; set_projection_diff!@3193; set_rbm_diff!@3217; calculate_oo!@3392; calculate_oo_real!@3444; calculate_oo_store!@3499; calculate_oo_store_real!@3540; finalize_oo_store!@3576; finalize_oo_store_real!@3659; vmc_main_cal!@3730; process_sample_range!@3782; calculate_sz_fsz@4364; vmc_main_cal_fsz!@4384; process_sample_range_fsz!@4417; vmc_bf_main_cal!@4633	Production source; nonexport/internal definitions inventoried, not additional public API promises	accumulate_two_body_gex_sample	Via --physcal for normal/FSZ Green; grouped normal only; standalone Green routines library-only	cargo nextest run --locked --cargo-profile test-fast -p mvmc-core --test two_body_green --test physcal_issue181 --no-fail-fast --retries 0	n_threads = Base.Threads.maxthreadid();Base.Threads.@threads :static for k = 1:n_terms;tid = Base.Threads.threadid();n_mp_trans = abs(data.modpara.nmp_trans);n_sp_gauss_leg = data.modpara.nsp_gauss_leg;n_mp_trans = abs(data.modpara.nmp_trans);n_sp_gauss_leg = data.modpara.nsp_gauss_leg;n_sp = data.modpara.nsp_gauss_leg;Base.Threads.@threads :static for j = 0:(size_2-1);Base.Threads.@threads :static for i = 2:(size_2-1);Base.Threads.@threads :static for i = 1:sr_opt_size;Base.Threads.@threads :static for i = 1:sr_opt_size;Base.Threads.@threads :static for i = 0:(size_2-1);Base.Threads.@threads :static for i = 1:sr_opt_size;nsrcg::Bool = false,;if nsrcg;Base.Threads.@threads :static for i = 1:size_2;Base.Threads.@threads :static for i = 1:size_2;Finalize real <O O> from stored samples. With `nsrcg=true`, mirrors C;nsrcg::Bool = false,;if nsrcg;Base.Threads.@threads :static for i = 1:sr_opt_size;use_sr_store = (use_store && data.modpara.nstore_o != 0) || data.modpara.nsrcg != 0;nsrcg = data.modpara.nsrcg != 0,;nsrcg = data.modpara.nsrcg != 0,;nsrcg = data.modpara.nsrcg != 0,;use_sr_store = data.modpara.nstore_o != 0 || data.modpara.nsrcg != 0;nsrcg = data.modpara.nsrcg != 0,;nsrcg = data.modpara.nsrcg != 0,	SOURCE INVENTORY ONLY; not runtime verification	#181	0	issue-184-assertion-audit.tsv source=MVMCOptimizers.jl/src/vmc_main_cal.jl	PARTIAL: source syntax inventoried; exact assertion/loop/InterAll block classification pending; focused rows do not close entire file
F060	MVMCOptimizers.jl/src/vmc_para_opt.jl	a17e7cab2e3ce7e1e1046d621aead2743acc0a84a080df772c9a396b6260a316	450	none	0	0	vmc_para_opt!@77; get_all_complex_flag@371; get_n_qp_full@412; convert_to_real_arrays!@420; convert_from_real_arrays!@436	Production source; nonexport/internal definitions inventoried, not additional public API promises	vmc_para_opt	Optimization; real/cmp/FSZ; nsteps/nsmp; direct or standard CG; grouped direct within validator; grouped CG rejected	cargo nextest run --locked --cargo-profile test-fast -p mvmc-core --test run_smoke --test runner_config --no-fail-fast --retries 0	When `nothing`, a fresh `SFMT19937RNG()` is constructed and seeded via;`resolve_rnd_seed(ctx, data.modpara.rnd_seed, nothing)` — the same C-parity;rule as `run_para_opt_from_namelist` (`< 0` → rank0 time seed + bcast,;under MPI; see `resolve_rnd_seed`).;is responsible for seeding it. This applies to both `SFMT19937RNG` and;seed / parameter / QP-weight initialization in the C-compatible order;for you. If you do it by hand, seed an `SFMT19937RNG` first because;`SFMT19937RNG()` without a `Random.seed!` raises an error on first;actual_seed = MVMCOptimizers.resolve_rnd_seed(;MVMCOptimizers.serial_context(), data.modpara.rnd_seed, nothing);Random.seed!(rng, actual_seed);# will not re-seed it).;supported and follows the same seed convention as above; just remember;needs its own seeded RNG.;# If no RNG was passed in, fall back to a SFMT19937RNG seeded with the;# same C-parity rule as run_para_opt_from_namelist (resolve_rnd_seed:;# < 0 → rank0 time seed + bcast, == 0 → 0, > 0 → value, + ctx.group1).;Random.seed!(rng, resolve_rnd_seed(ctx, data.modpara.rnd_seed, nothing));n_sr_cg = data.modpara.nsrcg # 0 = direct solver (LAPACK), !=0 = CG solver;if data.modpara.nmp_trans < 0;data.modpara.nmp_trans = abs(data.modpara.nmp_trans);@debug "NMPTrans was negative (anti-periodic BC), converted to $(data.modpara.nmp_trans)";elseif data.modpara.nmp_trans == 0;data.modpara.nmp_trans = 1;nsrcg = data.modpara.nsrcg != 0,;n_sp_gauss_leg = max(1, data.modpara.nsp_gauss_leg) # Ensure at least 1;n_mp_trans = max(1, data.modpara.nmp_trans) # Ensure at least 1 (handle -1 case)	SOURCE INVENTORY ONLY; not runtime verification	#180/#179	0	issue-184-assertion-audit.tsv source=MVMCOptimizers.jl/src/vmc_para_opt.jl	PARTIAL: source syntax inventoried; exact assertion/loop/InterAll block classification pending; focused rows do not close entire file
F061	MVMCOptimizers.jl/src/vmc_phys_cal.jl	6dd6136057f1ed93a9e7d0b33518cd1b1d434b1595e3fb324b307a9bbebe03bf	336	none	0	0	vmc_phys_cal!@41; init_file_phys_cal!@282; output_data_phys!@300; close_file_phys_cal!@332	Production source; nonexport/internal definitions inventoried, not additional public API promises	vmc_phys_cal_with_reducer_and_callback	--physcal PATH; serial normal/FSZ; grouped normal Green accepted; grouped FSZ/Lanczos/OptTrans multi-sector rejected; callback library-only	MVMC_RS_PHYSCAL_181=1 cargo nextest run --locked --cargo-profile test-fast -p mvmc-core --test physcal_issue181 --run-ignored only --no-fail-fast --retries 0	When `nothing`, a fresh `SFMT19937RNG()` is constructed and seeded;with the C-parity `resolve_rnd_seed` rule (`0` → `0`, `< 0` → rank0;time seed + bcast, positive → that value, plus MPI `group1` offset),;caller is responsible for seeding it.;# Initialize RNG if not provided. Match the C-compatible seed convention;# Note: Do NOT re-seed an existing RNG - the caller should manage seeds.;actual_seed = resolve_rnd_seed(ctx, data.modpara.rnd_seed, nothing);Random.seed!(rng, actual_seed);# If rng is provided, use it as-is (caller manages the seed);if data.modpara.nmp_trans < 0;data.modpara.nmp_trans = abs(data.modpara.nmp_trans);@debug "NMPTrans was negative (anti-periodic BC), converted to $(data.modpara.nmp_trans)";elseif data.modpara.nmp_trans == 0;data.modpara.nmp_trans = 1	SOURCE INVENTORY ONLY; not runtime verification	#174/#175/#178/#181/#179	0	issue-184-assertion-audit.tsv source=MVMCOptimizers.jl/src/vmc_phys_cal.jl	PARTIAL: source syntax inventoried; exact assertion/loop/InterAll block classification pending; focused rows do not close entire file
F062	MVMCOptimizers.jl/src/vmc_sampling.jl	d9d47beccbe947721ee45a41c04f5cd59937ac0ff62cc6d761ac0397863e2c38	7046	none	0	0	get_loc_spn_array@37; debug_output_dir@48; debug_step_tag@52; dump_loc_spn_if_enabled@56; dump_elec_initial_if_enabled@79; init_loc_spn!@129; _count_dh2!@151; _count_dh4!@181; _zero_dh_tail!@212; _recompute_dh_counts!@220; make_proj_cnt!@234; update_proj_cnt!@326; has_rbm_terms@452; make_rbm_cnt@484; update_rbm_cnt_hopping!@616; log_rbm_ratio@734; log_rbm_val@826; log_proj_ratio@933; log_proj_val@956; update_ele_config!@977; revert_ele_config!@1007; make_candidate_hopping@1039; make_candidate_exchange@1107; get_update_type@1181; make_initial_sample!@1231; calculate_m_all_fcmp!@1353; calculate_new_pf_m2!@1471; calculate_new_pf_m2_fsz!@1564; calculate_log_ip_fcmp@1675; calculate_ip_fcmp@1729; update_m_all!@1780; calculate_new_pf_m_two2!@1875; calculate_new_pf_m_two_fsz!@2010; update_m_all_two!@2129; update_m_all_two_real!@2297; copy_from_burn_sample!@2462; copy_to_burn_sample!@2528; vmc_make_sample!@2603; calculate_m_all_fsz!@3331; calculate_new_pf_m_fsz!@3452; update_m_all_fsz!@3511; make_initial_sample_fsz!@3607; make_initial_sample_fsz_real!@3732; update_ele_config_fsz!@3837; revert_ele_config_fsz!@3869; vmc_make_sample_fsz!@3902; make_candidate_hopping_fsz@4498; make_candidate_local_spin_flip_conduction@4553; make_candidate_local_spin_flip_localspin@4594; make_candidate_exchange_fsz@4626; update_proj_cnt_fsz!@4689; get_jastrow_idx@4741; copy_from_burn_sample_fsz!@4798; copy_to_burn_sample_fsz!@4823; save_ele_config_fsz!@4852; update_m_all_two_fsz!@4886; calculate_m_all_real!@4914; calculate_m_all_fsz_real!@5020; calculate_log_ip_real@5074; calculate_ip_real@5115; calculate_new_pf_m2_ip_real@5214; calculate_new_pf_m2_fsz_real!@5286; calculate_new_pf_m_two2_real!@5335; calculate_new_pf_m_two2_fsz_real!@5451; update_m_all_real!@5553; update_m_all_fsz_real!@5651; update_m_all_two_fsz_real!@5729; vmc_make_sample_real!@5862; vmc_make_sample_fsz_real!@6435; vmc_bf_make_sample!@7020; vmc_bf_make_sample_real!@7038	Production source; nonexport/internal definitions inventoried, not additional public API promises	vmc_make_sample	Via optimization/PhysCal; single exact SFMT stream; RNG proposals never threaded	cargo nextest run --locked --cargo-profile test-fast -p mvmc-core --lib --test real_fsz_sampling --no-fail-fast --retries 0	# C: if(outStep >= nOutStep-NVMCSample) where nOutStep = NVMCWarmUp+NVMCSample;# Note: Half-filling check (n0 + n1 == 1 for each site) only applies to pure spin models;# For itinerant electron models (Hubbard: nlocspin == 0) or Kondo (ncond > 0),;# C: if (outStep >= nOutStep - NVMCSample) { sample = outStep - (nOutStep - NVMCSample); }	SOURCE INVENTORY ONLY; not runtime verification	#180/#181/#179	0	issue-184-assertion-audit.tsv source=MVMCOptimizers.jl/src/vmc_sampling.jl	PARTIAL: source syntax inventoried; exact assertion/loop/InterAll block classification pending; focused rows do not close entire file
F063	MVMCOptimizers.jl/src/weight_average.jl	9df40ead19d28eb8e533063c7bfdae40915621878a31d4f0127de2e35d8cb972	263	none	0	0	weight_average_we!@15; weight_average_we!@40; weight_average_sr_opt!@82; weight_average_sr_opt!@101; weight_average_sr_opt_real!@138; weight_average_sr_opt_real!@158; weight_average_sr_opt_real!@166; weight_average_green_func!@203; weight_average_green_func!@233	Production source; nonexport/internal definitions inventoried, not additional public API promises	weight_average_we	Internal runner normalization; output-root warning scope; physical zero-weight handling not established by zero-rank synthetic tests	cargo nextest run --locked --cargo-profile test-fast -p mvmc-core --test runtime_contract --lib --no-fail-fast --retries 0	@inline function active_sr_opt_oo_real_length(sr::SROptData; nsrcg::Bool = false);return nsrcg ? 2 * sr.sr_opt_size : sr.sr_opt_size * sr.sr_opt_size;function weight_average_sr_opt_real!(state::VMCOptimizationState; nsrcg::Bool = false);oo_len = min(active_sr_opt_oo_real_length(state.sr_opt; nsrcg = nsrcg),;nsrcg::Bool = false,;return weight_average_sr_opt_real!(ctx, state, CTIMER_DISABLED; nsrcg = nsrcg);nsrcg::Bool = false,;ctx.is_mpi || return weight_average_sr_opt_real!(state; nsrcg = nsrcg);ctx.size0 <= 1 && return weight_average_sr_opt_real!(state; nsrcg = nsrcg);oo_len = min(active_sr_opt_oo_real_length(state.sr_opt; nsrcg = nsrcg),	SOURCE INVENTORY ONLY; not runtime verification	#179/#181	0	issue-184-assertion-audit.tsv source=MVMCOptimizers.jl/src/weight_average.jl	PARTIAL: source syntax inventoried; exact assertion/loop/InterAll block classification pending; focused rows do not close entire file
F064	MVMCOptimizers.jl/src/workspace.jl	8d918bda0d8c63f07f558fec63e17d2aaaed86f14a46fea84f59e0972be574ee	169	none	0	0	PfaPackWorkspace@27; PfaPackWorkspace@51; ThreadedPfaPackWorkspace@103; ThreadedPfaPackWorkspace@121; ensure_thread_capacity!@158	Production source; nonexport/internal definitions inventoried, not additional public API promises	vmc_para_opt	Optimization; real/cmp/FSZ; nsteps/nsmp; direct or standard CG; grouped direct within validator; grouped CG rejected	cargo nextest run --locked --cargo-profile test-fast -p mvmc-core --test run_smoke --test runner_config --no-fail-fast --retries 0	using Base.Threads	SOURCE INVENTORY ONLY; not runtime verification	#180/#179	0	issue-184-assertion-audit.tsv source=MVMCOptimizers.jl/src/workspace.jl	PARTIAL: source syntax inventoried; exact assertion/loop/InterAll block classification pending; focused rows do not close entire file
F065	MVMCOptimizers.jl/test/runtests.jl	76e78adf87222615e24c2e1373a9f7417e9e46d04c18e8810b521c755cfcff82	85	none	5	0	none	Test/reference/example/helper source; scenarios separately mapped; no silent exclusion	vmc_para_opt	Optimization; real/cmp/FSZ; nsteps/nsmp; direct or standard CG; grouped direct within validator; grouped CG rejected	cargo nextest run --locked --cargo-profile test-fast -p mvmc-core --test run_smoke --test runner_config --no-fail-fast --retries 0	No explicit scalar overrides extracted; exact scenario settings/source in scenarios TSV	SOURCE INVENTORY ONLY; not runtime verification	#180/#179	10	issue-184-assertion-audit.tsv source=MVMCOptimizers.jl/test/runtests.jl	PARTIAL: source syntax inventoried; exact assertion/loop/InterAll block classification pending; focused rows do not close entire file
F066	MVMCOptimizers.jl/test/test_slater_update.jl	840d0d4d6a1474ff3d10188033c29ae969b837a32d638d4f64d1af9dedeed613	367	none	7	0	test_build_qp_trans_matrices_success@36; test_build_qp_trans_matrices_error@92; test_build_qp_trans_matrices_qp_opt_trans@118; test_update_slater_elm_fcmp_basic@162; test_update_slater_elm_fcmp_missing_qp_weights@237; test_update_slater_elm_fcmp_with_real_data@297	Test/reference/example/helper source; scenarios separately mapped; no silent exclusion	vmc_para_opt	Optimization; real/cmp/FSZ; nsteps/nsmp; direct or standard CG; grouped direct within validator; grouped CG rejected	cargo nextest run --locked --cargo-profile test-fast -p mvmc-core --test run_smoke --test runner_config --no-fail-fast --retries 0	data.modpara.nsp_gauss_leg = 1;data.modpara.nmp_trans = 2;data.modpara.nsp_gauss_leg * data.modpara.nmp_trans * data.n_qp_opt_trans;data.modpara.nsp_gauss_leg = 1;data.modpara.nmp_trans = 2;# Initialize parameters with seeded RNG;Random.seed!(rng, data.modpara.rnd_seed);data.modpara.nsp_gauss_leg * abs(data.modpara.nmp_trans) * data.n_qp_opt_trans	SOURCE INVENTORY ONLY; not runtime verification	#180/#179	31	issue-184-assertion-audit.tsv source=MVMCOptimizers.jl/test/test_slater_update.jl	PARTIAL: source syntax inventoried; exact assertion/loop/InterAll block classification pending; focused rows do not close entire file
F067	MVMCOptimizers.jl/test_unit/helpers/mock_data.jl	89d4dd8b70646f83dcba83c14fdd6e828009e9a1622c02a401e281b918b5a641	113	none	0	0	make_mock_data_for_rbm_tests@22; make_minimal_data_for_rbm_diff_tests@81; make_mock_data_for_proj_tests@87	Test/reference/example/helper source; scenarios separately mapped; no silent exclusion	format_c_double	No reference-generator/mock/benchmark/build-adapter CLI obligation	SOURCE_ONLY: no production obligation; optional reference-tool invocation only	No explicit scalar overrides extracted; exact scenario settings/source in scenarios TSV	SOURCE INVENTORY ONLY; not runtime verification	#184	0	issue-184-assertion-audit.tsv source=MVMCOptimizers.jl/test_unit/helpers/mock_data.jl	PARTIAL: source syntax inventoried; exact assertion/loop/InterAll block classification pending; focused rows do not close entire file
F068	MVMCOptimizers.jl/test_unit/helpers/mock_state.jl	30ab95c0afc1b6047ff6eb81ad9ea8293c2f22806407d4a91756e8043d866ae9	54	none	0	0	make_ele_num@19; apply_hop@40	Test/reference/example/helper source; scenarios separately mapped; no silent exclusion	format_c_double	No reference-generator/mock/benchmark/build-adapter CLI obligation	SOURCE_ONLY: no production obligation; optional reference-tool invocation only	No explicit scalar overrides extracted; exact scenario settings/source in scenarios TSV	SOURCE INVENTORY ONLY; not runtime verification	#184	0	issue-184-assertion-audit.tsv source=MVMCOptimizers.jl/test_unit/helpers/mock_state.jl	PARTIAL: source syntax inventoried; exact assertion/loop/InterAll block classification pending; focused rows do not close entire file
F069	MVMCOptimizers.jl/test_unit/test_unit_parallel.jl	a2b582f61dc981c318f817fc0575cfadfdb8c93e34c5679aeaf7fdae48be5050	318	none	15	0	none	Test/reference/example/helper source; scenarios separately mapped; no silent exclusion	partition_range	--features mpi and detected launcher; root-only stdout/output; no JULIA_MVMC_MPI env compatibility promise	cargo nextest run --locked --cargo-profile test-fast -p mvmc-core --features mpi --test mpi_issue179_collectives --test mpi_issue179_state --no-fail-fast --retries 0	(3, 2) => [(0, 1), (1, 3)], # F8: size0=3, NSplitSize=2 相当;# size0=3, NSplitSize=2: 最後の group が小さい (F8, warning のみで継続);using MVMCOptimizers: resolve_rnd_seed;@testset "resolve_rnd_seed C parity (spec §5-1, A5)" begin;@test resolve_rnd_seed(ctx, 11272, nothing) == 11272 # missing → parser default;@test resolve_rnd_seed(ctx, 0, nothing) == 0 # RndSeed==0 → seed 0 (C parity);@test resolve_rnd_seed(ctx, 123, nothing) == 123 # 正値;t = resolve_rnd_seed(ctx, -1, nothing) # 負値 → 時刻 seed;@test resolve_rnd_seed(ctx, 123, 777) == 777 # 明示 seed kwarg が優先;@test resolve_rnd_seed(ctx2, 100, nothing) == 103;modpara.nsrcg = 1;serial_modpara.nsrcg = 1;split_direct_modpara.nsplit_size = 2;split_direct_modpara.nsrcg = 0;split_cg_modpara.nsplit_size = 2;split_cg_modpara.nsrcg = 1;@test occursin("NSplitSize > 1 with SR-CG", sprint(showerror, err));modpara.nsrcg = 2;@testset "ModPara rnd_seed default matches C readdef.c:1967 (review F2)" begin;@test MVMCExpertModeParsers.ModParaParameters().rnd_seed == 11272	SOURCE INVENTORY ONLY; not runtime verification	#177/#178/#179	81	issue-184-assertion-audit.tsv source=MVMCOptimizers.jl/test_unit/test_unit_parallel.jl	PARTIAL: source syntax inventoried; exact assertion/loop/InterAll block classification pending; focused rows do not close entire file
F070	MVMCOptimizers.jl/test_unit/test_unit_parameter_sync.jl	49937cd1879e850aea8992d5ddafba96c5d1b1fcfe56261b94ff230bb8e0b171	305	none	14	0	none	Test/reference/example/helper source; scenarios separately mapped; no silent exclusion	sync_modified_parameter_local	Runner initialization/SR; initial.def auto|none|path; --physcal fixed record plus explicit In overlays	cargo nextest run -p mvmc-core --test issue184_assertion_contracts --cargo-profile test-fast --locked --no-fail-fast --retries 0	DH2/DH4 fixed real flags,no explicit flags,exact coefficients unchanged;DH->Gutz->GJ order;remaining file assertions unverified individually	SOURCE INVENTORY; focused linked assertion contracts: PASS focused analytical/synthetic contracts only: 6/6,0 skipped,exit0,0.006s; owner run 8687fb98-2035-4ff4-a43d-10b397562073; parent independent report b7e65ca3 exit0 6/6; Linux x86_64; test SHA256 ef828d7b76c1778dade2d528701fa4055a05c0b66362c37a99b294965e9c27cd; dirty shared source, not frozen full-workspace validation; Julia reference 8bb1b9e8ae47b1512c00b321be05664ddcac0fd1; C parameter.c SHA25646ad04622f4475337028cee633bd76ce318a6d5058d03f202b55204500399fb0; not whole-file assertion closure	#180/#181/#184	35	issue-184-assertion-audit.tsv source=MVMCOptimizers.jl/test_unit/test_unit_parameter_sync.jl	PARTIAL: source syntax inventoried; exact assertion/loop/InterAll block classification pending; focused rows do not close entire file
F071	MVMCOptimizers.jl/test_unit/test_unit_physcal_factored_green.jl	6c69a832c474156c45711a2f2da13f72f4789aa6d06d8bda435cb55573eada12	540	none	18	0	none	Test/reference/example/helper source; scenarios separately mapped; no silent exclusion	accumulate_two_body_gex_sample	Via --physcal for normal/FSZ Green; grouped normal only; standalone Green routines library-only	cargo nextest run --locked --cargo-profile test-fast -p mvmc-core --test two_body_green --test physcal_issue181 --no-fail-fast --retries 0	@testset "Lanczos QQQQ accumulation uses C flatten order" begin;@testset "Lanczos mode2 QCAQ accumulation uses C flatten order" begin;@testset "output: Lanczos R1 writes ls_out and ls_qqqq" begin;@testset "output: Lanczos mode2 writes LS Green files" begin;@testset "output: Lanczos singular alpha writes NaN without aborting" begin;@test_logs (:warn, r"Lanczos energy could not be calculated") MVMCOptimizers.output_green_func!(;@testset "Lanczos mode2 rejects duplicate greenone entries without TwoBodyGEx" begin	SOURCE INVENTORY ONLY; not runtime verification	#181	99	issue-184-assertion-audit.tsv source=MVMCOptimizers.jl/test_unit/test_unit_physcal_factored_green.jl	PARTIAL: source syntax inventoried; exact assertion/loop/InterAll block classification pending; focused rows do not close entire file
F072	MVMCOptimizers.jl/test_unit/test_unit_read_opt_para.jl	744bc2248c39395399a6c05341d5eed140471e692236cc2207458ceec178d86c	252	none	7	0	_capture_msg@15; _make_data@26	Test/reference/example/helper source; scenarios separately mapped; no silent exclusion	sync_modified_parameter_local	Runner initialization/SR; initial.def auto|none|path; --physcal fixed record plus explicit In overlays	cargo nextest run --locked --cargo-profile test-fast -p mvmc-core --test initial_params --no-fail-fast --retries 0	No explicit scalar overrides extracted; exact scenario settings/source in scenarios TSV	SOURCE INVENTORY ONLY; not runtime verification	#180/#181/#184	35	issue-184-assertion-audit.tsv source=MVMCOptimizers.jl/test_unit/test_unit_read_opt_para.jl	PARTIAL: source syntax inventoried; exact assertion/loop/InterAll block classification pending; focused rows do not close entire file
F073	MVMCOptimizers.jl/test_unit/test_unit_run_phys_cal_runner.jl	4876b305e8ffe911c633dcfc8d1c11a773d27ce3d2f4b3afef6e4797de2a0ad2	32	none	1	0	none	Test/reference/example/helper source; scenarios separately mapped; no silent exclusion	vmc_phys_cal_with_reducer_and_callback	--physcal PATH; serial normal/FSZ; grouped normal Green accepted; grouped FSZ/Lanczos/OptTrans multi-sector rejected; callback library-only	cargo nextest run -p mvmc-core --test issue184_assertion_contracts --cargo-profile test-fast --locked --no-fail-fast --retries 0	invalid mode before missing input I/O; missing required fixed arg is compile-time Rust API difference	SOURCE INVENTORY; focused linked assertion contracts: PASS focused analytical/synthetic contracts only: 6/6,0 skipped,exit0,0.006s; owner run 8687fb98-2035-4ff4-a43d-10b397562073; parent independent report b7e65ca3 exit0 6/6; Linux x86_64; test SHA256 ef828d7b76c1778dade2d528701fa4055a05c0b66362c37a99b294965e9c27cd; dirty shared source, not frozen full-workspace validation; Julia reference 8bb1b9e8ae47b1512c00b321be05664ddcac0fd1; C parameter.c SHA25646ad04622f4475337028cee633bd76ce318a6d5058d03f202b55204500399fb0; not whole-file assertion closure	#174/#175/#178/#181/#179	3	issue-184-assertion-audit.tsv source=MVMCOptimizers.jl/test_unit/test_unit_run_phys_cal_runner.jl	PARTIAL: source syntax inventoried; exact assertion/loop/InterAll block classification pending; focused rows do not close entire file
F074	MVMCOptimizers.jl/test_unit/test_unit_slater_update.jl	918404343ce6a4025254d13a4bbf84ef7052ae9fea859bc2c3f1b3431db4b19e	82	none	4	0	none	Test/reference/example/helper source; scenarios separately mapped; no silent exclusion	vmc_para_opt	Optimization; real/cmp/FSZ; nsteps/nsmp; direct or standard CG; grouped direct within validator; grouped CG rejected	cargo nextest run --locked --cargo-profile test-fast -p mvmc-core --test run_smoke --test runner_config --no-fail-fast --retries 0	No explicit scalar overrides extracted; exact scenario settings/source in scenarios TSV	SOURCE INVENTORY ONLY; not runtime verification	#180/#179	16	issue-184-assertion-audit.tsv source=MVMCOptimizers.jl/test_unit/test_unit_slater_update.jl	PARTIAL: source syntax inventoried; exact assertion/loop/InterAll block classification pending; focused rows do not close entire file
F075	MVMCOptimizers.jl/test_unit/test_unit_stochastic_opt.jl	81249f43449c61fdd45803f6f8bc341341e4b83b98cce20cb9afd934667e4f97	467	none	10	0	make_mock_data_for_stochastic_opt_tests@59	Test/reference/example/helper source; scenarios separately mapped; no silent exclusion	stochastic_opt_cg	Direct/standard SR-CG driven by ModPara; grouped CG and unsupported submodes rejected; synthetic peer-failure rollback local contract	cargo nextest run --locked --cargo-profile test-fast -p mvmc-core --lib --test sr_cg --no-fail-fast --retries 0	nsrcg = 1,	SOURCE INVENTORY ONLY; not runtime verification	#180/#179/#178	63	issue-184-assertion-audit.tsv source=MVMCOptimizers.jl/test_unit/test_unit_stochastic_opt.jl	PARTIAL: source syntax inventoried; exact assertion/loop/InterAll block classification pending; focused rows do not close entire file
F076	MVMCOptimizers.jl/test_unit/test_unit_threading.jl	aa35b0d2eba231b97654fc12f586468513698da61924b21982e43bd3fd0b62b4	357	none	8	0	none	Test/reference/example/helper source; scenarios separately mapped; no silent exclusion	inner_thread_config	MVMC_RS_INNER_THREADS/MVMC_RS_INNER_THRESHOLD; default1/32; no parallel RNG; BLAS workers separate	cargo nextest run --locked --cargo-profile test-fast -p mvmc-core --test threaded_issue182 --no-fail-fast --retries 0	ENV["JULIA_MVMC_INNER_THREADS"] = "0";ENV["JULIA_MVMC_INNER_THREADS"] = "1";expected = Threads.nthreads() > 1;ENV["JULIA_MVMC_INNER_THREADS"] = "true";ENV["JULIA_MVMC_INNER_THREADS"] = old;ENV["JULIA_MVMC_INNER_THREADS"] = "1";ENV["JULIA_MVMC_PFAPACK_THREADS"] = "0";ENV["JULIA_MVMC_PFAPACK_THREADS"] = "1";@test MO.vmc_pfapack_threading_requested(true) == (Threads.nthreads() > 1);ENV["JULIA_MVMC_PFAPACK_THREADS"] = "auto";ENV["JULIA_MVMC_INNER_THREADS"] = old_inner;ENV["JULIA_MVMC_PFAPACK_THREADS"] = old_pfapack;nsrcg = false,;nsrcg = false,;nsrcg = false,;nsrcg = false,;nsrcg = false,	SOURCE INVENTORY ONLY; not runtime verification	#182	96	issue-184-assertion-audit.tsv source=MVMCOptimizers.jl/test_unit/test_unit_threading.jl	PARTIAL: source syntax inventoried; exact assertion/loop/InterAll block classification pending; focused rows do not close entire file
F077	MVMCOptimizers.jl/test_unit/test_unit_types.jl	2a0dcbc76583a370c70e73d7f5624360144159891ac79070051c0689b2b0b8f6	102	none	4	0	none	Test/reference/example/helper source; scenarios separately mapped; no silent exclusion	VmcOptimizationState	No direct type CLI; runner state derives widths/modes; validation before initialization	cargo nextest run --locked --cargo-profile test-fast -p mvmc-core --lib -E 'test(mode_tests)' --no-fail-fast --retries 0	No explicit scalar overrides extracted; exact scenario settings/source in scenarios TSV	SOURCE INVENTORY ONLY; not runtime verification	#184/#180/#181	58	issue-184-assertion-audit.tsv source=MVMCOptimizers.jl/test_unit/test_unit_types.jl	PARTIAL: source syntax inventoried; exact assertion/loop/InterAll block classification pending; focused rows do not close entire file
F078	MVMCOptimizers.jl/test_unit/test_unit_unsupported_inputs.jl	16e022a8bed6684b20d605b1a7f282ce5d52a0f17bc6302ec7ff4135c6130f14	362	none	26	0	capture_error_message@10	Test/reference/example/helper source; scenarios separately mapped; no silent exclusion	validate_phys_cal	Same grouped support validators library/CLI; no output before rejection; valid normal grouped PhysCal accepted	cargo nextest run --locked --cargo-profile test-fast -p mvmc-core -p mvmc-cli --test runtime_contract --no-fail-fast --retries 0	@testset "unit/unsupported_inputs: NSplitSize contract" begin;# NSplitSize = 1 remains accepted for both serial and MPI sample-parallel;@testset "NSplitSize = 1 is accepted" begin;modpara = ModParaParameters(nsplit_size = 1);@testset "NSplitSize > 1 is accepted for direct para-opt" begin;modpara = ModParaParameters(nsplit_size = 2, nsrcg = 0);@testset "NSplitSize > 1 with SR-CG is rejected for para-opt" begin;modpara = ModParaParameters(nsplit_size = 2, nsrcg = 1);@test occursin("NSplitSize > 1 with SR-CG", msg);@testset "NSplitSize > 1 is accepted for sz-conserved PhysCal normal Green" begin;modpara = ModParaParameters(nsplit_size = 2);data.modpara.nsplit_size = 2;@testset "NSplitSize > 1 accepts standard-projection NQPFull > 1" begin;spin_data.modpara.nsplit_size = 2;spin_data.modpara.nsp_gauss_leg = 2;spin_data.modpara.nmp_trans = 1;momentum_data.modpara.nsplit_size = 2;momentum_data.modpara.nsp_gauss_leg = 1;momentum_data.modpara.nmp_trans = 4;trivial_opttrans_data.modpara.nsplit_size = 2;trivial_opttrans_data.modpara.nsp_gauss_leg = 8;trivial_opttrans_data.modpara.nmp_trans = -1;@testset "NSplitSize > 1 rejects OptTrans-derived NQPFull > 1" begin;data.modpara.nsplit_size = 2;data.modpara.nsp_gauss_leg = 1;data.modpara.nmp_trans = 1;@test occursin("NSplitSize > 1 with NQPOptTrans > 1", msg);@testset "NSplitSize > 1 rejects OptTrans-derived PhysCal split" begin;trivial.modpara.nsplit_size = 2;data.modpara.nsplit_size = 2;@test occursin("NSplitSize > 1 with NQPOptTrans > 1", msg);@testset "NSplitSize > 1 rejects unsupported PhysCal split scopes" begin;fsz_data.modpara.nsplit_size = 2;@test occursin("NSplitSize > 1", msg);lanczos_data.modpara.nsplit_size = 2;@test occursin("NSplitSize > 1 with NLanczosMode > 0", msg);@testset "NSplitSize > 1 rejects FSZ standard-projection NQPFull > 1" begin;data.modpara.nsplit_size = 2;data.modpara.nsp_gauss_leg = nsp;data.modpara.nmp_trans = nmp	SOURCE INVENTORY ONLY; not runtime verification	#178	74	issue-184-assertion-audit.tsv source=MVMCOptimizers.jl/test_unit/test_unit_unsupported_inputs.jl	PARTIAL: source syntax inventoried; exact assertion/loop/InterAll block classification pending; focused rows do not close entire file
F079	MVMCOptimizers.jl/test_unit/test_unit_vmc_main_cal_sr.jl	8600f1dc2493300a66da01fd6e97d47252ba409ee5c9eaa8a79276158ae26c7e	777	none	14	0	none	Test/reference/example/helper source; scenarios separately mapped; no silent exclusion	accumulate_two_body_gex_sample	Via --physcal for normal/FSZ Green; grouped normal only; standalone Green routines library-only	cargo nextest run --locked --cargo-profile test-fast -p mvmc-core --test two_body_green --test physcal_issue181 --no-fail-fast --retries 0	ENV["JULIA_MVMC_INNER_THREADS"] = "1";if Base.Threads.nthreads() > 1;@test length(threaded_scratch.calh1_thread_acc) == Base.Threads.maxthreadid();ENV["JULIA_MVMC_INNER_THREADS"] = old_inner_threads;nmp_trans = 1,;nsp_gauss_leg = 1,;nsrcg = false,;nsrcg = false,;nsrcg = false,;nsrcg = false,;nsrcg = false,	SOURCE INVENTORY ONLY; not runtime verification	#181	58	issue-184-assertion-audit.tsv source=MVMCOptimizers.jl/test_unit/test_unit_vmc_main_cal_sr.jl	PARTIAL: source syntax inventoried; exact assertion/loop/InterAll block classification pending; focused rows do not close entire file
F080	MVMCOptimizers.jl/test_unit/test_unit_vmc_sampling_misc.jl	7446bf5e26505fca47e965acdeaa26a8f49381b410a8a07e5cd804988d9899af	83	none	2	0	none	Test/reference/example/helper source; scenarios separately mapped; no silent exclusion	vmc_make_sample	Via optimization/PhysCal; single exact SFMT stream; RNG proposals never threaded	cargo nextest run --locked --cargo-profile test-fast -p mvmc-core --lib --test real_fsz_sampling --no-fail-fast --retries 0	No explicit scalar overrides extracted; exact scenario settings/source in scenarios TSV	SOURCE INVENTORY ONLY; not runtime verification	#180/#181/#179	15	issue-184-assertion-audit.tsv source=MVMCOptimizers.jl/test_unit/test_unit_vmc_sampling_misc.jl	PARTIAL: source syntax inventoried; exact assertion/loop/InterAll block classification pending; focused rows do not close entire file
F081	MVMCOptimizers.jl/test_unit/test_unit_vmc_sampling_proj.jl	65b987e6e80c13c489798dd1c7a5198f199928dff14920209b6ad030aa25db2c	289	none	6	0	_dh_only_data@83	Test/reference/example/helper source; scenarios separately mapped; no silent exclusion	vmc_make_sample	Via optimization/PhysCal; single exact SFMT stream; RNG proposals never threaded	cargo nextest run --locked --cargo-profile test-fast -p mvmc-core --lib --test real_fsz_sampling --no-fail-fast --retries 0	No explicit scalar overrides extracted; exact scenario settings/source in scenarios TSV	SOURCE INVENTORY ONLY; not runtime verification	#180/#181/#179	26	issue-184-assertion-audit.tsv source=MVMCOptimizers.jl/test_unit/test_unit_vmc_sampling_proj.jl	PARTIAL: source syntax inventoried; exact assertion/loop/InterAll block classification pending; focused rows do not close entire file
F082	MVMCOptimizers.jl/test_unit/test_unit_vmc_sampling_qp_split.jl	0541d5924fba8baad29267f253b1150a91521e245b80f1a1dc962405a7ead54b	38	none	3	0	qp_weight_data@7	Test/reference/example/helper source; scenarios separately mapped; no silent exclusion	partition_range	--features mpi and detected launcher; root-only stdout/output; no JULIA_MVMC_MPI env compatibility promise	cargo nextest run --locked --cargo-profile test-fast -p mvmc-core --features mpi --test mpi_issue179_collectives --test mpi_issue179_state --no-fail-fast --retries 0	No explicit scalar overrides extracted; exact scenario settings/source in scenarios TSV	SOURCE INVENTORY ONLY; not runtime verification	#177/#178/#179	9	issue-184-assertion-audit.tsv source=MVMCOptimizers.jl/test_unit/test_unit_vmc_sampling_qp_split.jl	PARTIAL: source syntax inventoried; exact assertion/loop/InterAll block classification pending; focused rows do not close entire file
F083	MVMCOptimizers.jl/test_unit/test_unit_vmc_sampling_rbm.jl	76c45b97ab885927b88216caa565625b46ee9739aa2aba8dd47603321f65afc0	84	none	2	0	none	Test/reference/example/helper source; scenarios separately mapped; no silent exclusion	vmc_make_sample	Via optimization/PhysCal; single exact SFMT stream; RNG proposals never threaded	cargo nextest run --locked --cargo-profile test-fast -p mvmc-core --lib --test real_fsz_sampling --no-fail-fast --retries 0	No explicit scalar overrides extracted; exact scenario settings/source in scenarios TSV	SOURCE INVENTORY ONLY; not runtime verification	#180/#181/#179	13	issue-184-assertion-audit.tsv source=MVMCOptimizers.jl/test_unit/test_unit_vmc_sampling_rbm.jl	PARTIAL: source syntax inventoried; exact assertion/loop/InterAll block classification pending; focused rows do not close entire file
F084	MVMCOptimizers.jl/test_unit/test_unit_weight_average.jl	a5c5605d29c5fef3026589541a5146ab3e53584f3a55887b59f3eb78a7bdf9ff	53	none	2	0	none	Test/reference/example/helper source; scenarios separately mapped; no silent exclusion	weight_average_we	Internal runner normalization; output-root warning scope; physical zero-weight handling not established by zero-rank synthetic tests	cargo nextest run --locked --cargo-profile test-fast -p mvmc-core --test runtime_contract --lib --no-fail-fast --retries 0	MVMCOptimizers.weight_average_sr_opt_real!(ctx_size1, state; nsrcg = false);MVMCOptimizers.weight_average_sr_opt_real!(state; nsrcg = true)	SOURCE INVENTORY ONLY; not runtime verification	#179/#181	6	issue-184-assertion-audit.tsv source=MVMCOptimizers.jl/test_unit/test_unit_weight_average.jl	PARTIAL: source syntax inventoried; exact assertion/loop/InterAll block classification pending; focused rows do not close entire file
F085	PfaPack.jl/benchmark/benchmark_ltl.jl	5a86df4c3a32e645769be4a6fad00a95c0416431710de2583e131ccd571c3a57	273	none	0	0	create_skew_symmetric@34; benchmark_real@44; benchmark_complex@103; run_real_benchmarks@183; run_complex_benchmarks@221	Test/reference/example/helper source; scenarios separately mapped; no silent exclusion	utu2inv_complex	No standalone kernel CLI; normal/FSZ runners use pure Rust kernels	cargo nextest run --locked --cargo-profile test-fast -p pfapack --no-fail-fast --retries 0	No explicit scalar overrides extracted; exact scenario settings/source in scenarios TSV	SOURCE INVENTORY ONLY; not runtime verification	#176/#182/#184	0	issue-184-assertion-audit.tsv source=PfaPack.jl/benchmark/benchmark_ltl.jl	PARTIAL: source syntax inventoried; exact assertion/loop/InterAll block classification pending; focused rows do not close entire file
F086	PfaPack.jl/benchmark/benchmark_utu2inv.jl	b3a550ff81d52e6b25457beaf0ad170b72008a92fad83c4537a14161c08feded	247	none	0	0	create_skew_symmetric@34; prepare_ltl_input@44; benchmark_utu2inv@58; run_complex_benchmarks@130; run_real_benchmarks@184	Test/reference/example/helper source; scenarios separately mapped; no silent exclusion	utu2inv_complex	No standalone kernel CLI; normal/FSZ runners use pure Rust kernels	cargo nextest run --locked --cargo-profile test-fast -p pfapack --no-fail-fast --retries 0	No explicit scalar overrides extracted; exact scenario settings/source in scenarios TSV	SOURCE INVENTORY ONLY; not runtime verification	#176/#182/#184	0	issue-184-assertion-audit.tsv source=PfaPack.jl/benchmark/benchmark_utu2inv.jl	PARTIAL: source syntax inventoried; exact assertion/loop/InterAll block classification pending; focused rows do not close entire file
F087	PfaPack.jl/deps/build.jl	ac71bd3d0ca72284aec10db36e201bee2b90015aaa41d35d26ae281dc6a9cfb6	53	none	0	0	none	Test/reference/example/helper source; scenarios separately mapped; no silent exclusion	utu2inv_complex	No standalone kernel CLI; normal/FSZ runners use pure Rust kernels	cargo nextest run --locked --cargo-profile test-fast -p pfapack --no-fail-fast --retries 0	No explicit scalar overrides extracted; exact scenario settings/source in scenarios TSV	SOURCE INVENTORY ONLY; not runtime verification	#176/#182/#184	0	issue-184-assertion-audit.tsv source=PfaPack.jl/deps/build.jl	PARTIAL: source syntax inventoried; exact assertion/loop/InterAll block classification pending; focused rows do not close entire file
F088	PfaPack.jl/src/PfaPack.jl	07e321f9f8598f6898071a0fd4340e6a004cb05eb036932f88da5488e572a679	38	pfaffian_ltl!; julia_zsktf2!; julia_dsktf2!; julia_zsktf2_turbo!; utu2pfa; utu2inv!; fimpl_zsktf2!; fimpl_dsktf2!; cimpl_utu2inv!	0	0	none	Production source; nonexport/internal definitions inventoried, not additional public API promises	utu2inv_complex	No standalone kernel CLI; normal/FSZ runners use pure Rust kernels	cargo nextest run --locked --cargo-profile test-fast -p pfapack --no-fail-fast --retries 0	No explicit scalar overrides extracted; exact scenario settings/source in scenarios TSV	SOURCE INVENTORY ONLY; not runtime verification	#176/#182/#184	0	issue-184-assertion-audit.tsv source=PfaPack.jl/src/PfaPack.jl	PARTIAL: source syntax inventoried; exact assertion/loop/InterAll block classification pending; focused rows do not close entire file
F089	PfaPack.jl/src/c_wrapper.jl	817fb09b21c17320d06a3740c0737ee0dc4c761d7626896a88efd164fd1f64c2	75	none	0	0	cimpl_utu2inv!@28; cimpl_utu2inv!@52	Production source; nonexport/internal definitions inventoried, not additional public API promises	utu2inv_complex	No standalone kernel CLI; normal/FSZ runners use pure Rust kernels	cargo nextest run --locked --cargo-profile test-fast -p pfapack --no-fail-fast --retries 0	No explicit scalar overrides extracted; exact scenario settings/source in scenarios TSV	SOURCE INVENTORY ONLY; not runtime verification	#176/#182/#184	0	issue-184-assertion-audit.tsv source=PfaPack.jl/src/c_wrapper.jl	PARTIAL: source syntax inventoried; exact assertion/loop/InterAll block classification pending; focused rows do not close entire file
F090	PfaPack.jl/src/fortran_wrapper.jl	3901fb6fc1027c6c628ac6e7ada0aa1ec06faf777d72f8afa6cef94678130196	90	none	0	0	fimpl_zsktf2!@23; fimpl_dsktf2!@67	Production source; nonexport/internal definitions inventoried, not additional public API promises	utu2inv_complex	No standalone kernel CLI; normal/FSZ runners use pure Rust kernels	cargo nextest run --locked --cargo-profile test-fast -p pfapack --no-fail-fast --retries 0	Csize_t(1) # Hidden length argument for MODE (1 character);Csize_t(1) # Hidden length argument for MODE (1 character)	SOURCE INVENTORY ONLY; not runtime verification	#176/#182/#184	0	issue-184-assertion-audit.tsv source=PfaPack.jl/src/fortran_wrapper.jl	PARTIAL: source syntax inventoried; exact assertion/loop/InterAll block classification pending; focused rows do not close entire file
F091	PfaPack.jl/src/ltl_decomposition.jl	b651376e24c08677fde11b7b80c9f302877ecbefff55353ad146e6532fba5ae0	495	julia_zsktf2!; julia_dsktf2!; julia_zsktf2_turbo!	0	0	julia_dsktf2!@54; julia_zsktf2!@155; julia_zsktf2!@246; julia_zsktf2_turbo!@354	Production source; nonexport/internal definitions inventoried, not additional public API promises	utu2inv_complex	No standalone kernel CLI; normal/FSZ runners use pure Rust kernels	cargo nextest run --locked --cargo-profile test-fast -p pfapack --no-fail-fast --retries 0	This is a faithful translation of the Fortran ZSKTF2 routine (UPLO='U', MODE='N').;- Fortran: zsktf2.f, UPLO='U', MODE='N';This is equivalent to Fortran DSKTF2 with UPLO='U', MODE='N'.;This is equivalent to Fortran ZSKTF2 with UPLO='U', MODE='N'.	SOURCE INVENTORY ONLY; not runtime verification	#176/#182/#184	0	issue-184-assertion-audit.tsv source=PfaPack.jl/src/ltl_decomposition.jl	PARTIAL: source syntax inventoried; exact assertion/loop/InterAll block classification pending; focused rows do not close entire file
F092	PfaPack.jl/src/pfaffian.jl	8bacaadb82d23ac579525dd56e44b8f54d292eea827c5a53a1c100c107c8b256	120	pfaffian_ltl!	0	0	pfaffian_ltl!@38	Production source; nonexport/internal definitions inventoried, not additional public API promises	utu2inv_complex	No standalone kernel CLI; normal/FSZ runners use pure Rust kernels	cargo nextest run --locked --cargo-profile test-fast -p pfapack --no-fail-fast --retries 0	No explicit scalar overrides extracted; exact scenario settings/source in scenarios TSV	SOURCE INVENTORY ONLY; not runtime verification	#176/#182/#184	0	issue-184-assertion-audit.tsv source=PfaPack.jl/src/pfaffian.jl	PARTIAL: source syntax inventoried; exact assertion/loop/InterAll block classification pending; focused rows do not close entire file
F093	PfaPack.jl/src/utu2.jl	1352a3edbc413611ad99877ea32f7faf5e54e003f9a3fa088f8dbdbdb2723a43	179	utu2pfa; utu2inv!	0	0	utu2pfa@44; sktdsmx!@75; utu2inv!@122	Production source; nonexport/internal definitions inventoried, not additional public API promises	utu2inv_complex	No standalone kernel CLI; normal/FSZ runners use pure Rust kernels	cargo nextest run --locked --cargo-profile test-fast -p pfapack --no-fail-fast --retries 0	No explicit scalar overrides extracted; exact scenario settings/source in scenarios TSV	SOURCE INVENTORY ONLY; not runtime verification	#176/#182/#184	0	issue-184-assertion-audit.tsv source=PfaPack.jl/src/utu2.jl	PARTIAL: source syntax inventoried; exact assertion/loop/InterAll block classification pending; focused rows do not close entire file
F094	PfaPack.jl/test/runtests.jl	1f49686c051d49a93c7b56b4b3bd94fdbb55caadb0f69c93fff389f18dcc13a3	587	none	30	0	none	Test/reference/example/helper source; scenarios separately mapped; no silent exclusion	utu2inv_complex	No standalone kernel CLI; normal/FSZ runners use pure Rust kernels	cargo nextest run --locked --cargo-profile test-fast -p pfapack --no-fail-fast --retries 0	No explicit scalar overrides extracted; exact scenario settings/source in scenarios TSV	SOURCE INVENTORY ONLY; not runtime verification	#176/#182/#184	49	issue-184-assertion-audit.tsv source=PfaPack.jl/test/runtests.jl	PARTIAL: source syntax inventoried; exact assertion/loop/InterAll block classification pending; focused rows do not close entire file
F095	SFMT.jl/deps/build.jl	9f35587d9e45cc98605fe96fddad09978887759b75b827f8acc13357e0c96faf	1	none	0	0	none	Test/reference/example/helper source; scenarios separately mapped; no silent exclusion	Sfmt19937Rng	Seed override and runner initialization; full624 comparisons exact	cargo nextest run --locked --cargo-profile test-fast -p sfmt19937 --test golden_vs_c --no-fail-fast --retries 0	No explicit scalar overrides extracted; exact scenario settings/source in scenarios TSV	SOURCE INVENTORY ONLY; not runtime verification	#177/#184	0	issue-184-assertion-audit.tsv source=SFMT.jl/deps/build.jl	PARTIAL: source syntax inventoried; exact assertion/loop/InterAll block classification pending; focused rows do not close entire file
F096	SFMT.jl/gen/gen_C_API.jl	ae59161484cfd9bebaf8f7f4d74a5482638ba7d022f9a866d5179eb9ef7605c2	23	none	0	0	none	Test/reference/example/helper source; scenarios separately mapped; no silent exclusion	Sfmt19937Rng	Seed override and runner initialization; full624 comparisons exact	cargo nextest run --locked --cargo-profile test-fast -p sfmt19937 --test golden_vs_c --no-fail-fast --retries 0	No explicit scalar overrides extracted; exact scenario settings/source in scenarios TSV	SOURCE INVENTORY ONLY; not runtime verification	#177/#184	0	issue-184-assertion-audit.tsv source=SFMT.jl/gen/gen_C_API.jl	PARTIAL: source syntax inventoried; exact assertion/loop/InterAll block classification pending; focused rows do not close entire file
F097	SFMT.jl/gen/prologue.jl	2ece71592ac5ada0212bc99b035261cf6c39d5e0ed6cc7144c6cbb0ffc1fbfa8	3	none	0	0	none	Test/reference/example/helper source; scenarios separately mapped; no silent exclusion	Sfmt19937Rng	Seed override and runner initialization; full624 comparisons exact	cargo nextest run --locked --cargo-profile test-fast -p sfmt19937 --test golden_vs_c --no-fail-fast --retries 0	No explicit scalar overrides extracted; exact scenario settings/source in scenarios TSV	SOURCE INVENTORY ONLY; not runtime verification	#177/#184	0	issue-184-assertion-audit.tsv source=SFMT.jl/gen/prologue.jl	PARTIAL: source syntax inventoried; exact assertion/loop/InterAll block classification pending; focused rows do not close entire file
F098	SFMT.jl/src/C_API.jl	6fedaefd5a74f3bc892408601ed49c73dd9ba78d1acabb170ff00e26dbdc128d	196	none	0	0	gen_rand32@9; gen_rand64@13; sfmt_dump_rand32@17; fill_array32@21; fill_array64@25; init_gen_rand@29; init_by_array@33; get_idstring@37; get_min_array_size32@41; get_min_array_size64@45; to_real1@54; genrand_real1@63; to_real2@72; genrand_real2@81; to_real3@90; genrand_real3@99; to_res53@108; to_res53_mix@117; genrand_res53@126; genrand_res53_mix@135	Production source; nonexport/internal definitions inventoried, not additional public API promises	Sfmt19937Rng	Seed override and runner initialization; full624 comparisons exact	cargo nextest run --locked --cargo-profile test-fast -p sfmt19937 --test golden_vs_c --no-fail-fast --retries 0	function init_gen_rand(seed);ccall((:init_gen_rand, libsfmt), Cvoid, (UInt32,), seed)	SOURCE INVENTORY ONLY; not runtime verification	#177/#184	0	issue-184-assertion-audit.tsv source=SFMT.jl/src/C_API.jl	PARTIAL: source syntax inventoried; exact assertion/loop/InterAll block classification pending; focused rows do not close entire file
F099	SFMT.jl/src/SFMT.jl	d944001b353df56dd4329d035c72654732721d7539f5a30d4a5c44c8fd17ad37	73	init_gen_rand; genrand_real2; gen_rand32; sfmt_dump_rand32; SFMT19937RNG	0	0	SFMT19937RNG@15; Random.seed!@17; Random.rand@23; Random.rand@28; Random.rand@38; Random.rand@54; sfmt_dump_rand32@63	Production source; nonexport/internal definitions inventoried, not additional public API promises	Sfmt19937Rng	Seed override and runner initialization; full624 comparisons exact	cargo nextest run --locked --cargo-profile test-fast -p sfmt19937 --test golden_vs_c --no-fail-fast --retries 0	function Random.seed!(rng::SFMT19937RNG, seed);init_gen_rand(UInt32(seed));IS_INITIALIZED[] || throw(ArgumentError("SFMT19937 not initialized. Please call Random.seed!(rng, seed) before generating random numbers."));IS_INITIALIZED[] || throw(ArgumentError("SFMT19937 not initialized. Please call Random.seed!(rng, seed) before generating random numbers."));IS_INITIALIZED[] || throw(ArgumentError("SFMT19937 not initialized. Please call Random.seed!(rng, seed) before generating random numbers."));IS_INITIALIZED[] || throw(ArgumentError("SFMT19937 not initialized. Please call Random.seed!(rng, seed) before generating random numbers."))	SOURCE INVENTORY ONLY; not runtime verification	#177/#184	0	issue-184-assertion-audit.tsv source=SFMT.jl/src/SFMT.jl	PARTIAL: source syntax inventoried; exact assertion/loop/InterAll block classification pending; focused rows do not close entire file
F100	SFMT.jl/test/runtests.jl	179890c4bb99c8f099960cd27189625d65af4cdcf43b9fc7ee37b039e763eaba	82	none	5	0	none	Test/reference/example/helper source; scenarios separately mapped; no silent exclusion	Sfmt19937Rng	Seed override and runner initialization; full624 comparisons exact	cargo nextest run --locked --cargo-profile test-fast -p sfmt19937 --test golden_vs_c --no-fail-fast --retries 0	@testset "self-consistency under reseed" begin;Random.seed!(rng, 11272);Random.seed!(rng, 11272);Random.seed!(rng, 11272);Random.seed!(rng, 11272);# C-reference bit-level reproducibility (seed = 11272, the mVMC default).;# the same seed, and have been cross-checked against the Julia-mVMC;@testset "C-reference bit-level (seed 11272)" begin;Random.seed!(rng, 11272);Random.seed!(rng, 11272);Random.seed!(rng, 11272)	SOURCE INVENTORY ONLY; not runtime verification	#177/#184	27	issue-184-assertion-audit.tsv source=SFMT.jl/test/runtests.jl	PARTIAL: source syntax inventoried; exact assertion/loop/InterAll block classification pending; focused rows do not close entire file
F101	examples/heisenberg_chain_cmp.jl	aff0a84c5b7fdfe3ffd7e4c792bfbd50b03f6af97fe89e770006a5ff87feb8f8	20	none	0	0	none	Test/reference/example/helper source; scenarios separately mapped; no silent exclusion	vmc_para_opt	Optimization; real/cmp/FSZ; nsteps/nsmp; direct or standard CG; grouped direct within validator; grouped CG rejected	cargo nextest run --locked --cargo-profile test-fast -p mvmc-core --test run_smoke --test runner_config --no-fail-fast --retries 0	nsteps = NSTEPS,;nsmp = NSTEPS,	SOURCE INVENTORY ONLY; not runtime verification	#180/#179	0	issue-184-assertion-audit.tsv source=examples/heisenberg_chain_cmp.jl	PARTIAL: source syntax inventoried; exact assertion/loop/InterAll block classification pending; focused rows do not close entire file
F102	examples/heisenberg_chain_fsz.jl	20f4938e0e54db0a1860c04c403ed2b3522b8658208b14ff5e26379871979cac	20	none	0	0	none	Test/reference/example/helper source; scenarios separately mapped; no silent exclusion	vmc_para_opt	Optimization; real/cmp/FSZ; nsteps/nsmp; direct or standard CG; grouped direct within validator; grouped CG rejected	cargo nextest run --locked --cargo-profile test-fast -p mvmc-core --test run_smoke --test runner_config --no-fail-fast --retries 0	nsteps = NSTEPS,;nsmp = NSTEPS,	SOURCE INVENTORY ONLY; not runtime verification	#180/#179	0	issue-184-assertion-audit.tsv source=examples/heisenberg_chain_fsz.jl	PARTIAL: source syntax inventoried; exact assertion/loop/InterAll block classification pending; focused rows do not close entire file
F103	examples/heisenberg_chain_real.jl	077bce6c1599f73af7fa2a416a79e8fd2a5beec80c3894d2f0b8b7dee41e22f5	20	none	0	0	none	Test/reference/example/helper source; scenarios separately mapped; no silent exclusion	vmc_para_opt	Optimization; real/cmp/FSZ; nsteps/nsmp; direct or standard CG; grouped direct within validator; grouped CG rejected	cargo nextest run --locked --cargo-profile test-fast -p mvmc-core --test run_smoke --test runner_config --no-fail-fast --retries 0	nsteps = NSTEPS,;nsmp = NSTEPS,	SOURCE INVENTORY ONLY; not runtime verification	#180/#179	0	issue-184-assertion-audit.tsv source=examples/heisenberg_chain_real.jl	PARTIAL: source syntax inventoried; exact assertion/loop/InterAll block classification pending; focused rows do not close entire file
F104	examples/hubbard_chain.jl	c77b3713b98986158515368d65b9e1dddd7f9ec0787d964ce84120783341cf9f	20	none	0	0	none	Test/reference/example/helper source; scenarios separately mapped; no silent exclusion	vmc_para_opt	Optimization; real/cmp/FSZ; nsteps/nsmp; direct or standard CG; grouped direct within validator; grouped CG rejected	cargo nextest run --locked --cargo-profile test-fast -p mvmc-core --test run_smoke --test runner_config --no-fail-fast --retries 0	nsteps = NSTEPS,;nsmp = NSTEPS,	SOURCE INVENTORY ONLY; not runtime verification	#180/#179	0	issue-184-assertion-audit.tsv source=examples/hubbard_chain.jl	PARTIAL: source syntax inventoried; exact assertion/loop/InterAll block classification pending; focused rows do not close entire file
F105	test/integration/ctest_equivalent.jl	f0b05f2016ac3abe53f073f50630ca10aeb1a187f5f3a935559ae614977b4fd4	120	none	2	3	parse_numeric_file@30; selected_ctest_models@40; effective_counts@50; ctest_passes@61; run_ctest_model@66	Test/reference/example/helper source; scenarios separately mapped; no silent exclusion	vmc_para_opt	Optimization; real/cmp/FSZ; nsteps/nsmp; direct or standard CG; grouped direct within validator; grouped CG rejected	cargo nextest run --locked --cargo-profile test-fast -p mvmc-core --test run_smoke --test runner_config --no-fail-fast --retries 0	# Run all supported standard models:;# Run a subset by fixture name or C model name:;# JULIA_MVMC_CTEST_MODELS=HeisenbergChain,hubbard_chain_cmp \;include(joinpath(@__DIR__, "ctest_models.jl"));const CTEST_MODEL_FILTER_ENV = "JULIA_MVMC_CTEST_MODELS";function selected_ctest_models();raw_filter = strip(get(ENV, CTEST_MODEL_FILTER_ENV, ""));isempty(raw_filter) && return CTEST_STANDARD_MODELS;return filter(CTEST_STANDARD_MODELS) do model;model.fixture in requested || model.c_model in requested;function effective_counts(model, namelist::AbstractString);nsteps = model.nsteps_override === nothing ?;Int(model.nsteps_override);nsmp = model.nsmp_override === nothing ?;Int(model.nsmp_override);return (nsteps = nsteps, nsmp = nsmp);function run_ctest_model(model);refdir = joinpath(@__DIR__, "reference", model.fixture);@assert isfile(namelist) "namelist.def missing for $(model.fixture)";@assert isfile(ref_mean_path) "ref_mean.dat missing for $(model.fixture)";@assert isfile(ref_std_path) "ref_std.dat missing for $(model.fixture)";counts = effective_counts(model, namelist);nsteps = counts.nsteps,;nsmp = counts.nsmp,;mode = model.mode,;nsteps = counts.nsteps,;nsmp = counts.nsmp,;models = selected_ctest_models();@test !isempty(models);for model in models;@testset "$(model.fixture) ($(model.c_model), $(model.mode))" begin;run = run_ctest_model(model);@test run.result.effective_nsteps == run.nsteps;@test run.result.effective_nsmp == run.nsmp;@info "ctest comparison failed" fixture=model.fixture column=idx calculated expected sigma diff=abs(calculated - expected)	SOURCE INVENTORY ONLY; not runtime verification	#180/#179	8	issue-184-assertion-audit.tsv source=test/integration/ctest_equivalent.jl	PARTIAL: source syntax inventoried; exact assertion/loop/InterAll block classification pending; focused rows do not close entire file
F106	test/integration/ctest_models.jl	00970ce856d6cde420fd5e6b33dd3f781118fd35952a1bb97880e041d5612d84	117	none	0	0	none	Test/reference/example/helper source; scenarios separately mapped; no silent exclusion	vmc_para_opt	Optimization; real/cmp/FSZ; nsteps/nsmp; direct or standard CG; grouped direct within validator; grouped CG rejected	cargo nextest run --locked --cargo-profile test-fast -p mvmc-core --test run_smoke --test runner_config --no-fail-fast --retries 0	# C-mVMC ctest models supported by the Julia ctest-equivalent runner.;# `c_model` is the C-mVMC `runtest.py <ModelName>` argument.;# The 2 deferred models complete the private 15-model set, but need additional;# - SpinChainLanczos, HubbardChainLanczos: mode1/Lanczos output path.;const CTEST_STANDARD_MODELS = [;c_model = "HeisenbergChain",;nsteps_override = nothing,;nsmp_override = nothing,;c_model = "HubbardChain",;nsteps_override = nothing,;nsmp_override = nothing,;c_model = "HubbardTetragonal",;nsteps_override = nothing,;nsmp_override = nothing,;c_model = "HubbardTetragonal_MomentumProjection",;nsteps_override = nothing,;nsmp_override = nothing,;c_model = "KondoChain",;nsteps_override = nothing,;nsmp_override = nothing,;c_model = "HeisenbergChain_cmp",;nsteps_override = nothing,;nsmp_override = nothing,;c_model = "HubbardChain_cmp",;nsteps_override = nothing,;nsmp_override = nothing,;c_model = "KondoChain_cmp",;nsteps_override = nothing,;nsmp_override = nothing,;c_model = "KondoChain_Stot1_cmp",;nsteps_override = nothing,;nsmp_override = nothing,;c_model = "GeneralRBM_cmp",;nsteps_override = nothing,;nsmp_override = nothing,;c_model = "HeisenbergChain_fsz",;nsteps_override = nothing,;nsmp_override = nothing,;c_model = "HubbardChain_fsz",;nsteps_override = nothing,	SOURCE INVENTORY ONLY; not runtime verification	#180/#179	0	issue-184-assertion-audit.tsv source=test/integration/ctest_models.jl	PARTIAL: source syntax inventoried; exact assertion/loop/InterAll block classification pending; focused rows do not close entire file
F107	test/integration/lanczos_equivalent.jl	d265cc15f60a68c89262afb0b8c53dab81153278d21c6e29b6abb2d9fce91e09	142	none	2	3	selected_lanczos_models@55; assert_close_vector@66; run_lanczos_model@78	Test/reference/example/helper source; scenarios separately mapped; no silent exclusion	calculate_lanczos_green	PhysCal normal mode1/2 only; FSZ/grouped/spin-changing rejected; all InterAll work excluded	MVMC_RS_LANCZOS_PHYSICAL=1 cargo nextest run --locked --cargo-profile test-fast -p mvmc-core --test lanczos_transfer_physcal --run-ignored only --no-fail-fast --retries 0	# Julia-mVMC Full Lanczos PhysCal end-to-end integration gate.;# NLanczosMode=2 into a fresh tempdir, and;# 3. compares the produced Lanczos files against committed C-mVMC references:;# Run a subset (by fixture dir name or C model name):;# JULIA_MVMC_LANCZOS_MODELS=hubbard_chain_lanczos \;const LANCZOS_MODEL_FILTER_ENV = "JULIA_MVMC_LANCZOS_MODELS";const LANCZOS_MODELS = [;c_model = "HubbardChainLanczos",;c_model = "SpinChainLanczos",;c_model = "HubbardChain",;function selected_lanczos_models();raw = strip(get(ENV, LANCZOS_MODEL_FILTER_ENV, ""));isempty(raw) && return LANCZOS_MODELS;return filter(LANCZOS_MODELS) do model;model.fixture in requested || model.c_model in requested;function run_lanczos_model(model);refdir = joinpath(@__DIR__, "reference", model.fixture, "physcal_ref");@assert isfile(namelist) "Lanczos namelist.def missing for $(model.fixture)";@assert isfile(opt_para) "Lanczos zqp_opt.dat missing for $(model.fixture)";@assert isdir(expected) "Lanczos expected/ missing for $(model.fixture)";namelist; opt_para = opt_para, mode = model.mode, output_dir = dir,;@test result.n_para_consumed == model.n_para;if model.has_two_body_ex;@testset "Julia-mVMC Full Lanczos PhysCal e2e (C reference)" begin;models = selected_lanczos_models();@test !isempty(models);for model in models;@testset "$(model.fixture) ($(model.c_model), $(model.mode))" begin;run_lanczos_model(model)	SOURCE INVENTORY ONLY; not runtime verification	#181/#178	16	issue-184-assertion-audit.tsv source=test/integration/lanczos_equivalent.jl	PARTIAL: source syntax inventoried; exact assertion/loop/InterAll block classification pending; focused rows do not close entire file
F108	test/integration/pairhop_equivalent.jl	18c5d366437752b0dadce4a762e315c0637426165476dcf8cc5fc531d08a70f8	57	none	2	2	parse_pairhop_zvo_first1@21; run_pairhop_model@25	Test/reference/example/helper source; scenarios separately mapped; no silent exclusion	vmc_para_opt	Optimization; real/cmp/FSZ; nsteps/nsmp; direct or standard CG; grouped direct within validator; grouped CG rejected	cargo nextest run --locked --cargo-profile test-fast -p mvmc-core --test run_smoke --test runner_config --no-fail-fast --retries 0	const PAIRHOP_MODELS = [;function run_pairhop_model(model);refdir = joinpath(@__DIR__, "reference", model.fixture);@assert isfile(namelist) "namelist.def missing for $(model.fixture)";@assert isfile(refpath) "zvo_out_first1.dat missing for $(model.fixture)";nsteps = 1,;nsmp = 1,;mode = model.mode,;for model in PAIRHOP_MODELS;@testset "$(model.fixture) ($(model.mode))" begin;run = run_pairhop_model(model)	SOURCE INVENTORY ONLY; not runtime verification	#180/#179	5	issue-184-assertion-audit.tsv source=test/integration/pairhop_equivalent.jl	PARTIAL: source syntax inventoried; exact assertion/loop/InterAll block classification pending; focused rows do not close entire file
F109	test/integration/phys_cal_equivalent.jl	d08a09d36b8673aabbd95bfe95165c2da5e1d3434d5292366ebf887235068e44	126	none	2	3	selected_phys_cal_models@48; find_green_file@63; run_phys_cal_model@75	Test/reference/example/helper source; scenarios separately mapped; no silent exclusion	vmc_phys_cal_with_reducer_and_callback	--physcal PATH; serial normal/FSZ; grouped normal Green accepted; grouped FSZ/Lanczos/OptTrans multi-sector rejected; callback library-only	MVMC_RS_PHYSCAL_181=1 cargo nextest run --locked --cargo-profile test-fast -p mvmc-core --test physcal_issue181 --run-ignored only --no-fail-fast --retries 0	# Run a subset (by fixture dir name or C model name):;# JULIA_MVMC_PHYS_CAL_MODELS=hubbard_chain_real \;const PHYS_CAL_MODEL_FILTER_ENV = "JULIA_MVMC_PHYS_CAL_MODELS";const PHYS_CAL_MODELS = [;(fixture = "heisenberg_chain_real", c_model = "HeisenbergChain", mode = :real, n_para = 14),;(fixture = "heisenberg_chain_cmp", c_model = "HeisenbergChain_cmp", mode = :cmp, n_para = 14),;(fixture = "heisenberg_chain_fsz", c_model = "HeisenbergChain_fsz", mode = :fsz, n_para = 24),;(fixture = "hubbard_chain_real", c_model = "HubbardChain", mode = :real, n_para = 19),;(fixture = "hubbard_chain_dh_real", c_model = "HubbardChain_DH", mode = :real, n_para = 35),;(fixture = "kondo_chain_real", c_model = "KondoChain", mode = :real, n_para = 76),;function selected_phys_cal_models();raw = strip(get(ENV, PHYS_CAL_MODEL_FILTER_ENV, ""));isempty(raw) && return PHYS_CAL_MODELS;return filter(PHYS_CAL_MODELS) do model;model.fixture in requested || model.c_model in requested;# The single `<prefix>_NNN.dat` produced for a one-sample run (NDataQtySmp=1).;function run_phys_cal_model(model);refdir = joinpath(@__DIR__, "reference", model.fixture, "physcal_ref");@assert isfile(namelist) "physcal namelist.def missing for $(model.fixture)";@assert isfile(opt_para) "physcal zqp_opt.dat missing for $(model.fixture)";@assert isdir(expected) "physcal expected/ missing for $(model.fixture)";namelist; opt_para = opt_para, mode = model.mode, output_dir = dir,;@test result.n_para_consumed == model.n_para;@info "PhysCal Green match" fixture = model.fixture quantity = label exact = r.exact fallback = r.fallback_used max_abs = r.max_abs_err n = r.n_values;@info "PhysCal Green mismatch" fixture = model.fixture quantity = label detail = r.detail;models = selected_phys_cal_models();@test !isempty(models);for model in models;@testset "$(model.fixture) ($(model.c_model), $(model.mode))" begin;run_phys_cal_model(model)	SOURCE INVENTORY ONLY; not runtime verification	#174/#175/#178/#181/#179	7	issue-184-assertion-audit.tsv source=test/integration/phys_cal_equivalent.jl	PARTIAL: source syntax inventoried; exact assertion/loop/InterAll block classification pending; focused rows do not close entire file
F110	test/integration/runtests.jl	d738104c8e85370a5d52a71a05f31f3ade24448d0e5106afcbf0e3c055ebbd7e	163	none	3	3	parse_zvo_first_n@48; parse_complex_pairs@54; parse_orbital_parameter_indices@60; run_model@72	Test/reference/example/helper source; scenarios separately mapped; no silent exclusion	vmc_para_opt	Optimization; real/cmp/FSZ; nsteps/nsmp; direct or standard CG; grouped direct within validator; grouped CG rejected	cargo nextest run --locked --cargo-profile test-fast -p mvmc-core --test run_smoke --test runner_config --no-fail-fast --retries 0	# Julia-mVMC integration tests: replay each fixture model and compare;const MODELS = [;function run_model(name, mode; nsteps = N_STEPS, output_dir = tempname());refpath = joinpath(refdir, "zvo_out_first$(nsteps).dat");# - seeds the SFMT19937 RNG with modpara.def's RndSeed (C-parity;# resolve_rnd_seed: missing → 11272, 0 → 0, < 0 → time seed),;# - runs nsteps SR steps,;nsteps = nsteps,;nsmp = nsteps,;for (name, mode) in MODELS;ours_lines = run_model(name, mode).zvo_first_n;name = "heisenberg_chain_real_nsrcg";result = run_model(name, :real; nsteps = 1, output_dir = outdir)	SOURCE INVENTORY ONLY; not runtime verification	#180/#179	13	issue-184-assertion-audit.tsv source=test/integration/runtests.jl	PARTIAL: source syntax inventoried; exact assertion/loop/InterAll block classification pending; focused rows do not close entire file
F111	test/integration/test_run_phys_cal_contract.jl	2f58e9336ebe0eb1ec025479b00a17f3f6e281ce000ca307158baf6270707727	56	none	1	0	none	Test/reference/example/helper source; scenarios separately mapped; no silent exclusion	vmc_phys_cal_with_reducer_and_callback	--physcal PATH; serial normal/FSZ; grouped normal Green accepted; grouped FSZ/Lanczos/OptTrans multi-sector rejected; callback library-only	MVMC_RS_PHYSCAL_181=1 cargo nextest run --locked --cargo-profile test-fast -p mvmc-core --test physcal_issue181 --run-ignored only --no-fail-fast --retries 0	No explicit scalar overrides extracted; exact scenario settings/source in scenarios TSV	SOURCE INVENTORY ONLY; not runtime verification	#174/#175/#178/#181/#179	9	issue-184-assertion-audit.tsv source=test/integration/test_run_phys_cal_contract.jl	PARTIAL: source syntax inventoried; exact assertion/loop/InterAll block classification pending; focused rows do not close entire file
F112	test/integration/tools/generate_ctest_fixtures.jl	00951e73c6b81b440aa8ba15431f4469024db450bdfe5b45cc972eb77f2811ee	169	none	0	0	usage@30; parse_args@43; normalize_c_test_dir@68; selected_models@83; require_file@93; require_dir@98; copy_file@103; copy_work_defs@109; copy_optional_initial_files@118; generate_fixture@130; main@153	Test/reference/example/helper source; scenarios separately mapped; no silent exclusion	format_c_double	No reference-generator/mock/benchmark/build-adapter CLI obligation	SOURCE_ONLY: no production obligation; optional reference-tool invocation only	include(joinpath(@__DIR__, "..", "ctest_models.jl"));--models LIST Comma-separated fixture names or C model names.;Default: all CTEST_STANDARD_MODELS.;model_filter = nothing;elseif arg == "--models";i <= length(args) || error("--models requires a value");model_filter = args[i];return (c_test_dir = c_test_dir, model_filter = model_filter);function selected_models(model_filter);model_filter === nothing && return CTEST_STANDARD_MODELS;requested = Set(strip.(split(model_filter, ",")));models = filter(CTEST_STANDARD_MODELS) do model;model.fixture in requested || model.c_model in requested;isempty(models) && error("no CTEST_STANDARD_MODELS matched --models=$model_filter");return models;function generate_fixture(model, c_test_dir::AbstractString);work_dir = require_dir(joinpath(c_test_dir, "work", model.c_model));data_dir = require_dir(joinpath(c_test_dir, "data", model.c_model));fixture_dir = joinpath(@__DIR__, "..", "reference", model.fixture);fixture = model.fixture,;c_model = model.c_model,;models = selected_models(parsed.model_filter);println("Generating $(length(models)) ctest fixture(s)");for model in models;result = generate_fixture(model, c_test_dir);println(" $(result.fixture) <= $(result.c_model): $(result.n_defs) .def files, optional inputs: $optional")	SOURCE INVENTORY ONLY; not runtime verification	#184	0	issue-184-assertion-audit.tsv source=test/integration/tools/generate_ctest_fixtures.jl	PARTIAL: source syntax inventoried; exact assertion/loop/InterAll block classification pending; focused rows do not close entire file
F113	test/integration/tools/green_compare.jl	8d20b64bf7a3567e5ad0ea4598c65a2208b95c52c08baec0c8ca859bf26fd0a7	194	none	0	0	GreenCompareResult@28; _green_fail@40; _compare_columnar@51; _compare_value_only@111	Test/reference/example/helper source; scenarios separately mapped; no silent exclusion	format_c_double	No reference-generator/mock/benchmark/build-adapter CLI obligation	SOURCE_ONLY: no production obligation; optional reference-tool invocation only	No explicit scalar overrides extracted; exact scenario settings/source in scenarios TSV	SOURCE INVENTORY ONLY; not runtime verification	#184	0	issue-184-assertion-audit.tsv source=test/integration/tools/green_compare.jl	PARTIAL: source syntax inventoried; exact assertion/loop/InterAll block classification pending; focused rows do not close entire file
F114	test/integration/tools/test_green_compare.jl	5f5239bdbb09d30828b625014193ebcd9ab1c63a06123c9230e2f2f31c0b2678	120	none	8	0	none	Test/reference/example/helper source; scenarios separately mapped; no silent exclusion	format_c_double	No reference-generator/mock/benchmark/build-adapter CLI obligation	SOURCE_ONLY: no production obligation; optional reference-tool invocation only	No explicit scalar overrides extracted; exact scenario settings/source in scenarios TSV	SOURCE INVENTORY ONLY; not runtime verification	#184	19	issue-184-assertion-audit.tsv source=test/integration/tools/test_green_compare.jl	PARTIAL: source syntax inventoried; exact assertion/loop/InterAll block classification pending; focused rows do not close entire file
F115	test/mpi/mpi_failure_modes.jl	9b8b2c9513db534e7538c86e35e7f4970dcce682f33bda4e82927bb175d55ed3	110	none	0	0	expect_error_contains@22; run_nsrcg2_rejection@35; run_nsplit_srcg_rejection@47; run_nsplit_opttrans_rejection@60; run_nsplit_fsz_projection_rejection@75	Test/reference/example/helper source; scenarios separately mapped; no silent exclusion	validate_phys_cal	Same grouped support validators library/CLI; no output before rejection; valid normal grouped PhysCal accepted	cargo nextest run --locked --cargo-profile test-fast -p mvmc-core -p mvmc-cli --test runtime_contract --no-fail-fast --retries 0	# nsrcg2 - NSRCG >= 2 must be rejected before MPI.Init().;# nsplit_srcg - NSplitSize > 1 with SR-CG must be rejected before MPI.Init().;# nsplit_opttrans - NSplitSize > 1 with OptTrans must be rejected before MPI.Init().;# nsplit_fsz_projection - FSZ standard-projection NQPFull > 1 must be rejected before MPI.Init().;error("usage: mpi_failure_modes.jl <nsrcg2|nsplit_srcg|nsplit_opttrans|nsplit_fsz_projection> <output_dir>");function run_nsrcg2_rejection();data.modpara.nsrcg = 2;println("failure-mode worker: nsrcg2 expected rejection ok");function run_nsplit_srcg_rejection();data.modpara.nsplit_size = 2;data.modpara.nsrcg = 1;("NSplitSize > 1 with SR-CG", "NSRCG = 1"),;MPI.Initialized() && error("NSplitSize > 1 with SR-CG rejection should happen before MPI.Init()");println("failure-mode worker: nsplit_srcg expected rejection ok");function run_nsplit_opttrans_rejection();data.modpara.nsplit_size = 2;("NSplitSize > 1 with NQPOptTrans > 1", "OptTrans"),;println("failure-mode worker: nsplit_opttrans expected rejection ok");function run_nsplit_fsz_projection_rejection();data.modpara.nsplit_size = 2;data.modpara.nsp_gauss_leg = 1;data.modpara.nmp_trans = 2;("NSplitSize > 1 with FSZ standard-projection NQPFull > 1", "NMPTrans = 2"),;println("failure-mode worker: nsplit_fsz_projection expected rejection ok");if mode == "nsrcg2";run_nsrcg2_rejection();elseif mode == "nsplit_srcg";run_nsplit_srcg_rejection();elseif mode == "nsplit_opttrans";run_nsplit_opttrans_rejection();elseif mode == "nsplit_fsz_projection";run_nsplit_fsz_projection_rejection();error("unknown mode '$mode'; expected nsrcg2, nsplit_srcg, nsplit_opttrans, or nsplit_fsz_projection")	SOURCE INVENTORY ONLY; not runtime verification	#178	0	issue-184-assertion-audit.tsv source=test/mpi/mpi_failure_modes.jl	PARTIAL: source syntax inventoried; exact assertion/loop/InterAll block classification pending; focused rows do not close entire file
F116	test/mpi/mpi_hubbard_smoke.jl	a155b6a4d73b22a477d5334a6acc98cf4decff55ee14fedebdbe46c0b8891395	34	none	0	3	none	Test/reference/example/helper source; scenarios separately mapped; no silent exclusion	partition_range	--features mpi and detected launcher; root-only stdout/output; no JULIA_MVMC_MPI env compatibility promise	cargo nextest run --locked --cargo-profile test-fast -p mvmc-core --features mpi --test mpi_issue179_collectives --test mpi_issue179_state --no-fail-fast --retries 0	fixture; nsteps = 4, nsmp = 4, mode = :real, output_dir = outdir)	SOURCE INVENTORY ONLY; not runtime verification	#177/#178/#179	3	issue-184-assertion-audit.tsv source=test/mpi/mpi_hubbard_smoke.jl	PARTIAL: source syntax inventoried; exact assertion/loop/InterAll block classification pending; focused rows do not close entire file
F117	test/mpi/mpi_nsplit_nstore_smoke.jl	ddaeb1db91f476e3500aa4c63299f135e982bf83b8a3994e0a30a250ac4a9a3a	125	none	0	3	replace_modpara_values!@32; read_nsite@51; write_identity_qptrans!@61; prepare_inputs@75	Test/reference/example/helper source; scenarios separately mapped; no silent exclusion	partition_range	--features mpi and detected launcher; root-only stdout/output; no JULIA_MVMC_MPI env compatibility promise	cargo nextest run --locked --cargo-profile test-fast -p mvmc-core --features mpi --test mpi_issue179_collectives --test mpi_issue179_state --no-fail-fast --retries 0	# mpiexec worker for the direct-SR NSplitSize/NStoreO smoke matrix.;# julia --project=<workspace> test/mpi/mpi_nsplit_nstore_smoke.jl <fixture> <mode> <nsplit> <nstore> <output_dir>;# gate for comm1 sample splitting and NStore handling, not a C-reference physics;error("usage: mpi_nsplit_nstore_smoke.jl <fixture> <real|cmp|fsz> <nsplit> <nstore> <output_dir>");const nsplit = parse(Int, ARGS[3]);const nstore = parse(Int, ARGS[4]);nsplit >= 1 || error("nsplit must be >= 1; got $nsplit");nstore in (0, 1) || error("nstore must be 0 or 1; got $nstore");"NVMCSample" => "4",;"NSplitSize" => string(nsplit),;"NStore" => string(nstore),;nsteps = 1,;nsmp = 1,;label = "nsplit-nstore worker: $(fixture_name) nsplit=$(nsplit) nstore=$(nstore)";@error "mpi_nsplit_nstore_smoke worker failed" exception = (err, catch_backtrace())	SOURCE INVENTORY ONLY; not runtime verification	#177/#178/#179	3	issue-184-assertion-audit.tsv source=test/mpi/mpi_nsplit_nstore_smoke.jl	PARTIAL: source syntax inventoried; exact assertion/loop/InterAll block classification pending; focused rows do not close entire file
F118	test/mpi/mpi_nsplit_standard_projection_smoke.jl	1d59045961424f3b65422b56bf696bcb2fdbaf1fc294efab4c282e325e9b5a35	106	none	0	3	replace_modpara_values!@28; ensure_modpara_value!@48; prepare_inputs@57	Test/reference/example/helper source; scenarios separately mapped; no silent exclusion	partition_range	--features mpi and detected launcher; root-only stdout/output; no JULIA_MVMC_MPI env compatibility promise	cargo nextest run --locked --cargo-profile test-fast -p mvmc-core --features mpi --test mpi_issue179_collectives --test mpi_issue179_state --no-fail-fast --retries 0	# mpiexec worker for standard-projection NQPFull > 1 with NSplitSize.;# julia --project=<workspace> test/mpi/mpi_nsplit_standard_projection_smoke.jl <fixture> <mode> <nsplit> <nstore> <output_dir>;error("usage: mpi_nsplit_standard_projection_smoke.jl <fixture> <real|cmp|fsz> <nsplit> <nstore> <output_dir>");const nsplit = parse(Int, ARGS[3]);const nstore = parse(Int, ARGS[4]);const smoke_nsp_gauss_leg = get(ENV, "JULIA_MVMC_SMOKE_NSPGAUSSLEG", "");nsplit >= 1 || error("nsplit must be >= 1; got $nsplit");nstore in (0, 1) || error("nstore must be 0 or 1; got $nstore");"NSPGaussLeg" => smoke_nsp_gauss_leg,;"NVMCSample" => "4",;"NSplitSize" => string(nsplit),;"NStore" => string(nstore),;ensure_modpara_value!(modpara_path, "NSPGaussLeg", smoke_nsp_gauss_leg);nsteps = 1,;nsmp = 1,;label = "nsplit-standard-projection worker: $(fixture_name) nsplit=$(nsplit) nstore=$(nstore)";@error "mpi_nsplit_standard_projection_smoke worker failed" exception = (err, catch_backtrace())	SOURCE INVENTORY ONLY; not runtime verification	#177/#178/#179	3	issue-184-assertion-audit.tsv source=test/mpi/mpi_nsplit_standard_projection_smoke.jl	PARTIAL: source syntax inventoried; exact assertion/loop/InterAll block classification pending; focused rows do not close entire file
F119	test/mpi/mpi_physcal_nsplit_smoke.jl	15744fade94b867c6abfb416c8d620969f9fce07fe47958bcabadaeae7542015	105	none	0	2	replace_modpara_values!@41; prepare_inputs@60	Test/reference/example/helper source; scenarios separately mapped; no silent exclusion	partition_range	--features mpi and detected launcher; root-only stdout/output; no JULIA_MVMC_MPI env compatibility promise	cargo nextest run --locked --cargo-profile test-fast -p mvmc-core --features mpi --test mpi_issue179_collectives --test mpi_issue179_state --no-fail-fast --retries 0	# mpiexec worker for VMCPhysCal NSplitSize self-consistency smokes.;# julia --project=<workspace> test/mpi/mpi_physcal_nsplit_smoke.jl <fixture> <mode> <nsplit> <output_dir>;error("usage: mpi_physcal_nsplit_smoke.jl <fixture> <real|cmp> <nsplit> <output_dir>");const nsplit = parse(Int, ARGS[3]);nsplit >= 1 || error("nsplit must be >= 1; got $nsplit");"NDataQtySmp" => "1",;"NVMCSample" => "4",;"NSplitSize" => string(nsplit),;"NLanczosMode" => "0",;label = "physcal-nsplit worker: $(fixture_name) nsplit=$(nsplit)";@error "mpi_physcal_nsplit_smoke worker failed" exception = (err, catch_backtrace())	SOURCE INVENTORY ONLY; not runtime verification	#177/#178/#179	2	issue-184-assertion-audit.tsv source=test/mpi/mpi_physcal_nsplit_smoke.jl	PARTIAL: source syntax inventoried; exact assertion/loop/InterAll block classification pending; focused rows do not close entire file
F120	test/mpi/mpi_physcal_smoke.jl	6a7a2c8088a11c76b6610ff27bd54688c1360c7004fdf2c72f1b99e17dc6d1f4	44	none	0	3	none	Test/reference/example/helper source; scenarios separately mapped; no silent exclusion	partition_range	--features mpi and detected launcher; root-only stdout/output; no JULIA_MVMC_MPI env compatibility promise	cargo nextest run --locked --cargo-profile test-fast -p mvmc-core --features mpi --test mpi_issue179_collectives --test mpi_issue179_state --no-fail-fast --retries 0	No explicit scalar overrides extracted; exact scenario settings/source in scenarios TSV	SOURCE INVENTORY ONLY; not runtime verification	#177/#178/#179	3	issue-184-assertion-audit.tsv source=test/mpi/mpi_physcal_smoke.jl	PARTIAL: source syntax inventoried; exact assertion/loop/InterAll block classification pending; focused rows do not close entire file
F121	test/mpi/mpi_smoke.jl	0a46ce117fa1ba2478454a391bae1e06c0022094d848773ac3f286a840e7ae88	39	none	0	3	none	Test/reference/example/helper source; scenarios separately mapped; no silent exclusion	partition_range	--features mpi and detected launcher; root-only stdout/output; no JULIA_MVMC_MPI env compatibility promise	cargo nextest run --locked --cargo-profile test-fast -p mvmc-core --features mpi --test mpi_issue179_collectives --test mpi_issue179_state --no-fail-fast --retries 0	fixture; nsteps = 4, nsmp = 4, mode = :real, output_dir = outdir)	SOURCE INVENTORY ONLY; not runtime verification	#177/#178/#179	3	issue-184-assertion-audit.tsv source=test/mpi/mpi_smoke.jl	PARTIAL: source syntax inventoried; exact assertion/loop/InterAll block classification pending; focused rows do not close entire file
F122	test/mpi/mpi_srcg_e2e_smoke.jl	664ff218867b0be6258dc0fc2fcf911cdc81c07ca7dbb0a701b9be0cd4f71715	87	none	0	0	parse_zvo_row@20; parse_complex_pairs@26; parse_orbital_parameter_indices@32	Test/reference/example/helper source; scenarios separately mapped; no silent exclusion	partition_range	--features mpi and detected launcher; root-only stdout/output; no JULIA_MVMC_MPI env compatibility promise	cargo nextest run --locked --cargo-profile test-fast -p mvmc-core --features mpi --test mpi_issue179_collectives --test mpi_issue179_state --no-fail-fast --retries 0	"heisenberg_chain_real_nsrcg");const nsrcg_param_tol = 1e-2;fixture; nsteps = 1, nsmp = 1, mode = :real, output_dir = outdir);@test orbital_maxdiff <= nsrcg_param_tol	SOURCE INVENTORY ONLY; not runtime verification	#177/#178/#179	12	issue-184-assertion-audit.tsv source=test/mpi/mpi_srcg_e2e_smoke.jl	PARTIAL: source syntax inventoried; exact assertion/loop/InterAll block classification pending; focused rows do not close entire file
F123	test/mpi/mpi_srcg_operate_smoke.jl	c883547ddb30e826c074a1fcaff70129ff4119feec97f1137c98b1830d99f861	77	none	0	0	none	Test/reference/example/helper source; scenarios separately mapped; no silent exclusion	partition_range	--features mpi and detected launcher; root-only stdout/output; no JULIA_MVMC_MPI env compatibility promise	cargo nextest run --locked --cargo-profile test-fast -p mvmc-core --features mpi --test mpi_issue179_collectives --test mpi_issue179_state --no-fail-fast --retries 0	No explicit scalar overrides extracted; exact scenario settings/source in scenarios TSV	SOURCE INVENTORY ONLY; not runtime verification	#177/#178/#179	4	issue-184-assertion-audit.tsv source=test/mpi/mpi_srcg_operate_smoke.jl	PARTIAL: source syntax inventoried; exact assertion/loop/InterAll block classification pending; focused rows do not close entire file
F124	test/mpi/mpi_weight_average_smoke.jl	ddc10748fa33e49b85c55bc28544cc2410bd08589ab4330f88d1a3e2a9ee81d3	51	none	0	5	none	Test/reference/example/helper source; scenarios separately mapped; no silent exclusion	partition_range	--features mpi and detected launcher; root-only stdout/output; no JULIA_MVMC_MPI env compatibility promise	cargo nextest run --locked --cargo-profile test-fast -p mvmc-core --features mpi --test mpi_issue179_collectives --test mpi_issue179_state --no-fail-fast --retries 0	No explicit scalar overrides extracted; exact scenario settings/source in scenarios TSV	SOURCE INVENTORY ONLY; not runtime verification	#177/#178/#179	5	issue-184-assertion-audit.tsv source=test/mpi/mpi_weight_average_smoke.jl	PARTIAL: source syntax inventoried; exact assertion/loop/InterAll block classification pending; focused rows do not close entire file
F125	test/mpi/run_mpi_smoke.jl	dc5b078a3e0424d90d866e59aa0c868652d099481ef52196f9a9fa99b50ceeea	388	none	18	0	assert_files_present@44; parse_numeric_file@50; assert_close_vector@54; run_nsplit_nstore_case@65; run_nsplit_standard_projection_case@83; run_physcal_nsplit_case@108	Test/reference/example/helper source; scenarios separately mapped; no silent exclusion	partition_range	--features mpi and detected launcher; root-only stdout/output; no JULIA_MVMC_MPI env compatibility promise	cargo nextest run --locked --cargo-profile test-fast -p mvmc-core --features mpi --test mpi_issue179_collectives --test mpi_issue179_state --no-fail-fast --retries 0	const nsplit_nstore_worker = joinpath(@__DIR__, "mpi_nsplit_nstore_smoke.jl");const nsplit_standard_projection_worker =;joinpath(@__DIR__, "mpi_nsplit_standard_projection_smoke.jl");const physcal_nsplit_worker = joinpath(@__DIR__, "mpi_physcal_nsplit_smoke.jl");const nsplit_nstore_tol = 1e-8;# NQPFull > 1 changes the floating-point summation order: nsplit=1 sums QP;# sectors locally in one loop, while nsplit>1 sums rank-local partial IP values;const nsplit_standard_projection_tol = 5e-8;const physcal_nsplit_tol = 5e-8;function run_nsplit_nstore_case(fixture::AbstractString, mode::AbstractString,;nsplit::Int, nstore::Int, nranks::Int);`$(mpiexec()) -n $nranks $(Base.julia_cmd()) --project=$project $nsplit_nstore_worker $fixture $mode $nsplit $nstore $mpi_dir`,;label = "nsplit-nstore worker: $fixture nsplit=$nsplit nstore=$nstore";function run_nsplit_standard_projection_case(;nsplit::Int,;nstore::Int,;nsp_gauss_leg::Union{Nothing,Int} = nothing,;cmd = `$(mpiexec()) -n $nranks $(Base.julia_cmd()) --project=$project $nsplit_standard_projection_worker $fixture $mode $nsplit $nstore $mpi_dir`;if nsp_gauss_leg !== nothing;cmd = addenv(cmd, "JULIA_MVMC_SMOKE_NSPGAUSSLEG" => string(nsp_gauss_leg));label = "nsplit-standard-projection worker: $fixture nsplit=$nsplit nstore=$nstore";function run_physcal_nsplit_case(;nsplit::Int,;`$(mpiexec()) -n $nranks $(Base.julia_cmd()) --project=$project $physcal_nsplit_worker $fixture $mode $nsplit $mpi_dir`,;label = "physcal-nsplit worker: $fixture nsplit=$nsplit";out = read(`$(mpiexec()) -n 2 $(Base.julia_cmd()) --project=$project $failure_worker nsrcg2 $outdir`,;@test count("failure-mode worker: nsrcg2 expected rejection ok", out) == 2;@testset "v0.5 failure mode: NSplitSize > 1 with SR-CG rejects before MPI.Init" begin;out = read(`$(mpiexec()) -n 2 $(Base.julia_cmd()) --project=$project $failure_worker nsplit_srcg $outdir`,;@test count("failure-mode worker: nsplit_srcg expected rejection ok", out) == 2;@testset "v0.5 failure mode: NSplitSize > 1 with OptTrans rejects before MPI.Init" begin;out = read(`$(mpiexec()) -n 2 $(Base.julia_cmd()) --project=$project $failure_worker nsplit_opttrans $outdir`,;@test count("failure-mode worker: nsplit_opttrans expected rejection ok", out) == 2;@testset "v0.5 failure mode: NSplitSize > 1 with FSZ projection rejects before MPI.Init" begin;out = read(`$(mpiexec()) -n 2 $(Base.julia_cmd()) --project=$project $failure_worker nsplit_fsz_projection $outdir`,;@test count("failure-mode worker: nsplit_fsz_projection expected rejection ok", out) == 2;@testset "v0.5 NSplitSize/NStore direct-SR self-consistency" begin;direct_ref = run_nsplit_nstore_case(case.fixture, case.mode, 1, 0, 2);store_ref = run_nsplit_nstore_case(case.fixture, case.mode, 1, 1, 2);direct_split = run_nsplit_nstore_case(case.fixture, case.mode, 2, 0, 4)	SOURCE INVENTORY ONLY; not runtime verification	#177/#178/#179	49	issue-184-assertion-audit.tsv source=test/mpi/run_mpi_smoke.jl	PARTIAL: source syntax inventoried; exact assertion/loop/InterAll block classification pending; focused rows do not close entire file
