id	kind	julia_symbol_or_scenario	julia_source	rust_entry	cli_scope	implementation_scope	authority_or_intentional_difference	failure_boundary	gate_type	fixture_provenance	command	settings	result	owner
A001	export+function	MVMCExpertModeParsers.parse_expert_mode_files	MVMCExpertModeParsers.jl/src/MVMCExpertModeParsers.jl:55; MVMCExpertModeParsers.jl/src/MVMCExpertModeParsers.jl:93	crates/mvmc-expert-parsers/src/lib.rs::parse_expert_mode_files; crates/mvmc-expert-parsers/tests/issue184_original_heisenberg_public_loader.rs::original_heisenberg_namelist_exercises_public_loader_conditions (81-117)	Bounded public loader with byte-original HeisenbergChain namelist closure; not every overload, supported model, CLI or runner	Bounded original-input public parser conditions executed; remaining API/scenario conditions unverified	C supported complete indexed-definition shapes retained; readdef.c:593 derives NElec=(NLocSpin+NCond)/2. This is Rust parsing of original input, not a native C executable or numerical runner verification	Exact parsed fields, nonempty projection representatives, orbital unique-index/row-count conditions and input identities; no RNG initialization/state/count, sampling, optimization, numerical output or MPI claims	E1 one named original-model public parse test; two additional fixture/API-boundary tests are separate, not three model cases	Committed test/fixture bundle5246a89c; J=8bb1b9e8ae47b1512c00b321be05664ddcac0fd1; Jtest SHA256=dcf0f3d8ed0a272e06696a32ec5e3e060b3acee153392144c6594b9cb662cc10; Rusttest SHA256=4a3856005d86cf10a16c0e0bdf8ee9d4594f108686498053d331ac3d17be0676; inputs.sha256 manifest SHA256=5163a694ac0e44e838dd775b76f5faea5d11b3c05135d37275bda9991f34fec8; parent13 original definition byte comparisons all0; Creaddef SHA256=6c53cb832f93d6cbfd7cea955fbb693738af5536b913d36af32b98eed38c32d9; parent FULL Jtest207/Rusttest166/README and C source provenance review; no oracle runtime/regeneration in Cargo	Focused reproduction: cargo nextest run -p mvmc-expert-parsers --test issue184_original_heisenberg_public_loader --locked --no-fail-fast --retries 0; recorded parent execution pointer5553184f (exact invocation not recaptured by ledger editor)	tests/fixtures/original_heisenberg_parser_184/namelist.def with13 byte-original files; NSite16,NLocSpin16,NCond0,derivedNElec8,VMCCalMode0; seed123456789,steps300/window30 retained parse-only metadata; Gutz/Jast representative sets nonempty; orbital64 uniqueindices/256 rows; no300-step run	Parent independent5553184f:3/3PASS,0.014s,clippy0; only original_heisenberg_namelist_exercises_public_loader_conditions maps M0193-0198/M0200. Other two tests cover pinned fixture closure missing/tampered/omitted/implicit inputs and public optional missing InGutzwiller versus required Green file, not new model scenarios. M0199 absent-idx fallback not implemented in Rust typed OrbitalTerm; no promotion of M0191-0192 availability guards or M0201-0205 tautology/type assertions. Remaining loader overloads, other input families, diagnostics, runner/CLI/MPI and numerical results unverified by this row	#184 Chandra ledger; Pauli public parser/fixture implementation; parent independent review and execution
A002	export+function	MVMCExpertModeParsers.init_qp_weight!	MVMCExpertModeParsers.jl/src/MVMCExpertModeParsers.jl:58; MVMCExpertModeParsers.jl/src/utils/qp_weight.jl:168; MVMCExpertModeParsers.jl/src/utils/qp_weight.jl:314	crates/mvmc-expert-parsers/src/utils/qp_weight.rs::init_qp_weight_inplace; crates/mvmc-expert-parsers/src/utils/qp_weight.rs::init_qp_weight	Via both runners; --opt-trans opt-in C default; grouped OptTrans multi-sector rejected	executable bounded production mapping; independent scenario replay unverified	C quadrature/sign/momentum and OptTrans activation; numerical #190, discrete sectors exact	Sampling/proposed moves/acceptance must remain exact; numerical comparisons only for computed values; no implicit rejection rollback claim	E0 source/API mapping; candidate contract gate, not executed by this inventory	J=8bb1b9e8ae47b1512c00b321be05664ddcac0fd1; source SHA256 MVMCExpertModeParsers.jl/src/MVMCExpertModeParsers.jl=d9aa27bff6ca0f7c539a1d4ddf5290ca2220d240c66931eed9212360a3f6477a, MVMCExpertModeParsers.jl/src/utils/qp_weight.jl=43a2144cc8ec26e1e3f2a1be2447ba7dc76c8cd60882760a5fbec0de53d6ad52; C=extern/mVMC-1.3.0; independent expectation provenance must be read from named fixtures; no regeneration/run in documentation audit	cargo nextest run --locked --cargo-profile test-fast -p mvmc-core --test opttrans --no-fail-fast --retries 0	API arguments/overloads at listed source lines; run settings/seeds not applicable to source inspection; candidate gate settings per test; no new reference runtime	UNVERIFIED independent API replay; related local runner records R76/R43/R4/LR/LC do not establish every overload	#178/#180/#181
A003	export+function	MVMCExpertModeParsers.update_qp_weight!	MVMCExpertModeParsers.jl/src/MVMCExpertModeParsers.jl:58; MVMCExpertModeParsers.jl/src/utils/qp_weight.jl:261	crates/mvmc-expert-parsers/src/utils/qp_weight.rs::update_qp_weight	Via both runners; --opt-trans opt-in C default; grouped OptTrans multi-sector rejected	executable bounded production mapping; independent scenario replay unverified	C quadrature/sign/momentum and OptTrans activation; numerical #190, discrete sectors exact	Sampling/proposed moves/acceptance must remain exact; numerical comparisons only for computed values; no implicit rejection rollback claim	E0 source/API mapping; candidate contract gate, not executed by this inventory	J=8bb1b9e8ae47b1512c00b321be05664ddcac0fd1; source SHA256 MVMCExpertModeParsers.jl/src/MVMCExpertModeParsers.jl=d9aa27bff6ca0f7c539a1d4ddf5290ca2220d240c66931eed9212360a3f6477a, MVMCExpertModeParsers.jl/src/utils/qp_weight.jl=43a2144cc8ec26e1e3f2a1be2447ba7dc76c8cd60882760a5fbec0de53d6ad52; C=extern/mVMC-1.3.0; independent expectation provenance must be read from named fixtures; no regeneration/run in documentation audit	cargo nextest run --locked --cargo-profile test-fast -p mvmc-core --test opttrans --no-fail-fast --retries 0	API arguments/overloads at listed source lines; run settings/seeds not applicable to source inspection; candidate gate settings per test; no new reference runtime	UNVERIFIED independent API replay; related local runner records R76/R43/R4/LR/LC do not establish every overload	#178/#180/#181
A004	function	MVMCExpertModeParsers.apply_orbital_opt_flags_from_files!	MVMCExpertModeParsers.jl/src/MVMCExpertModeParsers.jl:239	crates/mvmc-expert-parsers/src/utils/opt_flag.rs::set_orbital_opt_flags	Expert namelist is parsed by mvmc CLI; no per-section CLI; strict C completeness before runner/output	executable bounded production mapping; independent scenario replay unverified	C readdef layout/counts/flags authoritative; Julia parser warnings/permissive recovery are not C support; C full site mapping/declared width and signed flags differ from historical permissive Julia examples	Exact RNG/config/count/status/indices/flags and untouched copy tails; computed normalization/inverse values follow #190; no claimed full trajectory from snapshots	E0 source/API mapping; candidate contract gate, not executed by this inventory	J=8bb1b9e8ae47b1512c00b321be05664ddcac0fd1; source SHA256 MVMCExpertModeParsers.jl/src/MVMCExpertModeParsers.jl=d9aa27bff6ca0f7c539a1d4ddf5290ca2220d240c66931eed9212360a3f6477a; C=extern/mVMC-1.3.0; independent expectation provenance must be read from named fixtures; no regeneration/run in documentation audit	cargo nextest run --locked --cargo-profile test-fast -p mvmc-expert-parsers --no-fail-fast --retries 0	API arguments/overloads at listed source lines; run settings/seeds not applicable to source inspection; candidate gate settings per test; no new reference runtime	UNVERIFIED independent API replay; related local runner records R76/R43/R4/LR/LC do not establish every overload	#184/#178
A005	function	MVMCExpertModeParsers.apply_rbm_opt_flags_from_files!	MVMCExpertModeParsers.jl/src/MVMCExpertModeParsers.jl:291	crates/mvmc-expert-parsers/src/utils/opt_flag.rs::set_rbm_opt_flags	Expert namelist is parsed by mvmc CLI; no per-section CLI; strict C completeness before runner/output	executable bounded production mapping; independent scenario replay unverified	C readdef layout/counts/flags authoritative; Julia parser warnings/permissive recovery are not C support; C full site mapping/declared width and signed flags differ from historical permissive Julia examples	Exact RNG/config/count/status/indices/flags and untouched copy tails; computed normalization/inverse values follow #190; no claimed full trajectory from snapshots	E0 source/API mapping; candidate contract gate, not executed by this inventory	J=8bb1b9e8ae47b1512c00b321be05664ddcac0fd1; source SHA256 MVMCExpertModeParsers.jl/src/MVMCExpertModeParsers.jl=d9aa27bff6ca0f7c539a1d4ddf5290ca2220d240c66931eed9212360a3f6477a; C=extern/mVMC-1.3.0; independent expectation provenance must be read from named fixtures; no regeneration/run in documentation audit	cargo nextest run --locked --cargo-profile test-fast -p mvmc-expert-parsers --no-fail-fast --retries 0	API arguments/overloads at listed source lines; run settings/seeds not applicable to source inspection; candidate gate settings per test; no new reference runtime	UNVERIFIED independent API replay; related local runner records R76/R43/R4/LR/LC do not establish every overload	#184/#178
A006	function	MVMCExpertModeParsers.judge_orbital_mode!	MVMCExpertModeParsers.jl/src/MVMCExpertModeParsers.jl:385	crates/mvmc-expert-parsers/src/lib.rs::parse_expert_mode_files_mode	Expert namelist is parsed by mvmc CLI; no per-section CLI; strict C completeness before runner/output	executable bounded production mapping; independent scenario replay unverified	C readdef layout/counts/flags authoritative; Julia parser warnings/permissive recovery are not C support; C full site mapping/declared width and signed flags differ from historical permissive Julia examples	Sampling/proposed moves/acceptance must remain exact; numerical comparisons only for computed values; no implicit rejection rollback claim	E0 source/API mapping; candidate contract gate, not executed by this inventory	J=8bb1b9e8ae47b1512c00b321be05664ddcac0fd1; source SHA256 MVMCExpertModeParsers.jl/src/MVMCExpertModeParsers.jl=d9aa27bff6ca0f7c539a1d4ddf5290ca2220d240c66931eed9212360a3f6477a; C=extern/mVMC-1.3.0; independent expectation provenance must be read from named fixtures; no regeneration/run in documentation audit	cargo nextest run --locked --cargo-profile test-fast -p mvmc-expert-parsers --no-fail-fast --retries 0	API arguments/overloads at listed source lines; run settings/seeds not applicable to source inspection; candidate gate settings per test; no new reference runtime	UNVERIFIED independent API replay; related local runner records R76/R43/R4/LR/LC do not establish every overload	#184/#178
A007	function	MVMCExpertModeParsers.parse_file_by_type!	MVMCExpertModeParsers.jl/src/MVMCExpertModeParsers.jl:428	crates/mvmc-expert-parsers/src/lib.rs::parse_expert_mode_files_mode	Expert namelist is parsed by mvmc CLI; no per-section CLI; strict C completeness before runner/output	executable bounded production mapping; independent scenario replay unverified	C readdef layout/counts/flags authoritative; Julia parser warnings/permissive recovery are not C support	Sampling/proposed moves/acceptance must remain exact; numerical comparisons only for computed values; no implicit rejection rollback claim	E0 source/API mapping; candidate contract gate, not executed by this inventory	J=8bb1b9e8ae47b1512c00b321be05664ddcac0fd1; source SHA256 MVMCExpertModeParsers.jl/src/MVMCExpertModeParsers.jl=d9aa27bff6ca0f7c539a1d4ddf5290ca2220d240c66931eed9212360a3f6477a; C=extern/mVMC-1.3.0; independent expectation provenance must be read from named fixtures; no regeneration/run in documentation audit	cargo nextest run --locked --cargo-profile test-fast -p mvmc-expert-parsers --no-fail-fast --retries 0	API arguments/overloads at listed source lines; run settings/seeds not applicable to source inspection; candidate gate settings per test; no new reference runtime	UNVERIFIED independent API replay; related local runner records R76/R43/R4/LR/LC do not establish every overload	#184/#178
A008	function	MVMCExpertModeParsers.parse_coulomb_intra_def	MVMCExpertModeParsers.jl/src/parsers/coulomb_parser.jl:12	crates/mvmc-expert-parsers/src/parsers/coulomb.rs::parse_coulomb_intra_def	Expert namelist is parsed by mvmc CLI; no per-section CLI; strict C completeness before runner/output	executable bounded production mapping; independent scenario replay unverified	C readdef layout/counts/flags authoritative; Julia parser warnings/permissive recovery are not C support	Sampling/proposed moves/acceptance must remain exact; numerical comparisons only for computed values; no implicit rejection rollback claim	E0 source/API mapping; candidate contract gate, not executed by this inventory	J=8bb1b9e8ae47b1512c00b321be05664ddcac0fd1; source SHA256 MVMCExpertModeParsers.jl/src/parsers/coulomb_parser.jl=e65544575c059a544b29d87d2d9af393ccf8c10c114baebbe82a37c1c3ec902c; C=extern/mVMC-1.3.0; independent expectation provenance must be read from named fixtures; no regeneration/run in documentation audit	cargo nextest run --locked --cargo-profile test-fast -p mvmc-expert-parsers --no-fail-fast --retries 0	API arguments/overloads at listed source lines; run settings/seeds not applicable to source inspection; candidate gate settings per test; no new reference runtime	UNVERIFIED independent API replay; related local runner records R76/R43/R4/LR/LC do not establish every overload	#184/#178
A009	function	MVMCExpertModeParsers.parse_coulomb_intra_content	MVMCExpertModeParsers.jl/src/parsers/coulomb_parser.jl:31	crates/mvmc-expert-parsers/src/parsers/coulomb.rs::parse_coulomb_intra_content; crates/mvmc-expert-parsers/tests/issue184_literal_hamiltonian_parsers.rs::original_coulomb_payload_preserves_both_sites_and_couplings (44-54)	Bounded public in-memory Coulomb parser with original two-row literal input; not all parser branches or native full-file/energy execution	Bounded named Coulomb literal parser case executed; full API/testset unverified	C site-index/coupling representation retained; bare content is a Julia-style parser API, while native C reads declared-count payload after header. No native C full-file or numerical energy verification	Exact output count2 and (site,value) tuples [(0,4.0),(1,4.0)]; no RNG, sampling/configuration, local energy, CLI or MPI evidence	E1 bounded named Coulomb parser case from fresh parent execution; not whole API/scenario proof	J=8bb1b9e8ae47b1512c00b321be05664ddcac0fd1; Jtest test_parsers.jl SHA256=8336b21bca7627749e27c588e537e30c20ea4a6383733bae3e93a44461980185,80-96; Rusttest SHA256=2e8e14422ef3b846bb00bc5bc42469883fa0910baa096f1dbdb059a671fead3e,44-54; original Julia and FULL81-line Rust test independently read; current source SHA checked; no reference-runtime generation	Parent fresh exact command: cargo nextest run -p mvmc-expert-parsers --test issue184_literal_hamiltonian_parsers --locked --no-fail-fast --retries 0	Original literal payload rows '0 4.0' and '1 4.0', preserving leading whitespace; len2; both couplings4.0; no seed/steps/ranks/workers applicable to scalar content parsing	Parent3f56a22e-8824-4a48-9999-815b85b2605e:terminal0,3/3PASS,0.006s; Coulomb is ONE named case, other Transfer/PairHop tests separate, not three Coulomb/model scenarios. No fresh clippy result supplied. M0239-0241 parsed assertions matched; M0238 Rust Vec return differs from Julia ParseResult.success/data; M0236-0237 constructor gap retained. Malformed content and other API branches unverified; no native C full-file, energy/Hamiltonian, public model or entire testset PASS	#184 Chandra ledger; Pauli parser implementation; parent independent source review and fresh execution
A010	function	MVMCExpertModeParsers.parse_coulomb_intra_term	MVMCExpertModeParsers.jl/src/parsers/coulomb_parser.jl:75	crates/mvmc-expert-parsers/src/parsers/coulomb.rs::parse_coulomb_intra_content	Expert namelist is parsed by mvmc CLI; no per-section CLI; strict C completeness before runner/output	executable bounded production mapping; independent scenario replay unverified	C readdef layout/counts/flags authoritative; Julia parser warnings/permissive recovery are not C support	Sampling/proposed moves/acceptance must remain exact; numerical comparisons only for computed values; no implicit rejection rollback claim	E0 source/API mapping; candidate contract gate, not executed by this inventory	J=8bb1b9e8ae47b1512c00b321be05664ddcac0fd1; source SHA256 MVMCExpertModeParsers.jl/src/parsers/coulomb_parser.jl=e65544575c059a544b29d87d2d9af393ccf8c10c114baebbe82a37c1c3ec902c; C=extern/mVMC-1.3.0; independent expectation provenance must be read from named fixtures; no regeneration/run in documentation audit	cargo nextest run --locked --cargo-profile test-fast -p mvmc-expert-parsers --no-fail-fast --retries 0	API arguments/overloads at listed source lines; run settings/seeds not applicable to source inspection; candidate gate settings per test; no new reference runtime	UNVERIFIED independent API replay; related local runner records R76/R43/R4/LR/LC do not establish every overload	#184/#178
A011	function	MVMCExpertModeParsers.parse_coulomb_inter_def	MVMCExpertModeParsers.jl/src/parsers/coulomb_parser.jl:108	crates/mvmc-expert-parsers/src/parsers/coulomb.rs::parse_coulomb_inter_def	Expert namelist is parsed by mvmc CLI; no per-section CLI; strict C completeness before runner/output	executable bounded production mapping; independent scenario replay unverified	C readdef layout/counts/flags authoritative; Julia parser warnings/permissive recovery are not C support	Sampling/proposed moves/acceptance must remain exact; numerical comparisons only for computed values; no implicit rejection rollback claim	E0 source/API mapping; candidate contract gate, not executed by this inventory	J=8bb1b9e8ae47b1512c00b321be05664ddcac0fd1; source SHA256 MVMCExpertModeParsers.jl/src/parsers/coulomb_parser.jl=e65544575c059a544b29d87d2d9af393ccf8c10c114baebbe82a37c1c3ec902c; C=extern/mVMC-1.3.0; independent expectation provenance must be read from named fixtures; no regeneration/run in documentation audit	cargo nextest run --locked --cargo-profile test-fast -p mvmc-expert-parsers --no-fail-fast --retries 0	API arguments/overloads at listed source lines; run settings/seeds not applicable to source inspection; candidate gate settings per test; no new reference runtime	UNVERIFIED independent API replay; related local runner records R76/R43/R4/LR/LC do not establish every overload	#184/#178
A012	function	MVMCExpertModeParsers.parse_coulomb_inter_content	MVMCExpertModeParsers.jl/src/parsers/coulomb_parser.jl:127	crates/mvmc-expert-parsers/src/parsers/coulomb.rs::parse_coulomb_inter_content	Expert namelist is parsed by mvmc CLI; no per-section CLI; strict C completeness before runner/output	executable bounded production mapping; independent scenario replay unverified	C readdef layout/counts/flags authoritative; Julia parser warnings/permissive recovery are not C support	Sampling/proposed moves/acceptance must remain exact; numerical comparisons only for computed values; no implicit rejection rollback claim	E0 source/API mapping; candidate contract gate, not executed by this inventory	J=8bb1b9e8ae47b1512c00b321be05664ddcac0fd1; source SHA256 MVMCExpertModeParsers.jl/src/parsers/coulomb_parser.jl=e65544575c059a544b29d87d2d9af393ccf8c10c114baebbe82a37c1c3ec902c; C=extern/mVMC-1.3.0; independent expectation provenance must be read from named fixtures; no regeneration/run in documentation audit	cargo nextest run --locked --cargo-profile test-fast -p mvmc-expert-parsers --no-fail-fast --retries 0	API arguments/overloads at listed source lines; run settings/seeds not applicable to source inspection; candidate gate settings per test; no new reference runtime	UNVERIFIED independent API replay; related local runner records R76/R43/R4/LR/LC do not establish every overload	#184/#178
A013	function	MVMCExpertModeParsers.parse_coulomb_inter_term	MVMCExpertModeParsers.jl/src/parsers/coulomb_parser.jl:187	crates/mvmc-expert-parsers/src/parsers/coulomb.rs::parse_coulomb_inter_content	Expert namelist is parsed by mvmc CLI; no per-section CLI; strict C completeness before runner/output	executable bounded production mapping; independent scenario replay unverified	C readdef layout/counts/flags authoritative; Julia parser warnings/permissive recovery are not C support	Sampling/proposed moves/acceptance must remain exact; numerical comparisons only for computed values; no implicit rejection rollback claim	E0 source/API mapping; candidate contract gate, not executed by this inventory	J=8bb1b9e8ae47b1512c00b321be05664ddcac0fd1; source SHA256 MVMCExpertModeParsers.jl/src/parsers/coulomb_parser.jl=e65544575c059a544b29d87d2d9af393ccf8c10c114baebbe82a37c1c3ec902c; C=extern/mVMC-1.3.0; independent expectation provenance must be read from named fixtures; no regeneration/run in documentation audit	cargo nextest run --locked --cargo-profile test-fast -p mvmc-expert-parsers --no-fail-fast --retries 0	API arguments/overloads at listed source lines; run settings/seeds not applicable to source inspection; candidate gate settings per test; no new reference runtime	UNVERIFIED independent API replay; related local runner records R76/R43/R4/LR/LC do not establish every overload	#184/#178
A014	function	MVMCExpertModeParsers.parse_doublon_holon_2site_def	MVMCExpertModeParsers.jl/src/parsers/doublon_holon_parser.jl:51; MVMCExpertModeParsers.jl/src/parsers/doublon_holon_parser.jl:250	crates/mvmc-expert-parsers/src/parsers/doublon_holon.rs::parse_doublon_holon_2site_def	Expert namelist is parsed by mvmc CLI; no per-section CLI; strict C completeness before runner/output	executable bounded production mapping; independent scenario replay unverified	C readdef layout/counts/flags authoritative; Julia parser warnings/permissive recovery are not C support	Sampling/proposed moves/acceptance must remain exact; numerical comparisons only for computed values; no implicit rejection rollback claim	E0 source/API mapping; candidate contract gate, not executed by this inventory	J=8bb1b9e8ae47b1512c00b321be05664ddcac0fd1; source SHA256 MVMCExpertModeParsers.jl/src/parsers/doublon_holon_parser.jl=3333e4e80fd1cf68fce724d8ebb3ea7b94cfaebb81bbaa59fe8bbd5d541c0a4b; C=extern/mVMC-1.3.0; independent expectation provenance must be read from named fixtures; no regeneration/run in documentation audit	cargo nextest run --locked --cargo-profile test-fast -p mvmc-expert-parsers --no-fail-fast --retries 0	API arguments/overloads at listed source lines; run settings/seeds not applicable to source inspection; candidate gate settings per test; no new reference runtime	UNVERIFIED independent API replay; related local runner records R76/R43/R4/LR/LC do not establish every overload	#184/#178
A015	function	MVMCExpertModeParsers.parse_doublon_holon_2site_content	MVMCExpertModeParsers.jl/src/parsers/doublon_holon_parser.jl:68; MVMCExpertModeParsers.jl/src/parsers/doublon_holon_parser.jl:266	crates/mvmc-expert-parsers/src/parsers/doublon_holon.rs::parse_doublon_holon_2site_content	Expert namelist is parsed by mvmc CLI; no per-section CLI; strict C completeness before runner/output	executable bounded production mapping; independent scenario replay unverified	C readdef layout/counts/flags authoritative; Julia parser warnings/permissive recovery are not C support	Sampling/proposed moves/acceptance must remain exact; numerical comparisons only for computed values; no implicit rejection rollback claim	E0 source/API mapping; candidate contract gate, not executed by this inventory	J=8bb1b9e8ae47b1512c00b321be05664ddcac0fd1; source SHA256 MVMCExpertModeParsers.jl/src/parsers/doublon_holon_parser.jl=3333e4e80fd1cf68fce724d8ebb3ea7b94cfaebb81bbaa59fe8bbd5d541c0a4b; C=extern/mVMC-1.3.0; independent expectation provenance must be read from named fixtures; no regeneration/run in documentation audit	cargo nextest run --locked --cargo-profile test-fast -p mvmc-expert-parsers --no-fail-fast --retries 0	API arguments/overloads at listed source lines; run settings/seeds not applicable to source inspection; candidate gate settings per test; no new reference runtime	UNVERIFIED independent API replay; related local runner records R76/R43/R4/LR/LC do not establish every overload	#184/#178
A016	function	MVMCExpertModeParsers.parse_doublon_holon_4site_def	MVMCExpertModeParsers.jl/src/parsers/doublon_holon_parser.jl:148; MVMCExpertModeParsers.jl/src/parsers/doublon_holon_parser.jl:312	crates/mvmc-expert-parsers/src/parsers/doublon_holon.rs::parse_doublon_holon_4site_def	Expert namelist is parsed by mvmc CLI; no per-section CLI; strict C completeness before runner/output	executable bounded production mapping; independent scenario replay unverified	C readdef layout/counts/flags authoritative; Julia parser warnings/permissive recovery are not C support	Sampling/proposed moves/acceptance must remain exact; numerical comparisons only for computed values; no implicit rejection rollback claim	E0 source/API mapping; candidate contract gate, not executed by this inventory	J=8bb1b9e8ae47b1512c00b321be05664ddcac0fd1; source SHA256 MVMCExpertModeParsers.jl/src/parsers/doublon_holon_parser.jl=3333e4e80fd1cf68fce724d8ebb3ea7b94cfaebb81bbaa59fe8bbd5d541c0a4b; C=extern/mVMC-1.3.0; independent expectation provenance must be read from named fixtures; no regeneration/run in documentation audit	cargo nextest run --locked --cargo-profile test-fast -p mvmc-expert-parsers --no-fail-fast --retries 0	API arguments/overloads at listed source lines; run settings/seeds not applicable to source inspection; candidate gate settings per test; no new reference runtime	UNVERIFIED independent API replay; related local runner records R76/R43/R4/LR/LC do not establish every overload	#184/#178
A017	function	MVMCExpertModeParsers.parse_doublon_holon_4site_content	MVMCExpertModeParsers.jl/src/parsers/doublon_holon_parser.jl:165; MVMCExpertModeParsers.jl/src/parsers/doublon_holon_parser.jl:328	crates/mvmc-expert-parsers/src/parsers/doublon_holon.rs::parse_doublon_holon_4site_content	Expert namelist is parsed by mvmc CLI; no per-section CLI; strict C completeness before runner/output	executable bounded production mapping; independent scenario replay unverified	C readdef layout/counts/flags authoritative; Julia parser warnings/permissive recovery are not C support	Sampling/proposed moves/acceptance must remain exact; numerical comparisons only for computed values; no implicit rejection rollback claim	E0 source/API mapping; candidate contract gate, not executed by this inventory	J=8bb1b9e8ae47b1512c00b321be05664ddcac0fd1; source SHA256 MVMCExpertModeParsers.jl/src/parsers/doublon_holon_parser.jl=3333e4e80fd1cf68fce724d8ebb3ea7b94cfaebb81bbaa59fe8bbd5d541c0a4b; C=extern/mVMC-1.3.0; independent expectation provenance must be read from named fixtures; no regeneration/run in documentation audit	cargo nextest run --locked --cargo-profile test-fast -p mvmc-expert-parsers --no-fail-fast --retries 0	API arguments/overloads at listed source lines; run settings/seeds not applicable to source inspection; candidate gate settings per test; no new reference runtime	UNVERIFIED independent API replay; related local runner records R76/R43/R4/LR/LC do not establish every overload	#184/#178
A018	function	MVMCExpertModeParsers.parse_exchange_def	MVMCExpertModeParsers.jl/src/parsers/exchange_parser.jl:26	crates/mvmc-expert-parsers/src/parsers/exchange.rs::parse_exchange_def	Expert namelist is parsed by mvmc CLI; no per-section CLI; strict C completeness before runner/output	executable bounded production mapping; independent scenario replay unverified	C readdef layout/counts/flags authoritative; Julia parser warnings/permissive recovery are not C support	Sampling/proposed moves/acceptance must remain exact; numerical comparisons only for computed values; no implicit rejection rollback claim	E0 source/API mapping; candidate contract gate, not executed by this inventory	J=8bb1b9e8ae47b1512c00b321be05664ddcac0fd1; source SHA256 MVMCExpertModeParsers.jl/src/parsers/exchange_parser.jl=fae3fe86b81e2b34aeb9617b1ec4ba12ef9c292956d68d3ffdc8bbdb2f3c6654; C=extern/mVMC-1.3.0; independent expectation provenance must be read from named fixtures; no regeneration/run in documentation audit	cargo nextest run --locked --cargo-profile test-fast -p mvmc-expert-parsers --no-fail-fast --retries 0	API arguments/overloads at listed source lines; run settings/seeds not applicable to source inspection; candidate gate settings per test; no new reference runtime	UNVERIFIED independent API replay; related local runner records R76/R43/R4/LR/LC do not establish every overload	#184/#178
A019	function	MVMCExpertModeParsers.parse_exchange_content	MVMCExpertModeParsers.jl/src/parsers/exchange_parser.jl:51	crates/mvmc-expert-parsers/src/parsers/exchange.rs::parse_exchange_content	Expert namelist is parsed by mvmc CLI; no per-section CLI; strict C completeness before runner/output	executable bounded production mapping; independent scenario replay unverified	C readdef layout/counts/flags authoritative; Julia parser warnings/permissive recovery are not C support	Sampling/proposed moves/acceptance must remain exact; numerical comparisons only for computed values; no implicit rejection rollback claim	E0 source/API mapping; candidate contract gate, not executed by this inventory	J=8bb1b9e8ae47b1512c00b321be05664ddcac0fd1; source SHA256 MVMCExpertModeParsers.jl/src/parsers/exchange_parser.jl=fae3fe86b81e2b34aeb9617b1ec4ba12ef9c292956d68d3ffdc8bbdb2f3c6654; C=extern/mVMC-1.3.0; independent expectation provenance must be read from named fixtures; no regeneration/run in documentation audit	cargo nextest run --locked --cargo-profile test-fast -p mvmc-expert-parsers --no-fail-fast --retries 0	API arguments/overloads at listed source lines; run settings/seeds not applicable to source inspection; candidate gate settings per test; no new reference runtime	UNVERIFIED independent API replay; related local runner records R76/R43/R4/LR/LC do not establish every overload	#184/#178
A020	function	MVMCExpertModeParsers.parse_green_one_def	MVMCExpertModeParsers.jl/src/parsers/green_parser.jl:12	crates/mvmc-expert-parsers/src/parsers/green.rs::parse_green_one_def	Expert namelist is parsed by mvmc CLI; no per-section CLI; strict C completeness before runner/output	executable bounded production mapping; independent scenario replay unverified	C readdef layout/counts/flags authoritative; Julia parser warnings/permissive recovery are not C support	Sampling/proposed moves/acceptance must remain exact; numerical comparisons only for computed values; no implicit rejection rollback claim	E0 source/API mapping; candidate contract gate, not executed by this inventory	J=8bb1b9e8ae47b1512c00b321be05664ddcac0fd1; source SHA256 MVMCExpertModeParsers.jl/src/parsers/green_parser.jl=6e56f7638af2765d4d9ec39839aa9d13cb8ef6e2efba9a9eef05806a7d2613f6; C=extern/mVMC-1.3.0; independent expectation provenance must be read from named fixtures; no regeneration/run in documentation audit	cargo nextest run --locked --cargo-profile test-fast -p mvmc-expert-parsers --no-fail-fast --retries 0	API arguments/overloads at listed source lines; run settings/seeds not applicable to source inspection; candidate gate settings per test; no new reference runtime	UNVERIFIED independent API replay; related local runner records R76/R43/R4/LR/LC do not establish every overload	#184/#178
A021	function	MVMCExpertModeParsers.parse_green_one_content	MVMCExpertModeParsers.jl/src/parsers/green_parser.jl:31	crates/mvmc-expert-parsers/src/parsers/green.rs::parse_green_one_content	Expert namelist is parsed by mvmc CLI; no per-section CLI; strict C completeness before runner/output	executable bounded production mapping; independent scenario replay unverified	C readdef layout/counts/flags authoritative; Julia parser warnings/permissive recovery are not C support	Sampling/proposed moves/acceptance must remain exact; numerical comparisons only for computed values; no implicit rejection rollback claim	E0 source/API mapping; candidate contract gate, not executed by this inventory	J=8bb1b9e8ae47b1512c00b321be05664ddcac0fd1; source SHA256 MVMCExpertModeParsers.jl/src/parsers/green_parser.jl=6e56f7638af2765d4d9ec39839aa9d13cb8ef6e2efba9a9eef05806a7d2613f6; C=extern/mVMC-1.3.0; independent expectation provenance must be read from named fixtures; no regeneration/run in documentation audit	cargo nextest run --locked --cargo-profile test-fast -p mvmc-expert-parsers --no-fail-fast --retries 0	API arguments/overloads at listed source lines; run settings/seeds not applicable to source inspection; candidate gate settings per test; no new reference runtime	UNVERIFIED independent API replay; related local runner records R76/R43/R4/LR/LC do not establish every overload	#184/#178
A022	function	MVMCExpertModeParsers.parse_green_one_term	MVMCExpertModeParsers.jl/src/parsers/green_parser.jl:97	crates/mvmc-expert-parsers/src/parsers/green.rs::parse_green_one_content	Expert namelist is parsed by mvmc CLI; no per-section CLI; strict C completeness before runner/output	executable bounded production mapping; independent scenario replay unverified	C readdef layout/counts/flags authoritative; Julia parser warnings/permissive recovery are not C support	Sampling/proposed moves/acceptance must remain exact; numerical comparisons only for computed values; no implicit rejection rollback claim	E0 source/API mapping; candidate contract gate, not executed by this inventory	J=8bb1b9e8ae47b1512c00b321be05664ddcac0fd1; source SHA256 MVMCExpertModeParsers.jl/src/parsers/green_parser.jl=6e56f7638af2765d4d9ec39839aa9d13cb8ef6e2efba9a9eef05806a7d2613f6; C=extern/mVMC-1.3.0; independent expectation provenance must be read from named fixtures; no regeneration/run in documentation audit	cargo nextest run --locked --cargo-profile test-fast -p mvmc-expert-parsers --no-fail-fast --retries 0	API arguments/overloads at listed source lines; run settings/seeds not applicable to source inspection; candidate gate settings per test; no new reference runtime	UNVERIFIED independent API replay; related local runner records R76/R43/R4/LR/LC do not establish every overload	#184/#178
A023	function	MVMCExpertModeParsers.parse_green_two_def	MVMCExpertModeParsers.jl/src/parsers/green_parser.jl:140	crates/mvmc-expert-parsers/src/parsers/green.rs::parse_green_two_def	Expert namelist is parsed by mvmc CLI; no per-section CLI; strict C completeness before runner/output	executable bounded production mapping; independent scenario replay unverified	C readdef layout/counts/flags authoritative; Julia parser warnings/permissive recovery are not C support	Sampling/proposed moves/acceptance must remain exact; numerical comparisons only for computed values; no implicit rejection rollback claim	E0 source/API mapping; candidate contract gate, not executed by this inventory	J=8bb1b9e8ae47b1512c00b321be05664ddcac0fd1; source SHA256 MVMCExpertModeParsers.jl/src/parsers/green_parser.jl=6e56f7638af2765d4d9ec39839aa9d13cb8ef6e2efba9a9eef05806a7d2613f6; C=extern/mVMC-1.3.0; independent expectation provenance must be read from named fixtures; no regeneration/run in documentation audit	cargo nextest run --locked --cargo-profile test-fast -p mvmc-expert-parsers --no-fail-fast --retries 0	API arguments/overloads at listed source lines; run settings/seeds not applicable to source inspection; candidate gate settings per test; no new reference runtime	UNVERIFIED independent API replay; related local runner records R76/R43/R4/LR/LC do not establish every overload	#184/#178
A024	function	MVMCExpertModeParsers.parse_green_two_content	MVMCExpertModeParsers.jl/src/parsers/green_parser.jl:159	crates/mvmc-expert-parsers/src/parsers/green.rs::parse_green_two_content	Expert namelist is parsed by mvmc CLI; no per-section CLI; strict C completeness before runner/output	executable bounded production mapping; independent scenario replay unverified	C readdef layout/counts/flags authoritative; Julia parser warnings/permissive recovery are not C support	Sampling/proposed moves/acceptance must remain exact; numerical comparisons only for computed values; no implicit rejection rollback claim	E0 source/API mapping; candidate contract gate, not executed by this inventory	J=8bb1b9e8ae47b1512c00b321be05664ddcac0fd1; source SHA256 MVMCExpertModeParsers.jl/src/parsers/green_parser.jl=6e56f7638af2765d4d9ec39839aa9d13cb8ef6e2efba9a9eef05806a7d2613f6; C=extern/mVMC-1.3.0; independent expectation provenance must be read from named fixtures; no regeneration/run in documentation audit	cargo nextest run --locked --cargo-profile test-fast -p mvmc-expert-parsers --no-fail-fast --retries 0	API arguments/overloads at listed source lines; run settings/seeds not applicable to source inspection; candidate gate settings per test; no new reference runtime	UNVERIFIED independent API replay; related local runner records R76/R43/R4/LR/LC do not establish every overload	#184/#178
A025	function	MVMCExpertModeParsers.parse_green_two_term	MVMCExpertModeParsers.jl/src/parsers/green_parser.jl:230	crates/mvmc-expert-parsers/src/parsers/green.rs::parse_green_two_content	Expert namelist is parsed by mvmc CLI; no per-section CLI; strict C completeness before runner/output	executable bounded production mapping; independent scenario replay unverified	C readdef layout/counts/flags authoritative; Julia parser warnings/permissive recovery are not C support	Sampling/proposed moves/acceptance must remain exact; numerical comparisons only for computed values; no implicit rejection rollback claim	E0 source/API mapping; candidate contract gate, not executed by this inventory	J=8bb1b9e8ae47b1512c00b321be05664ddcac0fd1; source SHA256 MVMCExpertModeParsers.jl/src/parsers/green_parser.jl=6e56f7638af2765d4d9ec39839aa9d13cb8ef6e2efba9a9eef05806a7d2613f6; C=extern/mVMC-1.3.0; independent expectation provenance must be read from named fixtures; no regeneration/run in documentation audit	cargo nextest run --locked --cargo-profile test-fast -p mvmc-expert-parsers --no-fail-fast --retries 0	API arguments/overloads at listed source lines; run settings/seeds not applicable to source inspection; candidate gate settings per test; no new reference runtime	UNVERIFIED independent API replay; related local runner records R76/R43/R4/LR/LC do not establish every overload	#184/#178
A026	function	MVMCExpertModeParsers.parse_green_two_ex_def	MVMCExpertModeParsers.jl/src/parsers/green_parser.jl:279	crates/mvmc-expert-parsers/src/parsers/green.rs::parse_green_two_ex_def	Expert namelist is parsed by mvmc CLI; no per-section CLI; strict C completeness before runner/output	executable bounded production mapping; independent scenario replay unverified	C readdef layout/counts/flags authoritative; Julia parser warnings/permissive recovery are not C support	Sampling/proposed moves/acceptance must remain exact; numerical comparisons only for computed values; no implicit rejection rollback claim	E0 source/API mapping; candidate contract gate, not executed by this inventory	J=8bb1b9e8ae47b1512c00b321be05664ddcac0fd1; source SHA256 MVMCExpertModeParsers.jl/src/parsers/green_parser.jl=6e56f7638af2765d4d9ec39839aa9d13cb8ef6e2efba9a9eef05806a7d2613f6; C=extern/mVMC-1.3.0; independent expectation provenance must be read from named fixtures; no regeneration/run in documentation audit	cargo nextest run --locked --cargo-profile test-fast -p mvmc-expert-parsers --no-fail-fast --retries 0	API arguments/overloads at listed source lines; run settings/seeds not applicable to source inspection; candidate gate settings per test; no new reference runtime	UNVERIFIED independent API replay; related local runner records R76/R43/R4/LR/LC do not establish every overload	#184/#178
A027	function	MVMCExpertModeParsers.parse_green_two_ex_content	MVMCExpertModeParsers.jl/src/parsers/green_parser.jl:303	crates/mvmc-expert-parsers/src/parsers/green.rs::parse_green_two_ex_content	Expert namelist is parsed by mvmc CLI; no per-section CLI; strict C completeness before runner/output	executable bounded production mapping; independent scenario replay unverified	C readdef layout/counts/flags authoritative; Julia parser warnings/permissive recovery are not C support	Sampling/proposed moves/acceptance must remain exact; numerical comparisons only for computed values; no implicit rejection rollback claim	E0 source/API mapping; candidate contract gate, not executed by this inventory	J=8bb1b9e8ae47b1512c00b321be05664ddcac0fd1; source SHA256 MVMCExpertModeParsers.jl/src/parsers/green_parser.jl=6e56f7638af2765d4d9ec39839aa9d13cb8ef6e2efba9a9eef05806a7d2613f6; C=extern/mVMC-1.3.0; independent expectation provenance must be read from named fixtures; no regeneration/run in documentation audit	cargo nextest run --locked --cargo-profile test-fast -p mvmc-expert-parsers --no-fail-fast --retries 0	API arguments/overloads at listed source lines; run settings/seeds not applicable to source inspection; candidate gate settings per test; no new reference runtime	UNVERIFIED independent API replay; related local runner records R76/R43/R4/LR/LC do not establish every overload	#184/#178
A028	function	MVMCExpertModeParsers.parse_gutzwiller_def	MVMCExpertModeParsers.jl/src/parsers/gutzwiller_parser.jl:12	crates/mvmc-expert-parsers/src/parsers/gutzwiller.rs::parse_gutzwiller_def	Expert namelist is parsed by mvmc CLI; no per-section CLI; strict C completeness before runner/output	executable bounded production mapping; independent scenario replay unverified	C readdef layout/counts/flags authoritative; Julia parser warnings/permissive recovery are not C support; C full site mapping/declared width and signed flags differ from historical permissive Julia examples	Sampling/proposed moves/acceptance must remain exact; numerical comparisons only for computed values; no implicit rejection rollback claim	E0 source/API mapping; candidate contract gate, not executed by this inventory	J=8bb1b9e8ae47b1512c00b321be05664ddcac0fd1; source SHA256 MVMCExpertModeParsers.jl/src/parsers/gutzwiller_parser.jl=8f05f835d071689920661b0b33d4b245e3565203ae8bacc1d268a56d34a00171; C=extern/mVMC-1.3.0; independent expectation provenance must be read from named fixtures; no regeneration/run in documentation audit	cargo nextest run --locked --cargo-profile test-fast -p mvmc-expert-parsers --no-fail-fast --retries 0	API arguments/overloads at listed source lines; run settings/seeds not applicable to source inspection; candidate gate settings per test; no new reference runtime	UNVERIFIED independent API replay; related local runner records R76/R43/R4/LR/LC do not establish every overload	#184/#178
A029	type	MVMCExpertModeParsers.GutzwillerParseResult	MVMCExpertModeParsers.jl/src/parsers/gutzwiller_parser.jl:31	crates/mvmc-expert-parsers/src/parsers/gutzwiller.rs::GutzwillerSection	Expert namelist is parsed by mvmc CLI; no per-section CLI; strict C completeness before runner/output	executable bounded production mapping; independent scenario replay unverified	C readdef layout/counts/flags authoritative; Julia parser warnings/permissive recovery are not C support; C full site mapping/declared width and signed flags differ from historical permissive Julia examples	Sampling/proposed moves/acceptance must remain exact; numerical comparisons only for computed values; no implicit rejection rollback claim	E0 source/API mapping; candidate contract gate, not executed by this inventory	J=8bb1b9e8ae47b1512c00b321be05664ddcac0fd1; source SHA256 MVMCExpertModeParsers.jl/src/parsers/gutzwiller_parser.jl=8f05f835d071689920661b0b33d4b245e3565203ae8bacc1d268a56d34a00171; C=extern/mVMC-1.3.0; independent expectation provenance must be read from named fixtures; no regeneration/run in documentation audit	cargo nextest run --locked --cargo-profile test-fast -p mvmc-expert-parsers --no-fail-fast --retries 0	API arguments/overloads at listed source lines; run settings/seeds not applicable to source inspection; candidate gate settings per test; no new reference runtime	UNVERIFIED independent API replay; related local runner records R76/R43/R4/LR/LC do not establish every overload	#184/#178
A030	function	MVMCExpertModeParsers.parse_gutzwiller_content	MVMCExpertModeParsers.jl/src/parsers/gutzwiller_parser.jl:47	crates/mvmc-expert-parsers/src/parsers/gutzwiller.rs::parse_gutzwiller_content	Expert namelist is parsed by mvmc CLI; no per-section CLI; strict C completeness before runner/output	executable bounded production mapping; independent scenario replay unverified	C readdef layout/counts/flags authoritative; Julia parser warnings/permissive recovery are not C support; C full site mapping/declared width and signed flags differ from historical permissive Julia examples	Sampling/proposed moves/acceptance must remain exact; numerical comparisons only for computed values; no implicit rejection rollback claim	E0 source/API mapping; candidate contract gate, not executed by this inventory	J=8bb1b9e8ae47b1512c00b321be05664ddcac0fd1; source SHA256 MVMCExpertModeParsers.jl/src/parsers/gutzwiller_parser.jl=8f05f835d071689920661b0b33d4b245e3565203ae8bacc1d268a56d34a00171; C=extern/mVMC-1.3.0; independent expectation provenance must be read from named fixtures; no regeneration/run in documentation audit	cargo nextest run --locked --cargo-profile test-fast -p mvmc-expert-parsers --no-fail-fast --retries 0	API arguments/overloads at listed source lines; run settings/seeds not applicable to source inspection; candidate gate settings per test; no new reference runtime	UNVERIFIED independent API replay; related local runner records R76/R43/R4/LR/LC do not establish every overload	#184/#178
A031	function	MVMCExpertModeParsers.parse_gutzwiller_content_extended	MVMCExpertModeParsers.jl/src/parsers/gutzwiller_parser.jl:62	crates/mvmc-expert-parsers/src/parsers/gutzwiller.rs::parse_gutzwiller_content	Expert namelist is parsed by mvmc CLI; no per-section CLI; strict C completeness before runner/output	executable bounded production mapping; independent scenario replay unverified	C readdef layout/counts/flags authoritative; Julia parser warnings/permissive recovery are not C support; C full site mapping/declared width and signed flags differ from historical permissive Julia examples	Sampling/proposed moves/acceptance must remain exact; numerical comparisons only for computed values; no implicit rejection rollback claim	E0 source/API mapping; candidate contract gate, not executed by this inventory	J=8bb1b9e8ae47b1512c00b321be05664ddcac0fd1; source SHA256 MVMCExpertModeParsers.jl/src/parsers/gutzwiller_parser.jl=8f05f835d071689920661b0b33d4b245e3565203ae8bacc1d268a56d34a00171; C=extern/mVMC-1.3.0; independent expectation provenance must be read from named fixtures; no regeneration/run in documentation audit	cargo nextest run --locked --cargo-profile test-fast -p mvmc-expert-parsers --no-fail-fast --retries 0	API arguments/overloads at listed source lines; run settings/seeds not applicable to source inspection; candidate gate settings per test; no new reference runtime	UNVERIFIED independent API replay; related local runner records R76/R43/R4/LR/LC do not establish every overload	#184/#178
A032	function	MVMCExpertModeParsers.parse_gutzwiller_term	MVMCExpertModeParsers.jl/src/parsers/gutzwiller_parser.jl:261	crates/mvmc-expert-parsers/src/parsers/gutzwiller.rs::parse_gutzwiller_content	Expert namelist is parsed by mvmc CLI; no per-section CLI; strict C completeness before runner/output	executable bounded production mapping; independent scenario replay unverified	C readdef layout/counts/flags authoritative; Julia parser warnings/permissive recovery are not C support; C full site mapping/declared width and signed flags differ from historical permissive Julia examples	Sampling/proposed moves/acceptance must remain exact; numerical comparisons only for computed values; no implicit rejection rollback claim	E0 source/API mapping; candidate contract gate, not executed by this inventory	J=8bb1b9e8ae47b1512c00b321be05664ddcac0fd1; source SHA256 MVMCExpertModeParsers.jl/src/parsers/gutzwiller_parser.jl=8f05f835d071689920661b0b33d4b245e3565203ae8bacc1d268a56d34a00171; C=extern/mVMC-1.3.0; independent expectation provenance must be read from named fixtures; no regeneration/run in documentation audit	cargo nextest run --locked --cargo-profile test-fast -p mvmc-expert-parsers --no-fail-fast --retries 0	API arguments/overloads at listed source lines; run settings/seeds not applicable to source inspection; candidate gate settings per test; no new reference runtime	UNVERIFIED independent API replay; related local runner records R76/R43/R4/LR/LC do not establish every overload	#184/#178
A033	function	MVMCExpertModeParsers.parse_hund_def	MVMCExpertModeParsers.jl/src/parsers/hund_parser.jl:26	crates/mvmc-expert-parsers/src/parsers/hund.rs::parse_hund_def	Expert namelist is parsed by mvmc CLI; no per-section CLI; strict C completeness before runner/output	executable bounded production mapping; independent scenario replay unverified	C readdef layout/counts/flags authoritative; Julia parser warnings/permissive recovery are not C support	Sampling/proposed moves/acceptance must remain exact; numerical comparisons only for computed values; no implicit rejection rollback claim	E0 source/API mapping; candidate contract gate, not executed by this inventory	J=8bb1b9e8ae47b1512c00b321be05664ddcac0fd1; source SHA256 MVMCExpertModeParsers.jl/src/parsers/hund_parser.jl=9f434ebec6fab86b82015ae732cc1ea86be1f9358f5ef3dae4925406d421e920; C=extern/mVMC-1.3.0; independent expectation provenance must be read from named fixtures; no regeneration/run in documentation audit	cargo nextest run --locked --cargo-profile test-fast -p mvmc-expert-parsers --no-fail-fast --retries 0	API arguments/overloads at listed source lines; run settings/seeds not applicable to source inspection; candidate gate settings per test; no new reference runtime	UNVERIFIED independent API replay; related local runner records R76/R43/R4/LR/LC do not establish every overload	#184/#178
A034	function	MVMCExpertModeParsers.parse_hund_content	MVMCExpertModeParsers.jl/src/parsers/hund_parser.jl:46	crates/mvmc-expert-parsers/src/parsers/hund.rs::parse_hund_content	Expert namelist is parsed by mvmc CLI; no per-section CLI; strict C completeness before runner/output	executable bounded production mapping; independent scenario replay unverified	C readdef layout/counts/flags authoritative; Julia parser warnings/permissive recovery are not C support	Sampling/proposed moves/acceptance must remain exact; numerical comparisons only for computed values; no implicit rejection rollback claim	E0 source/API mapping; candidate contract gate, not executed by this inventory	J=8bb1b9e8ae47b1512c00b321be05664ddcac0fd1; source SHA256 MVMCExpertModeParsers.jl/src/parsers/hund_parser.jl=9f434ebec6fab86b82015ae732cc1ea86be1f9358f5ef3dae4925406d421e920; C=extern/mVMC-1.3.0; independent expectation provenance must be read from named fixtures; no regeneration/run in documentation audit	cargo nextest run --locked --cargo-profile test-fast -p mvmc-expert-parsers --no-fail-fast --retries 0	API arguments/overloads at listed source lines; run settings/seeds not applicable to source inspection; candidate gate settings per test; no new reference runtime	UNVERIFIED independent API replay; related local runner records R76/R43/R4/LR/LC do not establish every overload	#184/#178
A035	function	MVMCExpertModeParsers.parse_interall_def	MVMCExpertModeParsers.jl/src/parsers/interall_parser.jl:32	crates/mvmc-expert-parsers/src/parsers/interall.rs::parse_interall_def	Expert namelist is parsed by mvmc CLI; no per-section CLI; strict C completeness before runner/output	excluded: separately owned InterAll; listed to avoid silent omission	C readdef layout/counts/flags authoritative; Julia parser warnings/permissive recovery are not C support	Sampling/proposed moves/acceptance must remain exact; numerical comparisons only for computed values; no implicit rejection rollback claim	E0 source/API mapping; candidate contract gate, not executed by this inventory	J=8bb1b9e8ae47b1512c00b321be05664ddcac0fd1; source SHA256 MVMCExpertModeParsers.jl/src/parsers/interall_parser.jl=da011ac92da4d5ac0ab95a5c2838eec7613f72da02c78502c393d41923d6e4f2; C=extern/mVMC-1.3.0; independent expectation provenance must be read from named fixtures; no regeneration/run in documentation audit	EXCLUDED InterAll; no command/evidence obligation under #184/#185	OUT_OF_SCOPE including InterAll Lanczos and validation	EXCLUDED separate ownership; listed for source inventory only, not a missing #185 acceptance cell	OUT_OF_SCOPE separate InterAll owner
A036	function	MVMCExpertModeParsers.parse_interall_content	MVMCExpertModeParsers.jl/src/parsers/interall_parser.jl:57	crates/mvmc-expert-parsers/src/parsers/interall.rs::parse_interall_content	Expert namelist is parsed by mvmc CLI; no per-section CLI; strict C completeness before runner/output	excluded: separately owned InterAll; listed to avoid silent omission	C readdef layout/counts/flags authoritative; Julia parser warnings/permissive recovery are not C support	Sampling/proposed moves/acceptance must remain exact; numerical comparisons only for computed values; no implicit rejection rollback claim	E0 source/API mapping; candidate contract gate, not executed by this inventory	J=8bb1b9e8ae47b1512c00b321be05664ddcac0fd1; source SHA256 MVMCExpertModeParsers.jl/src/parsers/interall_parser.jl=da011ac92da4d5ac0ab95a5c2838eec7613f72da02c78502c393d41923d6e4f2; C=extern/mVMC-1.3.0; independent expectation provenance must be read from named fixtures; no regeneration/run in documentation audit	EXCLUDED InterAll; no command/evidence obligation under #184/#185	OUT_OF_SCOPE including InterAll Lanczos and validation	EXCLUDED separate ownership; listed for source inventory only, not a missing #185 acceptance cell	OUT_OF_SCOPE separate InterAll owner
A037	function	MVMCExpertModeParsers.parse_jastrow_def	MVMCExpertModeParsers.jl/src/parsers/jastrow_parser.jl:12	crates/mvmc-expert-parsers/src/parsers/jastrow.rs::parse_jastrow_def	Expert namelist is parsed by mvmc CLI; no per-section CLI; strict C completeness before runner/output	executable bounded production mapping; independent scenario replay unverified	C readdef layout/counts/flags authoritative; Julia parser warnings/permissive recovery are not C support; C full site mapping/declared width and signed flags differ from historical permissive Julia examples	Sampling/proposed moves/acceptance must remain exact; numerical comparisons only for computed values; no implicit rejection rollback claim	E0 source/API mapping; candidate contract gate, not executed by this inventory	J=8bb1b9e8ae47b1512c00b321be05664ddcac0fd1; source SHA256 MVMCExpertModeParsers.jl/src/parsers/jastrow_parser.jl=bddaa9e2f4135c438bc58086103bd100980fe59fb105a6ccbd205c3c61cd305e; C=extern/mVMC-1.3.0; independent expectation provenance must be read from named fixtures; no regeneration/run in documentation audit	cargo nextest run --locked --cargo-profile test-fast -p mvmc-expert-parsers --no-fail-fast --retries 0	API arguments/overloads at listed source lines; run settings/seeds not applicable to source inspection; candidate gate settings per test; no new reference runtime	UNVERIFIED independent API replay; related local runner records R76/R43/R4/LR/LC do not establish every overload	#184/#178
A038	function	MVMCExpertModeParsers.parse_jastrow_content	MVMCExpertModeParsers.jl/src/parsers/jastrow_parser.jl:26	crates/mvmc-expert-parsers/src/parsers/jastrow.rs::parse_jastrow_content	Expert namelist is parsed by mvmc CLI; no per-section CLI; strict C completeness before runner/output	executable bounded production mapping; independent scenario replay unverified	C readdef layout/counts/flags authoritative; Julia parser warnings/permissive recovery are not C support; C full site mapping/declared width and signed flags differ from historical permissive Julia examples	Sampling/proposed moves/acceptance must remain exact; numerical comparisons only for computed values; no implicit rejection rollback claim	E0 source/API mapping; candidate contract gate, not executed by this inventory	J=8bb1b9e8ae47b1512c00b321be05664ddcac0fd1; source SHA256 MVMCExpertModeParsers.jl/src/parsers/jastrow_parser.jl=bddaa9e2f4135c438bc58086103bd100980fe59fb105a6ccbd205c3c61cd305e; C=extern/mVMC-1.3.0; independent expectation provenance must be read from named fixtures; no regeneration/run in documentation audit	cargo nextest run --locked --cargo-profile test-fast -p mvmc-expert-parsers --no-fail-fast --retries 0	API arguments/overloads at listed source lines; run settings/seeds not applicable to source inspection; candidate gate settings per test; no new reference runtime	UNVERIFIED independent API replay; related local runner records R76/R43/R4/LR/LC do not establish every overload	#184/#178
A039	type	MVMCExpertModeParsers.JastrowParseResult	MVMCExpertModeParsers.jl/src/parsers/jastrow_parser.jl:41	crates/mvmc-expert-parsers/src/parsers/jastrow.rs::JastrowSection	Expert namelist is parsed by mvmc CLI; no per-section CLI; strict C completeness before runner/output	executable bounded production mapping; independent scenario replay unverified	C readdef layout/counts/flags authoritative; Julia parser warnings/permissive recovery are not C support; C full site mapping/declared width and signed flags differ from historical permissive Julia examples	Sampling/proposed moves/acceptance must remain exact; numerical comparisons only for computed values; no implicit rejection rollback claim	E0 source/API mapping; candidate contract gate, not executed by this inventory	J=8bb1b9e8ae47b1512c00b321be05664ddcac0fd1; source SHA256 MVMCExpertModeParsers.jl/src/parsers/jastrow_parser.jl=bddaa9e2f4135c438bc58086103bd100980fe59fb105a6ccbd205c3c61cd305e; C=extern/mVMC-1.3.0; independent expectation provenance must be read from named fixtures; no regeneration/run in documentation audit	cargo nextest run --locked --cargo-profile test-fast -p mvmc-expert-parsers --no-fail-fast --retries 0	API arguments/overloads at listed source lines; run settings/seeds not applicable to source inspection; candidate gate settings per test; no new reference runtime	UNVERIFIED independent API replay; related local runner records R76/R43/R4/LR/LC do not establish every overload	#184/#178
A040	function	MVMCExpertModeParsers.parse_jastrow_content_extended	MVMCExpertModeParsers.jl/src/parsers/jastrow_parser.jl:56	crates/mvmc-expert-parsers/src/parsers/jastrow.rs::parse_jastrow_content	Expert namelist is parsed by mvmc CLI; no per-section CLI; strict C completeness before runner/output	executable bounded production mapping; independent scenario replay unverified	C readdef layout/counts/flags authoritative; Julia parser warnings/permissive recovery are not C support; C full site mapping/declared width and signed flags differ from historical permissive Julia examples	Sampling/proposed moves/acceptance must remain exact; numerical comparisons only for computed values; no implicit rejection rollback claim	E0 source/API mapping; candidate contract gate, not executed by this inventory	J=8bb1b9e8ae47b1512c00b321be05664ddcac0fd1; source SHA256 MVMCExpertModeParsers.jl/src/parsers/jastrow_parser.jl=bddaa9e2f4135c438bc58086103bd100980fe59fb105a6ccbd205c3c61cd305e; C=extern/mVMC-1.3.0; independent expectation provenance must be read from named fixtures; no regeneration/run in documentation audit	cargo nextest run --locked --cargo-profile test-fast -p mvmc-expert-parsers --no-fail-fast --retries 0	API arguments/overloads at listed source lines; run settings/seeds not applicable to source inspection; candidate gate settings per test; no new reference runtime	UNVERIFIED independent API replay; related local runner records R76/R43/R4/LR/LC do not establish every overload	#184/#178
A041	function	MVMCExpertModeParsers.parse_jastrow_term	MVMCExpertModeParsers.jl/src/parsers/jastrow_parser.jl:186	crates/mvmc-expert-parsers/src/parsers/jastrow.rs::parse_jastrow_content	Expert namelist is parsed by mvmc CLI; no per-section CLI; strict C completeness before runner/output	executable bounded production mapping; independent scenario replay unverified	C readdef layout/counts/flags authoritative; Julia parser warnings/permissive recovery are not C support; C full site mapping/declared width and signed flags differ from historical permissive Julia examples	Sampling/proposed moves/acceptance must remain exact; numerical comparisons only for computed values; no implicit rejection rollback claim	E0 source/API mapping; candidate contract gate, not executed by this inventory	J=8bb1b9e8ae47b1512c00b321be05664ddcac0fd1; source SHA256 MVMCExpertModeParsers.jl/src/parsers/jastrow_parser.jl=bddaa9e2f4135c438bc58086103bd100980fe59fb105a6ccbd205c3c61cd305e; C=extern/mVMC-1.3.0; independent expectation provenance must be read from named fixtures; no regeneration/run in documentation audit	cargo nextest run --locked --cargo-profile test-fast -p mvmc-expert-parsers --no-fail-fast --retries 0	API arguments/overloads at listed source lines; run settings/seeds not applicable to source inspection; candidate gate settings per test; no new reference runtime	UNVERIFIED independent API replay; related local runner records R76/R43/R4/LR/LC do not establish every overload	#184/#178
A042	function	MVMCExpertModeParsers.build_jastrow_idx_matrix	MVMCExpertModeParsers.jl/src/parsers/jastrow_parser.jl:239	crates/mvmc-expert-parsers/src/parsers/jastrow.rs::parse_jastrow_content	Expert namelist is parsed by mvmc CLI; no per-section CLI; strict C completeness before runner/output	executable bounded production mapping; independent scenario replay unverified	C readdef layout/counts/flags authoritative; Julia parser warnings/permissive recovery are not C support; C full site mapping/declared width and signed flags differ from historical permissive Julia examples	Sampling/proposed moves/acceptance must remain exact; numerical comparisons only for computed values; no implicit rejection rollback claim	E0 source/API mapping; candidate contract gate, not executed by this inventory	J=8bb1b9e8ae47b1512c00b321be05664ddcac0fd1; source SHA256 MVMCExpertModeParsers.jl/src/parsers/jastrow_parser.jl=bddaa9e2f4135c438bc58086103bd100980fe59fb105a6ccbd205c3c61cd305e; C=extern/mVMC-1.3.0; independent expectation provenance must be read from named fixtures; no regeneration/run in documentation audit	cargo nextest run --locked --cargo-profile test-fast -p mvmc-expert-parsers --no-fail-fast --retries 0	API arguments/overloads at listed source lines; run settings/seeds not applicable to source inspection; candidate gate settings per test; no new reference runtime	UNVERIFIED independent API replay; related local runner records R76/R43/R4/LR/LC do not establish every overload	#184/#178
A043	function	MVMCExpertModeParsers.parse_locspin_def	MVMCExpertModeParsers.jl/src/parsers/locspin_parser.jl:26	crates/mvmc-expert-parsers/src/parsers/locspin.rs::parse_locspin_def	Expert namelist is parsed by mvmc CLI; no per-section CLI; strict C completeness before runner/output	executable bounded production mapping; independent scenario replay unverified	C readdef layout/counts/flags authoritative; Julia parser warnings/permissive recovery are not C support	Sampling/proposed moves/acceptance must remain exact; numerical comparisons only for computed values; no implicit rejection rollback claim	E0 source/API mapping; candidate contract gate, not executed by this inventory	J=8bb1b9e8ae47b1512c00b321be05664ddcac0fd1; source SHA256 MVMCExpertModeParsers.jl/src/parsers/locspin_parser.jl=5d65d108ca5b8288635a9855a9db5a4da9b3c2d0f5ad472e29e527e8e0093f66; C=extern/mVMC-1.3.0; independent expectation provenance must be read from named fixtures; no regeneration/run in documentation audit	cargo nextest run --locked --cargo-profile test-fast -p mvmc-expert-parsers --no-fail-fast --retries 0	API arguments/overloads at listed source lines; run settings/seeds not applicable to source inspection; candidate gate settings per test; no new reference runtime	UNVERIFIED independent API replay; related local runner records R76/R43/R4/LR/LC do not establish every overload	#184/#178
A044	function	MVMCExpertModeParsers.parse_locspin_content	MVMCExpertModeParsers.jl/src/parsers/locspin_parser.jl:46	crates/mvmc-expert-parsers/src/parsers/locspin.rs::parse_locspin_content	Expert namelist is parsed by mvmc CLI; no per-section CLI; strict C completeness before runner/output	executable bounded production mapping; independent scenario replay unverified	C readdef layout/counts/flags authoritative; Julia parser warnings/permissive recovery are not C support	Sampling/proposed moves/acceptance must remain exact; numerical comparisons only for computed values; no implicit rejection rollback claim	E0 source/API mapping; candidate contract gate, not executed by this inventory	J=8bb1b9e8ae47b1512c00b321be05664ddcac0fd1; source SHA256 MVMCExpertModeParsers.jl/src/parsers/locspin_parser.jl=5d65d108ca5b8288635a9855a9db5a4da9b3c2d0f5ad472e29e527e8e0093f66; C=extern/mVMC-1.3.0; independent expectation provenance must be read from named fixtures; no regeneration/run in documentation audit	cargo nextest run --locked --cargo-profile test-fast -p mvmc-expert-parsers --no-fail-fast --retries 0	API arguments/overloads at listed source lines; run settings/seeds not applicable to source inspection; candidate gate settings per test; no new reference runtime	UNVERIFIED independent API replay; related local runner records R76/R43/R4/LR/LC do not establish every overload	#184/#178
A045	function	MVMCExpertModeParsers.parse_modpara_def	MVMCExpertModeParsers.jl/src/parsers/modpara_parser.jl:12	crates/mvmc-expert-parsers/src/parsers/modpara.rs::parse_modpara_def	Expert namelist is parsed by mvmc CLI; no per-section CLI; strict C completeness before runner/output	executable bounded production mapping; independent scenario replay unverified	C readdef layout/counts/flags authoritative; Julia parser warnings/permissive recovery are not C support	Sampling/proposed moves/acceptance must remain exact; numerical comparisons only for computed values; no implicit rejection rollback claim	E0 source/API mapping; candidate contract gate, not executed by this inventory	J=8bb1b9e8ae47b1512c00b321be05664ddcac0fd1; source SHA256 MVMCExpertModeParsers.jl/src/parsers/modpara_parser.jl=43ad49bf3039dcac1ec81b15735c8c124518e642162c665bbb8cfed49921acad; C=extern/mVMC-1.3.0; independent expectation provenance must be read from named fixtures; no regeneration/run in documentation audit	cargo nextest run --locked --cargo-profile test-fast -p mvmc-expert-parsers --no-fail-fast --retries 0	API arguments/overloads at listed source lines; run settings/seeds not applicable to source inspection; candidate gate settings per test; no new reference runtime	UNVERIFIED independent API replay; related local runner records R76/R43/R4/LR/LC do not establish every overload	#184/#178
A046	function	MVMCExpertModeParsers.parse_modpara_content	MVMCExpertModeParsers.jl/src/parsers/modpara_parser.jl:26	crates/mvmc-expert-parsers/src/parsers/modpara.rs::parse_modpara_content; crates/mvmc-expert-parsers/tests/issue184_modpara_semantics.rs::empty_public_modpara_parser_retains_c_solver_control_defaults (6-17); original_modpara_equals_payload_preserves_counts_and_declared_controls (20-49)	Public in-memory parser: bounded default fields and original literal scalar payload; not all parser branches, file loader or runnable model acceptance	Bounded named parser assertions executed; full API/testset unverified	Shared C solver-control defaults DSROptCGTol=1e-10, NSROptCGMaxIter=0, NSRCG=0, NStoreO=1; original '= ' syntax and useDiagScale/RescaleSmat are Julia parser extensions, NOT native C input/runtime parity	Exact scalar field equality only; no initialization draws, RNG state/count, sampling/configuration, solver execution or CLI/MPI proof	E1 bounded named parser tests; fresh matching execution supplied by parent, not whole API/scenario proof	J=8bb1b9e8ae47b1512c00b321be05664ddcac0fd1; Jtest test_parsers.jl SHA256=8336b21bca7627749e27c588e537e30c20ea4a6383733bae3e93a44461980185; Jparser SHA256=43ad49bf3039dcac1ec81b15735c8c124518e642162c665bbb8cfed49921acad; Rusttest SHA256=a18cb069e80f2f9a4cd8af4009e8ca0f17963b2d208309627ca5213c00829a1b; historical parent e9c6f876 focused3PASS/clippy0, recorded with ModPara milestone ad79dd58; current source SHA matches reviewed test, not a new run or retroassigned compile revision	Focused reproduction: cargo nextest run -p mvmc-expert-parsers --test issue184_modpara_semantics --cargo-profile test-fast --locked --no-fail-fast --retries 0; historical record pointer e9c6f876 (not an assertion that this exact command was recaptured here)	Empty payload defaults: CGtol1e-10/maxiter0/NSRCG0/NStore1/diagscale0/rescale0; original literal NSite=4,NElec=2,NLocSpin=0,VMCCalMode=0,LanczosMode=0,NStore=0,NSRCG=1,useDiagScale=1,RescaleSmat=1; no RNG/steps/ranks/workers applicable to scalar parsing	Fresh parent 2f9c6b69-e494-4b37-bc64-aba400c7d291:3/3PASS,0.021s; current test63lines FULL parent CodeGraph read and SHA256 a18cb069e80f2f9a4cd8af4009e8ca0f17963b2d208309627ca5213c00829a1b independently rechecked here. Named default/original-payload cases above are2 of3; third c_defined_solver_control_tokens_are_read_independently_of_julia_extensions (52-63) is separate scalar-key coverage, not original Julia assertions or native C full-file execution. Historical e9c6f876:3PASS/clippy0 retained separately; no fresh clippy result supplied. M0206-0208 constructor gap; M0215 typed owned return differs from Julia success/data wrapper. Unverified: unknown/malformed keys, warnings/recovery and other API branches; no whole parser197, public loader, full model or C runtime PASS	#184 Chandra ledger; Pauli parser implementation; parent historical proof and fresh-run owner
A047	function	MVMCExpertModeParsers.parse_modpara_parameter!	MVMCExpertModeParsers.jl/src/parsers/modpara_parser.jl:78	crates/mvmc-expert-parsers/src/parsers/modpara.rs::parse_modpara_content	Expert namelist is parsed by mvmc CLI; no per-section CLI; strict C completeness before runner/output	executable bounded production mapping; independent scenario replay unverified	C readdef layout/counts/flags authoritative; Julia parser warnings/permissive recovery are not C support	Sampling/proposed moves/acceptance must remain exact; numerical comparisons only for computed values; no implicit rejection rollback claim	E0 source/API mapping; candidate contract gate, not executed by this inventory	J=8bb1b9e8ae47b1512c00b321be05664ddcac0fd1; source SHA256 MVMCExpertModeParsers.jl/src/parsers/modpara_parser.jl=43ad49bf3039dcac1ec81b15735c8c124518e642162c665bbb8cfed49921acad; C=extern/mVMC-1.3.0; independent expectation provenance must be read from named fixtures; no regeneration/run in documentation audit	cargo nextest run --locked --cargo-profile test-fast -p mvmc-expert-parsers --no-fail-fast --retries 0	API arguments/overloads at listed source lines; run settings/seeds not applicable to source inspection; candidate gate settings per test; no new reference runtime	UNVERIFIED independent API replay; related local runner records R76/R43/R4/LR/LC do not establish every overload	#184/#178
A048	function	MVMCExpertModeParsers.parse_orbital_def	MVMCExpertModeParsers.jl/src/parsers/orbital_parser.jl:16	crates/mvmc-expert-parsers/src/parsers/orbital.rs::parse_orbital_def	Expert namelist is parsed by mvmc CLI; no per-section CLI; strict C completeness before runner/output	executable bounded production mapping; independent scenario replay unverified	C readdef layout/counts/flags authoritative; Julia parser warnings/permissive recovery are not C support; C full site mapping/declared width and signed flags differ from historical permissive Julia examples	Sampling/proposed moves/acceptance must remain exact; numerical comparisons only for computed values; no implicit rejection rollback claim	E0 source/API mapping; candidate contract gate, not executed by this inventory	J=8bb1b9e8ae47b1512c00b321be05664ddcac0fd1; source SHA256 MVMCExpertModeParsers.jl/src/parsers/orbital_parser.jl=66f13f8e1e3233d4c132a702d21fd6f28c9edf7953c1491628721631afca6709; C=extern/mVMC-1.3.0; independent expectation provenance must be read from named fixtures; no regeneration/run in documentation audit	cargo nextest run --locked --cargo-profile test-fast -p mvmc-expert-parsers --no-fail-fast --retries 0	API arguments/overloads at listed source lines; run settings/seeds not applicable to source inspection; candidate gate settings per test; no new reference runtime	UNVERIFIED independent API replay; related local runner records R76/R43/R4/LR/LC do not establish every overload	#184/#178
A049	function	MVMCExpertModeParsers.parse_orbital_content	MVMCExpertModeParsers.jl/src/parsers/orbital_parser.jl:39	crates/mvmc-expert-parsers/src/parsers/orbital.rs::parse_orbital_content	Expert namelist is parsed by mvmc CLI; no per-section CLI; strict C completeness before runner/output	executable bounded production mapping; independent scenario replay unverified	C readdef layout/counts/flags authoritative; Julia parser warnings/permissive recovery are not C support; C full site mapping/declared width and signed flags differ from historical permissive Julia examples	Sampling/proposed moves/acceptance must remain exact; numerical comparisons only for computed values; no implicit rejection rollback claim	E0 source/API mapping; candidate contract gate, not executed by this inventory	J=8bb1b9e8ae47b1512c00b321be05664ddcac0fd1; source SHA256 MVMCExpertModeParsers.jl/src/parsers/orbital_parser.jl=66f13f8e1e3233d4c132a702d21fd6f28c9edf7953c1491628721631afca6709; C=extern/mVMC-1.3.0; independent expectation provenance must be read from named fixtures; no regeneration/run in documentation audit	cargo nextest run --locked --cargo-profile test-fast -p mvmc-expert-parsers --no-fail-fast --retries 0	API arguments/overloads at listed source lines; run settings/seeds not applicable to source inspection; candidate gate settings per test; no new reference runtime	UNVERIFIED independent API replay; related local runner records R76/R43/R4/LR/LC do not establish every overload	#184/#178
A050	function	MVMCExpertModeParsers.parse_orbital_term	MVMCExpertModeParsers.jl/src/parsers/orbital_parser.jl:194	crates/mvmc-expert-parsers/src/parsers/orbital.rs::parse_orbital_content	Expert namelist is parsed by mvmc CLI; no per-section CLI; strict C completeness before runner/output	executable bounded production mapping; independent scenario replay unverified	C readdef layout/counts/flags authoritative; Julia parser warnings/permissive recovery are not C support; C full site mapping/declared width and signed flags differ from historical permissive Julia examples	Sampling/proposed moves/acceptance must remain exact; numerical comparisons only for computed values; no implicit rejection rollback claim	E0 source/API mapping; candidate contract gate, not executed by this inventory	J=8bb1b9e8ae47b1512c00b321be05664ddcac0fd1; source SHA256 MVMCExpertModeParsers.jl/src/parsers/orbital_parser.jl=66f13f8e1e3233d4c132a702d21fd6f28c9edf7953c1491628721631afca6709; C=extern/mVMC-1.3.0; independent expectation provenance must be read from named fixtures; no regeneration/run in documentation audit	cargo nextest run --locked --cargo-profile test-fast -p mvmc-expert-parsers --no-fail-fast --retries 0	API arguments/overloads at listed source lines; run settings/seeds not applicable to source inspection; candidate gate settings per test; no new reference runtime	UNVERIFIED independent API replay; related local runner records R76/R43/R4/LR/LC do not establish every overload	#184/#178
A051	function	MVMCExpertModeParsers.parse_pairhop_def	MVMCExpertModeParsers.jl/src/parsers/pairhop_parser.jl:26	crates/mvmc-expert-parsers/src/parsers/pairhop.rs::parse_pairhop_def	Expert namelist is parsed by mvmc CLI; no per-section CLI; strict C completeness before runner/output	executable bounded production mapping; independent scenario replay unverified	C readdef layout/counts/flags authoritative; Julia parser warnings/permissive recovery are not C support	Sampling/proposed moves/acceptance must remain exact; numerical comparisons only for computed values; no implicit rejection rollback claim	E0 source/API mapping; candidate contract gate, not executed by this inventory	J=8bb1b9e8ae47b1512c00b321be05664ddcac0fd1; source SHA256 MVMCExpertModeParsers.jl/src/parsers/pairhop_parser.jl=d4f26606fd8d84fc9c550ceab9e91f07d138430d0a995694a0d0904ab82e9f6c; C=extern/mVMC-1.3.0; independent expectation provenance must be read from named fixtures; no regeneration/run in documentation audit	cargo nextest run --locked --cargo-profile test-fast -p mvmc-expert-parsers --no-fail-fast --retries 0	API arguments/overloads at listed source lines; run settings/seeds not applicable to source inspection; candidate gate settings per test; no new reference runtime	UNVERIFIED independent API replay; related local runner records R76/R43/R4/LR/LC do not establish every overload	#184/#178
A052	function	MVMCExpertModeParsers.parse_pairhop_content	MVMCExpertModeParsers.jl/src/parsers/pairhop_parser.jl:50	crates/mvmc-expert-parsers/src/parsers/pairhop.rs::parse_pairhop_content; crates/mvmc-expert-parsers/tests/issue184_literal_hamiltonian_parsers.rs::original_pairhop_payloads_expand_every_directed_row_in_c_order (57-81)	Bounded in-memory PairHop parser with four original literal payload cases; not all parser branches, native full-file or physical Hamiltonian execution	Bounded named PairHop parser test with four payload cases executed; full API/testset unverified	C readdef.c:697 doubles declared input count; ReadPairHopValue2038-2060 emits forward[2*idx] then reverse[2*idx+1], checks2*idx==NArray. CheckPairSite1551-1562 checks bounds only, allowing same-site reader rows. Historical Julia undoubled counts are a distinct non-C contract, not equivalent goldens; current inspected Julia helper also expands directions	Exact directed site/value order, expanded counts and successful section status for four valid payload cases; no RNG, sampling, energy, physical same-site operator, CLI or MPI proof	E1 one named PairHop parser test with four payload cases; not four model runs or whole API/scenario proof	J=8bb1b9e8ae47b1512c00b321be05664ddcac0fd1; Jtest test_parsers.jl SHA256=8336b21bca7627749e27c588e537e30c20ea4a6383733bae3e93a44461980185,99-140; inspected Jpairhop helper SHA256=d4f26606fd8d84fc9c550ceab9e91f07d138430d0a995694a0d0904ab82e9f6c; Creaddef SHA256=6c53cb832f93d6cbfd7cea955fbb693738af5536b913d36af32b98eed38c32d9; Rusttest SHA256=2e8e14422ef3b846bb00bc5bc42469883fa0910baa096f1dbdb059a671fead3e; original assertions/RustFULL81/Creader and bounds independently read; no oracle runtime regeneration	Parent fresh exact command: cargo nextest run -p mvmc-expert-parsers --test issue184_literal_hamiltonian_parsers --locked --no-fail-fast --retries 0	Four payloads: raw(0,1,.25),(2,3,-.5)->4 forward/reverse terms; raw i=0..5:(i,i+1,.1)->12 terms; five-line NPairHopp1 header with(4,5,1.25)->2 terms; same-site(2,2,.75)->2 identical terms. No seed/steps/ranks/workers applicable to content parsing	Parent3f56a22e-8824-4a48-9999-815b85b2605e:terminal0,3/3PASS,0.006s; PairHop is ONE test with FOUR payload cases, other Transfer/Coulomb tests separate. No fresh clippy result supplied. M0246/0247/0249/0251/0253 counts/ordered terms match C-directed expansion; M0245/0248/0250/0252 Julia ParseResult.success/data adapt to Rust PairHopSection.is_success()/terms, not identical wrapper API. M0242-0244 constructor gap retained. Malformed/partial-result/count-mismatch branches and other API inputs unverified. Same-site reader acceptance is not physical nonzero energy proof; no native C full-file, model run or entire testset PASS	#184 Chandra ledger; Pauli parser implementation; parent independent FULL81 review and fresh execution
A053	function	MVMCExpertModeParsers.parse_qptrans_def	MVMCExpertModeParsers.jl/src/parsers/qptrans_parser.jl:12	crates/mvmc-expert-parsers/src/parsers/qptrans.rs::parse_qptrans_def	Expert namelist is parsed by mvmc CLI; no per-section CLI; strict C completeness before runner/output	executable bounded production mapping; independent scenario replay unverified	C readdef layout/counts/flags authoritative; Julia parser warnings/permissive recovery are not C support	Sampling/proposed moves/acceptance must remain exact; numerical comparisons only for computed values; no implicit rejection rollback claim	E0 source/API mapping; candidate contract gate, not executed by this inventory	J=8bb1b9e8ae47b1512c00b321be05664ddcac0fd1; source SHA256 MVMCExpertModeParsers.jl/src/parsers/qptrans_parser.jl=7ade525089d4b4af1fc3f103e6ec5e9e6e2973a57ab5e01498e5d54afc50b384; C=extern/mVMC-1.3.0; independent expectation provenance must be read from named fixtures; no regeneration/run in documentation audit	cargo nextest run --locked --cargo-profile test-fast -p mvmc-expert-parsers --no-fail-fast --retries 0	API arguments/overloads at listed source lines; run settings/seeds not applicable to source inspection; candidate gate settings per test; no new reference runtime	UNVERIFIED independent API replay; related local runner records R76/R43/R4/LR/LC do not establish every overload	#184/#178
A054	function	MVMCExpertModeParsers.parse_qptrans_content	MVMCExpertModeParsers.jl/src/parsers/qptrans_parser.jl:26	crates/mvmc-expert-parsers/src/parsers/qptrans.rs::parse_qptrans_content	Expert namelist is parsed by mvmc CLI; no per-section CLI; strict C completeness before runner/output	executable bounded production mapping; independent scenario replay unverified	C readdef layout/counts/flags authoritative; Julia parser warnings/permissive recovery are not C support	Sampling/proposed moves/acceptance must remain exact; numerical comparisons only for computed values; no implicit rejection rollback claim	E0 source/API mapping; candidate contract gate, not executed by this inventory	J=8bb1b9e8ae47b1512c00b321be05664ddcac0fd1; source SHA256 MVMCExpertModeParsers.jl/src/parsers/qptrans_parser.jl=7ade525089d4b4af1fc3f103e6ec5e9e6e2973a57ab5e01498e5d54afc50b384; C=extern/mVMC-1.3.0; independent expectation provenance must be read from named fixtures; no regeneration/run in documentation audit	cargo nextest run --locked --cargo-profile test-fast -p mvmc-expert-parsers --no-fail-fast --retries 0	API arguments/overloads at listed source lines; run settings/seeds not applicable to source inspection; candidate gate settings per test; no new reference runtime	UNVERIFIED independent API replay; related local runner records R76/R43/R4/LR/LC do not establish every overload	#184/#178
A055	function	MVMCExpertModeParsers.parse_qptrans_term	MVMCExpertModeParsers.jl/src/parsers/qptrans_parser.jl:69	crates/mvmc-expert-parsers/src/parsers/qptrans.rs::parse_qptrans_content	Expert namelist is parsed by mvmc CLI; no per-section CLI; strict C completeness before runner/output	executable bounded production mapping; independent scenario replay unverified	C readdef layout/counts/flags authoritative; Julia parser warnings/permissive recovery are not C support	Sampling/proposed moves/acceptance must remain exact; numerical comparisons only for computed values; no implicit rejection rollback claim	E0 source/API mapping; candidate contract gate, not executed by this inventory	J=8bb1b9e8ae47b1512c00b321be05664ddcac0fd1; source SHA256 MVMCExpertModeParsers.jl/src/parsers/qptrans_parser.jl=7ade525089d4b4af1fc3f103e6ec5e9e6e2973a57ab5e01498e5d54afc50b384; C=extern/mVMC-1.3.0; independent expectation provenance must be read from named fixtures; no regeneration/run in documentation audit	cargo nextest run --locked --cargo-profile test-fast -p mvmc-expert-parsers --no-fail-fast --retries 0	API arguments/overloads at listed source lines; run settings/seeds not applicable to source inspection; candidate gate settings per test; no new reference runtime	UNVERIFIED independent API replay; related local runner records R76/R43/R4/LR/LC do not establish every overload	#184/#178
A056	function	MVMCExpertModeParsers.parse_qptransidx_def	MVMCExpertModeParsers.jl/src/parsers/qptrans_parser.jl:110	crates/mvmc-expert-parsers/src/parsers/qptrans.rs::parse_qptrans_def	Expert namelist is parsed by mvmc CLI; no per-section CLI; strict C completeness before runner/output	executable bounded production mapping; independent scenario replay unverified	C readdef layout/counts/flags authoritative; Julia parser warnings/permissive recovery are not C support	Sampling/proposed moves/acceptance must remain exact; numerical comparisons only for computed values; no implicit rejection rollback claim	E0 source/API mapping; candidate contract gate, not executed by this inventory	J=8bb1b9e8ae47b1512c00b321be05664ddcac0fd1; source SHA256 MVMCExpertModeParsers.jl/src/parsers/qptrans_parser.jl=7ade525089d4b4af1fc3f103e6ec5e9e6e2973a57ab5e01498e5d54afc50b384; C=extern/mVMC-1.3.0; independent expectation provenance must be read from named fixtures; no regeneration/run in documentation audit	cargo nextest run --locked --cargo-profile test-fast -p mvmc-expert-parsers --no-fail-fast --retries 0	API arguments/overloads at listed source lines; run settings/seeds not applicable to source inspection; candidate gate settings per test; no new reference runtime	UNVERIFIED independent API replay; related local runner records R76/R43/R4/LR/LC do not establish every overload	#184/#178
A057	function	MVMCExpertModeParsers.parse_qptransidx_content	MVMCExpertModeParsers.jl/src/parsers/qptrans_parser.jl:124	crates/mvmc-expert-parsers/src/parsers/qptrans.rs::parse_qptrans_content	Expert namelist is parsed by mvmc CLI; no per-section CLI; strict C completeness before runner/output	executable bounded production mapping; independent scenario replay unverified	C readdef layout/counts/flags authoritative; Julia parser warnings/permissive recovery are not C support	Sampling/proposed moves/acceptance must remain exact; numerical comparisons only for computed values; no implicit rejection rollback claim	E0 source/API mapping; candidate contract gate, not executed by this inventory	J=8bb1b9e8ae47b1512c00b321be05664ddcac0fd1; source SHA256 MVMCExpertModeParsers.jl/src/parsers/qptrans_parser.jl=7ade525089d4b4af1fc3f103e6ec5e9e6e2973a57ab5e01498e5d54afc50b384; C=extern/mVMC-1.3.0; independent expectation provenance must be read from named fixtures; no regeneration/run in documentation audit	cargo nextest run --locked --cargo-profile test-fast -p mvmc-expert-parsers --no-fail-fast --retries 0	API arguments/overloads at listed source lines; run settings/seeds not applicable to source inspection; candidate gate settings per test; no new reference runtime	UNVERIFIED independent API replay; related local runner records R76/R43/R4/LR/LC do not establish every overload	#184/#178
A058	function	MVMCExpertModeParsers.parse_opttrans_def!	MVMCExpertModeParsers.jl/src/parsers/qptrans_parser.jl:211	crates/mvmc-expert-parsers/src/parsers/opttrans.rs::parse_opttrans_def	Expert namelist is parsed by mvmc CLI; no per-section CLI; strict C completeness before runner/output	executable bounded production mapping; independent scenario replay unverified	C readdef layout/counts/flags authoritative; Julia parser warnings/permissive recovery are not C support	Sampling/proposed moves/acceptance must remain exact; numerical comparisons only for computed values; no implicit rejection rollback claim	E0 source/API mapping; candidate contract gate, not executed by this inventory	J=8bb1b9e8ae47b1512c00b321be05664ddcac0fd1; source SHA256 MVMCExpertModeParsers.jl/src/parsers/qptrans_parser.jl=7ade525089d4b4af1fc3f103e6ec5e9e6e2973a57ab5e01498e5d54afc50b384; C=extern/mVMC-1.3.0; independent expectation provenance must be read from named fixtures; no regeneration/run in documentation audit	cargo nextest run --locked --cargo-profile test-fast -p mvmc-expert-parsers --no-fail-fast --retries 0	API arguments/overloads at listed source lines; run settings/seeds not applicable to source inspection; candidate gate settings per test; no new reference runtime	UNVERIFIED independent API replay; related local runner records R76/R43/R4/LR/LC do not establish every overload	#184/#178
A059	type	MVMCExpertModeParsers.RBMParseResult	MVMCExpertModeParsers.jl/src/parsers/rbm_parser.jl:13	crates/mvmc-expert-parsers/src/parsers/rbm.rs::RbmSection	Expert namelist is parsed by mvmc CLI; no per-section CLI; strict C completeness before runner/output	executable bounded production mapping; independent scenario replay unverified	C readdef layout/counts/flags authoritative; Julia parser warnings/permissive recovery are not C support; C full site mapping/declared width and signed flags differ from historical permissive Julia examples	Sampling/proposed moves/acceptance must remain exact; numerical comparisons only for computed values; no implicit rejection rollback claim	E0 source/API mapping; candidate contract gate, not executed by this inventory	J=8bb1b9e8ae47b1512c00b321be05664ddcac0fd1; source SHA256 MVMCExpertModeParsers.jl/src/parsers/rbm_parser.jl=3747228687249b459887133702fed7d0d8889bd38e3e38eff7c15c79d388ff7c; C=extern/mVMC-1.3.0; independent expectation provenance must be read from named fixtures; no regeneration/run in documentation audit	cargo nextest run --locked --cargo-profile test-fast -p mvmc-expert-parsers --no-fail-fast --retries 0	API arguments/overloads at listed source lines; run settings/seeds not applicable to source inspection; candidate gate settings per test; no new reference runtime	UNVERIFIED independent API replay; related local runner records R76/R43/R4/LR/LC do not establish every overload	#184/#178
A060	function	MVMCExpertModeParsers.parse_charge_rbm_phys_layer_content_extended	MVMCExpertModeParsers.jl/src/parsers/rbm_parser.jl:177	crates/mvmc-expert-parsers/src/parsers/rbm.rs::parse_rbm_content	Expert namelist is parsed by mvmc CLI; no per-section CLI; strict C completeness before runner/output	executable bounded production mapping; independent scenario replay unverified	C readdef layout/counts/flags authoritative; Julia parser warnings/permissive recovery are not C support; C full site mapping/declared width and signed flags differ from historical permissive Julia examples	Sampling/proposed moves/acceptance must remain exact; numerical comparisons only for computed values; no implicit rejection rollback claim	E0 source/API mapping; candidate contract gate, not executed by this inventory	J=8bb1b9e8ae47b1512c00b321be05664ddcac0fd1; source SHA256 MVMCExpertModeParsers.jl/src/parsers/rbm_parser.jl=3747228687249b459887133702fed7d0d8889bd38e3e38eff7c15c79d388ff7c; C=extern/mVMC-1.3.0; independent expectation provenance must be read from named fixtures; no regeneration/run in documentation audit	cargo nextest run --locked --cargo-profile test-fast -p mvmc-expert-parsers --no-fail-fast --retries 0	API arguments/overloads at listed source lines; run settings/seeds not applicable to source inspection; candidate gate settings per test; no new reference runtime	UNVERIFIED independent API replay; related local runner records R76/R43/R4/LR/LC do not establish every overload	#184/#178
A061	function	MVMCExpertModeParsers.parse_charge_rbm_phys_layer_content	MVMCExpertModeParsers.jl/src/parsers/rbm_parser.jl:196	crates/mvmc-expert-parsers/src/parsers/rbm.rs::parse_rbm_content	Expert namelist is parsed by mvmc CLI; no per-section CLI; strict C completeness before runner/output	executable bounded production mapping; independent scenario replay unverified	C readdef layout/counts/flags authoritative; Julia parser warnings/permissive recovery are not C support; C full site mapping/declared width and signed flags differ from historical permissive Julia examples	Sampling/proposed moves/acceptance must remain exact; numerical comparisons only for computed values; no implicit rejection rollback claim	E0 source/API mapping; candidate contract gate, not executed by this inventory	J=8bb1b9e8ae47b1512c00b321be05664ddcac0fd1; source SHA256 MVMCExpertModeParsers.jl/src/parsers/rbm_parser.jl=3747228687249b459887133702fed7d0d8889bd38e3e38eff7c15c79d388ff7c; C=extern/mVMC-1.3.0; independent expectation provenance must be read from named fixtures; no regeneration/run in documentation audit	cargo nextest run --locked --cargo-profile test-fast -p mvmc-expert-parsers --no-fail-fast --retries 0	API arguments/overloads at listed source lines; run settings/seeds not applicable to source inspection; candidate gate settings per test; no new reference runtime	UNVERIFIED independent API replay; related local runner records R76/R43/R4/LR/LC do not establish every overload	#184/#178
A062	function	MVMCExpertModeParsers.parse_charge_rbm_phys_layer_def	MVMCExpertModeParsers.jl/src/parsers/rbm_parser.jl:203	crates/mvmc-expert-parsers/src/parsers/rbm.rs::parse_rbm_content	Expert namelist is parsed by mvmc CLI; no per-section CLI; strict C completeness before runner/output	executable bounded production mapping; independent scenario replay unverified	C readdef layout/counts/flags authoritative; Julia parser warnings/permissive recovery are not C support; C full site mapping/declared width and signed flags differ from historical permissive Julia examples	Sampling/proposed moves/acceptance must remain exact; numerical comparisons only for computed values; no implicit rejection rollback claim	E0 source/API mapping; candidate contract gate, not executed by this inventory	J=8bb1b9e8ae47b1512c00b321be05664ddcac0fd1; source SHA256 MVMCExpertModeParsers.jl/src/parsers/rbm_parser.jl=3747228687249b459887133702fed7d0d8889bd38e3e38eff7c15c79d388ff7c; C=extern/mVMC-1.3.0; independent expectation provenance must be read from named fixtures; no regeneration/run in documentation audit	cargo nextest run --locked --cargo-profile test-fast -p mvmc-expert-parsers --no-fail-fast --retries 0	API arguments/overloads at listed source lines; run settings/seeds not applicable to source inspection; candidate gate settings per test; no new reference runtime	UNVERIFIED independent API replay; related local runner records R76/R43/R4/LR/LC do not establish every overload	#184/#178
A063	function	MVMCExpertModeParsers.parse_spin_rbm_phys_layer_content_extended	MVMCExpertModeParsers.jl/src/parsers/rbm_parser.jl:207	crates/mvmc-expert-parsers/src/parsers/rbm.rs::parse_rbm_content	Expert namelist is parsed by mvmc CLI; no per-section CLI; strict C completeness before runner/output	executable bounded production mapping; independent scenario replay unverified	C readdef layout/counts/flags authoritative; Julia parser warnings/permissive recovery are not C support; C full site mapping/declared width and signed flags differ from historical permissive Julia examples	Sampling/proposed moves/acceptance must remain exact; numerical comparisons only for computed values; no implicit rejection rollback claim	E0 source/API mapping; candidate contract gate, not executed by this inventory	J=8bb1b9e8ae47b1512c00b321be05664ddcac0fd1; source SHA256 MVMCExpertModeParsers.jl/src/parsers/rbm_parser.jl=3747228687249b459887133702fed7d0d8889bd38e3e38eff7c15c79d388ff7c; C=extern/mVMC-1.3.0; independent expectation provenance must be read from named fixtures; no regeneration/run in documentation audit	cargo nextest run --locked --cargo-profile test-fast -p mvmc-expert-parsers --no-fail-fast --retries 0	API arguments/overloads at listed source lines; run settings/seeds not applicable to source inspection; candidate gate settings per test; no new reference runtime	UNVERIFIED independent API replay; related local runner records R76/R43/R4/LR/LC do not establish every overload	#184/#178
A064	function	MVMCExpertModeParsers.parse_spin_rbm_phys_layer_content	MVMCExpertModeParsers.jl/src/parsers/rbm_parser.jl:223	crates/mvmc-expert-parsers/src/parsers/rbm.rs::parse_rbm_content	Expert namelist is parsed by mvmc CLI; no per-section CLI; strict C completeness before runner/output	executable bounded production mapping; independent scenario replay unverified	C readdef layout/counts/flags authoritative; Julia parser warnings/permissive recovery are not C support; C full site mapping/declared width and signed flags differ from historical permissive Julia examples	Sampling/proposed moves/acceptance must remain exact; numerical comparisons only for computed values; no implicit rejection rollback claim	E0 source/API mapping; candidate contract gate, not executed by this inventory	J=8bb1b9e8ae47b1512c00b321be05664ddcac0fd1; source SHA256 MVMCExpertModeParsers.jl/src/parsers/rbm_parser.jl=3747228687249b459887133702fed7d0d8889bd38e3e38eff7c15c79d388ff7c; C=extern/mVMC-1.3.0; independent expectation provenance must be read from named fixtures; no regeneration/run in documentation audit	cargo nextest run --locked --cargo-profile test-fast -p mvmc-expert-parsers --no-fail-fast --retries 0	API arguments/overloads at listed source lines; run settings/seeds not applicable to source inspection; candidate gate settings per test; no new reference runtime	UNVERIFIED independent API replay; related local runner records R76/R43/R4/LR/LC do not establish every overload	#184/#178
A065	function	MVMCExpertModeParsers.parse_spin_rbm_phys_layer_def	MVMCExpertModeParsers.jl/src/parsers/rbm_parser.jl:227	crates/mvmc-expert-parsers/src/parsers/rbm.rs::parse_rbm_content	Expert namelist is parsed by mvmc CLI; no per-section CLI; strict C completeness before runner/output	executable bounded production mapping; independent scenario replay unverified	C readdef layout/counts/flags authoritative; Julia parser warnings/permissive recovery are not C support; C full site mapping/declared width and signed flags differ from historical permissive Julia examples	Sampling/proposed moves/acceptance must remain exact; numerical comparisons only for computed values; no implicit rejection rollback claim	E0 source/API mapping; candidate contract gate, not executed by this inventory	J=8bb1b9e8ae47b1512c00b321be05664ddcac0fd1; source SHA256 MVMCExpertModeParsers.jl/src/parsers/rbm_parser.jl=3747228687249b459887133702fed7d0d8889bd38e3e38eff7c15c79d388ff7c; C=extern/mVMC-1.3.0; independent expectation provenance must be read from named fixtures; no regeneration/run in documentation audit	cargo nextest run --locked --cargo-profile test-fast -p mvmc-expert-parsers --no-fail-fast --retries 0	API arguments/overloads at listed source lines; run settings/seeds not applicable to source inspection; candidate gate settings per test; no new reference runtime	UNVERIFIED independent API replay; related local runner records R76/R43/R4/LR/LC do not establish every overload	#184/#178
A066	function	MVMCExpertModeParsers.parse_general_rbm_phys_layer_content_extended	MVMCExpertModeParsers.jl/src/parsers/rbm_parser.jl:231	crates/mvmc-expert-parsers/src/parsers/rbm.rs::parse_rbm_content	Expert namelist is parsed by mvmc CLI; no per-section CLI; strict C completeness before runner/output	executable bounded production mapping; independent scenario replay unverified	C readdef layout/counts/flags authoritative; Julia parser warnings/permissive recovery are not C support; C full site mapping/declared width and signed flags differ from historical permissive Julia examples	Sampling/proposed moves/acceptance must remain exact; numerical comparisons only for computed values; no implicit rejection rollback claim	E0 source/API mapping; candidate contract gate, not executed by this inventory	J=8bb1b9e8ae47b1512c00b321be05664ddcac0fd1; source SHA256 MVMCExpertModeParsers.jl/src/parsers/rbm_parser.jl=3747228687249b459887133702fed7d0d8889bd38e3e38eff7c15c79d388ff7c; C=extern/mVMC-1.3.0; independent expectation provenance must be read from named fixtures; no regeneration/run in documentation audit	cargo nextest run --locked --cargo-profile test-fast -p mvmc-expert-parsers --no-fail-fast --retries 0	API arguments/overloads at listed source lines; run settings/seeds not applicable to source inspection; candidate gate settings per test; no new reference runtime	UNVERIFIED independent API replay; related local runner records R76/R43/R4/LR/LC do not establish every overload	#184/#178
A067	function	MVMCExpertModeParsers.parse_general_rbm_phys_layer_content	MVMCExpertModeParsers.jl/src/parsers/rbm_parser.jl:248	crates/mvmc-expert-parsers/src/parsers/rbm.rs::parse_rbm_content	Expert namelist is parsed by mvmc CLI; no per-section CLI; strict C completeness before runner/output	executable bounded production mapping; independent scenario replay unverified	C readdef layout/counts/flags authoritative; Julia parser warnings/permissive recovery are not C support; C full site mapping/declared width and signed flags differ from historical permissive Julia examples	Sampling/proposed moves/acceptance must remain exact; numerical comparisons only for computed values; no implicit rejection rollback claim	E0 source/API mapping; candidate contract gate, not executed by this inventory	J=8bb1b9e8ae47b1512c00b321be05664ddcac0fd1; source SHA256 MVMCExpertModeParsers.jl/src/parsers/rbm_parser.jl=3747228687249b459887133702fed7d0d8889bd38e3e38eff7c15c79d388ff7c; C=extern/mVMC-1.3.0; independent expectation provenance must be read from named fixtures; no regeneration/run in documentation audit	cargo nextest run --locked --cargo-profile test-fast -p mvmc-expert-parsers --no-fail-fast --retries 0	API arguments/overloads at listed source lines; run settings/seeds not applicable to source inspection; candidate gate settings per test; no new reference runtime	UNVERIFIED independent API replay; related local runner records R76/R43/R4/LR/LC do not establish every overload	#184/#178
A068	function	MVMCExpertModeParsers.parse_general_rbm_phys_layer_def	MVMCExpertModeParsers.jl/src/parsers/rbm_parser.jl:252	crates/mvmc-expert-parsers/src/parsers/rbm.rs::parse_rbm_content	Expert namelist is parsed by mvmc CLI; no per-section CLI; strict C completeness before runner/output	executable bounded production mapping; independent scenario replay unverified	C readdef layout/counts/flags authoritative; Julia parser warnings/permissive recovery are not C support; C full site mapping/declared width and signed flags differ from historical permissive Julia examples	Sampling/proposed moves/acceptance must remain exact; numerical comparisons only for computed values; no implicit rejection rollback claim	E0 source/API mapping; candidate contract gate, not executed by this inventory	J=8bb1b9e8ae47b1512c00b321be05664ddcac0fd1; source SHA256 MVMCExpertModeParsers.jl/src/parsers/rbm_parser.jl=3747228687249b459887133702fed7d0d8889bd38e3e38eff7c15c79d388ff7c; C=extern/mVMC-1.3.0; independent expectation provenance must be read from named fixtures; no regeneration/run in documentation audit	cargo nextest run --locked --cargo-profile test-fast -p mvmc-expert-parsers --no-fail-fast --retries 0	API arguments/overloads at listed source lines; run settings/seeds not applicable to source inspection; candidate gate settings per test; no new reference runtime	UNVERIFIED independent API replay; related local runner records R76/R43/R4/LR/LC do not establish every overload	#184/#178
A069	function	MVMCExpertModeParsers.parse_charge_rbm_hidden_layer_content_extended	MVMCExpertModeParsers.jl/src/parsers/rbm_parser.jl:256	crates/mvmc-expert-parsers/src/parsers/rbm.rs::parse_rbm_content	Expert namelist is parsed by mvmc CLI; no per-section CLI; strict C completeness before runner/output	executable bounded production mapping; independent scenario replay unverified	C readdef layout/counts/flags authoritative; Julia parser warnings/permissive recovery are not C support; C full site mapping/declared width and signed flags differ from historical permissive Julia examples	Sampling/proposed moves/acceptance must remain exact; numerical comparisons only for computed values; no implicit rejection rollback claim	E0 source/API mapping; candidate contract gate, not executed by this inventory	J=8bb1b9e8ae47b1512c00b321be05664ddcac0fd1; source SHA256 MVMCExpertModeParsers.jl/src/parsers/rbm_parser.jl=3747228687249b459887133702fed7d0d8889bd38e3e38eff7c15c79d388ff7c; C=extern/mVMC-1.3.0; independent expectation provenance must be read from named fixtures; no regeneration/run in documentation audit	cargo nextest run --locked --cargo-profile test-fast -p mvmc-expert-parsers --no-fail-fast --retries 0	API arguments/overloads at listed source lines; run settings/seeds not applicable to source inspection; candidate gate settings per test; no new reference runtime	UNVERIFIED independent API replay; related local runner records R76/R43/R4/LR/LC do not establish every overload	#184/#178
A070	function	MVMCExpertModeParsers.parse_charge_rbm_hidden_layer_content	MVMCExpertModeParsers.jl/src/parsers/rbm_parser.jl:272	crates/mvmc-expert-parsers/src/parsers/rbm.rs::parse_rbm_content	Expert namelist is parsed by mvmc CLI; no per-section CLI; strict C completeness before runner/output	executable bounded production mapping; independent scenario replay unverified	C readdef layout/counts/flags authoritative; Julia parser warnings/permissive recovery are not C support; C full site mapping/declared width and signed flags differ from historical permissive Julia examples	Sampling/proposed moves/acceptance must remain exact; numerical comparisons only for computed values; no implicit rejection rollback claim	E0 source/API mapping; candidate contract gate, not executed by this inventory	J=8bb1b9e8ae47b1512c00b321be05664ddcac0fd1; source SHA256 MVMCExpertModeParsers.jl/src/parsers/rbm_parser.jl=3747228687249b459887133702fed7d0d8889bd38e3e38eff7c15c79d388ff7c; C=extern/mVMC-1.3.0; independent expectation provenance must be read from named fixtures; no regeneration/run in documentation audit	cargo nextest run --locked --cargo-profile test-fast -p mvmc-expert-parsers --no-fail-fast --retries 0	API arguments/overloads at listed source lines; run settings/seeds not applicable to source inspection; candidate gate settings per test; no new reference runtime	UNVERIFIED independent API replay; related local runner records R76/R43/R4/LR/LC do not establish every overload	#184/#178
A071	function	MVMCExpertModeParsers.parse_charge_rbm_hidden_layer_def	MVMCExpertModeParsers.jl/src/parsers/rbm_parser.jl:276	crates/mvmc-expert-parsers/src/parsers/rbm.rs::parse_rbm_content	Expert namelist is parsed by mvmc CLI; no per-section CLI; strict C completeness before runner/output	executable bounded production mapping; independent scenario replay unverified	C readdef layout/counts/flags authoritative; Julia parser warnings/permissive recovery are not C support; C full site mapping/declared width and signed flags differ from historical permissive Julia examples	Sampling/proposed moves/acceptance must remain exact; numerical comparisons only for computed values; no implicit rejection rollback claim	E0 source/API mapping; candidate contract gate, not executed by this inventory	J=8bb1b9e8ae47b1512c00b321be05664ddcac0fd1; source SHA256 MVMCExpertModeParsers.jl/src/parsers/rbm_parser.jl=3747228687249b459887133702fed7d0d8889bd38e3e38eff7c15c79d388ff7c; C=extern/mVMC-1.3.0; independent expectation provenance must be read from named fixtures; no regeneration/run in documentation audit	cargo nextest run --locked --cargo-profile test-fast -p mvmc-expert-parsers --no-fail-fast --retries 0	API arguments/overloads at listed source lines; run settings/seeds not applicable to source inspection; candidate gate settings per test; no new reference runtime	UNVERIFIED independent API replay; related local runner records R76/R43/R4/LR/LC do not establish every overload	#184/#178
A072	function	MVMCExpertModeParsers.parse_spin_rbm_hidden_layer_content_extended	MVMCExpertModeParsers.jl/src/parsers/rbm_parser.jl:280	crates/mvmc-expert-parsers/src/parsers/rbm.rs::parse_rbm_content	Expert namelist is parsed by mvmc CLI; no per-section CLI; strict C completeness before runner/output	executable bounded production mapping; independent scenario replay unverified	C readdef layout/counts/flags authoritative; Julia parser warnings/permissive recovery are not C support; C full site mapping/declared width and signed flags differ from historical permissive Julia examples	Sampling/proposed moves/acceptance must remain exact; numerical comparisons only for computed values; no implicit rejection rollback claim	E0 source/API mapping; candidate contract gate, not executed by this inventory	J=8bb1b9e8ae47b1512c00b321be05664ddcac0fd1; source SHA256 MVMCExpertModeParsers.jl/src/parsers/rbm_parser.jl=3747228687249b459887133702fed7d0d8889bd38e3e38eff7c15c79d388ff7c; C=extern/mVMC-1.3.0; independent expectation provenance must be read from named fixtures; no regeneration/run in documentation audit	cargo nextest run --locked --cargo-profile test-fast -p mvmc-expert-parsers --no-fail-fast --retries 0	API arguments/overloads at listed source lines; run settings/seeds not applicable to source inspection; candidate gate settings per test; no new reference runtime	UNVERIFIED independent API replay; related local runner records R76/R43/R4/LR/LC do not establish every overload	#184/#178
A073	function	MVMCExpertModeParsers.parse_spin_rbm_hidden_layer_content	MVMCExpertModeParsers.jl/src/parsers/rbm_parser.jl:296	crates/mvmc-expert-parsers/src/parsers/rbm.rs::parse_rbm_content	Expert namelist is parsed by mvmc CLI; no per-section CLI; strict C completeness before runner/output	executable bounded production mapping; independent scenario replay unverified	C readdef layout/counts/flags authoritative; Julia parser warnings/permissive recovery are not C support; C full site mapping/declared width and signed flags differ from historical permissive Julia examples	Sampling/proposed moves/acceptance must remain exact; numerical comparisons only for computed values; no implicit rejection rollback claim	E0 source/API mapping; candidate contract gate, not executed by this inventory	J=8bb1b9e8ae47b1512c00b321be05664ddcac0fd1; source SHA256 MVMCExpertModeParsers.jl/src/parsers/rbm_parser.jl=3747228687249b459887133702fed7d0d8889bd38e3e38eff7c15c79d388ff7c; C=extern/mVMC-1.3.0; independent expectation provenance must be read from named fixtures; no regeneration/run in documentation audit	cargo nextest run --locked --cargo-profile test-fast -p mvmc-expert-parsers --no-fail-fast --retries 0	API arguments/overloads at listed source lines; run settings/seeds not applicable to source inspection; candidate gate settings per test; no new reference runtime	UNVERIFIED independent API replay; related local runner records R76/R43/R4/LR/LC do not establish every overload	#184/#178
A074	function	MVMCExpertModeParsers.parse_spin_rbm_hidden_layer_def	MVMCExpertModeParsers.jl/src/parsers/rbm_parser.jl:300	crates/mvmc-expert-parsers/src/parsers/rbm.rs::parse_rbm_content	Expert namelist is parsed by mvmc CLI; no per-section CLI; strict C completeness before runner/output	executable bounded production mapping; independent scenario replay unverified	C readdef layout/counts/flags authoritative; Julia parser warnings/permissive recovery are not C support; C full site mapping/declared width and signed flags differ from historical permissive Julia examples	Sampling/proposed moves/acceptance must remain exact; numerical comparisons only for computed values; no implicit rejection rollback claim	E0 source/API mapping; candidate contract gate, not executed by this inventory	J=8bb1b9e8ae47b1512c00b321be05664ddcac0fd1; source SHA256 MVMCExpertModeParsers.jl/src/parsers/rbm_parser.jl=3747228687249b459887133702fed7d0d8889bd38e3e38eff7c15c79d388ff7c; C=extern/mVMC-1.3.0; independent expectation provenance must be read from named fixtures; no regeneration/run in documentation audit	cargo nextest run --locked --cargo-profile test-fast -p mvmc-expert-parsers --no-fail-fast --retries 0	API arguments/overloads at listed source lines; run settings/seeds not applicable to source inspection; candidate gate settings per test; no new reference runtime	UNVERIFIED independent API replay; related local runner records R76/R43/R4/LR/LC do not establish every overload	#184/#178
A075	function	MVMCExpertModeParsers.parse_general_rbm_hidden_layer_content_extended	MVMCExpertModeParsers.jl/src/parsers/rbm_parser.jl:304	crates/mvmc-expert-parsers/src/parsers/rbm.rs::parse_rbm_content	Expert namelist is parsed by mvmc CLI; no per-section CLI; strict C completeness before runner/output	executable bounded production mapping; independent scenario replay unverified	C readdef layout/counts/flags authoritative; Julia parser warnings/permissive recovery are not C support; C full site mapping/declared width and signed flags differ from historical permissive Julia examples	Sampling/proposed moves/acceptance must remain exact; numerical comparisons only for computed values; no implicit rejection rollback claim	E0 source/API mapping; candidate contract gate, not executed by this inventory	J=8bb1b9e8ae47b1512c00b321be05664ddcac0fd1; source SHA256 MVMCExpertModeParsers.jl/src/parsers/rbm_parser.jl=3747228687249b459887133702fed7d0d8889bd38e3e38eff7c15c79d388ff7c; C=extern/mVMC-1.3.0; independent expectation provenance must be read from named fixtures; no regeneration/run in documentation audit	cargo nextest run --locked --cargo-profile test-fast -p mvmc-expert-parsers --no-fail-fast --retries 0	API arguments/overloads at listed source lines; run settings/seeds not applicable to source inspection; candidate gate settings per test; no new reference runtime	UNVERIFIED independent API replay; related local runner records R76/R43/R4/LR/LC do not establish every overload	#184/#178
A076	function	MVMCExpertModeParsers.parse_general_rbm_hidden_layer_content	MVMCExpertModeParsers.jl/src/parsers/rbm_parser.jl:320	crates/mvmc-expert-parsers/src/parsers/rbm.rs::parse_rbm_content	Expert namelist is parsed by mvmc CLI; no per-section CLI; strict C completeness before runner/output	executable bounded production mapping; independent scenario replay unverified	C readdef layout/counts/flags authoritative; Julia parser warnings/permissive recovery are not C support; C full site mapping/declared width and signed flags differ from historical permissive Julia examples	Sampling/proposed moves/acceptance must remain exact; numerical comparisons only for computed values; no implicit rejection rollback claim	E0 source/API mapping; candidate contract gate, not executed by this inventory	J=8bb1b9e8ae47b1512c00b321be05664ddcac0fd1; source SHA256 MVMCExpertModeParsers.jl/src/parsers/rbm_parser.jl=3747228687249b459887133702fed7d0d8889bd38e3e38eff7c15c79d388ff7c; C=extern/mVMC-1.3.0; independent expectation provenance must be read from named fixtures; no regeneration/run in documentation audit	cargo nextest run --locked --cargo-profile test-fast -p mvmc-expert-parsers --no-fail-fast --retries 0	API arguments/overloads at listed source lines; run settings/seeds not applicable to source inspection; candidate gate settings per test; no new reference runtime	UNVERIFIED independent API replay; related local runner records R76/R43/R4/LR/LC do not establish every overload	#184/#178
A077	function	MVMCExpertModeParsers.parse_general_rbm_hidden_layer_def	MVMCExpertModeParsers.jl/src/parsers/rbm_parser.jl:324	crates/mvmc-expert-parsers/src/parsers/rbm.rs::parse_rbm_content	Expert namelist is parsed by mvmc CLI; no per-section CLI; strict C completeness before runner/output	executable bounded production mapping; independent scenario replay unverified	C readdef layout/counts/flags authoritative; Julia parser warnings/permissive recovery are not C support; C full site mapping/declared width and signed flags differ from historical permissive Julia examples	Sampling/proposed moves/acceptance must remain exact; numerical comparisons only for computed values; no implicit rejection rollback claim	E0 source/API mapping; candidate contract gate, not executed by this inventory	J=8bb1b9e8ae47b1512c00b321be05664ddcac0fd1; source SHA256 MVMCExpertModeParsers.jl/src/parsers/rbm_parser.jl=3747228687249b459887133702fed7d0d8889bd38e3e38eff7c15c79d388ff7c; C=extern/mVMC-1.3.0; independent expectation provenance must be read from named fixtures; no regeneration/run in documentation audit	cargo nextest run --locked --cargo-profile test-fast -p mvmc-expert-parsers --no-fail-fast --retries 0	API arguments/overloads at listed source lines; run settings/seeds not applicable to source inspection; candidate gate settings per test; no new reference runtime	UNVERIFIED independent API replay; related local runner records R76/R43/R4/LR/LC do not establish every overload	#184/#178
A078	function	MVMCExpertModeParsers.parse_charge_rbm_phys_hidden_content_extended	MVMCExpertModeParsers.jl/src/parsers/rbm_parser.jl:328	crates/mvmc-expert-parsers/src/parsers/rbm.rs::parse_rbm_content	Expert namelist is parsed by mvmc CLI; no per-section CLI; strict C completeness before runner/output	executable bounded production mapping; independent scenario replay unverified	C readdef layout/counts/flags authoritative; Julia parser warnings/permissive recovery are not C support; C full site mapping/declared width and signed flags differ from historical permissive Julia examples	Sampling/proposed moves/acceptance must remain exact; numerical comparisons only for computed values; no implicit rejection rollback claim	E0 source/API mapping; candidate contract gate, not executed by this inventory	J=8bb1b9e8ae47b1512c00b321be05664ddcac0fd1; source SHA256 MVMCExpertModeParsers.jl/src/parsers/rbm_parser.jl=3747228687249b459887133702fed7d0d8889bd38e3e38eff7c15c79d388ff7c; C=extern/mVMC-1.3.0; independent expectation provenance must be read from named fixtures; no regeneration/run in documentation audit	cargo nextest run --locked --cargo-profile test-fast -p mvmc-expert-parsers --no-fail-fast --retries 0	API arguments/overloads at listed source lines; run settings/seeds not applicable to source inspection; candidate gate settings per test; no new reference runtime	UNVERIFIED independent API replay; related local runner records R76/R43/R4/LR/LC do not establish every overload	#184/#178
A079	function	MVMCExpertModeParsers.parse_charge_rbm_phys_hidden_content	MVMCExpertModeParsers.jl/src/parsers/rbm_parser.jl:345	crates/mvmc-expert-parsers/src/parsers/rbm.rs::parse_rbm_content	Expert namelist is parsed by mvmc CLI; no per-section CLI; strict C completeness before runner/output	executable bounded production mapping; independent scenario replay unverified	C readdef layout/counts/flags authoritative; Julia parser warnings/permissive recovery are not C support; C full site mapping/declared width and signed flags differ from historical permissive Julia examples	Sampling/proposed moves/acceptance must remain exact; numerical comparisons only for computed values; no implicit rejection rollback claim	E0 source/API mapping; candidate contract gate, not executed by this inventory	J=8bb1b9e8ae47b1512c00b321be05664ddcac0fd1; source SHA256 MVMCExpertModeParsers.jl/src/parsers/rbm_parser.jl=3747228687249b459887133702fed7d0d8889bd38e3e38eff7c15c79d388ff7c; C=extern/mVMC-1.3.0; independent expectation provenance must be read from named fixtures; no regeneration/run in documentation audit	cargo nextest run --locked --cargo-profile test-fast -p mvmc-expert-parsers --no-fail-fast --retries 0	API arguments/overloads at listed source lines; run settings/seeds not applicable to source inspection; candidate gate settings per test; no new reference runtime	UNVERIFIED independent API replay; related local runner records R76/R43/R4/LR/LC do not establish every overload	#184/#178
A080	function	MVMCExpertModeParsers.parse_charge_rbm_phys_hidden_def	MVMCExpertModeParsers.jl/src/parsers/rbm_parser.jl:349	crates/mvmc-expert-parsers/src/parsers/rbm.rs::parse_rbm_content	Expert namelist is parsed by mvmc CLI; no per-section CLI; strict C completeness before runner/output	executable bounded production mapping; independent scenario replay unverified	C readdef layout/counts/flags authoritative; Julia parser warnings/permissive recovery are not C support; C full site mapping/declared width and signed flags differ from historical permissive Julia examples	Sampling/proposed moves/acceptance must remain exact; numerical comparisons only for computed values; no implicit rejection rollback claim	E0 source/API mapping; candidate contract gate, not executed by this inventory	J=8bb1b9e8ae47b1512c00b321be05664ddcac0fd1; source SHA256 MVMCExpertModeParsers.jl/src/parsers/rbm_parser.jl=3747228687249b459887133702fed7d0d8889bd38e3e38eff7c15c79d388ff7c; C=extern/mVMC-1.3.0; independent expectation provenance must be read from named fixtures; no regeneration/run in documentation audit	cargo nextest run --locked --cargo-profile test-fast -p mvmc-expert-parsers --no-fail-fast --retries 0	API arguments/overloads at listed source lines; run settings/seeds not applicable to source inspection; candidate gate settings per test; no new reference runtime	UNVERIFIED independent API replay; related local runner records R76/R43/R4/LR/LC do not establish every overload	#184/#178
A081	function	MVMCExpertModeParsers.parse_spin_rbm_phys_hidden_content_extended	MVMCExpertModeParsers.jl/src/parsers/rbm_parser.jl:353	crates/mvmc-expert-parsers/src/parsers/rbm.rs::parse_rbm_content	Expert namelist is parsed by mvmc CLI; no per-section CLI; strict C completeness before runner/output	executable bounded production mapping; independent scenario replay unverified	C readdef layout/counts/flags authoritative; Julia parser warnings/permissive recovery are not C support; C full site mapping/declared width and signed flags differ from historical permissive Julia examples	Sampling/proposed moves/acceptance must remain exact; numerical comparisons only for computed values; no implicit rejection rollback claim	E0 source/API mapping; candidate contract gate, not executed by this inventory	J=8bb1b9e8ae47b1512c00b321be05664ddcac0fd1; source SHA256 MVMCExpertModeParsers.jl/src/parsers/rbm_parser.jl=3747228687249b459887133702fed7d0d8889bd38e3e38eff7c15c79d388ff7c; C=extern/mVMC-1.3.0; independent expectation provenance must be read from named fixtures; no regeneration/run in documentation audit	cargo nextest run --locked --cargo-profile test-fast -p mvmc-expert-parsers --no-fail-fast --retries 0	API arguments/overloads at listed source lines; run settings/seeds not applicable to source inspection; candidate gate settings per test; no new reference runtime	UNVERIFIED independent API replay; related local runner records R76/R43/R4/LR/LC do not establish every overload	#184/#178
A082	function	MVMCExpertModeParsers.parse_spin_rbm_phys_hidden_content	MVMCExpertModeParsers.jl/src/parsers/rbm_parser.jl:370	crates/mvmc-expert-parsers/src/parsers/rbm.rs::parse_rbm_content	Expert namelist is parsed by mvmc CLI; no per-section CLI; strict C completeness before runner/output	executable bounded production mapping; independent scenario replay unverified	C readdef layout/counts/flags authoritative; Julia parser warnings/permissive recovery are not C support; C full site mapping/declared width and signed flags differ from historical permissive Julia examples	Sampling/proposed moves/acceptance must remain exact; numerical comparisons only for computed values; no implicit rejection rollback claim	E0 source/API mapping; candidate contract gate, not executed by this inventory	J=8bb1b9e8ae47b1512c00b321be05664ddcac0fd1; source SHA256 MVMCExpertModeParsers.jl/src/parsers/rbm_parser.jl=3747228687249b459887133702fed7d0d8889bd38e3e38eff7c15c79d388ff7c; C=extern/mVMC-1.3.0; independent expectation provenance must be read from named fixtures; no regeneration/run in documentation audit	cargo nextest run --locked --cargo-profile test-fast -p mvmc-expert-parsers --no-fail-fast --retries 0	API arguments/overloads at listed source lines; run settings/seeds not applicable to source inspection; candidate gate settings per test; no new reference runtime	UNVERIFIED independent API replay; related local runner records R76/R43/R4/LR/LC do not establish every overload	#184/#178
A083	function	MVMCExpertModeParsers.parse_spin_rbm_phys_hidden_def	MVMCExpertModeParsers.jl/src/parsers/rbm_parser.jl:374	crates/mvmc-expert-parsers/src/parsers/rbm.rs::parse_rbm_content	Expert namelist is parsed by mvmc CLI; no per-section CLI; strict C completeness before runner/output	executable bounded production mapping; independent scenario replay unverified	C readdef layout/counts/flags authoritative; Julia parser warnings/permissive recovery are not C support; C full site mapping/declared width and signed flags differ from historical permissive Julia examples	Sampling/proposed moves/acceptance must remain exact; numerical comparisons only for computed values; no implicit rejection rollback claim	E0 source/API mapping; candidate contract gate, not executed by this inventory	J=8bb1b9e8ae47b1512c00b321be05664ddcac0fd1; source SHA256 MVMCExpertModeParsers.jl/src/parsers/rbm_parser.jl=3747228687249b459887133702fed7d0d8889bd38e3e38eff7c15c79d388ff7c; C=extern/mVMC-1.3.0; independent expectation provenance must be read from named fixtures; no regeneration/run in documentation audit	cargo nextest run --locked --cargo-profile test-fast -p mvmc-expert-parsers --no-fail-fast --retries 0	API arguments/overloads at listed source lines; run settings/seeds not applicable to source inspection; candidate gate settings per test; no new reference runtime	UNVERIFIED independent API replay; related local runner records R76/R43/R4/LR/LC do not establish every overload	#184/#178
A084	function	MVMCExpertModeParsers.parse_general_rbm_phys_hidden_content_extended	MVMCExpertModeParsers.jl/src/parsers/rbm_parser.jl:378	crates/mvmc-expert-parsers/src/parsers/rbm.rs::parse_rbm_content	Expert namelist is parsed by mvmc CLI; no per-section CLI; strict C completeness before runner/output	executable bounded production mapping; independent scenario replay unverified	C readdef layout/counts/flags authoritative; Julia parser warnings/permissive recovery are not C support; C full site mapping/declared width and signed flags differ from historical permissive Julia examples	Sampling/proposed moves/acceptance must remain exact; numerical comparisons only for computed values; no implicit rejection rollback claim	E0 source/API mapping; candidate contract gate, not executed by this inventory	J=8bb1b9e8ae47b1512c00b321be05664ddcac0fd1; source SHA256 MVMCExpertModeParsers.jl/src/parsers/rbm_parser.jl=3747228687249b459887133702fed7d0d8889bd38e3e38eff7c15c79d388ff7c; C=extern/mVMC-1.3.0; independent expectation provenance must be read from named fixtures; no regeneration/run in documentation audit	cargo nextest run --locked --cargo-profile test-fast -p mvmc-expert-parsers --no-fail-fast --retries 0	API arguments/overloads at listed source lines; run settings/seeds not applicable to source inspection; candidate gate settings per test; no new reference runtime	UNVERIFIED independent API replay; related local runner records R76/R43/R4/LR/LC do not establish every overload	#184/#178
A085	function	MVMCExpertModeParsers.parse_general_rbm_phys_hidden_content	MVMCExpertModeParsers.jl/src/parsers/rbm_parser.jl:396	crates/mvmc-expert-parsers/src/parsers/rbm.rs::parse_rbm_content	Expert namelist is parsed by mvmc CLI; no per-section CLI; strict C completeness before runner/output	executable bounded production mapping; independent scenario replay unverified	C readdef layout/counts/flags authoritative; Julia parser warnings/permissive recovery are not C support; C full site mapping/declared width and signed flags differ from historical permissive Julia examples	Sampling/proposed moves/acceptance must remain exact; numerical comparisons only for computed values; no implicit rejection rollback claim	E0 source/API mapping; candidate contract gate, not executed by this inventory	J=8bb1b9e8ae47b1512c00b321be05664ddcac0fd1; source SHA256 MVMCExpertModeParsers.jl/src/parsers/rbm_parser.jl=3747228687249b459887133702fed7d0d8889bd38e3e38eff7c15c79d388ff7c; C=extern/mVMC-1.3.0; independent expectation provenance must be read from named fixtures; no regeneration/run in documentation audit	cargo nextest run --locked --cargo-profile test-fast -p mvmc-expert-parsers --no-fail-fast --retries 0	API arguments/overloads at listed source lines; run settings/seeds not applicable to source inspection; candidate gate settings per test; no new reference runtime	UNVERIFIED independent API replay; related local runner records R76/R43/R4/LR/LC do not establish every overload	#184/#178
A086	function	MVMCExpertModeParsers.parse_general_rbm_phys_hidden_def	MVMCExpertModeParsers.jl/src/parsers/rbm_parser.jl:400	crates/mvmc-expert-parsers/src/parsers/rbm.rs::parse_rbm_content	Expert namelist is parsed by mvmc CLI; no per-section CLI; strict C completeness before runner/output	executable bounded production mapping; independent scenario replay unverified	C readdef layout/counts/flags authoritative; Julia parser warnings/permissive recovery are not C support; C full site mapping/declared width and signed flags differ from historical permissive Julia examples	Sampling/proposed moves/acceptance must remain exact; numerical comparisons only for computed values; no implicit rejection rollback claim	E0 source/API mapping; candidate contract gate, not executed by this inventory	J=8bb1b9e8ae47b1512c00b321be05664ddcac0fd1; source SHA256 MVMCExpertModeParsers.jl/src/parsers/rbm_parser.jl=3747228687249b459887133702fed7d0d8889bd38e3e38eff7c15c79d388ff7c; C=extern/mVMC-1.3.0; independent expectation provenance must be read from named fixtures; no regeneration/run in documentation audit	cargo nextest run --locked --cargo-profile test-fast -p mvmc-expert-parsers --no-fail-fast --retries 0	API arguments/overloads at listed source lines; run settings/seeds not applicable to source inspection; candidate gate settings per test; no new reference runtime	UNVERIFIED independent API replay; related local runner records R76/R43/R4/LR/LC do not establish every overload	#184/#178
A087	function	MVMCExpertModeParsers.parse_trans_def	MVMCExpertModeParsers.jl/src/parsers/trans_parser.jl:12	crates/mvmc-expert-parsers/src/parsers/trans.rs::parse_trans_def	Expert namelist is parsed by mvmc CLI; no per-section CLI; strict C completeness before runner/output	executable bounded production mapping; independent scenario replay unverified	C readdef layout/counts/flags authoritative; Julia parser warnings/permissive recovery are not C support	Sampling/proposed moves/acceptance must remain exact; numerical comparisons only for computed values; no implicit rejection rollback claim	E0 source/API mapping; candidate contract gate, not executed by this inventory	J=8bb1b9e8ae47b1512c00b321be05664ddcac0fd1; source SHA256 MVMCExpertModeParsers.jl/src/parsers/trans_parser.jl=ef3fcf43ea9cc94e89b051c3b44cd5f0c958403c254a09b0ad9e04a62e06d465; C=extern/mVMC-1.3.0; independent expectation provenance must be read from named fixtures; no regeneration/run in documentation audit	cargo nextest run --locked --cargo-profile test-fast -p mvmc-expert-parsers --no-fail-fast --retries 0	API arguments/overloads at listed source lines; run settings/seeds not applicable to source inspection; candidate gate settings per test; no new reference runtime	UNVERIFIED independent API replay; related local runner records R76/R43/R4/LR/LC do not establish every overload	#184/#178
A088	function	MVMCExpertModeParsers.parse_trans_content	MVMCExpertModeParsers.jl/src/parsers/trans_parser.jl:31	crates/mvmc-expert-parsers/src/parsers/trans.rs::parse_trans_content; crates/mvmc-expert-parsers/tests/issue184_literal_hamiltonian_parsers.rs::original_transfer_payload_preserves_all_sites_spin_codes_and_values (13-41)	Bounded public in-memory Transfer parser with original three-row literal payload; other branches, file loader and physical Hamiltonian execution unverified	Bounded literal Transfer parser case executed; full API/testset unverified	C explicit site/spin operator coordinates and coefficients retained. Bare content is a Julia-style parser API; native C uses declared-count payload after file header, not verified as native full-file/runtime parity here	Exact three-row count, sites, spin codes and complex coefficients; no numerical local-energy, RNG, sampling, CLI or MPI evidence	E1 bounded named Transfer parser case, fresh execution supplied by parent; not whole API/testset proof	J=8bb1b9e8ae47b1512c00b321be05664ddcac0fd1; Jtest test_parsers.jl SHA256=8336b21bca7627749e27c588e537e30c20ea4a6383733bae3e93a44461980185,53-77; Rusttest SHA256=2e8e14422ef3b846bb00bc5bc42469883fa0910baa096f1dbdb059a671fead3e,13-41; both source conditions independently read; historical parent680e7875 focused3PASS/clippy0, not current-run proof; no reference-runtime generation	Parent fresh exact command: cargo nextest run -p mvmc-expert-parsers --test issue184_literal_hamiltonian_parsers --locked --no-fail-fast --retries 0	Original literal rows (site1,spin1,site2,spin2,real,imag)=(0,0,1,0,1,0),(1,1,2,1,2,0),(2,0,3,1,3,0); length3; spin1 Up on first row; no seed/steps/ranks/workers applicable to scalar content parsing	Fresh parent3f56a22e-8824-4a48-9999-815b85b2605e:terminal0,3/3PASS,0.006s; parent FULL81-line test CodeGraph review, current Rusttest SHA2562e8e14422ef3b846bb00bc5bc42469883fa0910baa096f1dbdb059a671fead3e independently rechecked here. Transfer is ONE named test; Coulomb and PairHop are separate cases, not three Transfer/model scenarios. No fresh clippy result supplied; historical680e7875:3PASS/clippy0 retained separately. M0230-0234 parsed conditions matched; M0229 Rust Vec return differs from Julia ParseResult.success/data; M0235 no duplicate derived spin property, explicit spin1/spin2 checked instead. M0225-0228 constructor assertions remain unverified; malformed/unknown tokens and other parser branches unverified. No native C full-file, Hamiltonian/energy, public model or entire testset PASS	#184 Chandra ledger; Pauli parser implementation; parent historical execution/fresh-run owner
A089	function	MVMCExpertModeParsers.parse_transfer_term	MVMCExpertModeParsers.jl/src/parsers/trans_parser.jl:76	crates/mvmc-expert-parsers/src/parsers/trans.rs::parse_trans_content	Expert namelist is parsed by mvmc CLI; no per-section CLI; strict C completeness before runner/output	executable bounded production mapping; independent scenario replay unverified	C readdef layout/counts/flags authoritative; Julia parser warnings/permissive recovery are not C support	Sampling/proposed moves/acceptance must remain exact; numerical comparisons only for computed values; no implicit rejection rollback claim	E0 source/API mapping; candidate contract gate, not executed by this inventory	J=8bb1b9e8ae47b1512c00b321be05664ddcac0fd1; source SHA256 MVMCExpertModeParsers.jl/src/parsers/trans_parser.jl=ef3fcf43ea9cc94e89b051c3b44cd5f0c958403c254a09b0ad9e04a62e06d465; C=extern/mVMC-1.3.0; independent expectation provenance must be read from named fixtures; no regeneration/run in documentation audit	cargo nextest run --locked --cargo-profile test-fast -p mvmc-expert-parsers --no-fail-fast --retries 0	API arguments/overloads at listed source lines; run settings/seeds not applicable to source inspection; candidate gate settings per test; no new reference runtime	UNVERIFIED independent API replay; related local runner records R76/R43/R4/LR/LC do not establish every overload	#184/#178
A090	type	MVMCExpertModeParsers.ParseResult	MVMCExpertModeParsers.jl/src/types/expert_types.jl:13	crates/mvmc-expert-parsers/src/lib.rs::ParseError	Expert namelist is parsed by mvmc CLI; no per-section CLI; strict C completeness before runner/output	executable bounded production mapping; independent scenario replay unverified	C readdef layout/counts/flags authoritative; Julia parser warnings/permissive recovery are not C support	Sampling/proposed moves/acceptance must remain exact; numerical comparisons only for computed values; no implicit rejection rollback claim	E0 source/API mapping; candidate contract gate, not executed by this inventory	J=8bb1b9e8ae47b1512c00b321be05664ddcac0fd1; source SHA256 MVMCExpertModeParsers.jl/src/types/expert_types.jl=2ebb3c0dbc95f323b708f21fb5c3222a0dbd90640ed056f856f2838e356acf67; C=extern/mVMC-1.3.0; independent expectation provenance must be read from named fixtures; no regeneration/run in documentation audit	cargo nextest run --locked --cargo-profile test-fast -p mvmc-expert-parsers --no-fail-fast --retries 0	API arguments/overloads at listed source lines; run settings/seeds not applicable to source inspection; candidate gate settings per test; no new reference runtime	UNVERIFIED independent API replay; related local runner records R76/R43/R4/LR/LC do not establish every overload	#184/#178
A091	type	MVMCExpertModeParsers.ValidationResult	MVMCExpertModeParsers.jl/src/types/expert_types.jl:25	crates/mvmc-expert-parsers/src/types.rs::ValidationResult	Expert namelist is parsed by mvmc CLI; no per-section CLI; strict C completeness before runner/output	executable bounded production mapping; independent scenario replay unverified	C readdef layout/counts/flags authoritative; Julia parser warnings/permissive recovery are not C support	Sampling/proposed moves/acceptance must remain exact; numerical comparisons only for computed values; no implicit rejection rollback claim	E0 source/API mapping; candidate contract gate, not executed by this inventory	J=8bb1b9e8ae47b1512c00b321be05664ddcac0fd1; source SHA256 MVMCExpertModeParsers.jl/src/types/expert_types.jl=2ebb3c0dbc95f323b708f21fb5c3222a0dbd90640ed056f856f2838e356acf67; C=extern/mVMC-1.3.0; independent expectation provenance must be read from named fixtures; no regeneration/run in documentation audit	cargo nextest run --locked --cargo-profile test-fast -p mvmc-expert-parsers --no-fail-fast --retries 0	API arguments/overloads at listed source lines; run settings/seeds not applicable to source inspection; candidate gate settings per test; no new reference runtime	UNVERIFIED independent API replay; related local runner records R76/R43/R4/LR/LC do not establish every overload	#184/#178
A092	type	MVMCExpertModeParsers.FileInfo	MVMCExpertModeParsers.jl/src/types/expert_types.jl:36	NO Julia metadata/context object API; std::fs::metadata and mvmc_expert_parsers::ParseError in parse_expert_mode_files	Expert namelist is parsed by mvmc CLI; no per-section CLI; strict C completeness before runner/output	executable bounded production mapping; independent scenario replay unverified	C readdef layout/counts/flags authoritative; Julia parser warnings/permissive recovery are not C support	Sampling/proposed moves/acceptance must remain exact; numerical comparisons only for computed values; no implicit rejection rollback claim	E0 source/API mapping; candidate contract gate, not executed by this inventory	J=8bb1b9e8ae47b1512c00b321be05664ddcac0fd1; source SHA256 MVMCExpertModeParsers.jl/src/types/expert_types.jl=2ebb3c0dbc95f323b708f21fb5c3222a0dbd90640ed056f856f2838e356acf67; C=extern/mVMC-1.3.0; independent expectation provenance must be read from named fixtures; no regeneration/run in documentation audit	cargo nextest run --locked --cargo-profile test-fast -p mvmc-expert-parsers --no-fail-fast --retries 0	API arguments/overloads at listed source lines; run settings/seeds not applicable to source inspection; candidate gate settings per test; no new reference runtime	UNVERIFIED independent API replay; related local runner records R76/R43/R4/LR/LC do not establish every overload	#184/#178
A093	type+function	MVMCExpertModeParsers.ParsingContext	MVMCExpertModeParsers.jl/src/types/expert_types.jl:49; MVMCExpertModeParsers.jl/src/types/expert_types.jl:55	NO Julia metadata/context object API; std::fs::metadata and mvmc_expert_parsers::ParseError in parse_expert_mode_files	Expert namelist is parsed by mvmc CLI; no per-section CLI; strict C completeness before runner/output	executable bounded production mapping; independent scenario replay unverified	C readdef layout/counts/flags authoritative; Julia parser warnings/permissive recovery are not C support	Sampling/proposed moves/acceptance must remain exact; numerical comparisons only for computed values; no implicit rejection rollback claim	E0 source/API mapping; candidate contract gate, not executed by this inventory	J=8bb1b9e8ae47b1512c00b321be05664ddcac0fd1; source SHA256 MVMCExpertModeParsers.jl/src/types/expert_types.jl=2ebb3c0dbc95f323b708f21fb5c3222a0dbd90640ed056f856f2838e356acf67; C=extern/mVMC-1.3.0; independent expectation provenance must be read from named fixtures; no regeneration/run in documentation audit	cargo nextest run --locked --cargo-profile test-fast -p mvmc-expert-parsers --no-fail-fast --retries 0	API arguments/overloads at listed source lines; run settings/seeds not applicable to source inspection; candidate gate settings per test; no new reference runtime	UNVERIFIED independent API replay; related local runner records R76/R43/R4/LR/LC do not establish every overload	#184/#178
A094	type+function	MVMCExpertModeParsers.ModParaParameters	MVMCExpertModeParsers.jl/src/types/expert_types.jl:66; MVMCExpertModeParsers.jl/src/types/expert_types.jl:138	crates/mvmc-expert-parsers/src/types.rs::ModParaParameters; crates/mvmc-expert-parsers/tests/constructor_contracts.rs::original_modpara_constructor_preserves_three_explicit_fields (9-19)	Original constructor M0206-0208 fields only; Julia keyword constructor represented by Rust public struct with Default update; no new compatibility wrapper or production API	Three explicit constructor field conditions executed through existing public Rust API; not entire type/default/constructor coverage	Type representation follows Julia architecture while numerical/input authority remains C; this synthetic constructor is NOT a supported C input/model contract or native C runtime verification	Exact nsite4/nelec2/nlocspin0 field equality only; no parser validation, RNG, sampling, solver, output, CLI or MPI proof	E1 bounded constructor field contract with intentional language/API representation difference; no source-only execution promotion	J=8bb1b9e8ae47b1512c00b321be05664ddcac0fd1; Jtest test_parsers.jl SHA256=8336b21bca7627749e27c588e537e30c20ea4a6383733bae3e93a44461980185,14-17; Jtypes SHA256=2ebb3c0dbc95f323b708f21fb5c3222a0dbd90640ed056f856f2838e356acf67,66-235; Rusttest SHA256=3a882816bf9f1a940544648dbd23926b9dcdcaaa6bbcfe95ee09495511e7d60c; committed constructor milestone4e6d7fec5f2ea6831f4cf80c41d536e547de3851; literal expectation from original assertions, no generated oracle	cargo nextest run -p mvmc-expert-parsers --test constructor_contracts --locked --no-fail-fast --retries 0; focused clippy reproduction: cargo clippy -p mvmc-expert-parsers --test constructor_contracts --locked -- -D warnings	ModParaParameters { nsite:4, nelec:2, nlocspin:0, ..ModParaParameters::default() }; only three explicitly overridden fields asserted; no seed/steps/ranks/workers applicable	Parent1480474d-47cb-4e77-b9c0-1fc28557e8cb:terminal0,1PASS,0.007s; FULL19-line source CodeGraph review/SHA verified; focused strict clippy0. ONE constructor test, not a valid model or file parse; excluded frozen7cc full-suite compile, separate milestone. Remaining other keyword/default fields, mutation and all model/input validation unverified by this row	#184 Chandra constructor test/ledger; parent independent FULL source review and fresh execution
A095	type+constructor-shortform	MVMCExpertModeParsers.TransferTerm	MVMCExpertModeParsers.jl/src/types/expert_types.jl:237; MVMCExpertModeParsers.jl/src/types/expert_types.jl:246; MVMCExpertModeParsers.jl/src/types/expert_types.jl:251	crates/mvmc-expert-parsers/src/types.rs::TransferTerm	Expert namelist is parsed by mvmc CLI; no per-section CLI; strict C completeness before runner/output	executable bounded production mapping; independent scenario replay unverified	C readdef layout/counts/flags authoritative; Julia parser warnings/permissive recovery are not C support	Sampling/proposed moves/acceptance must remain exact; numerical comparisons only for computed values; no implicit rejection rollback claim	E0 source/API mapping; candidate contract gate, not executed by this inventory	J=8bb1b9e8ae47b1512c00b321be05664ddcac0fd1; source SHA256 MVMCExpertModeParsers.jl/src/types/expert_types.jl=2ebb3c0dbc95f323b708f21fb5c3222a0dbd90640ed056f856f2838e356acf67; C=extern/mVMC-1.3.0; independent expectation provenance must be read from named fixtures; no regeneration/run in documentation audit	cargo nextest run --locked --cargo-profile test-fast -p mvmc-expert-parsers --no-fail-fast --retries 0	API arguments/overloads at listed source lines; run settings/seeds not applicable to source inspection; candidate gate settings per test; no new reference runtime	UNVERIFIED independent API replay; related local runner records R76/R43/R4/LR/LC do not establish every overload	#184/#178
A096	type	MVMCExpertModeParsers.CoulombIntraTerm	MVMCExpertModeParsers.jl/src/types/expert_types.jl:262	crates/mvmc-expert-parsers/src/types.rs::CoulombIntraTerm	Expert namelist is parsed by mvmc CLI; no per-section CLI; strict C completeness before runner/output	executable bounded production mapping; independent scenario replay unverified	C readdef layout/counts/flags authoritative; Julia parser warnings/permissive recovery are not C support	Sampling/proposed moves/acceptance must remain exact; numerical comparisons only for computed values; no implicit rejection rollback claim	E0 source/API mapping; candidate contract gate, not executed by this inventory	J=8bb1b9e8ae47b1512c00b321be05664ddcac0fd1; source SHA256 MVMCExpertModeParsers.jl/src/types/expert_types.jl=2ebb3c0dbc95f323b708f21fb5c3222a0dbd90640ed056f856f2838e356acf67; C=extern/mVMC-1.3.0; independent expectation provenance must be read from named fixtures; no regeneration/run in documentation audit	cargo nextest run --locked --cargo-profile test-fast -p mvmc-expert-parsers --no-fail-fast --retries 0	API arguments/overloads at listed source lines; run settings/seeds not applicable to source inspection; candidate gate settings per test; no new reference runtime	UNVERIFIED independent API replay; related local runner records R76/R43/R4/LR/LC do not establish every overload	#184/#178
A097	type	MVMCExpertModeParsers.CoulombInterTerm	MVMCExpertModeParsers.jl/src/types/expert_types.jl:272	crates/mvmc-expert-parsers/src/types.rs::CoulombInterTerm	Expert namelist is parsed by mvmc CLI; no per-section CLI; strict C completeness before runner/output	executable bounded production mapping; independent scenario replay unverified	C readdef layout/counts/flags authoritative; Julia parser warnings/permissive recovery are not C support	Sampling/proposed moves/acceptance must remain exact; numerical comparisons only for computed values; no implicit rejection rollback claim	E0 source/API mapping; candidate contract gate, not executed by this inventory	J=8bb1b9e8ae47b1512c00b321be05664ddcac0fd1; source SHA256 MVMCExpertModeParsers.jl/src/types/expert_types.jl=2ebb3c0dbc95f323b708f21fb5c3222a0dbd90640ed056f856f2838e356acf67; C=extern/mVMC-1.3.0; independent expectation provenance must be read from named fixtures; no regeneration/run in documentation audit	cargo nextest run --locked --cargo-profile test-fast -p mvmc-expert-parsers --no-fail-fast --retries 0	API arguments/overloads at listed source lines; run settings/seeds not applicable to source inspection; candidate gate settings per test; no new reference runtime	UNVERIFIED independent API replay; related local runner records R76/R43/R4/LR/LC do not establish every overload	#184/#178
A098	type	MVMCExpertModeParsers.HundTerm	MVMCExpertModeParsers.jl/src/types/expert_types.jl:283	crates/mvmc-expert-parsers/src/types.rs::HundTerm	Expert namelist is parsed by mvmc CLI; no per-section CLI; strict C completeness before runner/output	executable bounded production mapping; independent scenario replay unverified	C readdef layout/counts/flags authoritative; Julia parser warnings/permissive recovery are not C support	Sampling/proposed moves/acceptance must remain exact; numerical comparisons only for computed values; no implicit rejection rollback claim	E0 source/API mapping; candidate contract gate, not executed by this inventory	J=8bb1b9e8ae47b1512c00b321be05664ddcac0fd1; source SHA256 MVMCExpertModeParsers.jl/src/types/expert_types.jl=2ebb3c0dbc95f323b708f21fb5c3222a0dbd90640ed056f856f2838e356acf67; C=extern/mVMC-1.3.0; independent expectation provenance must be read from named fixtures; no regeneration/run in documentation audit	cargo nextest run --locked --cargo-profile test-fast -p mvmc-expert-parsers --no-fail-fast --retries 0	API arguments/overloads at listed source lines; run settings/seeds not applicable to source inspection; candidate gate settings per test; no new reference runtime	UNVERIFIED independent API replay; related local runner records R76/R43/R4/LR/LC do not establish every overload	#184/#178
A099	type	MVMCExpertModeParsers.ExchangeTerm	MVMCExpertModeParsers.jl/src/types/expert_types.jl:294	crates/mvmc-expert-parsers/src/types.rs::ExchangeTerm	Expert namelist is parsed by mvmc CLI; no per-section CLI; strict C completeness before runner/output	executable bounded production mapping; independent scenario replay unverified	C readdef layout/counts/flags authoritative; Julia parser warnings/permissive recovery are not C support	Sampling/proposed moves/acceptance must remain exact; numerical comparisons only for computed values; no implicit rejection rollback claim	E0 source/API mapping; candidate contract gate, not executed by this inventory	J=8bb1b9e8ae47b1512c00b321be05664ddcac0fd1; source SHA256 MVMCExpertModeParsers.jl/src/types/expert_types.jl=2ebb3c0dbc95f323b708f21fb5c3222a0dbd90640ed056f856f2838e356acf67; C=extern/mVMC-1.3.0; independent expectation provenance must be read from named fixtures; no regeneration/run in documentation audit	cargo nextest run --locked --cargo-profile test-fast -p mvmc-expert-parsers --no-fail-fast --retries 0	API arguments/overloads at listed source lines; run settings/seeds not applicable to source inspection; candidate gate settings per test; no new reference runtime	UNVERIFIED independent API replay; related local runner records R76/R43/R4/LR/LC do not establish every overload	#184/#178
A100	type	MVMCExpertModeParsers.PairHopTerm	MVMCExpertModeParsers.jl/src/types/expert_types.jl:305	crates/mvmc-expert-parsers/src/types.rs::PairHopTerm	Expert namelist is parsed by mvmc CLI; no per-section CLI; strict C completeness before runner/output	executable bounded production mapping; independent scenario replay unverified	C readdef layout/counts/flags authoritative; Julia parser warnings/permissive recovery are not C support	Sampling/proposed moves/acceptance must remain exact; numerical comparisons only for computed values; no implicit rejection rollback claim	E0 source/API mapping; candidate contract gate, not executed by this inventory	J=8bb1b9e8ae47b1512c00b321be05664ddcac0fd1; source SHA256 MVMCExpertModeParsers.jl/src/types/expert_types.jl=2ebb3c0dbc95f323b708f21fb5c3222a0dbd90640ed056f856f2838e356acf67; C=extern/mVMC-1.3.0; independent expectation provenance must be read from named fixtures; no regeneration/run in documentation audit	cargo nextest run --locked --cargo-profile test-fast -p mvmc-expert-parsers --no-fail-fast --retries 0	API arguments/overloads at listed source lines; run settings/seeds not applicable to source inspection; candidate gate settings per test; no new reference runtime	UNVERIFIED independent API replay; related local runner records R76/R43/R4/LR/LC do not establish every overload	#184/#178
A101	type	MVMCExpertModeParsers.GutzwillerTerm	MVMCExpertModeParsers.jl/src/types/expert_types.jl:316	crates/mvmc-expert-parsers/src/types.rs::GutzwillerTerm	Expert namelist is parsed by mvmc CLI; no per-section CLI; strict C completeness before runner/output	executable bounded production mapping; independent scenario replay unverified	C readdef layout/counts/flags authoritative; Julia parser warnings/permissive recovery are not C support; C full site mapping/declared width and signed flags differ from historical permissive Julia examples	Sampling/proposed moves/acceptance must remain exact; numerical comparisons only for computed values; no implicit rejection rollback claim	E0 source/API mapping; candidate contract gate, not executed by this inventory	J=8bb1b9e8ae47b1512c00b321be05664ddcac0fd1; source SHA256 MVMCExpertModeParsers.jl/src/types/expert_types.jl=2ebb3c0dbc95f323b708f21fb5c3222a0dbd90640ed056f856f2838e356acf67; C=extern/mVMC-1.3.0; independent expectation provenance must be read from named fixtures; no regeneration/run in documentation audit	cargo nextest run --locked --cargo-profile test-fast -p mvmc-expert-parsers --no-fail-fast --retries 0	API arguments/overloads at listed source lines; run settings/seeds not applicable to source inspection; candidate gate settings per test; no new reference runtime	UNVERIFIED independent API replay; related local runner records R76/R43/R4/LR/LC do not establish every overload	#184/#178
A102	type	MVMCExpertModeParsers.JastrowTerm	MVMCExpertModeParsers.jl/src/types/expert_types.jl:327	crates/mvmc-expert-parsers/src/types.rs::JastrowTerm	Expert namelist is parsed by mvmc CLI; no per-section CLI; strict C completeness before runner/output	executable bounded production mapping; independent scenario replay unverified	C readdef layout/counts/flags authoritative; Julia parser warnings/permissive recovery are not C support; C full site mapping/declared width and signed flags differ from historical permissive Julia examples	Sampling/proposed moves/acceptance must remain exact; numerical comparisons only for computed values; no implicit rejection rollback claim	E0 source/API mapping; candidate contract gate, not executed by this inventory	J=8bb1b9e8ae47b1512c00b321be05664ddcac0fd1; source SHA256 MVMCExpertModeParsers.jl/src/types/expert_types.jl=2ebb3c0dbc95f323b708f21fb5c3222a0dbd90640ed056f856f2838e356acf67; C=extern/mVMC-1.3.0; independent expectation provenance must be read from named fixtures; no regeneration/run in documentation audit	cargo nextest run --locked --cargo-profile test-fast -p mvmc-expert-parsers --no-fail-fast --retries 0	API arguments/overloads at listed source lines; run settings/seeds not applicable to source inspection; candidate gate settings per test; no new reference runtime	UNVERIFIED independent API replay; related local runner records R76/R43/R4/LR/LC do not establish every overload	#184/#178
A103	type+constructor-shortform	MVMCExpertModeParsers.OrbitalTerm	MVMCExpertModeParsers.jl/src/types/expert_types.jl:339; MVMCExpertModeParsers.jl/src/types/expert_types.jl:349; MVMCExpertModeParsers.jl/src/types/expert_types.jl:353; MVMCExpertModeParsers.jl/src/types/expert_types.jl:357	crates/mvmc-expert-parsers/src/types.rs::OrbitalTerm	Expert namelist is parsed by mvmc CLI; no per-section CLI; strict C completeness before runner/output	executable bounded production mapping; independent scenario replay unverified	C readdef layout/counts/flags authoritative; Julia parser warnings/permissive recovery are not C support; C full site mapping/declared width and signed flags differ from historical permissive Julia examples	Sampling/proposed moves/acceptance must remain exact; numerical comparisons only for computed values; no implicit rejection rollback claim	E0 source/API mapping; candidate contract gate, not executed by this inventory	J=8bb1b9e8ae47b1512c00b321be05664ddcac0fd1; source SHA256 MVMCExpertModeParsers.jl/src/types/expert_types.jl=2ebb3c0dbc95f323b708f21fb5c3222a0dbd90640ed056f856f2838e356acf67; C=extern/mVMC-1.3.0; independent expectation provenance must be read from named fixtures; no regeneration/run in documentation audit	cargo nextest run --locked --cargo-profile test-fast -p mvmc-expert-parsers --no-fail-fast --retries 0	API arguments/overloads at listed source lines; run settings/seeds not applicable to source inspection; candidate gate settings per test; no new reference runtime	UNVERIFIED independent API replay; related local runner records R76/R43/R4/LR/LC do not establish every overload	#184/#178
A104	type	MVMCExpertModeParsers.GreenOneTerm	MVMCExpertModeParsers.jl/src/types/expert_types.jl:365	crates/mvmc-expert-parsers/src/types.rs::GreenOneTerm	Expert namelist is parsed by mvmc CLI; no per-section CLI; strict C completeness before runner/output	executable bounded production mapping; independent scenario replay unverified	C readdef layout/counts/flags authoritative; Julia parser warnings/permissive recovery are not C support	Sampling/proposed moves/acceptance must remain exact; numerical comparisons only for computed values; no implicit rejection rollback claim	E0 source/API mapping; candidate contract gate, not executed by this inventory	J=8bb1b9e8ae47b1512c00b321be05664ddcac0fd1; source SHA256 MVMCExpertModeParsers.jl/src/types/expert_types.jl=2ebb3c0dbc95f323b708f21fb5c3222a0dbd90640ed056f856f2838e356acf67; C=extern/mVMC-1.3.0; independent expectation provenance must be read from named fixtures; no regeneration/run in documentation audit	cargo nextest run --locked --cargo-profile test-fast -p mvmc-expert-parsers --no-fail-fast --retries 0	API arguments/overloads at listed source lines; run settings/seeds not applicable to source inspection; candidate gate settings per test; no new reference runtime	UNVERIFIED independent API replay; related local runner records R76/R43/R4/LR/LC do not establish every overload	#184/#178
A105	type	MVMCExpertModeParsers.GreenTwoTerm	MVMCExpertModeParsers.jl/src/types/expert_types.jl:377	crates/mvmc-expert-parsers/src/types.rs::GreenTwoTerm	Expert namelist is parsed by mvmc CLI; no per-section CLI; strict C completeness before runner/output	executable bounded production mapping; independent scenario replay unverified	C readdef layout/counts/flags authoritative; Julia parser warnings/permissive recovery are not C support	Sampling/proposed moves/acceptance must remain exact; numerical comparisons only for computed values; no implicit rejection rollback claim	E0 source/API mapping; candidate contract gate, not executed by this inventory	J=8bb1b9e8ae47b1512c00b321be05664ddcac0fd1; source SHA256 MVMCExpertModeParsers.jl/src/types/expert_types.jl=2ebb3c0dbc95f323b708f21fb5c3222a0dbd90640ed056f856f2838e356acf67; C=extern/mVMC-1.3.0; independent expectation provenance must be read from named fixtures; no regeneration/run in documentation audit	cargo nextest run --locked --cargo-profile test-fast -p mvmc-expert-parsers --no-fail-fast --retries 0	API arguments/overloads at listed source lines; run settings/seeds not applicable to source inspection; candidate gate settings per test; no new reference runtime	UNVERIFIED independent API replay; related local runner records R76/R43/R4/LR/LC do not establish every overload	#184/#178
A106	type	MVMCExpertModeParsers.GreenTwoExTerm	MVMCExpertModeParsers.jl/src/types/expert_types.jl:403	crates/mvmc-expert-parsers/src/types.rs::GreenTwoExTerm	Expert namelist is parsed by mvmc CLI; no per-section CLI; strict C completeness before runner/output	executable bounded production mapping; independent scenario replay unverified	C readdef layout/counts/flags authoritative; Julia parser warnings/permissive recovery are not C support	Sampling/proposed moves/acceptance must remain exact; numerical comparisons only for computed values; no implicit rejection rollback claim	E0 source/API mapping; candidate contract gate, not executed by this inventory	J=8bb1b9e8ae47b1512c00b321be05664ddcac0fd1; source SHA256 MVMCExpertModeParsers.jl/src/types/expert_types.jl=2ebb3c0dbc95f323b708f21fb5c3222a0dbd90640ed056f856f2838e356acf67; C=extern/mVMC-1.3.0; independent expectation provenance must be read from named fixtures; no regeneration/run in documentation audit	cargo nextest run --locked --cargo-profile test-fast -p mvmc-expert-parsers --no-fail-fast --retries 0	API arguments/overloads at listed source lines; run settings/seeds not applicable to source inspection; candidate gate settings per test; no new reference runtime	UNVERIFIED independent API replay; related local runner records R76/R43/R4/LR/LC do not establish every overload	#184/#178
A107	type	MVMCExpertModeParsers.QPTransTerm	MVMCExpertModeParsers.jl/src/types/expert_types.jl:419	crates/mvmc-expert-parsers/src/types.rs::QPTransEntry	Expert namelist is parsed by mvmc CLI; no per-section CLI; strict C completeness before runner/output	executable bounded production mapping; independent scenario replay unverified	C readdef layout/counts/flags authoritative; Julia parser warnings/permissive recovery are not C support	Sampling/proposed moves/acceptance must remain exact; numerical comparisons only for computed values; no implicit rejection rollback claim	E0 source/API mapping; candidate contract gate, not executed by this inventory	J=8bb1b9e8ae47b1512c00b321be05664ddcac0fd1; source SHA256 MVMCExpertModeParsers.jl/src/types/expert_types.jl=2ebb3c0dbc95f323b708f21fb5c3222a0dbd90640ed056f856f2838e356acf67; C=extern/mVMC-1.3.0; independent expectation provenance must be read from named fixtures; no regeneration/run in documentation audit	cargo nextest run --locked --cargo-profile test-fast -p mvmc-expert-parsers --no-fail-fast --retries 0	API arguments/overloads at listed source lines; run settings/seeds not applicable to source inspection; candidate gate settings per test; no new reference runtime	UNVERIFIED independent API replay; related local runner records R76/R43/R4/LR/LC do not establish every overload	#184/#178
A108	type	MVMCExpertModeParsers.InterAllTerm	MVMCExpertModeParsers.jl/src/types/expert_types.jl:438	crates/mvmc-expert-parsers/src/types.rs::InterAllTerm	Expert namelist is parsed by mvmc CLI; no per-section CLI; strict C completeness before runner/output	excluded: separately owned InterAll; listed to avoid silent omission	C readdef layout/counts/flags authoritative; Julia parser warnings/permissive recovery are not C support	Sampling/proposed moves/acceptance must remain exact; numerical comparisons only for computed values; no implicit rejection rollback claim	E0 source/API mapping; candidate contract gate, not executed by this inventory	J=8bb1b9e8ae47b1512c00b321be05664ddcac0fd1; source SHA256 MVMCExpertModeParsers.jl/src/types/expert_types.jl=2ebb3c0dbc95f323b708f21fb5c3222a0dbd90640ed056f856f2838e356acf67; C=extern/mVMC-1.3.0; independent expectation provenance must be read from named fixtures; no regeneration/run in documentation audit	EXCLUDED InterAll; no command/evidence obligation under #184/#185	OUT_OF_SCOPE including InterAll Lanczos and validation	EXCLUDED separate ownership; listed for source inventory only, not a missing #185 acceptance cell	OUT_OF_SCOPE separate InterAll owner
A109	type	MVMCExpertModeParsers.LocSpinTerm	MVMCExpertModeParsers.jl/src/types/expert_types.jl:456	crates/mvmc-expert-parsers/src/types.rs::LocSpinTerm	Expert namelist is parsed by mvmc CLI; no per-section CLI; strict C completeness before runner/output	executable bounded production mapping; independent scenario replay unverified	C readdef layout/counts/flags authoritative; Julia parser warnings/permissive recovery are not C support	Sampling/proposed moves/acceptance must remain exact; numerical comparisons only for computed values; no implicit rejection rollback claim	E0 source/API mapping; candidate contract gate, not executed by this inventory	J=8bb1b9e8ae47b1512c00b321be05664ddcac0fd1; source SHA256 MVMCExpertModeParsers.jl/src/types/expert_types.jl=2ebb3c0dbc95f323b708f21fb5c3222a0dbd90640ed056f856f2838e356acf67; C=extern/mVMC-1.3.0; independent expectation provenance must be read from named fixtures; no regeneration/run in documentation audit	cargo nextest run --locked --cargo-profile test-fast -p mvmc-expert-parsers --no-fail-fast --retries 0	API arguments/overloads at listed source lines; run settings/seeds not applicable to source inspection; candidate gate settings per test; no new reference runtime	UNVERIFIED independent API replay; related local runner records R76/R43/R4/LR/LC do not establish every overload	#184/#178
A110	type	MVMCExpertModeParsers.RBMTerm	MVMCExpertModeParsers.jl/src/types/expert_types.jl:466	NO abstract Julia term superclass; nine concrete Rust RBM term structs + ExpertModeData::visit_rbm_terms	Expert namelist is parsed by mvmc CLI; no per-section CLI; strict C completeness before runner/output	executable bounded production mapping; independent scenario replay unverified	C readdef layout/counts/flags authoritative; Julia parser warnings/permissive recovery are not C support; C full site mapping/declared width and signed flags differ from historical permissive Julia examples	Sampling/proposed moves/acceptance must remain exact; numerical comparisons only for computed values; no implicit rejection rollback claim	E0 source/API mapping; candidate contract gate, not executed by this inventory	J=8bb1b9e8ae47b1512c00b321be05664ddcac0fd1; source SHA256 MVMCExpertModeParsers.jl/src/types/expert_types.jl=2ebb3c0dbc95f323b708f21fb5c3222a0dbd90640ed056f856f2838e356acf67; C=extern/mVMC-1.3.0; independent expectation provenance must be read from named fixtures; no regeneration/run in documentation audit	cargo nextest run --locked --cargo-profile test-fast -p mvmc-expert-parsers --no-fail-fast --retries 0	API arguments/overloads at listed source lines; run settings/seeds not applicable to source inspection; candidate gate settings per test; no new reference runtime	UNVERIFIED independent API replay; related local runner records R76/R43/R4/LR/LC do not establish every overload	#184/#178
A111	type+constructor-shortform	MVMCExpertModeParsers.ChargeRBMPhysLayerTerm	MVMCExpertModeParsers.jl/src/types/expert_types.jl:473; MVMCExpertModeParsers.jl/src/types/expert_types.jl:479	crates/mvmc-expert-parsers/src/types.rs::ChargeRBMPhysLayerTerm	Expert namelist is parsed by mvmc CLI; no per-section CLI; strict C completeness before runner/output	executable bounded production mapping; independent scenario replay unverified	C readdef layout/counts/flags authoritative; Julia parser warnings/permissive recovery are not C support; C full site mapping/declared width and signed flags differ from historical permissive Julia examples	Sampling/proposed moves/acceptance must remain exact; numerical comparisons only for computed values; no implicit rejection rollback claim	E0 source/API mapping; candidate contract gate, not executed by this inventory	J=8bb1b9e8ae47b1512c00b321be05664ddcac0fd1; source SHA256 MVMCExpertModeParsers.jl/src/types/expert_types.jl=2ebb3c0dbc95f323b708f21fb5c3222a0dbd90640ed056f856f2838e356acf67; C=extern/mVMC-1.3.0; independent expectation provenance must be read from named fixtures; no regeneration/run in documentation audit	cargo nextest run --locked --cargo-profile test-fast -p mvmc-expert-parsers --no-fail-fast --retries 0	API arguments/overloads at listed source lines; run settings/seeds not applicable to source inspection; candidate gate settings per test; no new reference runtime	UNVERIFIED independent API replay; related local runner records R76/R43/R4/LR/LC do not establish every overload	#184/#178
A112	type+constructor-shortform	MVMCExpertModeParsers.SpinRBMPhysLayerTerm	MVMCExpertModeParsers.jl/src/types/expert_types.jl:487; MVMCExpertModeParsers.jl/src/types/expert_types.jl:493	crates/mvmc-expert-parsers/src/types.rs::SpinRBMPhysLayerTerm	Expert namelist is parsed by mvmc CLI; no per-section CLI; strict C completeness before runner/output	executable bounded production mapping; independent scenario replay unverified	C readdef layout/counts/flags authoritative; Julia parser warnings/permissive recovery are not C support; C full site mapping/declared width and signed flags differ from historical permissive Julia examples	Sampling/proposed moves/acceptance must remain exact; numerical comparisons only for computed values; no implicit rejection rollback claim	E0 source/API mapping; candidate contract gate, not executed by this inventory	J=8bb1b9e8ae47b1512c00b321be05664ddcac0fd1; source SHA256 MVMCExpertModeParsers.jl/src/types/expert_types.jl=2ebb3c0dbc95f323b708f21fb5c3222a0dbd90640ed056f856f2838e356acf67; C=extern/mVMC-1.3.0; independent expectation provenance must be read from named fixtures; no regeneration/run in documentation audit	cargo nextest run --locked --cargo-profile test-fast -p mvmc-expert-parsers --no-fail-fast --retries 0	API arguments/overloads at listed source lines; run settings/seeds not applicable to source inspection; candidate gate settings per test; no new reference runtime	UNVERIFIED independent API replay; related local runner records R76/R43/R4/LR/LC do not establish every overload	#184/#178
A113	type+constructor-shortform	MVMCExpertModeParsers.GeneralRBMPhysLayerTerm	MVMCExpertModeParsers.jl/src/types/expert_types.jl:501; MVMCExpertModeParsers.jl/src/types/expert_types.jl:508	crates/mvmc-expert-parsers/src/types.rs::GeneralRBMPhysLayerTerm	Expert namelist is parsed by mvmc CLI; no per-section CLI; strict C completeness before runner/output	executable bounded production mapping; independent scenario replay unverified	C readdef layout/counts/flags authoritative; Julia parser warnings/permissive recovery are not C support; C full site mapping/declared width and signed flags differ from historical permissive Julia examples	Sampling/proposed moves/acceptance must remain exact; numerical comparisons only for computed values; no implicit rejection rollback claim	E0 source/API mapping; candidate contract gate, not executed by this inventory	J=8bb1b9e8ae47b1512c00b321be05664ddcac0fd1; source SHA256 MVMCExpertModeParsers.jl/src/types/expert_types.jl=2ebb3c0dbc95f323b708f21fb5c3222a0dbd90640ed056f856f2838e356acf67; C=extern/mVMC-1.3.0; independent expectation provenance must be read from named fixtures; no regeneration/run in documentation audit	cargo nextest run --locked --cargo-profile test-fast -p mvmc-expert-parsers --no-fail-fast --retries 0	API arguments/overloads at listed source lines; run settings/seeds not applicable to source inspection; candidate gate settings per test; no new reference runtime	UNVERIFIED independent API replay; related local runner records R76/R43/R4/LR/LC do not establish every overload	#184/#178
A114	type+constructor-shortform	MVMCExpertModeParsers.ChargeRBMHiddenLayerTerm	MVMCExpertModeParsers.jl/src/types/expert_types.jl:516; MVMCExpertModeParsers.jl/src/types/expert_types.jl:522	crates/mvmc-expert-parsers/src/types.rs::ChargeRBMHiddenLayerTerm	Expert namelist is parsed by mvmc CLI; no per-section CLI; strict C completeness before runner/output	executable bounded production mapping; independent scenario replay unverified	C readdef layout/counts/flags authoritative; Julia parser warnings/permissive recovery are not C support; C full site mapping/declared width and signed flags differ from historical permissive Julia examples	Sampling/proposed moves/acceptance must remain exact; numerical comparisons only for computed values; no implicit rejection rollback claim	E0 source/API mapping; candidate contract gate, not executed by this inventory	J=8bb1b9e8ae47b1512c00b321be05664ddcac0fd1; source SHA256 MVMCExpertModeParsers.jl/src/types/expert_types.jl=2ebb3c0dbc95f323b708f21fb5c3222a0dbd90640ed056f856f2838e356acf67; C=extern/mVMC-1.3.0; independent expectation provenance must be read from named fixtures; no regeneration/run in documentation audit	cargo nextest run --locked --cargo-profile test-fast -p mvmc-expert-parsers --no-fail-fast --retries 0	API arguments/overloads at listed source lines; run settings/seeds not applicable to source inspection; candidate gate settings per test; no new reference runtime	UNVERIFIED independent API replay; related local runner records R76/R43/R4/LR/LC do not establish every overload	#184/#178
A115	type+constructor-shortform	MVMCExpertModeParsers.SpinRBMHiddenLayerTerm	MVMCExpertModeParsers.jl/src/types/expert_types.jl:530; MVMCExpertModeParsers.jl/src/types/expert_types.jl:536	crates/mvmc-expert-parsers/src/types.rs::SpinRBMHiddenLayerTerm	Expert namelist is parsed by mvmc CLI; no per-section CLI; strict C completeness before runner/output	executable bounded production mapping; independent scenario replay unverified	C readdef layout/counts/flags authoritative; Julia parser warnings/permissive recovery are not C support; C full site mapping/declared width and signed flags differ from historical permissive Julia examples	Sampling/proposed moves/acceptance must remain exact; numerical comparisons only for computed values; no implicit rejection rollback claim	E0 source/API mapping; candidate contract gate, not executed by this inventory	J=8bb1b9e8ae47b1512c00b321be05664ddcac0fd1; source SHA256 MVMCExpertModeParsers.jl/src/types/expert_types.jl=2ebb3c0dbc95f323b708f21fb5c3222a0dbd90640ed056f856f2838e356acf67; C=extern/mVMC-1.3.0; independent expectation provenance must be read from named fixtures; no regeneration/run in documentation audit	cargo nextest run --locked --cargo-profile test-fast -p mvmc-expert-parsers --no-fail-fast --retries 0	API arguments/overloads at listed source lines; run settings/seeds not applicable to source inspection; candidate gate settings per test; no new reference runtime	UNVERIFIED independent API replay; related local runner records R76/R43/R4/LR/LC do not establish every overload	#184/#178
A116	type+constructor-shortform	MVMCExpertModeParsers.GeneralRBMHiddenLayerTerm	MVMCExpertModeParsers.jl/src/types/expert_types.jl:544; MVMCExpertModeParsers.jl/src/types/expert_types.jl:550	crates/mvmc-expert-parsers/src/types.rs::GeneralRBMHiddenLayerTerm	Expert namelist is parsed by mvmc CLI; no per-section CLI; strict C completeness before runner/output	executable bounded production mapping; independent scenario replay unverified	C readdef layout/counts/flags authoritative; Julia parser warnings/permissive recovery are not C support; C full site mapping/declared width and signed flags differ from historical permissive Julia examples	Sampling/proposed moves/acceptance must remain exact; numerical comparisons only for computed values; no implicit rejection rollback claim	E0 source/API mapping; candidate contract gate, not executed by this inventory	J=8bb1b9e8ae47b1512c00b321be05664ddcac0fd1; source SHA256 MVMCExpertModeParsers.jl/src/types/expert_types.jl=2ebb3c0dbc95f323b708f21fb5c3222a0dbd90640ed056f856f2838e356acf67; C=extern/mVMC-1.3.0; independent expectation provenance must be read from named fixtures; no regeneration/run in documentation audit	cargo nextest run --locked --cargo-profile test-fast -p mvmc-expert-parsers --no-fail-fast --retries 0	API arguments/overloads at listed source lines; run settings/seeds not applicable to source inspection; candidate gate settings per test; no new reference runtime	UNVERIFIED independent API replay; related local runner records R76/R43/R4/LR/LC do not establish every overload	#184/#178
A117	type+constructor-shortform	MVMCExpertModeParsers.ChargeRBMPhysHiddenTerm	MVMCExpertModeParsers.jl/src/types/expert_types.jl:558; MVMCExpertModeParsers.jl/src/types/expert_types.jl:565	crates/mvmc-expert-parsers/src/types.rs::ChargeRBMPhysHiddenTerm	Expert namelist is parsed by mvmc CLI; no per-section CLI; strict C completeness before runner/output	executable bounded production mapping; independent scenario replay unverified	C readdef layout/counts/flags authoritative; Julia parser warnings/permissive recovery are not C support; C full site mapping/declared width and signed flags differ from historical permissive Julia examples	Sampling/proposed moves/acceptance must remain exact; numerical comparisons only for computed values; no implicit rejection rollback claim	E0 source/API mapping; candidate contract gate, not executed by this inventory	J=8bb1b9e8ae47b1512c00b321be05664ddcac0fd1; source SHA256 MVMCExpertModeParsers.jl/src/types/expert_types.jl=2ebb3c0dbc95f323b708f21fb5c3222a0dbd90640ed056f856f2838e356acf67; C=extern/mVMC-1.3.0; independent expectation provenance must be read from named fixtures; no regeneration/run in documentation audit	cargo nextest run --locked --cargo-profile test-fast -p mvmc-expert-parsers --no-fail-fast --retries 0	API arguments/overloads at listed source lines; run settings/seeds not applicable to source inspection; candidate gate settings per test; no new reference runtime	UNVERIFIED independent API replay; related local runner records R76/R43/R4/LR/LC do not establish every overload	#184/#178
A118	type+constructor-shortform	MVMCExpertModeParsers.SpinRBMPhysHiddenTerm	MVMCExpertModeParsers.jl/src/types/expert_types.jl:573; MVMCExpertModeParsers.jl/src/types/expert_types.jl:580	crates/mvmc-expert-parsers/src/types.rs::SpinRBMPhysHiddenTerm	Expert namelist is parsed by mvmc CLI; no per-section CLI; strict C completeness before runner/output	executable bounded production mapping; independent scenario replay unverified	C readdef layout/counts/flags authoritative; Julia parser warnings/permissive recovery are not C support; C full site mapping/declared width and signed flags differ from historical permissive Julia examples	Sampling/proposed moves/acceptance must remain exact; numerical comparisons only for computed values; no implicit rejection rollback claim	E0 source/API mapping; candidate contract gate, not executed by this inventory	J=8bb1b9e8ae47b1512c00b321be05664ddcac0fd1; source SHA256 MVMCExpertModeParsers.jl/src/types/expert_types.jl=2ebb3c0dbc95f323b708f21fb5c3222a0dbd90640ed056f856f2838e356acf67; C=extern/mVMC-1.3.0; independent expectation provenance must be read from named fixtures; no regeneration/run in documentation audit	cargo nextest run --locked --cargo-profile test-fast -p mvmc-expert-parsers --no-fail-fast --retries 0	API arguments/overloads at listed source lines; run settings/seeds not applicable to source inspection; candidate gate settings per test; no new reference runtime	UNVERIFIED independent API replay; related local runner records R76/R43/R4/LR/LC do not establish every overload	#184/#178
A119	type+constructor-shortform	MVMCExpertModeParsers.GeneralRBMPhysHiddenTerm	MVMCExpertModeParsers.jl/src/types/expert_types.jl:588; MVMCExpertModeParsers.jl/src/types/expert_types.jl:596	crates/mvmc-expert-parsers/src/types.rs::GeneralRBMPhysHiddenTerm	Expert namelist is parsed by mvmc CLI; no per-section CLI; strict C completeness before runner/output	executable bounded production mapping; independent scenario replay unverified	C readdef layout/counts/flags authoritative; Julia parser warnings/permissive recovery are not C support; C full site mapping/declared width and signed flags differ from historical permissive Julia examples	Sampling/proposed moves/acceptance must remain exact; numerical comparisons only for computed values; no implicit rejection rollback claim	E0 source/API mapping; candidate contract gate, not executed by this inventory	J=8bb1b9e8ae47b1512c00b321be05664ddcac0fd1; source SHA256 MVMCExpertModeParsers.jl/src/types/expert_types.jl=2ebb3c0dbc95f323b708f21fb5c3222a0dbd90640ed056f856f2838e356acf67; C=extern/mVMC-1.3.0; independent expectation provenance must be read from named fixtures; no regeneration/run in documentation audit	cargo nextest run --locked --cargo-profile test-fast -p mvmc-expert-parsers --no-fail-fast --retries 0	API arguments/overloads at listed source lines; run settings/seeds not applicable to source inspection; candidate gate settings per test; no new reference runtime	UNVERIFIED independent API replay; related local runner records R76/R43/R4/LR/LC do not establish every overload	#184/#178
A120	type	MVMCExpertModeParsers.DoublonHolon2SiteTerm	MVMCExpertModeParsers.jl/src/types/expert_types.jl:605	NO deprecated value-term shim; DoublonHolon2SiteDefinition/DoublonHolon4SiteDefinition store C indices	Expert namelist is parsed by mvmc CLI; no per-section CLI; strict C completeness before runner/output	excluded deprecated Julia value-term shim; C index-table production replacement	C readdef layout/counts/flags authoritative; Julia parser warnings/permissive recovery are not C support	Sampling/proposed moves/acceptance must remain exact; numerical comparisons only for computed values; no implicit rejection rollback claim	E0 source/API mapping; candidate contract gate, not executed by this inventory	J=8bb1b9e8ae47b1512c00b321be05664ddcac0fd1; source SHA256 MVMCExpertModeParsers.jl/src/types/expert_types.jl=2ebb3c0dbc95f323b708f21fb5c3222a0dbd90640ed056f856f2838e356acf67; C=extern/mVMC-1.3.0; independent expectation provenance must be read from named fixtures; no regeneration/run in documentation audit	cargo nextest run --locked --cargo-profile test-fast -p mvmc-expert-parsers --no-fail-fast --retries 0	API arguments/overloads at listed source lines; run settings/seeds not applicable to source inspection; candidate gate settings per test; no new reference runtime	UNVERIFIED independent API replay; related local runner records R76/R43/R4/LR/LC do not establish every overload	#184/#178
A121	type	MVMCExpertModeParsers.DoublonHolon4SiteTerm	MVMCExpertModeParsers.jl/src/types/expert_types.jl:618	NO deprecated value-term shim; DoublonHolon2SiteDefinition/DoublonHolon4SiteDefinition store C indices	Expert namelist is parsed by mvmc CLI; no per-section CLI; strict C completeness before runner/output	excluded deprecated Julia value-term shim; C index-table production replacement	C readdef layout/counts/flags authoritative; Julia parser warnings/permissive recovery are not C support	Sampling/proposed moves/acceptance must remain exact; numerical comparisons only for computed values; no implicit rejection rollback claim	E0 source/API mapping; candidate contract gate, not executed by this inventory	J=8bb1b9e8ae47b1512c00b321be05664ddcac0fd1; source SHA256 MVMCExpertModeParsers.jl/src/types/expert_types.jl=2ebb3c0dbc95f323b708f21fb5c3222a0dbd90640ed056f856f2838e356acf67; C=extern/mVMC-1.3.0; independent expectation provenance must be read from named fixtures; no regeneration/run in documentation audit	cargo nextest run --locked --cargo-profile test-fast -p mvmc-expert-parsers --no-fail-fast --retries 0	API arguments/overloads at listed source lines; run settings/seeds not applicable to source inspection; candidate gate settings per test; no new reference runtime	UNVERIFIED independent API replay; related local runner records R76/R43/R4/LR/LC do not establish every overload	#184/#178
A122	type+function	MVMCExpertModeParsers.DoublonHolon2SiteIndex	MVMCExpertModeParsers.jl/src/types/expert_types.jl:634; MVMCExpertModeParsers.jl/src/types/expert_types.jl:637	crates/mvmc-expert-parsers/src/types.rs::DoublonHolon2SiteIndex	Expert namelist is parsed by mvmc CLI; no per-section CLI; strict C completeness before runner/output	executable bounded production mapping; independent scenario replay unverified	C readdef layout/counts/flags authoritative; Julia parser warnings/permissive recovery are not C support	Exact RNG/config/count/status/indices/flags and untouched copy tails; computed normalization/inverse values follow #190; no claimed full trajectory from snapshots	E0 source/API mapping; candidate contract gate, not executed by this inventory	J=8bb1b9e8ae47b1512c00b321be05664ddcac0fd1; source SHA256 MVMCExpertModeParsers.jl/src/types/expert_types.jl=2ebb3c0dbc95f323b708f21fb5c3222a0dbd90640ed056f856f2838e356acf67; C=extern/mVMC-1.3.0; independent expectation provenance must be read from named fixtures; no regeneration/run in documentation audit	cargo nextest run --locked --cargo-profile test-fast -p mvmc-expert-parsers --no-fail-fast --retries 0	API arguments/overloads at listed source lines; run settings/seeds not applicable to source inspection; candidate gate settings per test; no new reference runtime	UNVERIFIED independent API replay; related local runner records R76/R43/R4/LR/LC do not establish every overload	#184/#178
A123	type+function	MVMCExpertModeParsers.DoublonHolon4SiteIndex	MVMCExpertModeParsers.jl/src/types/expert_types.jl:651; MVMCExpertModeParsers.jl/src/types/expert_types.jl:654	crates/mvmc-expert-parsers/src/types.rs::DoublonHolon4SiteIndex	Expert namelist is parsed by mvmc CLI; no per-section CLI; strict C completeness before runner/output	executable bounded production mapping; independent scenario replay unverified	C readdef layout/counts/flags authoritative; Julia parser warnings/permissive recovery are not C support	Exact RNG/config/count/status/indices/flags and untouched copy tails; computed normalization/inverse values follow #190; no claimed full trajectory from snapshots	E0 source/API mapping; candidate contract gate, not executed by this inventory	J=8bb1b9e8ae47b1512c00b321be05664ddcac0fd1; source SHA256 MVMCExpertModeParsers.jl/src/types/expert_types.jl=2ebb3c0dbc95f323b708f21fb5c3222a0dbd90640ed056f856f2838e356acf67; C=extern/mVMC-1.3.0; independent expectation provenance must be read from named fixtures; no regeneration/run in documentation audit	cargo nextest run --locked --cargo-profile test-fast -p mvmc-expert-parsers --no-fail-fast --retries 0	API arguments/overloads at listed source lines; run settings/seeds not applicable to source inspection; candidate gate settings per test; no new reference runtime	UNVERIFIED independent API replay; related local runner records R76/R43/R4/LR/LC do not establish every overload	#184/#178
A124	type	MVMCExpertModeParsers.DoublonHolon2SiteDefinition	MVMCExpertModeParsers.jl/src/types/expert_types.jl:668	crates/mvmc-expert-parsers/src/types.rs::DoublonHolon2SiteDefinition	Expert namelist is parsed by mvmc CLI; no per-section CLI; strict C completeness before runner/output	executable bounded production mapping; independent scenario replay unverified	C readdef layout/counts/flags authoritative; Julia parser warnings/permissive recovery are not C support	Sampling/proposed moves/acceptance must remain exact; numerical comparisons only for computed values; no implicit rejection rollback claim	E0 source/API mapping; candidate contract gate, not executed by this inventory	J=8bb1b9e8ae47b1512c00b321be05664ddcac0fd1; source SHA256 MVMCExpertModeParsers.jl/src/types/expert_types.jl=2ebb3c0dbc95f323b708f21fb5c3222a0dbd90640ed056f856f2838e356acf67; C=extern/mVMC-1.3.0; independent expectation provenance must be read from named fixtures; no regeneration/run in documentation audit	cargo nextest run --locked --cargo-profile test-fast -p mvmc-expert-parsers --no-fail-fast --retries 0	API arguments/overloads at listed source lines; run settings/seeds not applicable to source inspection; candidate gate settings per test; no new reference runtime	UNVERIFIED independent API replay; related local runner records R76/R43/R4/LR/LC do not establish every overload	#184/#178
A125	type	MVMCExpertModeParsers.DoublonHolon4SiteDefinition	MVMCExpertModeParsers.jl/src/types/expert_types.jl:674	crates/mvmc-expert-parsers/src/types.rs::DoublonHolon4SiteDefinition	Expert namelist is parsed by mvmc CLI; no per-section CLI; strict C completeness before runner/output	executable bounded production mapping; independent scenario replay unverified	C readdef layout/counts/flags authoritative; Julia parser warnings/permissive recovery are not C support	Sampling/proposed moves/acceptance must remain exact; numerical comparisons only for computed values; no implicit rejection rollback claim	E0 source/API mapping; candidate contract gate, not executed by this inventory	J=8bb1b9e8ae47b1512c00b321be05664ddcac0fd1; source SHA256 MVMCExpertModeParsers.jl/src/types/expert_types.jl=2ebb3c0dbc95f323b708f21fb5c3222a0dbd90640ed056f856f2838e356acf67; C=extern/mVMC-1.3.0; independent expectation provenance must be read from named fixtures; no regeneration/run in documentation audit	cargo nextest run --locked --cargo-profile test-fast -p mvmc-expert-parsers --no-fail-fast --retries 0	API arguments/overloads at listed source lines; run settings/seeds not applicable to source inspection; candidate gate settings per test; no new reference runtime	UNVERIFIED independent API replay; related local runner records R76/R43/R4/LR/LC do not establish every overload	#184/#178
A126	type	MVMCExpertModeParsers.ProjectionLayout	MVMCExpertModeParsers.jl/src/types/expert_types.jl:687	crates/mvmc-expert-parsers/src/types.rs::ProjectionLayout	Expert namelist is parsed by mvmc CLI; no per-section CLI; strict C completeness before runner/output	executable bounded production mapping; independent scenario replay unverified	C readdef layout/counts/flags authoritative; Julia parser warnings/permissive recovery are not C support	Exact RNG/config/count/status/indices/flags and untouched copy tails; computed normalization/inverse values follow #190; no claimed full trajectory from snapshots	E0 source/API mapping; candidate contract gate, not executed by this inventory	J=8bb1b9e8ae47b1512c00b321be05664ddcac0fd1; source SHA256 MVMCExpertModeParsers.jl/src/types/expert_types.jl=2ebb3c0dbc95f323b708f21fb5c3222a0dbd90640ed056f856f2838e356acf67; C=extern/mVMC-1.3.0; independent expectation provenance must be read from named fixtures; no regeneration/run in documentation audit	cargo nextest run --locked --cargo-profile test-fast -p mvmc-expert-parsers --no-fail-fast --retries 0	API arguments/overloads at listed source lines; run settings/seeds not applicable to source inspection; candidate gate settings per test; no new reference runtime	UNVERIFIED independent API replay; related local runner records R76/R43/R4/LR/LC do not establish every overload	#184/#178
A127	type+function	MVMCExpertModeParsers.ExpertModeData	MVMCExpertModeParsers.jl/src/types/expert_types.jl:706; MVMCExpertModeParsers.jl/src/types/expert_types.jl:795	crates/mvmc-expert-parsers/src/types.rs::ExpertModeData	Expert namelist is parsed by mvmc CLI; no per-section CLI; strict C completeness before runner/output	executable bounded production mapping; independent scenario replay unverified	C readdef layout/counts/flags authoritative; Julia parser warnings/permissive recovery are not C support	Sampling/proposed moves/acceptance must remain exact; numerical comparisons only for computed values; no implicit rejection rollback claim	E0 source/API mapping; candidate contract gate, not executed by this inventory	J=8bb1b9e8ae47b1512c00b321be05664ddcac0fd1; source SHA256 MVMCExpertModeParsers.jl/src/types/expert_types.jl=2ebb3c0dbc95f323b708f21fb5c3222a0dbd90640ed056f856f2838e356acf67; C=extern/mVMC-1.3.0; independent expectation provenance must be read from named fixtures; no regeneration/run in documentation audit	cargo nextest run --locked --cargo-profile test-fast -p mvmc-expert-parsers --no-fail-fast --retries 0	API arguments/overloads at listed source lines; run settings/seeds not applicable to source inspection; candidate gate settings per test; no new reference runtime	UNVERIFIED independent API replay; related local runner records R76/R43/R4/LR/LC do not establish every overload	#184/#178
A128	function	MVMCExpertModeParsers.projection_layout	MVMCExpertModeParsers.jl/src/types/expert_types.jl:869	crates/mvmc-expert-parsers/src/types.rs::projection_layout	Expert namelist is parsed by mvmc CLI; no per-section CLI; strict C completeness before runner/output	executable bounded production mapping; independent scenario replay unverified	C readdef layout/counts/flags authoritative; Julia parser warnings/permissive recovery are not C support	Exact RNG/config/count/status/indices/flags and untouched copy tails; computed normalization/inverse values follow #190; no claimed full trajectory from snapshots	E0 source/API mapping; candidate contract gate, not executed by this inventory	J=8bb1b9e8ae47b1512c00b321be05664ddcac0fd1; source SHA256 MVMCExpertModeParsers.jl/src/types/expert_types.jl=2ebb3c0dbc95f323b708f21fb5c3222a0dbd90640ed056f856f2838e356acf67; C=extern/mVMC-1.3.0; independent expectation provenance must be read from named fixtures; no regeneration/run in documentation audit	cargo nextest run --locked --cargo-profile test-fast -p mvmc-expert-parsers --no-fail-fast --retries 0	API arguments/overloads at listed source lines; run settings/seeds not applicable to source inspection; candidate gate settings per test; no new reference runtime	UNVERIFIED independent API replay; related local runner records R76/R43/R4/LR/LC do not establish every overload	#184/#178
A129	function	MVMCExpertModeParsers.projection_parameters	MVMCExpertModeParsers.jl/src/types/expert_types.jl:906	crates/mvmc-expert-parsers/src/types.rs::projection_parameters	Expert namelist is parsed by mvmc CLI; no per-section CLI; strict C completeness before runner/output	executable bounded production mapping; independent scenario replay unverified	C readdef layout/counts/flags authoritative; Julia parser warnings/permissive recovery are not C support	Sampling/proposed moves/acceptance must remain exact; numerical comparisons only for computed values; no implicit rejection rollback claim	E0 source/API mapping; candidate contract gate, not executed by this inventory	J=8bb1b9e8ae47b1512c00b321be05664ddcac0fd1; source SHA256 MVMCExpertModeParsers.jl/src/types/expert_types.jl=2ebb3c0dbc95f323b708f21fb5c3222a0dbd90640ed056f856f2838e356acf67; C=extern/mVMC-1.3.0; independent expectation provenance must be read from named fixtures; no regeneration/run in documentation audit	cargo nextest run --locked --cargo-profile test-fast -p mvmc-expert-parsers --no-fail-fast --retries 0	API arguments/overloads at listed source lines; run settings/seeds not applicable to source inspection; candidate gate settings per test; no new reference runtime	UNVERIFIED independent API replay; related local runner records R76/R43/R4/LR/LC do not establish every overload	#184/#178
A130	function	MVMCExpertModeParsers.read_def_file	MVMCExpertModeParsers.jl/src/utils/file_utils.jl:12	crates/mvmc-expert-parsers/src/utils/file.rs::read_def_file	Expert namelist is parsed by mvmc CLI; no per-section CLI; strict C completeness before runner/output	executable bounded production mapping; independent scenario replay unverified	C readdef layout/counts/flags authoritative; Julia parser warnings/permissive recovery are not C support	Sampling/proposed moves/acceptance must remain exact; numerical comparisons only for computed values; no implicit rejection rollback claim	E0 source/API mapping; candidate contract gate, not executed by this inventory	J=8bb1b9e8ae47b1512c00b321be05664ddcac0fd1; source SHA256 MVMCExpertModeParsers.jl/src/utils/file_utils.jl=24af4e83e6e16176b3a978ff631a48fa1f2fd575b85697c635df21bad0ed6d5f; C=extern/mVMC-1.3.0; independent expectation provenance must be read from named fixtures; no regeneration/run in documentation audit	cargo nextest run --locked --cargo-profile test-fast -p mvmc-expert-parsers --no-fail-fast --retries 0	API arguments/overloads at listed source lines; run settings/seeds not applicable to source inspection; candidate gate settings per test; no new reference runtime	UNVERIFIED independent API replay; related local runner records R76/R43/R4/LR/LC do not establish every overload	#184/#178
A131	function	MVMCExpertModeParsers.get_file_info	MVMCExpertModeParsers.jl/src/utils/file_utils.jl:30	crates/mvmc-expert-parsers/src/utils/file.rs::read_def_file	Expert namelist is parsed by mvmc CLI; no per-section CLI; strict C completeness before runner/output	executable bounded production mapping; independent scenario replay unverified	C readdef layout/counts/flags authoritative; Julia parser warnings/permissive recovery are not C support	Sampling/proposed moves/acceptance must remain exact; numerical comparisons only for computed values; no implicit rejection rollback claim	E0 source/API mapping; candidate contract gate, not executed by this inventory	J=8bb1b9e8ae47b1512c00b321be05664ddcac0fd1; source SHA256 MVMCExpertModeParsers.jl/src/utils/file_utils.jl=24af4e83e6e16176b3a978ff631a48fa1f2fd575b85697c635df21bad0ed6d5f; C=extern/mVMC-1.3.0; independent expectation provenance must be read from named fixtures; no regeneration/run in documentation audit	cargo nextest run --locked --cargo-profile test-fast -p mvmc-expert-parsers --no-fail-fast --retries 0	API arguments/overloads at listed source lines; run settings/seeds not applicable to source inspection; candidate gate settings per test; no new reference runtime	UNVERIFIED independent API replay; related local runner records R76/R43/R4/LR/LC do not establish every overload	#184/#178
A132	function	MVMCExpertModeParsers.validate_file_exists	MVMCExpertModeParsers.jl/src/utils/file_utils.jl:43	crates/mvmc-expert-parsers/src/utils/file.rs::read_def_file	Expert namelist is parsed by mvmc CLI; no per-section CLI; strict C completeness before runner/output	executable bounded production mapping; independent scenario replay unverified	C readdef layout/counts/flags authoritative; Julia parser warnings/permissive recovery are not C support	Sampling/proposed moves/acceptance must remain exact; numerical comparisons only for computed values; no implicit rejection rollback claim	E0 source/API mapping; candidate contract gate, not executed by this inventory	J=8bb1b9e8ae47b1512c00b321be05664ddcac0fd1; source SHA256 MVMCExpertModeParsers.jl/src/utils/file_utils.jl=24af4e83e6e16176b3a978ff631a48fa1f2fd575b85697c635df21bad0ed6d5f; C=extern/mVMC-1.3.0; independent expectation provenance must be read from named fixtures; no regeneration/run in documentation audit	cargo nextest run --locked --cargo-profile test-fast -p mvmc-expert-parsers --no-fail-fast --retries 0	API arguments/overloads at listed source lines; run settings/seeds not applicable to source inspection; candidate gate settings per test; no new reference runtime	UNVERIFIED independent API replay; related local runner records R76/R43/R4/LR/LC do not establish every overload	#184/#178
A133	function	MVMCExpertModeParsers.clean_line	MVMCExpertModeParsers.jl/src/utils/file_utils.jl:52	crates/mvmc-expert-parsers/src/utils/file.rs::clean_line	Expert namelist is parsed by mvmc CLI; no per-section CLI; strict C completeness before runner/output	executable bounded production mapping; independent scenario replay unverified	C readdef layout/counts/flags authoritative; Julia parser warnings/permissive recovery are not C support	Sampling/proposed moves/acceptance must remain exact; numerical comparisons only for computed values; no implicit rejection rollback claim	E0 source/API mapping; candidate contract gate, not executed by this inventory	J=8bb1b9e8ae47b1512c00b321be05664ddcac0fd1; source SHA256 MVMCExpertModeParsers.jl/src/utils/file_utils.jl=24af4e83e6e16176b3a978ff631a48fa1f2fd575b85697c635df21bad0ed6d5f; C=extern/mVMC-1.3.0; independent expectation provenance must be read from named fixtures; no regeneration/run in documentation audit	cargo nextest run --locked --cargo-profile test-fast -p mvmc-expert-parsers --no-fail-fast --retries 0	API arguments/overloads at listed source lines; run settings/seeds not applicable to source inspection; candidate gate settings per test; no new reference runtime	UNVERIFIED independent API replay; related local runner records R76/R43/R4/LR/LC do not establish every overload	#184/#178
A134	function	MVMCExpertModeParsers.split_def_line	MVMCExpertModeParsers.jl/src/utils/file_utils.jl:78	crates/mvmc-expert-parsers/src/utils/file.rs::split_def_line	Expert namelist is parsed by mvmc CLI; no per-section CLI; strict C completeness before runner/output	executable bounded production mapping; independent scenario replay unverified	C readdef layout/counts/flags authoritative; Julia parser warnings/permissive recovery are not C support	Sampling/proposed moves/acceptance must remain exact; numerical comparisons only for computed values; no implicit rejection rollback claim	E0 source/API mapping; candidate contract gate, not executed by this inventory	J=8bb1b9e8ae47b1512c00b321be05664ddcac0fd1; source SHA256 MVMCExpertModeParsers.jl/src/utils/file_utils.jl=24af4e83e6e16176b3a978ff631a48fa1f2fd575b85697c635df21bad0ed6d5f; C=extern/mVMC-1.3.0; independent expectation provenance must be read from named fixtures; no regeneration/run in documentation audit	cargo nextest run --locked --cargo-profile test-fast -p mvmc-expert-parsers --no-fail-fast --retries 0	API arguments/overloads at listed source lines; run settings/seeds not applicable to source inspection; candidate gate settings per test; no new reference runtime	UNVERIFIED independent API replay; related local runner records R76/R43/R4/LR/LC do not establish every overload	#184/#178
A135	function	MVMCExpertModeParsers.parse_complex_value	MVMCExpertModeParsers.jl/src/utils/file_utils.jl:98	crates/mvmc-expert-parsers/src/utils/file.rs::safe_parse_complex	Expert namelist is parsed by mvmc CLI; no per-section CLI; strict C completeness before runner/output	executable bounded production mapping; independent scenario replay unverified	C readdef layout/counts/flags authoritative; Julia parser warnings/permissive recovery are not C support	Sampling/proposed moves/acceptance must remain exact; numerical comparisons only for computed values; no implicit rejection rollback claim	E0 source/API mapping; candidate contract gate, not executed by this inventory	J=8bb1b9e8ae47b1512c00b321be05664ddcac0fd1; source SHA256 MVMCExpertModeParsers.jl/src/utils/file_utils.jl=24af4e83e6e16176b3a978ff631a48fa1f2fd575b85697c635df21bad0ed6d5f; C=extern/mVMC-1.3.0; independent expectation provenance must be read from named fixtures; no regeneration/run in documentation audit	cargo nextest run --locked --cargo-profile test-fast -p mvmc-expert-parsers --no-fail-fast --retries 0	API arguments/overloads at listed source lines; run settings/seeds not applicable to source inspection; candidate gate settings per test; no new reference runtime	UNVERIFIED independent API replay; related local runner records R76/R43/R4/LR/LC do not establish every overload	#184/#178
A136	function	MVMCExpertModeParsers.safe_parse_int	MVMCExpertModeParsers.jl/src/utils/file_utils.jl:124	crates/mvmc-expert-parsers/src/utils/file.rs::safe_parse_int	Expert namelist is parsed by mvmc CLI; no per-section CLI; strict C completeness before runner/output	executable bounded production mapping; independent scenario replay unverified	C readdef layout/counts/flags authoritative; Julia parser warnings/permissive recovery are not C support	Sampling/proposed moves/acceptance must remain exact; numerical comparisons only for computed values; no implicit rejection rollback claim	E0 source/API mapping; candidate contract gate, not executed by this inventory	J=8bb1b9e8ae47b1512c00b321be05664ddcac0fd1; source SHA256 MVMCExpertModeParsers.jl/src/utils/file_utils.jl=24af4e83e6e16176b3a978ff631a48fa1f2fd575b85697c635df21bad0ed6d5f; C=extern/mVMC-1.3.0; independent expectation provenance must be read from named fixtures; no regeneration/run in documentation audit	cargo nextest run --locked --cargo-profile test-fast -p mvmc-expert-parsers --no-fail-fast --retries 0	API arguments/overloads at listed source lines; run settings/seeds not applicable to source inspection; candidate gate settings per test; no new reference runtime	UNVERIFIED independent API replay; related local runner records R76/R43/R4/LR/LC do not establish every overload	#184/#178
A137	function	MVMCExpertModeParsers.parse_namelist_content	MVMCExpertModeParsers.jl/src/utils/file_utils.jl:138	crates/mvmc-expert-parsers/src/utils/file.rs::parse_namelist_content	Expert namelist is parsed by mvmc CLI; no per-section CLI; strict C completeness before runner/output	executable bounded production mapping; independent scenario replay unverified	C readdef layout/counts/flags authoritative; Julia parser warnings/permissive recovery are not C support	Sampling/proposed moves/acceptance must remain exact; numerical comparisons only for computed values; no implicit rejection rollback claim	E0 source/API mapping; candidate contract gate, not executed by this inventory	J=8bb1b9e8ae47b1512c00b321be05664ddcac0fd1; source SHA256 MVMCExpertModeParsers.jl/src/utils/file_utils.jl=24af4e83e6e16176b3a978ff631a48fa1f2fd575b85697c635df21bad0ed6d5f; C=extern/mVMC-1.3.0; independent expectation provenance must be read from named fixtures; no regeneration/run in documentation audit	cargo nextest run --locked --cargo-profile test-fast -p mvmc-expert-parsers --no-fail-fast --retries 0	API arguments/overloads at listed source lines; run settings/seeds not applicable to source inspection; candidate gate settings per test; no new reference runtime	UNVERIFIED independent API replay; related local runner records R76/R43/R4/LR/LC do not establish every overload	#184/#178
A138	function	MVMCExpertModeParsers.safe_parse_float	MVMCExpertModeParsers.jl/src/utils/file_utils.jl:165	crates/mvmc-expert-parsers/src/utils/file.rs::safe_parse_float	Expert namelist is parsed by mvmc CLI; no per-section CLI; strict C completeness before runner/output	executable bounded production mapping; independent scenario replay unverified	C readdef layout/counts/flags authoritative; Julia parser warnings/permissive recovery are not C support	Sampling/proposed moves/acceptance must remain exact; numerical comparisons only for computed values; no implicit rejection rollback claim	E0 source/API mapping; candidate contract gate, not executed by this inventory	J=8bb1b9e8ae47b1512c00b321be05664ddcac0fd1; source SHA256 MVMCExpertModeParsers.jl/src/utils/file_utils.jl=24af4e83e6e16176b3a978ff631a48fa1f2fd575b85697c635df21bad0ed6d5f; C=extern/mVMC-1.3.0; independent expectation provenance must be read from named fixtures; no regeneration/run in documentation audit	cargo nextest run --locked --cargo-profile test-fast -p mvmc-expert-parsers --no-fail-fast --retries 0	API arguments/overloads at listed source lines; run settings/seeds not applicable to source inspection; candidate gate settings per test; no new reference runtime	UNVERIFIED independent API replay; related local runner records R76/R43/R4/LR/LC do not establish every overload	#184/#178
A139	function	MVMCExpertModeParsers.safe_parse_complex	MVMCExpertModeParsers.jl/src/utils/file_utils.jl:178	crates/mvmc-expert-parsers/src/utils/file.rs::safe_parse_complex	Expert namelist is parsed by mvmc CLI; no per-section CLI; strict C completeness before runner/output	executable bounded production mapping; independent scenario replay unverified	C readdef layout/counts/flags authoritative; Julia parser warnings/permissive recovery are not C support	Sampling/proposed moves/acceptance must remain exact; numerical comparisons only for computed values; no implicit rejection rollback claim	E0 source/API mapping; candidate contract gate, not executed by this inventory	J=8bb1b9e8ae47b1512c00b321be05664ddcac0fd1; source SHA256 MVMCExpertModeParsers.jl/src/utils/file_utils.jl=24af4e83e6e16176b3a978ff631a48fa1f2fd575b85697c635df21bad0ed6d5f; C=extern/mVMC-1.3.0; independent expectation provenance must be read from named fixtures; no regeneration/run in documentation audit	cargo nextest run --locked --cargo-profile test-fast -p mvmc-expert-parsers --no-fail-fast --retries 0	API arguments/overloads at listed source lines; run settings/seeds not applicable to source inspection; candidate gate settings per test; no new reference runtime	UNVERIFIED independent API replay; related local runner records R76/R43/R4/LR/LC do not establish every overload	#184/#178
A140	function	MVMCExpertModeParsers.is_slater_optimized	MVMCExpertModeParsers.jl/src/utils/opt_flag_utils.jl:24	crates/mvmc-expert-parsers/src/utils/opt_flag.rs::is_slater_optimized	Expert namelist is parsed by mvmc CLI; no per-section CLI; strict C completeness before runner/output	executable bounded production mapping; independent scenario replay unverified	C readdef layout/counts/flags authoritative; Julia parser warnings/permissive recovery are not C support	Sampling/proposed moves/acceptance must remain exact; numerical comparisons only for computed values; no implicit rejection rollback claim	E0 source/API mapping; candidate contract gate, not executed by this inventory	J=8bb1b9e8ae47b1512c00b321be05664ddcac0fd1; source SHA256 MVMCExpertModeParsers.jl/src/utils/opt_flag_utils.jl=855ff9ea6dd6df39b31c0a6d5f8a92b1cdb8203092d68391e0a2672b24ebd31e; C=extern/mVMC-1.3.0; independent expectation provenance must be read from named fixtures; no regeneration/run in documentation audit	cargo nextest run --locked --cargo-profile test-fast -p mvmc-expert-parsers --no-fail-fast --retries 0	API arguments/overloads at listed source lines; run settings/seeds not applicable to source inspection; candidate gate settings per test; no new reference runtime	UNVERIFIED independent API replay; related local runner records R76/R43/R4/LR/LC do not establish every overload	#184/#178
A141	function	MVMCExpertModeParsers.is_gutzwiller_optimized	MVMCExpertModeParsers.jl/src/utils/opt_flag_utils.jl:62	crates/mvmc-expert-parsers/src/utils/opt_flag.rs::is_gutzwiller_optimized	Expert namelist is parsed by mvmc CLI; no per-section CLI; strict C completeness before runner/output	executable bounded production mapping; independent scenario replay unverified	C readdef layout/counts/flags authoritative; Julia parser warnings/permissive recovery are not C support; C full site mapping/declared width and signed flags differ from historical permissive Julia examples	Sampling/proposed moves/acceptance must remain exact; numerical comparisons only for computed values; no implicit rejection rollback claim	E0 source/API mapping; candidate contract gate, not executed by this inventory	J=8bb1b9e8ae47b1512c00b321be05664ddcac0fd1; source SHA256 MVMCExpertModeParsers.jl/src/utils/opt_flag_utils.jl=855ff9ea6dd6df39b31c0a6d5f8a92b1cdb8203092d68391e0a2672b24ebd31e; C=extern/mVMC-1.3.0; independent expectation provenance must be read from named fixtures; no regeneration/run in documentation audit	cargo nextest run --locked --cargo-profile test-fast -p mvmc-expert-parsers --no-fail-fast --retries 0	API arguments/overloads at listed source lines; run settings/seeds not applicable to source inspection; candidate gate settings per test; no new reference runtime	UNVERIFIED independent API replay; related local runner records R76/R43/R4/LR/LC do not establish every overload	#184/#178
A142	function	MVMCExpertModeParsers.is_jastrow_optimized	MVMCExpertModeParsers.jl/src/utils/opt_flag_utils.jl:81	crates/mvmc-expert-parsers/src/utils/opt_flag.rs::is_jastrow_optimized	Expert namelist is parsed by mvmc CLI; no per-section CLI; strict C completeness before runner/output	executable bounded production mapping; independent scenario replay unverified	C readdef layout/counts/flags authoritative; Julia parser warnings/permissive recovery are not C support; C full site mapping/declared width and signed flags differ from historical permissive Julia examples	Sampling/proposed moves/acceptance must remain exact; numerical comparisons only for computed values; no implicit rejection rollback claim	E0 source/API mapping; candidate contract gate, not executed by this inventory	J=8bb1b9e8ae47b1512c00b321be05664ddcac0fd1; source SHA256 MVMCExpertModeParsers.jl/src/utils/opt_flag_utils.jl=855ff9ea6dd6df39b31c0a6d5f8a92b1cdb8203092d68391e0a2672b24ebd31e; C=extern/mVMC-1.3.0; independent expectation provenance must be read from named fixtures; no regeneration/run in documentation audit	cargo nextest run --locked --cargo-profile test-fast -p mvmc-expert-parsers --no-fail-fast --retries 0	API arguments/overloads at listed source lines; run settings/seeds not applicable to source inspection; candidate gate settings per test; no new reference runtime	UNVERIFIED independent API replay; related local runner records R76/R43/R4/LR/LC do not establish every overload	#184/#178
A143	function	MVMCExpertModeParsers.get_slater_opt_flag_index	MVMCExpertModeParsers.jl/src/utils/opt_flag_utils.jl:100	crates/mvmc-expert-parsers/src/utils/opt_flag.rs::get_slater_opt_flag_index	Expert namelist is parsed by mvmc CLI; no per-section CLI; strict C completeness before runner/output	executable bounded production mapping; independent scenario replay unverified	C readdef layout/counts/flags authoritative; Julia parser warnings/permissive recovery are not C support	Exact RNG/config/count/status/indices/flags and untouched copy tails; computed normalization/inverse values follow #190; no claimed full trajectory from snapshots	E0 source/API mapping; candidate contract gate, not executed by this inventory	J=8bb1b9e8ae47b1512c00b321be05664ddcac0fd1; source SHA256 MVMCExpertModeParsers.jl/src/utils/opt_flag_utils.jl=855ff9ea6dd6df39b31c0a6d5f8a92b1cdb8203092d68391e0a2672b24ebd31e; C=extern/mVMC-1.3.0; independent expectation provenance must be read from named fixtures; no regeneration/run in documentation audit	cargo nextest run --locked --cargo-profile test-fast -p mvmc-expert-parsers --no-fail-fast --retries 0	API arguments/overloads at listed source lines; run settings/seeds not applicable to source inspection; candidate gate settings per test; no new reference runtime	UNVERIFIED independent API replay; related local runner records R76/R43/R4/LR/LC do not establish every overload	#184/#178
A144	function	MVMCExpertModeParsers.set_dh_opt_flags!	MVMCExpertModeParsers.jl/src/utils/opt_flag_utils.jl:127	crates/mvmc-expert-parsers/src/utils/opt_flag.rs::set_dh_opt_flags	Expert namelist is parsed by mvmc CLI; no per-section CLI; strict C completeness before runner/output	executable bounded production mapping; independent scenario replay unverified	C readdef layout/counts/flags authoritative; Julia parser warnings/permissive recovery are not C support	Exact RNG/config/count/status/indices/flags and untouched copy tails; computed normalization/inverse values follow #190; no claimed full trajectory from snapshots	E0 source/API mapping; candidate contract gate, not executed by this inventory	J=8bb1b9e8ae47b1512c00b321be05664ddcac0fd1; source SHA256 MVMCExpertModeParsers.jl/src/utils/opt_flag_utils.jl=855ff9ea6dd6df39b31c0a6d5f8a92b1cdb8203092d68391e0a2672b24ebd31e; C=extern/mVMC-1.3.0; independent expectation provenance must be read from named fixtures; no regeneration/run in documentation audit	cargo nextest run --locked --cargo-profile test-fast -p mvmc-expert-parsers --no-fail-fast --retries 0	API arguments/overloads at listed source lines; run settings/seeds not applicable to source inspection; candidate gate settings per test; no new reference runtime	UNVERIFIED independent API replay; related local runner records R76/R43/R4/LR/LC do not establish every overload	#184/#178
A145	function	MVMCExpertModeParsers.print_optimization_status	MVMCExpertModeParsers.jl/src/utils/opt_flag_utils.jl:161	crates/mvmc-expert-parsers/src/utils/opt_flag.rs::is_slater_optimized; crates/mvmc-expert-parsers/src/utils/opt_flag.rs::is_gutzwiller_optimized; crates/mvmc-expert-parsers/src/utils/opt_flag.rs::is_jastrow_optimized	Expert namelist is parsed by mvmc CLI; no per-section CLI; strict C completeness before runner/output	executable bounded production mapping; independent scenario replay unverified	C readdef layout/counts/flags authoritative; Julia parser warnings/permissive recovery are not C support	Sampling/proposed moves/acceptance must remain exact; numerical comparisons only for computed values; no implicit rejection rollback claim	E0 source/API mapping; candidate contract gate, not executed by this inventory	J=8bb1b9e8ae47b1512c00b321be05664ddcac0fd1; source SHA256 MVMCExpertModeParsers.jl/src/utils/opt_flag_utils.jl=855ff9ea6dd6df39b31c0a6d5f8a92b1cdb8203092d68391e0a2672b24ebd31e; C=extern/mVMC-1.3.0; independent expectation provenance must be read from named fixtures; no regeneration/run in documentation audit	cargo nextest run --locked --cargo-profile test-fast -p mvmc-expert-parsers --no-fail-fast --retries 0	API arguments/overloads at listed source lines; run settings/seeds not applicable to source inspection; candidate gate settings per test; no new reference runtime	UNVERIFIED independent API replay; related local runner records R76/R43/R4/LR/LC do not establish every overload	#184/#178
A146	function	MVMCExpertModeParsers.build_orbital_sgn_matrix!	MVMCExpertModeParsers.jl/src/utils/orbital_qptrans_utils.jl:17	ExpertModeData::build_orbital_matrices (types.rs1262–1315); parse_expert_mode_files	Public parser/helper leaf scope; normal/pureGeneral periodic/AP and QP literal/default mappings; not runner/OptTransMPI policy	Bounded supported C-complete inputs; sparseJulia constructors adapted; Rust returned matrices/entries vsJulia mutating parallel arrays intentional; not wholehelperbranch equivalence	Cdeclared complete normalNsite²/generaltriangle; periodic signs+1 orantisym,APpreserves; AP+Parallelcombined branch notprovedbythisbatch	Exact integer shape/cells/signs/maps; noRNG/sampling/kernel/numericbudget claim; missingfixture availability branches SOURCEONLY	E1 bounded leaf assertions + explicit architecture/source-only limits; issue-184-orbital50-review.tsv exactID→testline	J8bb1b9e8ae47b1512c00b321be05664ddcac0fd1 helperSHA10dfb9bd80014ae877d5ed70e2729501afe86ec6d33d53d6d94dbb08b6afab92/testSHAfe430c50c3efd22b3007e93cad377a427fcbedf5bc3b47d446a2ae017e65bd01; RusttestSHA10835405ff3d19cc397e151ab8b4f6d6d0f998ce1fc8d3cea473be22b76cf977; original16samplefixturescmp0	cargo nextest run -p mvmc-expert-parsers --test issue184_orbital_qptrans_semantics --locked --no-fail-fast --retries 0; exactcase all five named cases in issue184_orbital_qptrans_semantics	Fivecases settings per orbital50artifact; seed/RNG none; helperbranches beyond original assertedconditions unverified	Parent0b0ce725-4cc0-417e-9045-9ef493365796 terminal0 5PASS0skip .010s sourcesSHAverified/fixturescmp0; historical7f29d38b5PASS separate. 46leaf assertions,4availabilitySOURCEONLY;6inverseintentionalAPI outside50. NOTwholeAPI/kernel/runner PASS	#184 Chandra mapping; Pauli parser implementation; parent independent source/run
A147	function	MVMCExpertModeParsers.build_qp_trans_mappings!	MVMCExpertModeParsers.jl/src/utils/orbital_qptrans_utils.jl:191	parse_expert_mode_files -> qp_trans_entries(site_map/site_sign/weight),qp_opt_trans/qp_opt_trans_sgn	Public parser/helper leaf scope; normal/pureGeneral periodic/AP and QP literal/default mappings; not runner/OptTransMPI policy	Bounded supported C-complete inputs; sparseJulia constructors adapted; Rust returned matrices/entries vsJulia mutating parallel arrays intentional; not wholehelperbranch equivalence	Complete literal TransSym mappings; APoff+1/APonfile signs; defaultOptidentity; inversearray RustAPI intentionally absent	Exact integer shape/cells/signs/maps; noRNG/sampling/kernel/numericbudget claim; missingfixture availability branches SOURCEONLY	E1 bounded leaf assertions + explicit architecture/source-only limits; issue-184-orbital50-review.tsv exactID→testline	J8bb1b9e8ae47b1512c00b321be05664ddcac0fd1 helperSHA10dfb9bd80014ae877d5ed70e2729501afe86ec6d33d53d6d94dbb08b6afab92/testSHAfe430c50c3efd22b3007e93cad377a427fcbedf5bc3b47d446a2ae017e65bd01; RusttestSHA10835405ff3d19cc397e151ab8b4f6d6d0f998ce1fc8d3cea473be22b76cf977; original16samplefixturescmp0	cargo nextest run -p mvmc-expert-parsers --test issue184_orbital_qptrans_semantics --locked --no-fail-fast --retries 0; exactcase all five named cases in issue184_orbital_qptrans_semantics	Fivecases settings per orbital50artifact; seed/RNG none; helperbranches beyond original assertedconditions unverified	Parent0b0ce725-4cc0-417e-9045-9ef493365796 terminal0 5PASS0skip .010s sourcesSHAverified/fixturescmp0; historical7f29d38b5PASS separate. 46leaf assertions,4availabilitySOURCEONLY;6inverseintentionalAPI outside50. NOTwholeAPI/kernel/runner PASS	#184 Chandra mapping; Pauli parser implementation; parent independent source/run
A148	function	MVMCExpertModeParsers.init_parameter!	MVMCExpertModeParsers.jl/src/utils/parameter_init.jl:32	crates/mvmc-expert-parsers/src/utils/parameter_init.rs::init_parameter; crates/mvmc-expert-parsers/tests/issue184_initialization_contract.rs::literal_five_slots_respect_real_and_complex_conditional_draws (42-77); literal_basic_and_ten_slot_workflow_zero_both_projections (128-174)	Five declared Slater slots, real/complex family flags and active3/5; real five-slot Gutz/Jastrow zeroing. Dense coefficient storage replaces Julia mutable OrbitalTerm.value.	Bounded helper assertions executed; remaining API/scenario conditions explicitly unverified	C numerical authority retained: declared dense Slater coefficients, real/complex active-slot draws, zero projection initialization and Slater amplitude4 normalization; this synthetic helper test is not native C executable verification	Exact inactive zeros, consumed words/raw state/index and next624 against separately seeded primitive probe where RNG used; explicit operation-rounding bounds4/8*EPSILON for expected coefficients; no sampling/proposals/acceptance claim	E1 bounded named helper tests, not whole API/scenario equivalence	J=8bb1b9e8ae47b1512c00b321be05664ddcac0fd1; Jtest SHA256=c2c46086c95a392e4b33ae1d5fd36fc270c605dafce2b3e88a1b19325dc427a6; Jhelper SHA256=a9650915b37d67dad3a6d78b0575ff9a43649fbe71a3812342523ccb5184c990; Rusttest SHA256=b41205e33ad2f2ed667b4f43cd7d12bb1e6be5875efc59519428d94ffa91bcf5; committed projection-workflow addition a412e963; independent full source/condition review; no reference-runtime regeneration	cargo nextest run -p mvmc-expert-parsers --test issue184_initialization_contract --cargo-profile test-fast --locked --no-fail-fast --retries 0	seed123456789; NSlater5; active3/5; one/two real2 draws per active real/complex slot; Gutz=.5,Jastrow=.1 in real projection case	Parent independent focused suite4d06b21d:5PASS, clippy0; named subset above is among those5, not five tests for every row. Current test SHA checked against reviewed source. Remaining gap: RBM initialization, DH/OptTrans, missing flags, default unseeded Julia RNG, duplicate/unmapped coefficients and all public model inputs remain outside this proof; ModPara-only complex override is a Julia extension, not C/Rust parity	#184 Chandra ledger; Ramanujan initialization implementation; parent reviewed focused execution
A149	function	MVMCExpertModeParsers.sync_modified_parameter!	MVMCExpertModeParsers.jl/src/utils/parameter_init.jl:264	crates/mvmc-expert-parsers/src/utils/parameter_init.rs::sync_modified_parameter; crates/mvmc-expert-parsers/tests/issue184_initialization_contract.rs::literal_normalization_scales_both_large_and_small_blocks (80-93)	Parser-level Slater-only sync, shift_correlations=false; not mvmc-core distributed sync or projection gauge shifting.	Bounded helper assertions executed; remaining API/scenario conditions explicitly unverified	C numerical authority retained: declared dense Slater coefficients, real/complex active-slot draws, zero projection initialization and Slater amplitude4 normalization; this synthetic helper test is not native C executable verification	Exact inactive zeros, consumed words/raw state/index and next624 against separately seeded primitive probe where RNG used; explicit operation-rounding bounds4/8*EPSILON for expected coefficients; no sampling/proposals/acceptance claim	E1 bounded named helper tests, not whole API/scenario equivalence	J=8bb1b9e8ae47b1512c00b321be05664ddcac0fd1; Jtest SHA256=c2c46086c95a392e4b33ae1d5fd36fc270c605dafce2b3e88a1b19325dc427a6; Jhelper SHA256=a9650915b37d67dad3a6d78b0575ff9a43649fbe71a3812342523ccb5184c990; Rusttest SHA256=b41205e33ad2f2ed667b4f43cd7d12bb1e6be5875efc59519428d94ffa91bcf5; committed projection-workflow addition a412e963; independent full source/condition review; no reference-runtime regeneration	cargo nextest run -p mvmc-expert-parsers --test issue184_initialization_contract --cargo-profile test-fast --locked --no-fail-fast --retries 0	literal real Slater [10,5,8]->[4,2,3.2] and [2,3]->[8/3,4]; no RNG argument	Parent independent focused suite4d06b21d:5PASS, clippy0; named subset above is among those5, not five tests for every row. Current test SHA checked against reviewed source. Remaining gap: Complex normalization, distributed reductions, DH/Gutz/Jastrow shifts and all API branches remain unverified by this case	#184 Chandra ledger; Ramanujan initialization implementation; parent reviewed focused execution
A150	function	MVMCExpertModeParsers.initialize_parameters!	MVMCExpertModeParsers.jl/src/utils/parameter_init.jl:323	crates/mvmc-expert-parsers/src/utils/parameter_init.rs::initialize_parameters; crates/mvmc-expert-parsers/tests/issue184_initialization_contract.rs::literal_basic_and_ten_slot_workflow_zero_both_projections (128-174); literal_seed_pair_initializes_then_normalizes_without_extra_draws (96-114); empty_initialization_and_normalization_consume_zero_words (117-125)	Seeded borrowed RNG init+Slater normalization, dense declared coefficients and two zeroed projections; empty helper accepted.	Bounded helper assertions executed; remaining API/scenario conditions explicitly unverified	C numerical authority retained: declared dense Slater coefficients, real/complex active-slot draws, zero projection initialization and Slater amplitude4 normalization; this synthetic helper test is not native C executable verification	Exact inactive zeros, consumed words/raw state/index and next624 against separately seeded primitive probe where RNG used; explicit operation-rounding bounds4/8*EPSILON for expected coefficients; no sampling/proposals/acceptance claim	E1 bounded named helper tests, not whole API/scenario equivalence	J=8bb1b9e8ae47b1512c00b321be05664ddcac0fd1; Jtest SHA256=c2c46086c95a392e4b33ae1d5fd36fc270c605dafce2b3e88a1b19325dc427a6; Jhelper SHA256=a9650915b37d67dad3a6d78b0575ff9a43649fbe71a3812342523ccb5184c990; Rusttest SHA256=b41205e33ad2f2ed667b4f43cd7d12bb1e6be5875efc59519428d94ffa91bcf5; committed projection-workflow addition a412e963; independent full source/condition review; no reference-runtime regeneration	cargo nextest run -p mvmc-expert-parsers --test issue184_initialization_contract --cargo-profile test-fast --locked --no-fail-fast --retries 0	seed123456789, NSlater10, Gutz=.5,Jastrow=.1; separate NSlater5 seeds123456789/987654321; empty0draws	Parent independent focused suite4d06b21d:5PASS, clippy0; named subset above is among those5, not five tests for every row. Current test SHA checked against reviewed source. Remaining gap: RBM, duplicate/unmapped coefficients, default unseeded Julia RNG, optional input overrides and full public runner lifecycle remain outside this helper proof	#184 Chandra ledger; Ramanujan initialization implementation; parent reviewed focused execution
A151	function	MVMCExpertModeParsers.gauss_legendre	MVMCExpertModeParsers.jl/src/utils/qp_weight.jl:31	crates/mvmc-expert-parsers/src/utils/qp_weight.rs::gauss_legendre	Via both runners; --opt-trans opt-in C default; grouped OptTrans multi-sector rejected	executable bounded production mapping; independent scenario replay unverified	C quadrature/sign/momentum and OptTrans activation; numerical #190, discrete sectors exact	Sampling/proposed moves/acceptance must remain exact; numerical comparisons only for computed values; no implicit rejection rollback claim	E0 source/API mapping; candidate contract gate, not executed by this inventory	J=8bb1b9e8ae47b1512c00b321be05664ddcac0fd1; source SHA256 MVMCExpertModeParsers.jl/src/utils/qp_weight.jl=43a2144cc8ec26e1e3f2a1be2447ba7dc76c8cd60882760a5fbec0de53d6ad52; C=extern/mVMC-1.3.0; independent expectation provenance must be read from named fixtures; no regeneration/run in documentation audit	cargo nextest run --locked --cargo-profile test-fast -p mvmc-core --test opttrans --no-fail-fast --retries 0	API arguments/overloads at listed source lines; run settings/seeds not applicable to source inspection; candidate gate settings per test; no new reference runtime	UNVERIFIED independent API replay; related local runner records R76/R43/R4/LR/LC do not establish every overload	#178/#180/#181
A152	function	MVMCExpertModeParsers.legendre_poly	MVMCExpertModeParsers.jl/src/utils/qp_weight.jl:99	crates/mvmc-expert-parsers/src/utils/qp_weight.rs::legendre_poly	Via both runners; --opt-trans opt-in C default; grouped OptTrans multi-sector rejected	executable bounded production mapping; independent scenario replay unverified	C quadrature/sign/momentum and OptTrans activation; numerical #190, discrete sectors exact	Sampling/proposed moves/acceptance must remain exact; numerical comparisons only for computed values; no implicit rejection rollback claim	E0 source/API mapping; candidate contract gate, not executed by this inventory	J=8bb1b9e8ae47b1512c00b321be05664ddcac0fd1; source SHA256 MVMCExpertModeParsers.jl/src/utils/qp_weight.jl=43a2144cc8ec26e1e3f2a1be2447ba7dc76c8cd60882760a5fbec0de53d6ad52; C=extern/mVMC-1.3.0; independent expectation provenance must be read from named fixtures; no regeneration/run in documentation audit	cargo nextest run --locked --cargo-profile test-fast -p mvmc-core --test opttrans --no-fail-fast --retries 0	API arguments/overloads at listed source lines; run settings/seeds not applicable to source inspection; candidate gate settings per test; no new reference runtime	UNVERIFIED independent API replay; related local runner records R76/R43/R4/LR/LC do not establish every overload	#178/#180/#181
A153	type+function	MVMCExpertModeParsers.QuantumProjectionWeights	MVMCExpertModeParsers.jl/src/utils/qp_weight.jl:125; MVMCExpertModeParsers.jl/src/utils/qp_weight.jl:139	crates/mvmc-expert-parsers/src/types.rs::QuantumProjectionWeights	Via both runners; --opt-trans opt-in C default; grouped OptTrans multi-sector rejected	executable bounded production mapping; independent scenario replay unverified	C quadrature/sign/momentum and OptTrans activation; numerical #190, discrete sectors exact	Sampling/proposed moves/acceptance must remain exact; numerical comparisons only for computed values; no implicit rejection rollback claim	E0 source/API mapping; candidate contract gate, not executed by this inventory	J=8bb1b9e8ae47b1512c00b321be05664ddcac0fd1; source SHA256 MVMCExpertModeParsers.jl/src/utils/qp_weight.jl=43a2144cc8ec26e1e3f2a1be2447ba7dc76c8cd60882760a5fbec0de53d6ad52; C=extern/mVMC-1.3.0; independent expectation provenance must be read from named fixtures; no regeneration/run in documentation audit	cargo nextest run --locked --cargo-profile test-fast -p mvmc-core --test opttrans --no-fail-fast --retries 0	API arguments/overloads at listed source lines; run settings/seeds not applicable to source inspection; candidate gate settings per test; no new reference runtime	UNVERIFIED independent API replay; related local runner records R76/R43/R4/LR/LC do not establish every overload	#178/#180/#181
A154	function	MVMCExpertModeParsers.parse_input_parameter_file	MVMCExpertModeParsers.jl/src/utils/read_input_parameters.jl:20	crates/mvmc-expert-parsers/src/utils/read_input_parameters.rs::parse_input_parameter_file	Runner initialization/SR; initial.def auto|none|path; --physcal fixed record plus explicit In overlays	executable bounded production mapping; independent scenario replay unverified	C declared parameter slots + post-SR gauge shifts; PhysCal disables correlation shifts; Julia inferred layouts/normalization may differ	Sampling/proposed moves/acceptance must remain exact; numerical comparisons only for computed values; no implicit rejection rollback claim	E0 source/API mapping; candidate contract gate, not executed by this inventory	J=8bb1b9e8ae47b1512c00b321be05664ddcac0fd1; source SHA256 MVMCExpertModeParsers.jl/src/utils/read_input_parameters.jl=c1855200634cc9418f8bef2f0f20424aafd275377f08dd9fffdd08faf86cd015; C=extern/mVMC-1.3.0; independent expectation provenance must be read from named fixtures; no regeneration/run in documentation audit	cargo nextest run --locked --cargo-profile test-fast -p mvmc-core --test initial_params --no-fail-fast --retries 0	API arguments/overloads at listed source lines; run settings/seeds not applicable to source inspection; candidate gate settings per test; no new reference runtime	UNVERIFIED independent API replay; related local runner records R76/R43/R4/LR/LC do not establish every overload	#180/#181/#184
A155	function	MVMCExpertModeParsers.parse_indexed_input_parameter_file_strict	MVMCExpertModeParsers.jl/src/utils/read_input_parameters.jl:86	crates/mvmc-expert-parsers/src/utils/read_input_parameters.rs::parse_indexed_input_parameter_file_strict	Runner initialization/SR; initial.def auto|none|path; --physcal fixed record plus explicit In overlays	executable bounded production mapping; independent scenario replay unverified	C declared parameter slots + post-SR gauge shifts; PhysCal disables correlation shifts; Julia inferred layouts/normalization may differ	Exact RNG/config/count/status/indices/flags and untouched copy tails; computed normalization/inverse values follow #190; no claimed full trajectory from snapshots	E0 source/API mapping; candidate contract gate, not executed by this inventory	J=8bb1b9e8ae47b1512c00b321be05664ddcac0fd1; source SHA256 MVMCExpertModeParsers.jl/src/utils/read_input_parameters.jl=c1855200634cc9418f8bef2f0f20424aafd275377f08dd9fffdd08faf86cd015; C=extern/mVMC-1.3.0; independent expectation provenance must be read from named fixtures; no regeneration/run in documentation audit	cargo nextest run --locked --cargo-profile test-fast -p mvmc-core --test initial_params --no-fail-fast --retries 0	API arguments/overloads at listed source lines; run settings/seeds not applicable to source inspection; candidate gate settings per test; no new reference runtime	UNVERIFIED independent API replay; related local runner records R76/R43/R4/LR/LC do not establish every overload	#180/#181/#184
A156	function	MVMCExpertModeParsers.count_rbm_parameters	MVMCExpertModeParsers.jl/src/utils/read_input_parameters.jl:139	crates/mvmc-expert-parsers/src/types.rs::count_rbm_parameters	Runner initialization/SR; initial.def auto|none|path; --physcal fixed record plus explicit In overlays	executable bounded production mapping; independent scenario replay unverified	C declared parameter slots + post-SR gauge shifts; PhysCal disables correlation shifts; Julia inferred layouts/normalization may differ	Exact RNG/config/count/status/indices/flags and untouched copy tails; computed normalization/inverse values follow #190; no claimed full trajectory from snapshots	E0 source/API mapping; candidate contract gate, not executed by this inventory	J=8bb1b9e8ae47b1512c00b321be05664ddcac0fd1; source SHA256 MVMCExpertModeParsers.jl/src/utils/read_input_parameters.jl=c1855200634cc9418f8bef2f0f20424aafd275377f08dd9fffdd08faf86cd015; C=extern/mVMC-1.3.0; independent expectation provenance must be read from named fixtures; no regeneration/run in documentation audit	cargo nextest run --locked --cargo-profile test-fast -p mvmc-core --test initial_params --no-fail-fast --retries 0	API arguments/overloads at listed source lines; run settings/seeds not applicable to source inspection; candidate gate settings per test; no new reference runtime	UNVERIFIED independent API replay; related local runner records R76/R43/R4/LR/LC do not establish every overload	#180/#181/#184
A157	function	MVMCExpertModeParsers.count_orbital_parameters	MVMCExpertModeParsers.jl/src/utils/read_input_parameters.jl:151	crates/mvmc-expert-parsers/src/utils/parameter_init.rs::n_slater	Runner initialization/SR; initial.def auto|none|path; --physcal fixed record plus explicit In overlays	executable bounded production mapping; independent scenario replay unverified	C declared parameter slots + post-SR gauge shifts; PhysCal disables correlation shifts; Julia inferred layouts/normalization may differ	Exact RNG/config/count/status/indices/flags and untouched copy tails; computed normalization/inverse values follow #190; no claimed full trajectory from snapshots	E0 source/API mapping; candidate contract gate, not executed by this inventory	J=8bb1b9e8ae47b1512c00b321be05664ddcac0fd1; source SHA256 MVMCExpertModeParsers.jl/src/utils/read_input_parameters.jl=c1855200634cc9418f8bef2f0f20424aafd275377f08dd9fffdd08faf86cd015; C=extern/mVMC-1.3.0; independent expectation provenance must be read from named fixtures; no regeneration/run in documentation audit	cargo nextest run --locked --cargo-profile test-fast -p mvmc-core --test initial_params --no-fail-fast --retries 0	API arguments/overloads at listed source lines; run settings/seeds not applicable to source inspection; candidate gate settings per test; no new reference runtime	UNVERIFIED independent API replay; related local runner records R76/R43/R4/LR/LC do not establish every overload	#180/#181/#184
A158	function	MVMCExpertModeParsers.count_variational_parameters	MVMCExpertModeParsers.jl/src/utils/read_input_parameters.jl:163	crates/mvmc-expert-parsers/src/types.rs::count_variational_parameters	Runner initialization/SR; initial.def auto|none|path; --physcal fixed record plus explicit In overlays	executable bounded production mapping; independent scenario replay unverified	C declared parameter slots + post-SR gauge shifts; PhysCal disables correlation shifts; Julia inferred layouts/normalization may differ	Exact RNG/config/count/status/indices/flags and untouched copy tails; computed normalization/inverse values follow #190; no claimed full trajectory from snapshots	E0 source/API mapping; candidate contract gate, not executed by this inventory	J=8bb1b9e8ae47b1512c00b321be05664ddcac0fd1; source SHA256 MVMCExpertModeParsers.jl/src/utils/read_input_parameters.jl=c1855200634cc9418f8bef2f0f20424aafd275377f08dd9fffdd08faf86cd015; C=extern/mVMC-1.3.0; independent expectation provenance must be read from named fixtures; no regeneration/run in documentation audit	cargo nextest run --locked --cargo-profile test-fast -p mvmc-core --test initial_params --no-fail-fast --retries 0	API arguments/overloads at listed source lines; run settings/seeds not applicable to source inspection; candidate gate settings per test; no new reference runtime	UNVERIFIED independent API replay; related local runner records R76/R43/R4/LR/LC do not establish every overload	#180/#181/#184
A159	function	MVMCExpertModeParsers.read_input_parameters!	MVMCExpertModeParsers.jl/src/utils/read_input_parameters.jl:253	crates/mvmc-expert-parsers/src/utils/read_input_parameters.rs::read_input_parameters	Runner initialization/SR; initial.def auto|none|path; --physcal fixed record plus explicit In overlays	executable bounded production mapping; independent scenario replay unverified	C declared parameter slots + post-SR gauge shifts; PhysCal disables correlation shifts; Julia inferred layouts/normalization may differ	Sampling/proposed moves/acceptance must remain exact; numerical comparisons only for computed values; no implicit rejection rollback claim	E0 source/API mapping; candidate contract gate, not executed by this inventory	J=8bb1b9e8ae47b1512c00b321be05664ddcac0fd1; source SHA256 MVMCExpertModeParsers.jl/src/utils/read_input_parameters.jl=c1855200634cc9418f8bef2f0f20424aafd275377f08dd9fffdd08faf86cd015; C=extern/mVMC-1.3.0; independent expectation provenance must be read from named fixtures; no regeneration/run in documentation audit	cargo nextest run --locked --cargo-profile test-fast -p mvmc-core --test initial_params --no-fail-fast --retries 0	API arguments/overloads at listed source lines; run settings/seeds not applicable to source inspection; candidate gate settings per test; no new reference runtime	UNVERIFIED independent API replay; related local runner records R76/R43/R4/LR/LC do not establish every overload	#180/#181/#184
A160	function	MVMCExpertModeParsers.ensure_optimization_flags_size!	MVMCExpertModeParsers.jl/src/utils/read_input_parameters.jl:402	crates/mvmc-expert-parsers/src/utils/opt_flag.rs::ensure_optimization_flags_size	Runner initialization/SR; initial.def auto|none|path; --physcal fixed record plus explicit In overlays	executable bounded production mapping; independent scenario replay unverified	C declared parameter slots + post-SR gauge shifts; PhysCal disables correlation shifts; Julia inferred layouts/normalization may differ	Exact RNG/config/count/status/indices/flags and untouched copy tails; computed normalization/inverse values follow #190; no claimed full trajectory from snapshots	E0 source/API mapping; candidate contract gate, not executed by this inventory	J=8bb1b9e8ae47b1512c00b321be05664ddcac0fd1; source SHA256 MVMCExpertModeParsers.jl/src/utils/read_input_parameters.jl=c1855200634cc9418f8bef2f0f20424aafd275377f08dd9fffdd08faf86cd015; C=extern/mVMC-1.3.0; independent expectation provenance must be read from named fixtures; no regeneration/run in documentation audit	cargo nextest run --locked --cargo-profile test-fast -p mvmc-core --test initial_params --no-fail-fast --retries 0	API arguments/overloads at listed source lines; run settings/seeds not applicable to source inspection; candidate gate settings per test; no new reference runtime	UNVERIFIED independent API replay; related local runner records R76/R43/R4/LR/LC do not establish every overload	#180/#181/#184
A161	function	MVMCExpertModeParsers.set_projection_opt_flags!	MVMCExpertModeParsers.jl/src/utils/read_input_parameters.jl:425	crates/mvmc-expert-parsers/src/utils/opt_flag.rs::set_projection_opt_flags	Runner initialization/SR; initial.def auto|none|path; --physcal fixed record plus explicit In overlays	executable bounded production mapping; independent scenario replay unverified	C declared parameter slots + post-SR gauge shifts; PhysCal disables correlation shifts; Julia inferred layouts/normalization may differ	Exact RNG/config/count/status/indices/flags and untouched copy tails; computed normalization/inverse values follow #190; no claimed full trajectory from snapshots	E0 source/API mapping; candidate contract gate, not executed by this inventory	J=8bb1b9e8ae47b1512c00b321be05664ddcac0fd1; source SHA256 MVMCExpertModeParsers.jl/src/utils/read_input_parameters.jl=c1855200634cc9418f8bef2f0f20424aafd275377f08dd9fffdd08faf86cd015; C=extern/mVMC-1.3.0; independent expectation provenance must be read from named fixtures; no regeneration/run in documentation audit	cargo nextest run --locked --cargo-profile test-fast -p mvmc-core --test initial_params --no-fail-fast --retries 0	API arguments/overloads at listed source lines; run settings/seeds not applicable to source inspection; candidate gate settings per test; no new reference runtime	UNVERIFIED independent API replay; related local runner records R76/R43/R4/LR/LC do not establish every overload	#180/#181/#184
A162	function	MVMCExpertModeParsers.set_orbital_opt_flags!	MVMCExpertModeParsers.jl/src/utils/read_input_parameters.jl:475	crates/mvmc-expert-parsers/src/utils/opt_flag.rs::set_orbital_opt_flags	Runner initialization/SR; initial.def auto|none|path; --physcal fixed record plus explicit In overlays	executable bounded production mapping; independent scenario replay unverified	C declared parameter slots + post-SR gauge shifts; PhysCal disables correlation shifts; Julia inferred layouts/normalization may differ	Exact RNG/config/count/status/indices/flags and untouched copy tails; computed normalization/inverse values follow #190; no claimed full trajectory from snapshots	E0 source/API mapping; candidate contract gate, not executed by this inventory	J=8bb1b9e8ae47b1512c00b321be05664ddcac0fd1; source SHA256 MVMCExpertModeParsers.jl/src/utils/read_input_parameters.jl=c1855200634cc9418f8bef2f0f20424aafd275377f08dd9fffdd08faf86cd015; C=extern/mVMC-1.3.0; independent expectation provenance must be read from named fixtures; no regeneration/run in documentation audit	cargo nextest run --locked --cargo-profile test-fast -p mvmc-core --test initial_params --no-fail-fast --retries 0	API arguments/overloads at listed source lines; run settings/seeds not applicable to source inspection; candidate gate settings per test; no new reference runtime	UNVERIFIED independent API replay; related local runner records R76/R43/R4/LR/LC do not establish every overload	#180/#181/#184
A163	function	MVMCExpertModeParsers.set_opt_trans_opt_flags!	MVMCExpertModeParsers.jl/src/utils/read_input_parameters.jl:512	crates/mvmc-expert-parsers/src/utils/opt_flag.rs::set_opt_trans_opt_flags	Runner initialization/SR; initial.def auto|none|path; --physcal fixed record plus explicit In overlays	executable bounded production mapping; independent scenario replay unverified	C declared parameter slots + post-SR gauge shifts; PhysCal disables correlation shifts; Julia inferred layouts/normalization may differ	Exact RNG/config/count/status/indices/flags and untouched copy tails; computed normalization/inverse values follow #190; no claimed full trajectory from snapshots	E0 source/API mapping; candidate contract gate, not executed by this inventory	J=8bb1b9e8ae47b1512c00b321be05664ddcac0fd1; source SHA256 MVMCExpertModeParsers.jl/src/utils/read_input_parameters.jl=c1855200634cc9418f8bef2f0f20424aafd275377f08dd9fffdd08faf86cd015; C=extern/mVMC-1.3.0; independent expectation provenance must be read from named fixtures; no regeneration/run in documentation audit	cargo nextest run --locked --cargo-profile test-fast -p mvmc-core --test initial_params --no-fail-fast --retries 0	API arguments/overloads at listed source lines; run settings/seeds not applicable to source inspection; candidate gate settings per test; no new reference runtime	UNVERIFIED independent API replay; related local runner records R76/R43/R4/LR/LC do not establish every overload	#180/#181/#184
A164	function	MVMCExpertModeParsers.set_rbm_opt_flags!	MVMCExpertModeParsers.jl/src/utils/read_input_parameters.jl:539	crates/mvmc-expert-parsers/src/utils/opt_flag.rs::set_rbm_opt_flags	Runner initialization/SR; initial.def auto|none|path; --physcal fixed record plus explicit In overlays	executable bounded production mapping; independent scenario replay unverified	C declared parameter slots + post-SR gauge shifts; PhysCal disables correlation shifts; Julia inferred layouts/normalization may differ	Exact RNG/config/count/status/indices/flags and untouched copy tails; computed normalization/inverse values follow #190; no claimed full trajectory from snapshots	E0 source/API mapping; candidate contract gate, not executed by this inventory	J=8bb1b9e8ae47b1512c00b321be05664ddcac0fd1; source SHA256 MVMCExpertModeParsers.jl/src/utils/read_input_parameters.jl=c1855200634cc9418f8bef2f0f20424aafd275377f08dd9fffdd08faf86cd015; C=extern/mVMC-1.3.0; independent expectation provenance must be read from named fixtures; no regeneration/run in documentation audit	cargo nextest run --locked --cargo-profile test-fast -p mvmc-core --test initial_params --no-fail-fast --retries 0	API arguments/overloads at listed source lines; run settings/seeds not applicable to source inspection; candidate gate settings per test; no new reference runtime	UNVERIFIED independent API replay; related local runner records R76/R43/R4/LR/LC do not establish every overload	#180/#181/#184
A165	function	MVMCExpertModeParsers.validate_modpara_params	MVMCExpertModeParsers.jl/src/utils/validation.jl:12	crates/mvmc-expert-parsers/src/utils/validation.rs::validate_modpara_params	Expert namelist is parsed by mvmc CLI; no per-section CLI; strict C completeness before runner/output	executable bounded production mapping; independent scenario replay unverified	C readdef layout/counts/flags authoritative; Julia parser warnings/permissive recovery are not C support	Sampling/proposed moves/acceptance must remain exact; numerical comparisons only for computed values; no implicit rejection rollback claim	E0 source/API mapping; candidate contract gate, not executed by this inventory	J=8bb1b9e8ae47b1512c00b321be05664ddcac0fd1; source SHA256 MVMCExpertModeParsers.jl/src/utils/validation.jl=c8493545837d9af17011930eb51328d1c4d45dd44e162665dd4d79dc5e42a68c; C=extern/mVMC-1.3.0; independent expectation provenance must be read from named fixtures; no regeneration/run in documentation audit	cargo nextest run --locked --cargo-profile test-fast -p mvmc-expert-parsers --no-fail-fast --retries 0	API arguments/overloads at listed source lines; run settings/seeds not applicable to source inspection; candidate gate settings per test; no new reference runtime	UNVERIFIED independent API replay; related local runner records R76/R43/R4/LR/LC do not establish every overload	#184/#178
A166	function	MVMCExpertModeParsers.validate_transfer_terms	MVMCExpertModeParsers.jl/src/utils/validation.jl:106	crates/mvmc-expert-parsers/src/utils/validation.rs::validate_transfer_terms	Expert namelist is parsed by mvmc CLI; no per-section CLI; strict C completeness before runner/output	executable bounded production mapping; independent scenario replay unverified	C readdef layout/counts/flags authoritative; Julia parser warnings/permissive recovery are not C support	Sampling/proposed moves/acceptance must remain exact; numerical comparisons only for computed values; no implicit rejection rollback claim	E0 source/API mapping; candidate contract gate, not executed by this inventory	J=8bb1b9e8ae47b1512c00b321be05664ddcac0fd1; source SHA256 MVMCExpertModeParsers.jl/src/utils/validation.jl=c8493545837d9af17011930eb51328d1c4d45dd44e162665dd4d79dc5e42a68c; C=extern/mVMC-1.3.0; independent expectation provenance must be read from named fixtures; no regeneration/run in documentation audit	cargo nextest run --locked --cargo-profile test-fast -p mvmc-expert-parsers --no-fail-fast --retries 0	API arguments/overloads at listed source lines; run settings/seeds not applicable to source inspection; candidate gate settings per test; no new reference runtime	UNVERIFIED independent API replay; related local runner records R76/R43/R4/LR/LC do not establish every overload	#184/#178
A167	function	MVMCExpertModeParsers.validate_coulomb_intra_terms	MVMCExpertModeParsers.jl/src/utils/validation.jl:148	crates/mvmc-expert-parsers/src/utils/validation.rs::validate_coulomb_intra_terms	Expert namelist is parsed by mvmc CLI; no per-section CLI; strict C completeness before runner/output	executable bounded production mapping; independent scenario replay unverified	C readdef layout/counts/flags authoritative; Julia parser warnings/permissive recovery are not C support	Sampling/proposed moves/acceptance must remain exact; numerical comparisons only for computed values; no implicit rejection rollback claim	E0 source/API mapping; candidate contract gate, not executed by this inventory	J=8bb1b9e8ae47b1512c00b321be05664ddcac0fd1; source SHA256 MVMCExpertModeParsers.jl/src/utils/validation.jl=c8493545837d9af17011930eb51328d1c4d45dd44e162665dd4d79dc5e42a68c; C=extern/mVMC-1.3.0; independent expectation provenance must be read from named fixtures; no regeneration/run in documentation audit	cargo nextest run --locked --cargo-profile test-fast -p mvmc-expert-parsers --no-fail-fast --retries 0	API arguments/overloads at listed source lines; run settings/seeds not applicable to source inspection; candidate gate settings per test; no new reference runtime	UNVERIFIED independent API replay; related local runner records R76/R43/R4/LR/LC do not establish every overload	#184/#178
A168	function	MVMCExpertModeParsers.validate_coulomb_inter_terms	MVMCExpertModeParsers.jl/src/utils/validation.jl:176	crates/mvmc-expert-parsers/src/utils/validation.rs::validate_coulomb_inter_terms	Expert namelist is parsed by mvmc CLI; no per-section CLI; strict C completeness before runner/output	executable bounded production mapping; independent scenario replay unverified	C readdef layout/counts/flags authoritative; Julia parser warnings/permissive recovery are not C support	Sampling/proposed moves/acceptance must remain exact; numerical comparisons only for computed values; no implicit rejection rollback claim	E0 source/API mapping; candidate contract gate, not executed by this inventory	J=8bb1b9e8ae47b1512c00b321be05664ddcac0fd1; source SHA256 MVMCExpertModeParsers.jl/src/utils/validation.jl=c8493545837d9af17011930eb51328d1c4d45dd44e162665dd4d79dc5e42a68c; C=extern/mVMC-1.3.0; independent expectation provenance must be read from named fixtures; no regeneration/run in documentation audit	cargo nextest run --locked --cargo-profile test-fast -p mvmc-expert-parsers --no-fail-fast --retries 0	API arguments/overloads at listed source lines; run settings/seeds not applicable to source inspection; candidate gate settings per test; no new reference runtime	UNVERIFIED independent API replay; related local runner records R76/R43/R4/LR/LC do not establish every overload	#184/#178
A169	function	MVMCExpertModeParsers.validate_gutzwiller_terms	MVMCExpertModeParsers.jl/src/utils/validation.jl:215	crates/mvmc-expert-parsers/src/utils/validation.rs::validate_gutzwiller_terms	Expert namelist is parsed by mvmc CLI; no per-section CLI; strict C completeness before runner/output	executable bounded production mapping; independent scenario replay unverified	C readdef layout/counts/flags authoritative; Julia parser warnings/permissive recovery are not C support; C full site mapping/declared width and signed flags differ from historical permissive Julia examples	Sampling/proposed moves/acceptance must remain exact; numerical comparisons only for computed values; no implicit rejection rollback claim	E0 source/API mapping; candidate contract gate, not executed by this inventory	J=8bb1b9e8ae47b1512c00b321be05664ddcac0fd1; source SHA256 MVMCExpertModeParsers.jl/src/utils/validation.jl=c8493545837d9af17011930eb51328d1c4d45dd44e162665dd4d79dc5e42a68c; C=extern/mVMC-1.3.0; independent expectation provenance must be read from named fixtures; no regeneration/run in documentation audit	cargo nextest run --locked --cargo-profile test-fast -p mvmc-expert-parsers --no-fail-fast --retries 0	API arguments/overloads at listed source lines; run settings/seeds not applicable to source inspection; candidate gate settings per test; no new reference runtime	UNVERIFIED independent API replay; related local runner records R76/R43/R4/LR/LC do not establish every overload	#184/#178
A170	function	MVMCExpertModeParsers.validate_jastrow_terms	MVMCExpertModeParsers.jl/src/utils/validation.jl:243	crates/mvmc-expert-parsers/src/utils/validation.rs::validate_jastrow_terms	Expert namelist is parsed by mvmc CLI; no per-section CLI; strict C completeness before runner/output	executable bounded production mapping; independent scenario replay unverified	C readdef layout/counts/flags authoritative; Julia parser warnings/permissive recovery are not C support; C full site mapping/declared width and signed flags differ from historical permissive Julia examples	Sampling/proposed moves/acceptance must remain exact; numerical comparisons only for computed values; no implicit rejection rollback claim	E0 source/API mapping; candidate contract gate, not executed by this inventory	J=8bb1b9e8ae47b1512c00b321be05664ddcac0fd1; source SHA256 MVMCExpertModeParsers.jl/src/utils/validation.jl=c8493545837d9af17011930eb51328d1c4d45dd44e162665dd4d79dc5e42a68c; C=extern/mVMC-1.3.0; independent expectation provenance must be read from named fixtures; no regeneration/run in documentation audit	cargo nextest run --locked --cargo-profile test-fast -p mvmc-expert-parsers --no-fail-fast --retries 0	API arguments/overloads at listed source lines; run settings/seeds not applicable to source inspection; candidate gate settings per test; no new reference runtime	UNVERIFIED independent API replay; related local runner records R76/R43/R4/LR/LC do not establish every overload	#184/#178
A171	function	MVMCExpertModeParsers.validate_orbital_terms	MVMCExpertModeParsers.jl/src/utils/validation.jl:275	crates/mvmc-expert-parsers/src/utils/validation.rs::validate_orbital_terms	Expert namelist is parsed by mvmc CLI; no per-section CLI; strict C completeness before runner/output	executable bounded production mapping; independent scenario replay unverified	C readdef layout/counts/flags authoritative; Julia parser warnings/permissive recovery are not C support; C full site mapping/declared width and signed flags differ from historical permissive Julia examples	Sampling/proposed moves/acceptance must remain exact; numerical comparisons only for computed values; no implicit rejection rollback claim	E0 source/API mapping; candidate contract gate, not executed by this inventory	J=8bb1b9e8ae47b1512c00b321be05664ddcac0fd1; source SHA256 MVMCExpertModeParsers.jl/src/utils/validation.jl=c8493545837d9af17011930eb51328d1c4d45dd44e162665dd4d79dc5e42a68c; C=extern/mVMC-1.3.0; independent expectation provenance must be read from named fixtures; no regeneration/run in documentation audit	cargo nextest run --locked --cargo-profile test-fast -p mvmc-expert-parsers --no-fail-fast --retries 0	API arguments/overloads at listed source lines; run settings/seeds not applicable to source inspection; candidate gate settings per test; no new reference runtime	UNVERIFIED independent API replay; related local runner records R76/R43/R4/LR/LC do not establish every overload	#184/#178
A172	function	MVMCExpertModeParsers.validate_charge_rbm_phys_layer_terms	MVMCExpertModeParsers.jl/src/utils/validation.jl:303	crates/mvmc-expert-parsers/src/utils/validation.rs::validate_rbm_parameters	Expert namelist is parsed by mvmc CLI; no per-section CLI; strict C completeness before runner/output	executable bounded production mapping; independent scenario replay unverified	C readdef layout/counts/flags authoritative; Julia parser warnings/permissive recovery are not C support; C full site mapping/declared width and signed flags differ from historical permissive Julia examples	Sampling/proposed moves/acceptance must remain exact; numerical comparisons only for computed values; no implicit rejection rollback claim	E0 source/API mapping; candidate contract gate, not executed by this inventory	J=8bb1b9e8ae47b1512c00b321be05664ddcac0fd1; source SHA256 MVMCExpertModeParsers.jl/src/utils/validation.jl=c8493545837d9af17011930eb51328d1c4d45dd44e162665dd4d79dc5e42a68c; C=extern/mVMC-1.3.0; independent expectation provenance must be read from named fixtures; no regeneration/run in documentation audit	cargo nextest run --locked --cargo-profile test-fast -p mvmc-expert-parsers --no-fail-fast --retries 0	API arguments/overloads at listed source lines; run settings/seeds not applicable to source inspection; candidate gate settings per test; no new reference runtime	UNVERIFIED independent API replay; related local runner records R76/R43/R4/LR/LC do not establish every overload	#184/#178
A173	function	MVMCExpertModeParsers.validate_spin_rbm_phys_layer_terms	MVMCExpertModeParsers.jl/src/utils/validation.jl:331	crates/mvmc-expert-parsers/src/utils/validation.rs::validate_rbm_parameters	Expert namelist is parsed by mvmc CLI; no per-section CLI; strict C completeness before runner/output	executable bounded production mapping; independent scenario replay unverified	C readdef layout/counts/flags authoritative; Julia parser warnings/permissive recovery are not C support; C full site mapping/declared width and signed flags differ from historical permissive Julia examples	Sampling/proposed moves/acceptance must remain exact; numerical comparisons only for computed values; no implicit rejection rollback claim	E0 source/API mapping; candidate contract gate, not executed by this inventory	J=8bb1b9e8ae47b1512c00b321be05664ddcac0fd1; source SHA256 MVMCExpertModeParsers.jl/src/utils/validation.jl=c8493545837d9af17011930eb51328d1c4d45dd44e162665dd4d79dc5e42a68c; C=extern/mVMC-1.3.0; independent expectation provenance must be read from named fixtures; no regeneration/run in documentation audit	cargo nextest run --locked --cargo-profile test-fast -p mvmc-expert-parsers --no-fail-fast --retries 0	API arguments/overloads at listed source lines; run settings/seeds not applicable to source inspection; candidate gate settings per test; no new reference runtime	UNVERIFIED independent API replay; related local runner records R76/R43/R4/LR/LC do not establish every overload	#184/#178
A174	function	MVMCExpertModeParsers.validate_general_rbm_phys_layer_terms	MVMCExpertModeParsers.jl/src/utils/validation.jl:359	crates/mvmc-expert-parsers/src/utils/validation.rs::validate_rbm_parameters	Expert namelist is parsed by mvmc CLI; no per-section CLI; strict C completeness before runner/output	executable bounded production mapping; independent scenario replay unverified	C readdef layout/counts/flags authoritative; Julia parser warnings/permissive recovery are not C support; C full site mapping/declared width and signed flags differ from historical permissive Julia examples	Sampling/proposed moves/acceptance must remain exact; numerical comparisons only for computed values; no implicit rejection rollback claim	E0 source/API mapping; candidate contract gate, not executed by this inventory	J=8bb1b9e8ae47b1512c00b321be05664ddcac0fd1; source SHA256 MVMCExpertModeParsers.jl/src/utils/validation.jl=c8493545837d9af17011930eb51328d1c4d45dd44e162665dd4d79dc5e42a68c; C=extern/mVMC-1.3.0; independent expectation provenance must be read from named fixtures; no regeneration/run in documentation audit	cargo nextest run --locked --cargo-profile test-fast -p mvmc-expert-parsers --no-fail-fast --retries 0	API arguments/overloads at listed source lines; run settings/seeds not applicable to source inspection; candidate gate settings per test; no new reference runtime	UNVERIFIED independent API replay; related local runner records R76/R43/R4/LR/LC do not establish every overload	#184/#178
A175	function	MVMCExpertModeParsers.validate_charge_rbm_hidden_layer_terms	MVMCExpertModeParsers.jl/src/utils/validation.jl:387	crates/mvmc-expert-parsers/src/utils/validation.rs::validate_rbm_parameters	Expert namelist is parsed by mvmc CLI; no per-section CLI; strict C completeness before runner/output	executable bounded production mapping; independent scenario replay unverified	C readdef layout/counts/flags authoritative; Julia parser warnings/permissive recovery are not C support; C full site mapping/declared width and signed flags differ from historical permissive Julia examples	Sampling/proposed moves/acceptance must remain exact; numerical comparisons only for computed values; no implicit rejection rollback claim	E0 source/API mapping; candidate contract gate, not executed by this inventory	J=8bb1b9e8ae47b1512c00b321be05664ddcac0fd1; source SHA256 MVMCExpertModeParsers.jl/src/utils/validation.jl=c8493545837d9af17011930eb51328d1c4d45dd44e162665dd4d79dc5e42a68c; C=extern/mVMC-1.3.0; independent expectation provenance must be read from named fixtures; no regeneration/run in documentation audit	cargo nextest run --locked --cargo-profile test-fast -p mvmc-expert-parsers --no-fail-fast --retries 0	API arguments/overloads at listed source lines; run settings/seeds not applicable to source inspection; candidate gate settings per test; no new reference runtime	UNVERIFIED independent API replay; related local runner records R76/R43/R4/LR/LC do not establish every overload	#184/#178
A176	function	MVMCExpertModeParsers.validate_spin_rbm_hidden_layer_terms	MVMCExpertModeParsers.jl/src/utils/validation.jl:415	crates/mvmc-expert-parsers/src/utils/validation.rs::validate_rbm_parameters	Expert namelist is parsed by mvmc CLI; no per-section CLI; strict C completeness before runner/output	executable bounded production mapping; independent scenario replay unverified	C readdef layout/counts/flags authoritative; Julia parser warnings/permissive recovery are not C support; C full site mapping/declared width and signed flags differ from historical permissive Julia examples	Sampling/proposed moves/acceptance must remain exact; numerical comparisons only for computed values; no implicit rejection rollback claim	E0 source/API mapping; candidate contract gate, not executed by this inventory	J=8bb1b9e8ae47b1512c00b321be05664ddcac0fd1; source SHA256 MVMCExpertModeParsers.jl/src/utils/validation.jl=c8493545837d9af17011930eb51328d1c4d45dd44e162665dd4d79dc5e42a68c; C=extern/mVMC-1.3.0; independent expectation provenance must be read from named fixtures; no regeneration/run in documentation audit	cargo nextest run --locked --cargo-profile test-fast -p mvmc-expert-parsers --no-fail-fast --retries 0	API arguments/overloads at listed source lines; run settings/seeds not applicable to source inspection; candidate gate settings per test; no new reference runtime	UNVERIFIED independent API replay; related local runner records R76/R43/R4/LR/LC do not establish every overload	#184/#178
A177	function	MVMCExpertModeParsers.validate_general_rbm_hidden_layer_terms	MVMCExpertModeParsers.jl/src/utils/validation.jl:443	crates/mvmc-expert-parsers/src/utils/validation.rs::validate_rbm_parameters	Expert namelist is parsed by mvmc CLI; no per-section CLI; strict C completeness before runner/output	executable bounded production mapping; independent scenario replay unverified	C readdef layout/counts/flags authoritative; Julia parser warnings/permissive recovery are not C support; C full site mapping/declared width and signed flags differ from historical permissive Julia examples	Sampling/proposed moves/acceptance must remain exact; numerical comparisons only for computed values; no implicit rejection rollback claim	E0 source/API mapping; candidate contract gate, not executed by this inventory	J=8bb1b9e8ae47b1512c00b321be05664ddcac0fd1; source SHA256 MVMCExpertModeParsers.jl/src/utils/validation.jl=c8493545837d9af17011930eb51328d1c4d45dd44e162665dd4d79dc5e42a68c; C=extern/mVMC-1.3.0; independent expectation provenance must be read from named fixtures; no regeneration/run in documentation audit	cargo nextest run --locked --cargo-profile test-fast -p mvmc-expert-parsers --no-fail-fast --retries 0	API arguments/overloads at listed source lines; run settings/seeds not applicable to source inspection; candidate gate settings per test; no new reference runtime	UNVERIFIED independent API replay; related local runner records R76/R43/R4/LR/LC do not establish every overload	#184/#178
A178	function	MVMCExpertModeParsers.validate_charge_rbm_phys_hidden_terms	MVMCExpertModeParsers.jl/src/utils/validation.jl:474	crates/mvmc-expert-parsers/src/utils/validation.rs::validate_rbm_parameters	Expert namelist is parsed by mvmc CLI; no per-section CLI; strict C completeness before runner/output	executable bounded production mapping; independent scenario replay unverified	C readdef layout/counts/flags authoritative; Julia parser warnings/permissive recovery are not C support; C full site mapping/declared width and signed flags differ from historical permissive Julia examples	Sampling/proposed moves/acceptance must remain exact; numerical comparisons only for computed values; no implicit rejection rollback claim	E0 source/API mapping; candidate contract gate, not executed by this inventory	J=8bb1b9e8ae47b1512c00b321be05664ddcac0fd1; source SHA256 MVMCExpertModeParsers.jl/src/utils/validation.jl=c8493545837d9af17011930eb51328d1c4d45dd44e162665dd4d79dc5e42a68c; C=extern/mVMC-1.3.0; independent expectation provenance must be read from named fixtures; no regeneration/run in documentation audit	cargo nextest run --locked --cargo-profile test-fast -p mvmc-expert-parsers --no-fail-fast --retries 0	API arguments/overloads at listed source lines; run settings/seeds not applicable to source inspection; candidate gate settings per test; no new reference runtime	UNVERIFIED independent API replay; related local runner records R76/R43/R4/LR/LC do not establish every overload	#184/#178
A179	function	MVMCExpertModeParsers.validate_spin_rbm_phys_hidden_terms	MVMCExpertModeParsers.jl/src/utils/validation.jl:509	crates/mvmc-expert-parsers/src/utils/validation.rs::validate_rbm_parameters	Expert namelist is parsed by mvmc CLI; no per-section CLI; strict C completeness before runner/output	executable bounded production mapping; independent scenario replay unverified	C readdef layout/counts/flags authoritative; Julia parser warnings/permissive recovery are not C support; C full site mapping/declared width and signed flags differ from historical permissive Julia examples	Sampling/proposed moves/acceptance must remain exact; numerical comparisons only for computed values; no implicit rejection rollback claim	E0 source/API mapping; candidate contract gate, not executed by this inventory	J=8bb1b9e8ae47b1512c00b321be05664ddcac0fd1; source SHA256 MVMCExpertModeParsers.jl/src/utils/validation.jl=c8493545837d9af17011930eb51328d1c4d45dd44e162665dd4d79dc5e42a68c; C=extern/mVMC-1.3.0; independent expectation provenance must be read from named fixtures; no regeneration/run in documentation audit	cargo nextest run --locked --cargo-profile test-fast -p mvmc-expert-parsers --no-fail-fast --retries 0	API arguments/overloads at listed source lines; run settings/seeds not applicable to source inspection; candidate gate settings per test; no new reference runtime	UNVERIFIED independent API replay; related local runner records R76/R43/R4/LR/LC do not establish every overload	#184/#178
A180	function	MVMCExpertModeParsers.validate_general_rbm_phys_hidden_terms	MVMCExpertModeParsers.jl/src/utils/validation.jl:544	crates/mvmc-expert-parsers/src/utils/validation.rs::validate_rbm_parameters	Expert namelist is parsed by mvmc CLI; no per-section CLI; strict C completeness before runner/output	executable bounded production mapping; independent scenario replay unverified	C readdef layout/counts/flags authoritative; Julia parser warnings/permissive recovery are not C support; C full site mapping/declared width and signed flags differ from historical permissive Julia examples	Sampling/proposed moves/acceptance must remain exact; numerical comparisons only for computed values; no implicit rejection rollback claim	E0 source/API mapping; candidate contract gate, not executed by this inventory	J=8bb1b9e8ae47b1512c00b321be05664ddcac0fd1; source SHA256 MVMCExpertModeParsers.jl/src/utils/validation.jl=c8493545837d9af17011930eb51328d1c4d45dd44e162665dd4d79dc5e42a68c; C=extern/mVMC-1.3.0; independent expectation provenance must be read from named fixtures; no regeneration/run in documentation audit	cargo nextest run --locked --cargo-profile test-fast -p mvmc-expert-parsers --no-fail-fast --retries 0	API arguments/overloads at listed source lines; run settings/seeds not applicable to source inspection; candidate gate settings per test; no new reference runtime	UNVERIFIED independent API replay; related local runner records R76/R43/R4/LR/LC do not establish every overload	#184/#178
A181	function	MVMCExpertModeParsers.validate_doublon_holon_2site_terms	MVMCExpertModeParsers.jl/src/utils/validation.jl:580	crates/mvmc-expert-parsers/src/utils/validation.rs::validate_doublon_holon_2site_indices	Expert namelist is parsed by mvmc CLI; no per-section CLI; strict C completeness before runner/output	executable bounded production mapping; independent scenario replay unverified	C readdef layout/counts/flags authoritative; Julia parser warnings/permissive recovery are not C support	Sampling/proposed moves/acceptance must remain exact; numerical comparisons only for computed values; no implicit rejection rollback claim	E0 source/API mapping; candidate contract gate, not executed by this inventory	J=8bb1b9e8ae47b1512c00b321be05664ddcac0fd1; source SHA256 MVMCExpertModeParsers.jl/src/utils/validation.jl=c8493545837d9af17011930eb51328d1c4d45dd44e162665dd4d79dc5e42a68c; C=extern/mVMC-1.3.0; independent expectation provenance must be read from named fixtures; no regeneration/run in documentation audit	cargo nextest run --locked --cargo-profile test-fast -p mvmc-expert-parsers --no-fail-fast --retries 0	API arguments/overloads at listed source lines; run settings/seeds not applicable to source inspection; candidate gate settings per test; no new reference runtime	UNVERIFIED independent API replay; related local runner records R76/R43/R4/LR/LC do not establish every overload	#184/#178
A182	function	MVMCExpertModeParsers.validate_doublon_holon_4site_terms	MVMCExpertModeParsers.jl/src/utils/validation.jl:620	crates/mvmc-expert-parsers/src/utils/validation.rs::validate_doublon_holon_4site_indices	Expert namelist is parsed by mvmc CLI; no per-section CLI; strict C completeness before runner/output	executable bounded production mapping; independent scenario replay unverified	C readdef layout/counts/flags authoritative; Julia parser warnings/permissive recovery are not C support	Sampling/proposed moves/acceptance must remain exact; numerical comparisons only for computed values; no implicit rejection rollback claim	E0 source/API mapping; candidate contract gate, not executed by this inventory	J=8bb1b9e8ae47b1512c00b321be05664ddcac0fd1; source SHA256 MVMCExpertModeParsers.jl/src/utils/validation.jl=c8493545837d9af17011930eb51328d1c4d45dd44e162665dd4d79dc5e42a68c; C=extern/mVMC-1.3.0; independent expectation provenance must be read from named fixtures; no regeneration/run in documentation audit	cargo nextest run --locked --cargo-profile test-fast -p mvmc-expert-parsers --no-fail-fast --retries 0	API arguments/overloads at listed source lines; run settings/seeds not applicable to source inspection; candidate gate settings per test; no new reference runtime	UNVERIFIED independent API replay; related local runner records R76/R43/R4/LR/LC do not establish every overload	#184/#178
A183	function	MVMCExpertModeParsers.validate_doublon_holon_2site_indices	MVMCExpertModeParsers.jl/src/utils/validation.jl:668	crates/mvmc-expert-parsers/src/utils/validation.rs::validate_doublon_holon_2site_indices	Expert namelist is parsed by mvmc CLI; no per-section CLI; strict C completeness before runner/output	executable bounded production mapping; independent scenario replay unverified	C readdef layout/counts/flags authoritative; Julia parser warnings/permissive recovery are not C support	Sampling/proposed moves/acceptance must remain exact; numerical comparisons only for computed values; no implicit rejection rollback claim	E0 source/API mapping; candidate contract gate, not executed by this inventory	J=8bb1b9e8ae47b1512c00b321be05664ddcac0fd1; source SHA256 MVMCExpertModeParsers.jl/src/utils/validation.jl=c8493545837d9af17011930eb51328d1c4d45dd44e162665dd4d79dc5e42a68c; C=extern/mVMC-1.3.0; independent expectation provenance must be read from named fixtures; no regeneration/run in documentation audit	cargo nextest run --locked --cargo-profile test-fast -p mvmc-expert-parsers --no-fail-fast --retries 0	API arguments/overloads at listed source lines; run settings/seeds not applicable to source inspection; candidate gate settings per test; no new reference runtime	UNVERIFIED independent API replay; related local runner records R76/R43/R4/LR/LC do not establish every overload	#184/#178
A184	function	MVMCExpertModeParsers.validate_doublon_holon_4site_indices	MVMCExpertModeParsers.jl/src/utils/validation.jl:694	crates/mvmc-expert-parsers/src/utils/validation.rs::validate_doublon_holon_4site_indices	Expert namelist is parsed by mvmc CLI; no per-section CLI; strict C completeness before runner/output	executable bounded production mapping; independent scenario replay unverified	C readdef layout/counts/flags authoritative; Julia parser warnings/permissive recovery are not C support	Sampling/proposed moves/acceptance must remain exact; numerical comparisons only for computed values; no implicit rejection rollback claim	E0 source/API mapping; candidate contract gate, not executed by this inventory	J=8bb1b9e8ae47b1512c00b321be05664ddcac0fd1; source SHA256 MVMCExpertModeParsers.jl/src/utils/validation.jl=c8493545837d9af17011930eb51328d1c4d45dd44e162665dd4d79dc5e42a68c; C=extern/mVMC-1.3.0; independent expectation provenance must be read from named fixtures; no regeneration/run in documentation audit	cargo nextest run --locked --cargo-profile test-fast -p mvmc-expert-parsers --no-fail-fast --retries 0	API arguments/overloads at listed source lines; run settings/seeds not applicable to source inspection; candidate gate settings per test; no new reference runtime	UNVERIFIED independent API replay; related local runner records R76/R43/R4/LR/LC do not establish every overload	#184/#178
A185	function	MVMCExpertModeParsers.validate_expert_mode_data	MVMCExpertModeParsers.jl/src/utils/validation.jl:725	crates/mvmc-expert-parsers/src/utils/validation.rs::validate_expert_mode_data	Expert namelist is parsed by mvmc CLI; no per-section CLI; strict C completeness before runner/output	executable bounded production mapping; independent scenario replay unverified	C readdef layout/counts/flags authoritative; Julia parser warnings/permissive recovery are not C support	Sampling/proposed moves/acceptance must remain exact; numerical comparisons only for computed values; no implicit rejection rollback claim	E0 source/API mapping; candidate contract gate, not executed by this inventory	J=8bb1b9e8ae47b1512c00b321be05664ddcac0fd1; source SHA256 MVMCExpertModeParsers.jl/src/utils/validation.jl=c8493545837d9af17011930eb51328d1c4d45dd44e162665dd4d79dc5e42a68c; C=extern/mVMC-1.3.0; independent expectation provenance must be read from named fixtures; no regeneration/run in documentation audit	cargo nextest run --locked --cargo-profile test-fast -p mvmc-expert-parsers --no-fail-fast --retries 0	API arguments/overloads at listed source lines; run settings/seeds not applicable to source inspection; candidate gate settings per test; no new reference runtime	UNVERIFIED independent API replay; related local runner records R76/R43/R4/LR/LC do not establish every overload	#184/#178
A186	export	MVMCOptimizers.ParallelContext	MVMCOptimizers.jl/src/MVMCOptimizers.jl:81	crates/mvmc-core/src/mpi.rs::MpiContext; crates/mvmc-core/src/mpi.rs::MpiGroupContext; crates/mvmc-core/src/reducer.rs::SingleProcessReducer	--features mpi and detected launcher; root-only stdout/output; no JULIA_MVMC_MPI env compatibility promise	executable bounded production mapping; independent scenario replay unverified	C/Julia NSplitSize=group SIZE; current draft follows width/remainder and full-chain/comm1 measurement semantics; prior chain-length/burn-marker failures require fresh independent state verification; protocol success not parity; support validator distinguishes normal Green positives from FSZ/Lanczos/CG/OptTrans rejections	Sampling/proposed moves/acceptance must remain exact; numerical comparisons only for computed values; no implicit rejection rollback claim	E0 source/API mapping; candidate contract gate, not executed by this inventory	J=8bb1b9e8ae47b1512c00b321be05664ddcac0fd1; source SHA256 MVMCOptimizers.jl/src/MVMCOptimizers.jl=eec5c87052ce316fd22b131cd8313976e65f2c5a8e49ec9f2ce672b70a6d1a47; C=extern/mVMC-1.3.0; independent expectation provenance must be read from named fixtures; no regeneration/run in documentation audit	cargo nextest run --locked --cargo-profile test-fast -p mvmc-core --features mpi --test mpi_issue179_collectives --test mpi_issue179_state --no-fail-fast --retries 0	API arguments/overloads at listed source lines; run settings/seeds not applicable to source inspection; candidate gate settings per test; no new reference runtime	UNVERIFIED independent API replay; related local runner records R76/R43/R4/LR/LC do not establish every overload	#177/#178/#179
A187	export	MVMCOptimizers.serial_context	MVMCOptimizers.jl/src/MVMCOptimizers.jl:81	crates/mvmc-core/src/reducer.rs::SingleProcessReducer	Optimization; real/cmp/FSZ; nsteps/nsmp; direct or standard CG; grouped direct within validator; grouped CG rejected	executable bounded production mapping; independent scenario replay unverified	C trajectory/SR/input authority; Julia architecture; final optimization-window output differs from C (owner output gap)	Sampling/proposed moves/acceptance must remain exact; numerical comparisons only for computed values; no implicit rejection rollback claim	E0 source/API mapping; candidate contract gate, not executed by this inventory	J=8bb1b9e8ae47b1512c00b321be05664ddcac0fd1; source SHA256 MVMCOptimizers.jl/src/MVMCOptimizers.jl=eec5c87052ce316fd22b131cd8313976e65f2c5a8e49ec9f2ce672b70a6d1a47; C=extern/mVMC-1.3.0; independent expectation provenance must be read from named fixtures; no regeneration/run in documentation audit	cargo nextest run --locked --cargo-profile test-fast -p mvmc-core --test run_smoke --test runner_config --no-fail-fast --retries 0	API arguments/overloads at listed source lines; run settings/seeds not applicable to source inspection; candidate gate settings per test; no new reference runtime	UNVERIFIED independent API replay; related local runner records R76/R43/R4/LR/LC do not establish every overload	#180/#179
A188	export	MVMCOptimizers.build_parallel_context	MVMCOptimizers.jl/src/MVMCOptimizers.jl:81	crates/mvmc-core/src/mpi.rs::initialize; crates/mvmc-core/src/mpi.rs::split_groups; crates/mvmc-core/src/parallel.rs::assign_group	--features mpi and detected launcher; root-only stdout/output; no JULIA_MVMC_MPI env compatibility promise	executable bounded production mapping; independent scenario replay unverified	C/Julia NSplitSize=group SIZE; current draft follows width/remainder and full-chain/comm1 measurement semantics; prior chain-length/burn-marker failures require fresh independent state verification; protocol success not parity; support validator distinguishes normal Green positives from FSZ/Lanczos/CG/OptTrans rejections	Sampling/proposed moves/acceptance must remain exact; numerical comparisons only for computed values; no implicit rejection rollback claim	E0 source/API mapping; candidate contract gate, not executed by this inventory	J=8bb1b9e8ae47b1512c00b321be05664ddcac0fd1; source SHA256 MVMCOptimizers.jl/src/MVMCOptimizers.jl=eec5c87052ce316fd22b131cd8313976e65f2c5a8e49ec9f2ce672b70a6d1a47; C=extern/mVMC-1.3.0; independent expectation provenance must be read from named fixtures; no regeneration/run in documentation audit	cargo nextest run --locked --cargo-profile test-fast -p mvmc-core --features mpi --test mpi_issue179_collectives --test mpi_issue179_state --no-fail-fast --retries 0	API arguments/overloads at listed source lines; run settings/seeds not applicable to source inspection; candidate gate settings per test; no new reference runtime	UNVERIFIED independent API replay; related local runner records R76/R43/R4/LR/LC do not establish every overload	#177/#178/#179
A189	export	MVMCOptimizers.is_output_rank	MVMCOptimizers.jl/src/MVMCOptimizers.jl:81	crates/mvmc-core/src/mpi.rs::is_output_root; crates/mvmc-core/src/reducer.rs::is_output_root; crates/mvmc-core/src/run.rs::is_output_root	Optimization; real/cmp/FSZ; nsteps/nsmp; direct or standard CG; grouped direct within validator; grouped CG rejected	executable bounded production mapping; independent scenario replay unverified	C trajectory/SR/input authority; Julia architecture; final optimization-window output differs from C (owner output gap)	Sampling/proposed moves/acceptance must remain exact; numerical comparisons only for computed values; no implicit rejection rollback claim	E0 source/API mapping; candidate contract gate, not executed by this inventory	J=8bb1b9e8ae47b1512c00b321be05664ddcac0fd1; source SHA256 MVMCOptimizers.jl/src/MVMCOptimizers.jl=eec5c87052ce316fd22b131cd8313976e65f2c5a8e49ec9f2ce672b70a6d1a47; C=extern/mVMC-1.3.0; independent expectation provenance must be read from named fixtures; no regeneration/run in documentation audit	cargo nextest run --locked --cargo-profile test-fast -p mvmc-core --test run_smoke --test runner_config --no-fail-fast --retries 0	API arguments/overloads at listed source lines; run settings/seeds not applicable to source inspection; candidate gate settings per test; no new reference runtime	UNVERIFIED independent API replay; related local runner records R76/R43/R4/LR/LC do not establish every overload	#180/#179
A190	export	MVMCOptimizers.bcast!	MVMCOptimizers.jl/src/MVMCOptimizers.jl:81	crates/mvmc-core/src/mpi.rs::broadcast_c64; crates/mvmc-core/src/mpi.rs::broadcast_c64; crates/mvmc-core/src/reducer.rs::broadcast_c64; crates/mvmc-core/src/mpi.rs::broadcast_i64; crates/mvmc-core/src/mpi.rs::broadcast_i64; crates/mvmc-core/src/mpi.rs::broadcast_i64	Optimization; real/cmp/FSZ; nsteps/nsmp; direct or standard CG; grouped direct within validator; grouped CG rejected	executable bounded production mapping; independent scenario replay unverified	C trajectory/SR/input authority; Julia architecture; final optimization-window output differs from C (owner output gap)	Sampling/proposed moves/acceptance must remain exact; numerical comparisons only for computed values; no implicit rejection rollback claim	E0 source/API mapping; candidate contract gate, not executed by this inventory	J=8bb1b9e8ae47b1512c00b321be05664ddcac0fd1; source SHA256 MVMCOptimizers.jl/src/MVMCOptimizers.jl=eec5c87052ce316fd22b131cd8313976e65f2c5a8e49ec9f2ce672b70a6d1a47; C=extern/mVMC-1.3.0; independent expectation provenance must be read from named fixtures; no regeneration/run in documentation audit	NOT_AVAILABLE exact per-API assertion/launcher mapping; serial run_smoke/runner_config is not a collective gate	Required cell expansion: serial/world/group communicator;root0/nonroot;buffer dtype/shape or scalar type;2/4 ranks;empty payload where supported;MPI/BLAS provider and threads;source/binary revision;NOT_YET_CAPTURED per overload	UNVERIFIED individual API assertion/overload; generic serial candidate removed; #179 live records are not blanket API parity	#180/#179
A191	export	MVMCOptimizers.bcast_scalar	MVMCOptimizers.jl/src/MVMCOptimizers.jl:81	crates/mvmc-core/src/mpi.rs::broadcast_i64; crates/mvmc-core/src/mpi.rs::broadcast_i64; crates/mvmc-core/src/mpi.rs::broadcast_i64	Optimization; real/cmp/FSZ; nsteps/nsmp; direct or standard CG; grouped direct within validator; grouped CG rejected	executable bounded production mapping; independent scenario replay unverified	C trajectory/SR/input authority; Julia architecture; final optimization-window output differs from C (owner output gap)	Sampling/proposed moves/acceptance must remain exact; numerical comparisons only for computed values; no implicit rejection rollback claim	E0 source/API mapping; candidate contract gate, not executed by this inventory	J=8bb1b9e8ae47b1512c00b321be05664ddcac0fd1; source SHA256 MVMCOptimizers.jl/src/MVMCOptimizers.jl=eec5c87052ce316fd22b131cd8313976e65f2c5a8e49ec9f2ce672b70a6d1a47; C=extern/mVMC-1.3.0; independent expectation provenance must be read from named fixtures; no regeneration/run in documentation audit	NOT_AVAILABLE exact per-API assertion/launcher mapping; serial run_smoke/runner_config is not a collective gate	Required cell expansion: serial/world/group communicator;root0/nonroot;buffer dtype/shape or scalar type;2/4 ranks;empty payload where supported;MPI/BLAS provider and threads;source/binary revision;NOT_YET_CAPTURED per overload	UNVERIFIED individual API assertion/overload; generic serial candidate removed; #179 live records are not blanket API parity	#180/#179
A192	export	MVMCOptimizers.allreduce_sum!	MVMCOptimizers.jl/src/MVMCOptimizers.jl:81	crates/mvmc-core/src/mpi.rs::allreduce_sum_f64; crates/mvmc-core/src/mpi.rs::allreduce_sum_f64; crates/mvmc-core/src/reducer.rs::allreduce_sum_f64; crates/mvmc-core/src/mpi.rs::allreduce_sum_c64; crates/mvmc-core/src/mpi.rs::allreduce_sum_c64; crates/mvmc-core/src/reducer.rs::allreduce_sum_c64; crates/mvmc-core/src/mpi.rs::allreduce_sum_i64; crates/mvmc-core/src/mpi.rs::allreduce_sum_i64; crates/mvmc-core/src/reducer.rs::allreduce_sum_i64	Optimization; real/cmp/FSZ; nsteps/nsmp; direct or standard CG; grouped direct within validator; grouped CG rejected	executable bounded production mapping; independent scenario replay unverified	C trajectory/SR/input authority; Julia architecture; final optimization-window output differs from C (owner output gap)	Sampling/proposed moves/acceptance must remain exact; numerical comparisons only for computed values; no implicit rejection rollback claim	E0 source/API mapping; candidate contract gate, not executed by this inventory	J=8bb1b9e8ae47b1512c00b321be05664ddcac0fd1; source SHA256 MVMCOptimizers.jl/src/MVMCOptimizers.jl=eec5c87052ce316fd22b131cd8313976e65f2c5a8e49ec9f2ce672b70a6d1a47; C=extern/mVMC-1.3.0; independent expectation provenance must be read from named fixtures; no regeneration/run in documentation audit	NOT_AVAILABLE exact per-API assertion/launcher mapping; serial run_smoke/runner_config is not a collective gate	Required cell expansion: serial/world/group communicator;root0/nonroot;buffer dtype/shape or scalar type;2/4 ranks;empty payload where supported;MPI/BLAS provider and threads;source/binary revision;NOT_YET_CAPTURED per overload	UNVERIFIED individual API assertion/overload; generic serial candidate removed; #179 live records are not blanket API parity	#180/#179
A193	export	MVMCOptimizers.reduce_sum_to_root!	MVMCOptimizers.jl/src/MVMCOptimizers.jl:81	crates/mvmc-core/src/run.rs::reduce_accumulators; crates/mvmc-core/src/mpi.rs::is_output_root; crates/mvmc-core/src/reducer.rs::is_output_root; crates/mvmc-core/src/run.rs::is_output_root	Optimization; real/cmp/FSZ; nsteps/nsmp; direct or standard CG; grouped direct within validator; grouped CG rejected	executable bounded production mapping; independent scenario replay unverified	Julia reduce-to-root semantics are not equivalent to Rust allreduce_accumulators plus root-only output; distinguish data distribution from output ownership	Sampling/proposed moves/acceptance must remain exact; numerical comparisons only for computed values; no implicit rejection rollback claim	E0 source/API mapping; candidate contract gate, not executed by this inventory	J=8bb1b9e8ae47b1512c00b321be05664ddcac0fd1; source SHA256 MVMCOptimizers.jl/src/MVMCOptimizers.jl=eec5c87052ce316fd22b131cd8313976e65f2c5a8e49ec9f2ce672b70a6d1a47; C=extern/mVMC-1.3.0; independent expectation provenance must be read from named fixtures; no regeneration/run in documentation audit	NOT_AVAILABLE exact per-API assertion/launcher mapping; serial run_smoke/runner_config is not a collective gate	Required cell expansion: serial/world/group communicator;root0/nonroot;buffer dtype/shape or scalar type;2/4 ranks;empty payload where supported;MPI/BLAS provider and threads;source/binary revision;NOT_YET_CAPTURED per overload	UNVERIFIED individual API assertion/overload; generic serial candidate removed; #179 live records are not blanket API parity; PROOF_GAP root/nonroot buffer postconditions	#180/#179
A194	export	MVMCOptimizers.barrier	MVMCOptimizers.jl/src/MVMCOptimizers.jl:81	mpi::traits::CommunicatorCollectives::barrier via MpiContext::world(); no Reducer barrier API	Optimization; real/cmp/FSZ; nsteps/nsmp; direct or standard CG; grouped direct within validator; grouped CG rejected	executable bounded production mapping; independent scenario replay unverified	C trajectory/SR/input authority; Julia architecture; final optimization-window output differs from C (owner output gap)	Sampling/proposed moves/acceptance must remain exact; numerical comparisons only for computed values; no implicit rejection rollback claim	E0 source/API mapping; candidate contract gate, not executed by this inventory	J=8bb1b9e8ae47b1512c00b321be05664ddcac0fd1; source SHA256 MVMCOptimizers.jl/src/MVMCOptimizers.jl=eec5c87052ce316fd22b131cd8313976e65f2c5a8e49ec9f2ce672b70a6d1a47; C=extern/mVMC-1.3.0; independent expectation provenance must be read from named fixtures; no regeneration/run in documentation audit	NOT_AVAILABLE exact per-API assertion/launcher mapping; serial run_smoke/runner_config is not a collective gate	Required cell expansion: serial/world/group communicator;root0/nonroot;buffer dtype/shape or scalar type;2/4 ranks;empty payload where supported;MPI/BLAS provider and threads;source/binary revision;NOT_YET_CAPTURED per overload	UNVERIFIED individual API assertion/overload; generic serial candidate removed; #179 live records are not blanket API parity; direct MPI trait barrier is an architecture replacement, no Reducer barrier API; liveness/value proof separate	#180/#179
A195	export	MVMCOptimizers.reduce_counter!	MVMCOptimizers.jl/src/MVMCOptimizers.jl:81	crates/mvmc-core/src/counter.rs::reduce_counter	Optimization; real/cmp/FSZ; nsteps/nsmp; direct or standard CG; grouped direct within validator; grouped CG rejected	executable bounded production mapping; independent scenario replay unverified	C trajectory/SR/input authority; Julia architecture; final optimization-window output differs from C (owner output gap)	Exact RNG/config/count/status/indices/flags and untouched copy tails; computed normalization/inverse values follow #190; no claimed full trajectory from snapshots	E0 source/API mapping; candidate contract gate, not executed by this inventory	J=8bb1b9e8ae47b1512c00b321be05664ddcac0fd1; source SHA256 MVMCOptimizers.jl/src/MVMCOptimizers.jl=eec5c87052ce316fd22b131cd8313976e65f2c5a8e49ec9f2ce672b70a6d1a47; C=extern/mVMC-1.3.0; independent expectation provenance must be read from named fixtures; no regeneration/run in documentation audit	NOT_AVAILABLE exact per-API assertion/launcher mapping; serial run_smoke/runner_config is not a collective gate	Required cell expansion: serial/world/group communicator;root0/nonroot;buffer dtype/shape or scalar type;2/4 ranks;empty payload where supported;MPI/BLAS provider and threads;source/binary revision;NOT_YET_CAPTURED per overload	UNVERIFIED individual API assertion/overload; generic serial candidate removed; #179 live records are not blanket API parity	#180/#179
A196	export	MVMCOptimizers.abort_parallel	MVMCOptimizers.jl/src/MVMCOptimizers.jl:81	crates/mvmc-core/src/run.rs::collective_result	--features mpi and detected launcher; root-only stdout/output; no JULIA_MVMC_MPI env compatibility promise	executable bounded production mapping; independent scenario replay unverified	Rust collective Result<String> propagation intentionally replaces fatal abort; no process-abort semantic equivalence	Sampling/proposed moves/acceptance must remain exact; numerical comparisons only for computed values; no implicit rejection rollback claim	E0 source/API mapping; candidate contract gate, not executed by this inventory	J=8bb1b9e8ae47b1512c00b321be05664ddcac0fd1; source SHA256 MVMCOptimizers.jl/src/MVMCOptimizers.jl=eec5c87052ce316fd22b131cd8313976e65f2c5a8e49ec9f2ce672b70a6d1a47; C=extern/mVMC-1.3.0; independent expectation provenance must be read from named fixtures; no regeneration/run in documentation audit	NOT_AVAILABLE exact per-API assertion/launcher mapping; serial run_smoke/runner_config is not a collective gate	Required cell expansion: serial/world/group communicator;root0/nonroot;buffer dtype/shape or scalar type;2/4 ranks;empty payload where supported;MPI/BLAS provider and threads;source/binary revision;NOT_YET_CAPTURED per overload	UNVERIFIED individual API assertion/overload; generic serial candidate removed; #179 live records are not blanket API parity; live asymmetric failure/no-deadlock launch records require exact compiled revision	#177/#178/#179
A197	export	MVMCOptimizers.split_loop	MVMCOptimizers.jl/src/MVMCOptimizers.jl:81	crates/mvmc-core/src/parallel.rs::partition_range; tests/issue184_assertion_contracts.rs::original_julia_splitloop_eight_cases_match_c_for_every_rank	Optimization; real/cmp/FSZ; nsteps/nsmp; direct or standard CG; grouped direct within validator; grouped CG rejected	executable bounded production mapping; independent scenario replay unverified	C/Julia NSplitSize=group SIZE; current draft follows width/remainder and full-chain/comm1 measurement semantics; prior chain-length/burn-marker failures require fresh independent state verification; protocol success not parity; support validator distinguishes normal Green positives from FSZ/Lanczos/CG/OptTrans rejections	Sampling/proposed moves/acceptance must remain exact; numerical comparisons only for computed values; no implicit rejection rollback claim	E0 source/API mapping; candidate contract gate, not executed by this inventory	J=8bb1b9e8ae47b1512c00b321be05664ddcac0fd1; source SHA256 MVMCOptimizers.jl/src/MVMCOptimizers.jl=eec5c87052ce316fd22b131cd8313976e65f2c5a8e49ec9f2ce672b70a6d1a47; C=extern/mVMC-1.3.0; independent expectation provenance must be read from named fixtures; no regeneration/run in documentation audit	cargo nextest run -p mvmc-core --test issue184_assertion_contracts --cargo-profile test-fast --locked --no-fail-fast --retries 0	all8 original Julia length/size cases,every rank;1-based inclusive Julia view intentionally replaced by0-based half-open Rust;exact endpoints/empty	PASS focused analytical/synthetic contracts only: 6/6,0 skipped,exit0,0.006s; owner run 8687fb98-2035-4ff4-a43d-10b397562073; parent independent report b7e65ca3 exit0 6/6; Linux x86_64; test SHA256 ef828d7b76c1778dade2d528701fa4055a05c0b66362c37a99b294965e9c27cd; dirty shared source, not frozen full-workspace validation; Julia reference 8bb1b9e8ae47b1512c00b321be05664ddcac0fd1; C parameter.c SHA25646ad04622f4475337028cee633bd76ce318a6d5058d03f202b55204500399fb0; only partition contracts, not real MPI scheduling	#180/#179
A198	export	MVMCOptimizers.split_range	MVMCOptimizers.jl/src/MVMCOptimizers.jl:81	crates/mvmc-core/src/parallel.rs::partition_range; tests/issue184_assertion_contracts.rs::original_julia_splitloop_eight_cases_match_c_for_every_rank	Optimization; real/cmp/FSZ; nsteps/nsmp; direct or standard CG; grouped direct within validator; grouped CG rejected	executable bounded production mapping; independent scenario replay unverified	C/Julia NSplitSize=group SIZE; current draft follows width/remainder and full-chain/comm1 measurement semantics; prior chain-length/burn-marker failures require fresh independent state verification; protocol success not parity; support validator distinguishes normal Green positives from FSZ/Lanczos/CG/OptTrans rejections	Sampling/proposed moves/acceptance must remain exact; numerical comparisons only for computed values; no implicit rejection rollback claim	E0 source/API mapping; candidate contract gate, not executed by this inventory	J=8bb1b9e8ae47b1512c00b321be05664ddcac0fd1; source SHA256 MVMCOptimizers.jl/src/MVMCOptimizers.jl=eec5c87052ce316fd22b131cd8313976e65f2c5a8e49ec9f2ce672b70a6d1a47; C=extern/mVMC-1.3.0; independent expectation provenance must be read from named fixtures; no regeneration/run in documentation audit	cargo nextest run -p mvmc-core --test issue184_assertion_contracts --cargo-profile test-fast --locked --no-fail-fast --retries 0	all8 original Julia length/size cases,every rank;1-based inclusive Julia view intentionally replaced by0-based half-open Rust;exact endpoints/empty	PASS focused analytical/synthetic contracts only: 6/6,0 skipped,exit0,0.006s; owner run 8687fb98-2035-4ff4-a43d-10b397562073; parent independent report b7e65ca3 exit0 6/6; Linux x86_64; test SHA256 ef828d7b76c1778dade2d528701fa4055a05c0b66362c37a99b294965e9c27cd; dirty shared source, not frozen full-workspace validation; Julia reference 8bb1b9e8ae47b1512c00b321be05664ddcac0fd1; C parameter.c SHA25646ad04622f4475337028cee633bd76ce318a6d5058d03f202b55204500399fb0; only partition contracts, not real MPI scheduling	#180/#179
A199	export	MVMCOptimizers.qp_split_range	MVMCOptimizers.jl/src/MVMCOptimizers.jl:81	crates/mvmc-core/src/parallel.rs::group_range; crates/mvmc-core/src/parallel.rs::local_range	--features mpi and detected launcher; root-only stdout/output; no JULIA_MVMC_MPI env compatibility promise	executable bounded production mapping; independent scenario replay unverified	C/Julia NSplitSize=group SIZE; current draft follows width/remainder and full-chain/comm1 measurement semantics; prior chain-length/burn-marker failures require fresh independent state verification; protocol success not parity; support validator distinguishes normal Green positives from FSZ/Lanczos/CG/OptTrans rejections	Sampling/proposed moves/acceptance must remain exact; numerical comparisons only for computed values; no implicit rejection rollback claim	E0 source/API mapping; candidate contract gate, not executed by this inventory	J=8bb1b9e8ae47b1512c00b321be05664ddcac0fd1; source SHA256 MVMCOptimizers.jl/src/MVMCOptimizers.jl=eec5c87052ce316fd22b131cd8313976e65f2c5a8e49ec9f2ce672b70a6d1a47; C=extern/mVMC-1.3.0; independent expectation provenance must be read from named fixtures; no regeneration/run in documentation audit	NOT_AVAILABLE exact per-API assertion/launcher mapping; serial run_smoke/runner_config is not a collective gate	Required cell expansion: serial/world/group communicator;root0/nonroot;buffer dtype/shape or scalar type;2/4 ranks;empty payload where supported;MPI/BLAS provider and threads;source/binary revision;NOT_YET_CAPTURED per overload	UNVERIFIED individual API assertion/overload; generic serial candidate removed; #179 live records are not blanket API parity	#177/#178/#179
A200	export	MVMCOptimizers.allreduce_sum_scalar	MVMCOptimizers.jl/src/MVMCOptimizers.jl:82	crates/mvmc-core/src/mpi.rs::allreduce_sum_f64; crates/mvmc-core/src/mpi.rs::allreduce_sum_f64; crates/mvmc-core/src/reducer.rs::allreduce_sum_f64	Optimization; real/cmp/FSZ; nsteps/nsmp; direct or standard CG; grouped direct within validator; grouped CG rejected	executable bounded production mapping; independent scenario replay unverified	C trajectory/SR/input authority; Julia architecture; final optimization-window output differs from C (owner output gap)	Sampling/proposed moves/acceptance must remain exact; numerical comparisons only for computed values; no implicit rejection rollback claim	E0 source/API mapping; candidate contract gate, not executed by this inventory	J=8bb1b9e8ae47b1512c00b321be05664ddcac0fd1; source SHA256 MVMCOptimizers.jl/src/MVMCOptimizers.jl=eec5c87052ce316fd22b131cd8313976e65f2c5a8e49ec9f2ce672b70a6d1a47; C=extern/mVMC-1.3.0; independent expectation provenance must be read from named fixtures; no regeneration/run in documentation audit	NOT_AVAILABLE exact per-API assertion/launcher mapping; serial run_smoke/runner_config is not a collective gate	Required cell expansion: serial/world/group communicator;root0/nonroot;buffer dtype/shape or scalar type;2/4 ranks;empty payload where supported;MPI/BLAS provider and threads;source/binary revision;NOT_YET_CAPTURED per overload	UNVERIFIED individual API assertion/overload; generic serial candidate removed; #179 live records are not blanket API parity; real/complex scalar buffer replacement needs exact scalar assertions	#180/#179
A201	export	MVMCOptimizers.allreduce_max_scalar	MVMCOptimizers.jl/src/MVMCOptimizers.jl:82	NO standalone max-reduction API; Reducer::any_failure uses summed integer status, not max-value semantics	Optimization; real/cmp/FSZ; nsteps/nsmp; direct or standard CG; grouped direct within validator; grouped CG rejected	partial: no standalone Rust max scalar API	C trajectory/SR/input authority; Julia architecture; final optimization-window output differs from C (owner output gap)	Sampling/proposed moves/acceptance must remain exact; numerical comparisons only for computed values; no implicit rejection rollback claim	E0 source/API mapping; candidate contract gate, not executed by this inventory	J=8bb1b9e8ae47b1512c00b321be05664ddcac0fd1; source SHA256 MVMCOptimizers.jl/src/MVMCOptimizers.jl=eec5c87052ce316fd22b131cd8313976e65f2c5a8e49ec9f2ce672b70a6d1a47; C=extern/mVMC-1.3.0; independent expectation provenance must be read from named fixtures; no regeneration/run in documentation audit	NO_EXECUTABLE_GATE standalone max-scalar API absent	Julia serial integer max7 and MPI numeric maximum; any_failure sum cannot substitute	API_GAP/intentional scope decision pending; NOT_RUN; no invented generic verification command	#180/#179
A202	export	MVMCOptimizers.resolve_rnd_seed	MVMCOptimizers.jl/src/MVMCOptimizers.jl:82	prepare_phys_cal_from_namelist/_with_reducer -> resolve_seed_with_reducer; MpiGroupContext::seed_offset	Seed selection leaf: missing11272,zero0,positive123,explicit777 overrides123,negativeUnixsecond,base100+group3=103	Implemented public preparation path,typedReducer vsJulia fakecontext; no error/optimization/fullMPIseedmatrix proof in thisbatch	Cdefault11272,time(NULL) fornegative,groupoffset; explicitoverride Julia/RustAPI extension; no nativeCexecution/newRNGgolden	Actualprepared RNG words_consumed0/clone624; expectedSFMT initialized literalresolvedseed; not independentprimitivegolden/MCMC trajectory	E1 bounded six source-seedconditions M0562–M0567; broader #177root-clock/collective-error criteria separate	J8bb1b9e8ae47b1512c00b321be05664ddcac0fd1/testparallelSHAa2b582f61dc981c318f817fc0575cfadfdb8c93e34c5679aeaf7fdae48be5050; RusttestSHAfc0655a88fea7f6ed23f0547a0a322c38d4fd6fc62545e2da61ff7094751c2ae; snapshotbase70e525ac+onlynewtest manifest85842997498100be93e5c25b865ea70b6a071bbb66f6ff995dcd763d31e63681; handoffissue-179-parallel-literals.md	cargo nextest run --locked --cargo-profile test-fast -p mvmc-core --features mpi --test mpi_issue179_parallel_literals --no-fail-fast --retries 0; actual mpiexec -n4 binary --ignored --exact m0567_actual_mpi_group3_base100_is103 --nocapture	m0562_m0578_missing_seed_uses_parser_default11272;m0563_zero_seed_is_not_default_or_clock;m0564_positive_seed123;m0565_negative_seed_uses_positive_current_unix_seconds;m0566_explicit777_overrides_input123;m0567_actual_mpi_group3_base100_is103. CopiedofflineHeisenbergreal fixedfile;onlyRndSeedaltered; liveworld4/width1 allrankseeds100..103; LinuxMPICH4.2/Rust1.99/LP64OpenBLAS.26threads1	Owner7821 terminal0 tenPASS .052s/oneignored livecase,focusedallfeaturesClippy0; then world4 launch0 eachrank1PASS0fail0ignored .07s; binary3e4f0b0b5eea9d2b97db3ad9b45ba715d2809a6d219c66283e7f80c384ce1892/postchecks0. Sixseedleafs only; notparallel74/MPI87/#177completion; rankclocks/startdelays/grouped2ranks/errors notcoveredhere	#177/#184 mapping Chandra; Wegener literaltests/evidence; otherseed/failurematrix owners separate
A203	export	MVMCOptimizers.count_total_parameters	MVMCOptimizers.jl/src/MVMCOptimizers.jl:85	crates/mvmc-expert-parsers/src/types.rs::count_variational_parameters	Optimization; real/cmp/FSZ; nsteps/nsmp; direct or standard CG; grouped direct within validator; grouped CG rejected	executable bounded production mapping; independent scenario replay unverified	C trajectory/SR/input authority; Julia architecture; final optimization-window output differs from C (owner output gap)	Exact RNG/config/count/status/indices/flags and untouched copy tails; computed normalization/inverse values follow #190; no claimed full trajectory from snapshots	E0 source/API mapping; candidate contract gate, not executed by this inventory	J=8bb1b9e8ae47b1512c00b321be05664ddcac0fd1; source SHA256 MVMCOptimizers.jl/src/MVMCOptimizers.jl=eec5c87052ce316fd22b131cd8313976e65f2c5a8e49ec9f2ce672b70a6d1a47; C=extern/mVMC-1.3.0; independent expectation provenance must be read from named fixtures; no regeneration/run in documentation audit	cargo nextest run --locked --cargo-profile test-fast -p mvmc-core --test run_smoke --test runner_config --no-fail-fast --retries 0	API arguments/overloads at listed source lines; run settings/seeds not applicable to source inspection; candidate gate settings per test; no new reference runtime	UNVERIFIED independent API replay; related local runner records R76/R43/R4/LR/LC do not establish every overload	#180/#179
A204	export	MVMCOptimizers.pack_parameters	MVMCOptimizers.jl/src/MVMCOptimizers.jl:85	crates/mvmc-core/src/sync.rs::pack_variational_parameters	Optimization; real/cmp/FSZ; nsteps/nsmp; direct or standard CG; grouped direct within validator; grouped CG rejected	executable bounded production mapping; independent scenario replay unverified	C trajectory/SR/input authority; Julia architecture; final optimization-window output differs from C (owner output gap)	Sampling/proposed moves/acceptance must remain exact; numerical comparisons only for computed values; no implicit rejection rollback claim	E0 source/API mapping; candidate contract gate, not executed by this inventory	J=8bb1b9e8ae47b1512c00b321be05664ddcac0fd1; source SHA256 MVMCOptimizers.jl/src/MVMCOptimizers.jl=eec5c87052ce316fd22b131cd8313976e65f2c5a8e49ec9f2ce672b70a6d1a47; C=extern/mVMC-1.3.0; independent expectation provenance must be read from named fixtures; no regeneration/run in documentation audit	cargo nextest run --locked --cargo-profile test-fast -p mvmc-core --test run_smoke --test runner_config --no-fail-fast --retries 0	API arguments/overloads at listed source lines; run settings/seeds not applicable to source inspection; candidate gate settings per test; no new reference runtime	UNVERIFIED independent API replay; related local runner records R76/R43/R4/LR/LC do not establish every overload	#180/#179
A205	export	MVMCOptimizers.unpack_parameters!	MVMCOptimizers.jl/src/MVMCOptimizers.jl:85	crates/mvmc-core/src/sync.rs::unpack_variational_parameters	Optimization; real/cmp/FSZ; nsteps/nsmp; direct or standard CG; grouped direct within validator; grouped CG rejected	executable bounded production mapping; independent scenario replay unverified	C trajectory/SR/input authority; Julia architecture; final optimization-window output differs from C (owner output gap)	Sampling/proposed moves/acceptance must remain exact; numerical comparisons only for computed values; no implicit rejection rollback claim	E0 source/API mapping; candidate contract gate, not executed by this inventory	J=8bb1b9e8ae47b1512c00b321be05664ddcac0fd1; source SHA256 MVMCOptimizers.jl/src/MVMCOptimizers.jl=eec5c87052ce316fd22b131cd8313976e65f2c5a8e49ec9f2ce672b70a6d1a47; C=extern/mVMC-1.3.0; independent expectation provenance must be read from named fixtures; no regeneration/run in documentation audit	cargo nextest run --locked --cargo-profile test-fast -p mvmc-core --test run_smoke --test runner_config --no-fail-fast --retries 0	API arguments/overloads at listed source lines; run settings/seeds not applicable to source inspection; candidate gate settings per test; no new reference runtime	UNVERIFIED independent API replay; related local runner records R76/R43/R4/LR/LC do not establish every overload	#180/#179
A206	export	MVMCOptimizers.set_parameter_value!	MVMCOptimizers.jl/src/MVMCOptimizers.jl:85	crates/mvmc-core/src/sr.rs::update_parameter_value	Optimization; real/cmp/FSZ; nsteps/nsmp; direct or standard CG; grouped direct within validator; grouped CG rejected	executable bounded production mapping; independent scenario replay unverified	C trajectory/SR/input authority; Julia architecture; final optimization-window output differs from C (owner output gap)	Sampling/proposed moves/acceptance must remain exact; numerical comparisons only for computed values; no implicit rejection rollback claim	E0 source/API mapping; candidate contract gate, not executed by this inventory	J=8bb1b9e8ae47b1512c00b321be05664ddcac0fd1; source SHA256 MVMCOptimizers.jl/src/MVMCOptimizers.jl=eec5c87052ce316fd22b131cd8313976e65f2c5a8e49ec9f2ce672b70a6d1a47; C=extern/mVMC-1.3.0; independent expectation provenance must be read from named fixtures; no regeneration/run in documentation audit	cargo nextest run --locked --cargo-profile test-fast -p mvmc-core --test run_smoke --test runner_config --no-fail-fast --retries 0	API arguments/overloads at listed source lines; run settings/seeds not applicable to source inspection; candidate gate settings per test; no new reference runtime	UNVERIFIED independent API replay; related local runner records R76/R43/R4/LR/LC do not establish every overload	#180/#179
A207	export	MVMCOptimizers.get_parameter_value	MVMCOptimizers.jl/src/MVMCOptimizers.jl:85	ExpertModeData::{projection_parameters,rbm_parameters} and slater_params/opt_trans fields; NO standalone indexed get_parameter_value API	Optimization; real/cmp/FSZ; nsteps/nsmp; direct or standard CG; grouped direct within validator; grouped CG rejected	partial architectural mapping; indexed convenience API absent	C trajectory/SR/input authority; Julia architecture; final optimization-window output differs from C (owner output gap)	Sampling/proposed moves/acceptance must remain exact; numerical comparisons only for computed values; no implicit rejection rollback claim	E0 source/API mapping; candidate contract gate, not executed by this inventory	J=8bb1b9e8ae47b1512c00b321be05664ddcac0fd1; source SHA256 MVMCOptimizers.jl/src/MVMCOptimizers.jl=eec5c87052ce316fd22b131cd8313976e65f2c5a8e49ec9f2ce672b70a6d1a47; C=extern/mVMC-1.3.0; independent expectation provenance must be read from named fixtures; no regeneration/run in documentation audit	cargo nextest run --locked --cargo-profile test-fast -p mvmc-core --test run_smoke --test runner_config --no-fail-fast --retries 0	API arguments/overloads at listed source lines; run settings/seeds not applicable to source inspection; candidate gate settings per test; no new reference runtime	UNVERIFIED independent API replay; related local runner records R76/R43/R4/LR/LC do not establish every overload	#180/#179
A208	export	MVMCOptimizers.vmc_para_opt!	MVMCOptimizers.jl/src/MVMCOptimizers.jl:85	crates/mvmc-core/src/run.rs::vmc_para_opt	Optimization; real/cmp/FSZ; nsteps/nsmp; direct or standard CG; grouped direct within validator; grouped CG rejected	executable bounded production mapping; independent scenario replay unverified	C trajectory/SR/input authority; Julia architecture; final optimization-window output differs from C (owner output gap)	Sampling/proposed moves/acceptance must remain exact; numerical comparisons only for computed values; no implicit rejection rollback claim	E0 source/API mapping; candidate contract gate, not executed by this inventory	J=8bb1b9e8ae47b1512c00b321be05664ddcac0fd1; source SHA256 MVMCOptimizers.jl/src/MVMCOptimizers.jl=eec5c87052ce316fd22b131cd8313976e65f2c5a8e49ec9f2ce672b70a6d1a47; C=extern/mVMC-1.3.0; independent expectation provenance must be read from named fixtures; no regeneration/run in documentation audit	cargo nextest run --locked --cargo-profile test-fast -p mvmc-core --test run_smoke --test runner_config --no-fail-fast --retries 0	API arguments/overloads at listed source lines; run settings/seeds not applicable to source inspection; candidate gate settings per test; no new reference runtime	UNVERIFIED independent API replay; related local runner records R76/R43/R4/LR/LC do not establish every overload	#180/#179
A209	export	MVMCOptimizers.vmc_phys_cal!	MVMCOptimizers.jl/src/MVMCOptimizers.jl:87	crates/mvmc-core/src/run.rs::vmc_phys_cal; crates/mvmc-core/src/run.rs::vmc_phys_cal_in_place (single borrowed production core; retains state/RNG on Err)	--physcal PATH; serial normal/FSZ; grouped normal Green accepted; grouped FSZ/Lanczos/OptTrans multi-sector rejected; callback library-only	executable bounded production mapping; independent scenario replay unverified	C fixed restore and indexed output authoritative; Julia shared out/var lifecycle differs; factored pairs single ordered row; Goodall owns io.rs repair	Sampling/proposed moves/acceptance must remain exact; numerical comparisons only for computed values; no implicit rejection rollback claim	E0 source/API mapping; candidate contract gate, not executed by this inventory	tests/fixtures/physcal_callbacks_175 and physcal_181/two-samples; Julia1.13.1 pinned manifest/OpenBLAS0.3.30 ILP64; C contracts authoritative; new records NOT full native-C trajectory	cargo nextest run -p mvmc-core --test physcal_callback_reference --cargo-profile test-fast --locked --no-fail-fast --retries 0	seed1;normal real/cmp/FSZ;labelled C-phase-order OptTrans;two samples indexes0/1,status0;non-InterAll hopping/intra and exchange/spin Lanczos1/2;actual final/Err next624 and words_consumed;coefficients/flags/config/error file boundaries	PASS 12/12,0skip,exit0,260.539s frozen temporary target physcal_callback_reference_counter_checkpoint; run032e99ef-5c40-4afd-a050-fb65da667bf4; byte-identical source SHA6c6267569280044c1c0dbbc61d8eb2357dea6401c261741974f609e7fb7f1fd9; exact command/production snapshot/fixture provenance in tests/fixtures/physcal_callbacks_175/VALIDATION.txt; remaining gap real MPI collective failure/trajectory and full dependent production validation; not every overload	#174/#175/#178/#181/#179
A210	export	MVMCOptimizers.run_para_opt_from_namelist	MVMCOptimizers.jl/src/MVMCOptimizers.jl:87	crates/mvmc-core/src/run.rs::run_para_opt_from_namelist	Optimization; real/cmp/FSZ; nsteps/nsmp; direct or standard CG; grouped direct within validator; grouped CG rejected	executable bounded production mapping; independent scenario replay unverified	C trajectory/SR/input authority; Julia architecture; final optimization-window output differs from C (owner output gap)	Sampling/proposed moves/acceptance must remain exact; numerical comparisons only for computed values; no implicit rejection rollback claim	E0 source/API mapping; candidate contract gate, not executed by this inventory	J=8bb1b9e8ae47b1512c00b321be05664ddcac0fd1; source SHA256 MVMCOptimizers.jl/src/MVMCOptimizers.jl=eec5c87052ce316fd22b131cd8313976e65f2c5a8e49ec9f2ce672b70a6d1a47; C=extern/mVMC-1.3.0; independent expectation provenance must be read from named fixtures; no regeneration/run in documentation audit	cargo nextest run --locked --cargo-profile test-fast -p mvmc-core --test run_smoke --test runner_config --no-fail-fast --retries 0	API arguments/overloads at listed source lines; run settings/seeds not applicable to source inspection; candidate gate settings per test; no new reference runtime	UNVERIFIED independent API replay; related local runner records R76/R43/R4/LR/LC do not establish every overload	#180/#179
A211	export	MVMCOptimizers.run_phys_cal_from_namelist	MVMCOptimizers.jl/src/MVMCOptimizers.jl:88	crates/mvmc-core/src/run.rs::prepare_phys_cal_from_namelist; crates/mvmc-core/src/run.rs::vmc_phys_cal_with_reducer; crates/mvmc-core/src/run.rs::vmc_phys_cal_in_place (single borrowed production core; retains state/RNG on Err)	--physcal PATH; serial normal/FSZ; grouped normal Green accepted; grouped FSZ/Lanczos/OptTrans multi-sector rejected; callback library-only	executable bounded production mapping; independent scenario replay unverified	C fixed restore and indexed output authoritative; Julia shared out/var lifecycle differs; factored pairs single ordered row; Goodall owns io.rs repair	Sampling/proposed moves/acceptance must remain exact; numerical comparisons only for computed values; no implicit rejection rollback claim	E0 source/API mapping; candidate contract gate, not executed by this inventory	J=8bb1b9e8ae47b1512c00b321be05664ddcac0fd1; source SHA256 MVMCOptimizers.jl/src/MVMCOptimizers.jl=eec5c87052ce316fd22b131cd8313976e65f2c5a8e49ec9f2ce672b70a6d1a47; C=extern/mVMC-1.3.0; independent expectation provenance must be read from named fixtures; no regeneration/run in documentation audit	cargo nextest run -p mvmc-core --test issue184_assertion_contracts --cargo-profile test-fast --locked --no-fail-fast --retries 0	mode=bogus;both input paths nonexistent;seed1;exact invalid-mode diagnostic precedes I/O	PASS focused analytical/synthetic contracts only: 6/6,0 skipped,exit0,0.006s; owner run 8687fb98-2035-4ff4-a43d-10b397562073; parent independent report b7e65ca3 exit0 6/6; Linux x86_64; test SHA256 ef828d7b76c1778dade2d528701fa4055a05c0b66362c37a99b294965e9c27cd; dirty shared source, not frozen full-workspace validation; Julia reference 8bb1b9e8ae47b1512c00b321be05664ddcac0fd1; C parameter.c SHA25646ad04622f4475337028cee633bd76ce318a6d5058d03f202b55204500399fb0; only argument precedence covered here; successful prepared/core calls use independent callback fixture ledger; omitted fixed argument is Rust compile-time difference; real MPI UNVERIFIED	#174/#175/#178/#181/#179
A212	export	MVMCOptimizers.read_initial_def!	MVMCOptimizers.jl/src/MVMCOptimizers.jl:89	crates/mvmc-core/src/initial_params.rs::read_initial_def	Optimization; real/cmp/FSZ; nsteps/nsmp; direct or standard CG; grouped direct within validator; grouped CG rejected	executable bounded production mapping; independent scenario replay unverified	C trajectory/SR/input authority; Julia architecture; final optimization-window output differs from C (owner output gap)	Sampling/proposed moves/acceptance must remain exact; numerical comparisons only for computed values; no implicit rejection rollback claim	E0 source/API mapping; candidate contract gate, not executed by this inventory	J=8bb1b9e8ae47b1512c00b321be05664ddcac0fd1; source SHA256 MVMCOptimizers.jl/src/MVMCOptimizers.jl=eec5c87052ce316fd22b131cd8313976e65f2c5a8e49ec9f2ce672b70a6d1a47; C=extern/mVMC-1.3.0; independent expectation provenance must be read from named fixtures; no regeneration/run in documentation audit	cargo nextest run --locked --cargo-profile test-fast -p mvmc-core --test run_smoke --test runner_config --no-fail-fast --retries 0	API arguments/overloads at listed source lines; run settings/seeds not applicable to source inspection; candidate gate settings per test; no new reference runtime	UNVERIFIED independent API replay; related local runner records R76/R43/R4/LR/LC do not establish every overload	#180/#179
A213	export	MVMCOptimizers.read_opt_para_file!	MVMCOptimizers.jl/src/MVMCOptimizers.jl:90	crates/mvmc-core/src/initial_params.rs::read_opt_para_file	Runner initialization/SR; initial.def auto|none|path; --physcal fixed record plus explicit In overlays	executable bounded production mapping; independent scenario replay unverified	C declared parameter slots + post-SR gauge shifts; PhysCal disables correlation shifts; Julia inferred layouts/normalization may differ	Sampling/proposed moves/acceptance must remain exact; numerical comparisons only for computed values; no implicit rejection rollback claim	E0 source/API mapping; candidate contract gate, not executed by this inventory	J=8bb1b9e8ae47b1512c00b321be05664ddcac0fd1; source SHA256 MVMCOptimizers.jl/src/MVMCOptimizers.jl=eec5c87052ce316fd22b131cd8313976e65f2c5a8e49ec9f2ce672b70a6d1a47; C=extern/mVMC-1.3.0; independent expectation provenance must be read from named fixtures; no regeneration/run in documentation audit	cargo nextest run --locked --cargo-profile test-fast -p mvmc-core --test initial_params --no-fail-fast --retries 0	API arguments/overloads at listed source lines; run settings/seeds not applicable to source inspection; candidate gate settings per test; no new reference runtime	UNVERIFIED independent API replay; related local runner records R76/R43/R4/LR/LC do not establish every overload	#180/#181/#184
A214	export	PfaPack.pfaffian_ltl!	PfaPack.jl/src/PfaPack.jl:23	crates/pfapack/src/pfaffian.rs::pfaffian_ltl_real; crates/pfapack/src/pfaffian.rs::pfaffian_ltl_complex	No standalone kernel CLI; normal/FSZ runners use pure Rust kernels	executable bounded production mapping; independent scenario replay unverified	C PFAPACK algorithm/signs/order; Julia Fortran/C adapters are reference aids, not Rust FFI requirements	Sampling/proposed moves/acceptance must remain exact; numerical comparisons only for computed values; no implicit rejection rollback claim	E0 source/API mapping; candidate contract gate, not executed by this inventory	J=8bb1b9e8ae47b1512c00b321be05664ddcac0fd1; source SHA256 PfaPack.jl/src/PfaPack.jl=07e321f9f8598f6898071a0fd4340e6a004cb05eb036932f88da5488e572a679; C=extern/mVMC-1.3.0; independent expectation provenance must be read from named fixtures; no regeneration/run in documentation audit	cargo nextest run --locked --cargo-profile test-fast -p pfapack --no-fail-fast --retries 0	API arguments/overloads at listed source lines; run settings/seeds not applicable to source inspection; candidate gate settings per test; no new reference runtime	UNVERIFIED independent API replay; related local runner records R76/R43/R4/LR/LC do not establish every overload	#176/#182/#184
A215	export	PfaPack.julia_zsktf2!	PfaPack.jl/src/PfaPack.jl:26	crates/pfapack/src/ltl.rs::zsktf2	No standalone kernel CLI; normal/FSZ runners use pure Rust kernels	executable bounded production mapping; independent scenario replay unverified	C PFAPACK algorithm/signs/order; Julia Fortran/C adapters are reference aids, not Rust FFI requirements	Sampling/proposed moves/acceptance must remain exact; numerical comparisons only for computed values; no implicit rejection rollback claim	E0 source/API mapping; candidate contract gate, not executed by this inventory	J=8bb1b9e8ae47b1512c00b321be05664ddcac0fd1; source SHA256 PfaPack.jl/src/PfaPack.jl=07e321f9f8598f6898071a0fd4340e6a004cb05eb036932f88da5488e572a679; C=extern/mVMC-1.3.0; independent expectation provenance must be read from named fixtures; no regeneration/run in documentation audit	cargo nextest run --locked --cargo-profile test-fast -p pfapack --no-fail-fast --retries 0	API arguments/overloads at listed source lines; run settings/seeds not applicable to source inspection; candidate gate settings per test; no new reference runtime	UNVERIFIED independent API replay; related local runner records R76/R43/R4/LR/LC do not establish every overload	#176/#182/#184
A216	export	PfaPack.julia_dsktf2!	PfaPack.jl/src/PfaPack.jl:26	crates/pfapack/src/ltl.rs::dsktf2	No standalone kernel CLI; normal/FSZ runners use pure Rust kernels	executable bounded production mapping; independent scenario replay unverified	C PFAPACK algorithm/signs/order; Julia Fortran/C adapters are reference aids, not Rust FFI requirements	Sampling/proposed moves/acceptance must remain exact; numerical comparisons only for computed values; no implicit rejection rollback claim	E0 source/API mapping; candidate contract gate, not executed by this inventory	J=8bb1b9e8ae47b1512c00b321be05664ddcac0fd1; source SHA256 PfaPack.jl/src/PfaPack.jl=07e321f9f8598f6898071a0fd4340e6a004cb05eb036932f88da5488e572a679; C=extern/mVMC-1.3.0; independent expectation provenance must be read from named fixtures; no regeneration/run in documentation audit	cargo nextest run --locked --cargo-profile test-fast -p pfapack --no-fail-fast --retries 0	API arguments/overloads at listed source lines; run settings/seeds not applicable to source inspection; candidate gate settings per test; no new reference runtime	UNVERIFIED independent API replay; related local runner records R76/R43/R4/LR/LC do not establish every overload	#176/#182/#184
A217	export	PfaPack.julia_zsktf2_turbo!	PfaPack.jl/src/PfaPack.jl:26	crates/pfapack/src/ltl.rs::zsktf2_turbo	No standalone kernel CLI; normal/FSZ runners use pure Rust kernels	executable bounded production mapping; independent scenario replay unverified	C PFAPACK algorithm/signs/order; Julia Fortran/C adapters are reference aids, not Rust FFI requirements	Sampling/proposed moves/acceptance must remain exact; numerical comparisons only for computed values; no implicit rejection rollback claim	E0 source/API mapping; candidate contract gate, not executed by this inventory	J=8bb1b9e8ae47b1512c00b321be05664ddcac0fd1; source SHA256 PfaPack.jl/src/PfaPack.jl=07e321f9f8598f6898071a0fd4340e6a004cb05eb036932f88da5488e572a679; C=extern/mVMC-1.3.0; independent expectation provenance must be read from named fixtures; no regeneration/run in documentation audit	cargo nextest run --locked --cargo-profile test-fast -p pfapack --no-fail-fast --retries 0	API arguments/overloads at listed source lines; run settings/seeds not applicable to source inspection; candidate gate settings per test; no new reference runtime	UNVERIFIED independent API replay; related local runner records R76/R43/R4/LR/LC do not establish every overload	#176/#182/#184
A218	export	PfaPack.utu2pfa	PfaPack.jl/src/PfaPack.jl:29	crates/pfapack/src/utu2.rs::utu2pfa_real; crates/pfapack/src/utu2.rs::utu2pfa_complex	No standalone kernel CLI; normal/FSZ runners use pure Rust kernels	executable bounded production mapping; independent scenario replay unverified	C PFAPACK algorithm/signs/order; Julia Fortran/C adapters are reference aids, not Rust FFI requirements	Sampling/proposed moves/acceptance must remain exact; numerical comparisons only for computed values; no implicit rejection rollback claim	E0 source/API mapping; candidate contract gate, not executed by this inventory	J=8bb1b9e8ae47b1512c00b321be05664ddcac0fd1; source SHA256 PfaPack.jl/src/PfaPack.jl=07e321f9f8598f6898071a0fd4340e6a004cb05eb036932f88da5488e572a679; C=extern/mVMC-1.3.0; independent expectation provenance must be read from named fixtures; no regeneration/run in documentation audit	cargo nextest run --locked --cargo-profile test-fast -p pfapack --no-fail-fast --retries 0	API arguments/overloads at listed source lines; run settings/seeds not applicable to source inspection; candidate gate settings per test; no new reference runtime	UNVERIFIED independent API replay; related local runner records R76/R43/R4/LR/LC do not establish every overload	#176/#182/#184
A219	export	PfaPack.utu2inv!	PfaPack.jl/src/PfaPack.jl:29	crates/pfapack/src/utu2.rs::utu2inv_real; crates/pfapack/src/utu2.rs::utu2inv_complex	No standalone kernel CLI; normal/FSZ runners use pure Rust kernels	executable bounded production mapping; independent scenario replay unverified	C PFAPACK algorithm/signs/order; Julia Fortran/C adapters are reference aids, not Rust FFI requirements	Sampling/proposed moves/acceptance must remain exact; numerical comparisons only for computed values; no implicit rejection rollback claim	E0 source/API mapping; candidate contract gate, not executed by this inventory	J=8bb1b9e8ae47b1512c00b321be05664ddcac0fd1; source SHA256 PfaPack.jl/src/PfaPack.jl=07e321f9f8598f6898071a0fd4340e6a004cb05eb036932f88da5488e572a679; C=extern/mVMC-1.3.0; independent expectation provenance must be read from named fixtures; no regeneration/run in documentation audit	cargo nextest run --locked --cargo-profile test-fast -p pfapack --no-fail-fast --retries 0	API arguments/overloads at listed source lines; run settings/seeds not applicable to source inspection; candidate gate settings per test; no new reference runtime	UNVERIFIED independent API replay; related local runner records R76/R43/R4/LR/LC do not establish every overload	#176/#182/#184
A220	export	PfaPack.fimpl_zsktf2!	PfaPack.jl/src/PfaPack.jl:32	NO FFI adapter by design; pure Rust pfapack::{dsktf2,zsktf2,utu2inv_real,utu2inv_complex}	No standalone kernel CLI; normal/FSZ runners use pure Rust kernels	excluded reference FFI adapter; pure Rust kernel counterpart exists	C PFAPACK algorithm/signs/order; Julia Fortran/C adapters are reference aids, not Rust FFI requirements	Sampling/proposed moves/acceptance must remain exact; numerical comparisons only for computed values; no implicit rejection rollback claim	E0 source/API mapping; candidate contract gate, not executed by this inventory	J=8bb1b9e8ae47b1512c00b321be05664ddcac0fd1; source SHA256 PfaPack.jl/src/PfaPack.jl=07e321f9f8598f6898071a0fd4340e6a004cb05eb036932f88da5488e572a679; C=extern/mVMC-1.3.0; independent expectation provenance must be read from named fixtures; no regeneration/run in documentation audit	cargo nextest run --locked --cargo-profile test-fast -p pfapack --no-fail-fast --retries 0	API arguments/overloads at listed source lines; run settings/seeds not applicable to source inspection; candidate gate settings per test; no new reference runtime	UNVERIFIED independent API replay; related local runner records R76/R43/R4/LR/LC do not establish every overload	#176/#182/#184
A221	export	PfaPack.fimpl_dsktf2!	PfaPack.jl/src/PfaPack.jl:32	NO FFI adapter by design; pure Rust pfapack::{dsktf2,zsktf2,utu2inv_real,utu2inv_complex}	No standalone kernel CLI; normal/FSZ runners use pure Rust kernels	excluded reference FFI adapter; pure Rust kernel counterpart exists	C PFAPACK algorithm/signs/order; Julia Fortran/C adapters are reference aids, not Rust FFI requirements	Sampling/proposed moves/acceptance must remain exact; numerical comparisons only for computed values; no implicit rejection rollback claim	E0 source/API mapping; candidate contract gate, not executed by this inventory	J=8bb1b9e8ae47b1512c00b321be05664ddcac0fd1; source SHA256 PfaPack.jl/src/PfaPack.jl=07e321f9f8598f6898071a0fd4340e6a004cb05eb036932f88da5488e572a679; C=extern/mVMC-1.3.0; independent expectation provenance must be read from named fixtures; no regeneration/run in documentation audit	cargo nextest run --locked --cargo-profile test-fast -p pfapack --no-fail-fast --retries 0	API arguments/overloads at listed source lines; run settings/seeds not applicable to source inspection; candidate gate settings per test; no new reference runtime	UNVERIFIED independent API replay; related local runner records R76/R43/R4/LR/LC do not establish every overload	#176/#182/#184
A222	export	PfaPack.cimpl_utu2inv!	PfaPack.jl/src/PfaPack.jl:35	NO FFI adapter by design; pure Rust pfapack::{dsktf2,zsktf2,utu2inv_real,utu2inv_complex}	No standalone kernel CLI; normal/FSZ runners use pure Rust kernels	excluded reference FFI adapter; pure Rust kernel counterpart exists	C PFAPACK algorithm/signs/order; Julia Fortran/C adapters are reference aids, not Rust FFI requirements	Sampling/proposed moves/acceptance must remain exact; numerical comparisons only for computed values; no implicit rejection rollback claim	E0 source/API mapping; candidate contract gate, not executed by this inventory	J=8bb1b9e8ae47b1512c00b321be05664ddcac0fd1; source SHA256 PfaPack.jl/src/PfaPack.jl=07e321f9f8598f6898071a0fd4340e6a004cb05eb036932f88da5488e572a679; C=extern/mVMC-1.3.0; independent expectation provenance must be read from named fixtures; no regeneration/run in documentation audit	cargo nextest run --locked --cargo-profile test-fast -p pfapack --no-fail-fast --retries 0	API arguments/overloads at listed source lines; run settings/seeds not applicable to source inspection; candidate gate settings per test; no new reference runtime	UNVERIFIED independent API replay; related local runner records R76/R43/R4/LR/LC do not establish every overload	#176/#182/#184
A223	export	PfaPack.LTLDecomposition.julia_zsktf2!	PfaPack.jl/src/ltl_decomposition.jl:19	crates/pfapack/src/ltl.rs::zsktf2	No standalone kernel CLI; normal/FSZ runners use pure Rust kernels	executable bounded production mapping; independent scenario replay unverified	C PFAPACK algorithm/signs/order; Julia Fortran/C adapters are reference aids, not Rust FFI requirements	Sampling/proposed moves/acceptance must remain exact; numerical comparisons only for computed values; no implicit rejection rollback claim	E0 source/API mapping; candidate contract gate, not executed by this inventory	J=8bb1b9e8ae47b1512c00b321be05664ddcac0fd1; source SHA256 PfaPack.jl/src/ltl_decomposition.jl=b651376e24c08677fde11b7b80c9f302877ecbefff55353ad146e6532fba5ae0; C=extern/mVMC-1.3.0; independent expectation provenance must be read from named fixtures; no regeneration/run in documentation audit	cargo nextest run --locked --cargo-profile test-fast -p pfapack --no-fail-fast --retries 0	API arguments/overloads at listed source lines; run settings/seeds not applicable to source inspection; candidate gate settings per test; no new reference runtime	UNVERIFIED independent API replay; related local runner records R76/R43/R4/LR/LC do not establish every overload	#176/#182/#184
A224	export	PfaPack.LTLDecomposition.julia_dsktf2!	PfaPack.jl/src/ltl_decomposition.jl:19	crates/pfapack/src/ltl.rs::dsktf2	No standalone kernel CLI; normal/FSZ runners use pure Rust kernels	executable bounded production mapping; independent scenario replay unverified	C PFAPACK algorithm/signs/order; Julia Fortran/C adapters are reference aids, not Rust FFI requirements	Sampling/proposed moves/acceptance must remain exact; numerical comparisons only for computed values; no implicit rejection rollback claim	E0 source/API mapping; candidate contract gate, not executed by this inventory	J=8bb1b9e8ae47b1512c00b321be05664ddcac0fd1; source SHA256 PfaPack.jl/src/ltl_decomposition.jl=b651376e24c08677fde11b7b80c9f302877ecbefff55353ad146e6532fba5ae0; C=extern/mVMC-1.3.0; independent expectation provenance must be read from named fixtures; no regeneration/run in documentation audit	cargo nextest run --locked --cargo-profile test-fast -p pfapack --no-fail-fast --retries 0	API arguments/overloads at listed source lines; run settings/seeds not applicable to source inspection; candidate gate settings per test; no new reference runtime	UNVERIFIED independent API replay; related local runner records R76/R43/R4/LR/LC do not establish every overload	#176/#182/#184
A225	export	PfaPack.LTLDecomposition.julia_zsktf2_turbo!	PfaPack.jl/src/ltl_decomposition.jl:19	crates/pfapack/src/ltl.rs::zsktf2_turbo	No standalone kernel CLI; normal/FSZ runners use pure Rust kernels	executable bounded production mapping; independent scenario replay unverified	C PFAPACK algorithm/signs/order; Julia Fortran/C adapters are reference aids, not Rust FFI requirements	Sampling/proposed moves/acceptance must remain exact; numerical comparisons only for computed values; no implicit rejection rollback claim	E0 source/API mapping; candidate contract gate, not executed by this inventory	J=8bb1b9e8ae47b1512c00b321be05664ddcac0fd1; source SHA256 PfaPack.jl/src/ltl_decomposition.jl=b651376e24c08677fde11b7b80c9f302877ecbefff55353ad146e6532fba5ae0; C=extern/mVMC-1.3.0; independent expectation provenance must be read from named fixtures; no regeneration/run in documentation audit	cargo nextest run --locked --cargo-profile test-fast -p pfapack --no-fail-fast --retries 0	API arguments/overloads at listed source lines; run settings/seeds not applicable to source inspection; candidate gate settings per test; no new reference runtime	UNVERIFIED independent API replay; related local runner records R76/R43/R4/LR/LC do not establish every overload	#176/#182/#184
A226	export	PfaPack.Pfaffian.pfaffian_ltl!	PfaPack.jl/src/pfaffian.jl:16	crates/pfapack/src/pfaffian.rs::pfaffian_ltl_real; crates/pfapack/src/pfaffian.rs::pfaffian_ltl_complex	No standalone kernel CLI; normal/FSZ runners use pure Rust kernels	executable bounded production mapping; independent scenario replay unverified	C PFAPACK algorithm/signs/order; Julia Fortran/C adapters are reference aids, not Rust FFI requirements	Sampling/proposed moves/acceptance must remain exact; numerical comparisons only for computed values; no implicit rejection rollback claim	E0 source/API mapping; candidate contract gate, not executed by this inventory	J=8bb1b9e8ae47b1512c00b321be05664ddcac0fd1; source SHA256 PfaPack.jl/src/pfaffian.jl=8bacaadb82d23ac579525dd56e44b8f54d292eea827c5a53a1c100c107c8b256; C=extern/mVMC-1.3.0; independent expectation provenance must be read from named fixtures; no regeneration/run in documentation audit	cargo nextest run --locked --cargo-profile test-fast -p pfapack --no-fail-fast --retries 0	API arguments/overloads at listed source lines; run settings/seeds not applicable to source inspection; candidate gate settings per test; no new reference runtime	UNVERIFIED independent API replay; related local runner records R76/R43/R4/LR/LC do not establish every overload	#176/#182/#184
A227	export	PfaPack.Utu2.utu2pfa	PfaPack.jl/src/utu2.jl:32	crates/pfapack/src/utu2.rs::utu2pfa_real; crates/pfapack/src/utu2.rs::utu2pfa_complex	No standalone kernel CLI; normal/FSZ runners use pure Rust kernels	executable bounded production mapping; independent scenario replay unverified	C PFAPACK algorithm/signs/order; Julia Fortran/C adapters are reference aids, not Rust FFI requirements	Sampling/proposed moves/acceptance must remain exact; numerical comparisons only for computed values; no implicit rejection rollback claim	E0 source/API mapping; candidate contract gate, not executed by this inventory	J=8bb1b9e8ae47b1512c00b321be05664ddcac0fd1; source SHA256 PfaPack.jl/src/utu2.jl=1352a3edbc413611ad99877ea32f7faf5e54e003f9a3fa088f8dbdbdb2723a43; C=extern/mVMC-1.3.0; independent expectation provenance must be read from named fixtures; no regeneration/run in documentation audit	cargo nextest run --locked --cargo-profile test-fast -p pfapack --no-fail-fast --retries 0	API arguments/overloads at listed source lines; run settings/seeds not applicable to source inspection; candidate gate settings per test; no new reference runtime	UNVERIFIED independent API replay; related local runner records R76/R43/R4/LR/LC do not establish every overload	#176/#182/#184
A228	export	PfaPack.Utu2.utu2inv!	PfaPack.jl/src/utu2.jl:32	crates/pfapack/src/utu2.rs::utu2inv_real; crates/pfapack/src/utu2.rs::utu2inv_complex	No standalone kernel CLI; normal/FSZ runners use pure Rust kernels	executable bounded production mapping; independent scenario replay unverified	C PFAPACK algorithm/signs/order; Julia Fortran/C adapters are reference aids, not Rust FFI requirements	Sampling/proposed moves/acceptance must remain exact; numerical comparisons only for computed values; no implicit rejection rollback claim	E0 source/API mapping; candidate contract gate, not executed by this inventory	J=8bb1b9e8ae47b1512c00b321be05664ddcac0fd1; source SHA256 PfaPack.jl/src/utu2.jl=1352a3edbc413611ad99877ea32f7faf5e54e003f9a3fa088f8dbdbdb2723a43; C=extern/mVMC-1.3.0; independent expectation provenance must be read from named fixtures; no regeneration/run in documentation audit	cargo nextest run --locked --cargo-profile test-fast -p pfapack --no-fail-fast --retries 0	API arguments/overloads at listed source lines; run settings/seeds not applicable to source inspection; candidate gate settings per test; no new reference runtime	UNVERIFIED independent API replay; related local runner records R76/R43/R4/LR/LC do not establish every overload	#176/#182/#184
A229	export	SFMT.init_gen_rand	SFMT.jl/src/SFMT.jl:9	crates/sfmt19937/src/lib.rs::seed	Seed override and runner initialization; full624 comparisons exact	executable bounded production mapping; independent scenario replay unverified	C SFMT initialization/state/word conversion/draw count exact; no floating sampling-policy relaxation	Sampling/proposed moves/acceptance must remain exact; numerical comparisons only for computed values; no implicit rejection rollback claim	E0 source/API mapping; candidate contract gate, not executed by this inventory	J=8bb1b9e8ae47b1512c00b321be05664ddcac0fd1; source SHA256 SFMT.jl/src/SFMT.jl=d944001b353df56dd4329d035c72654732721d7539f5a30d4a5c44c8fd17ad37; C=extern/mVMC-1.3.0; independent expectation provenance must be read from named fixtures; no regeneration/run in documentation audit	cargo nextest run --locked --cargo-profile test-fast -p sfmt19937 --test golden_vs_c --no-fail-fast --retries 0	API arguments/overloads at listed source lines; run settings/seeds not applicable to source inspection; candidate gate settings per test; no new reference runtime	UNVERIFIED independent API replay; related local runner records R76/R43/R4/LR/LC do not establish every overload	#177/#184
A230	export	SFMT.genrand_real2	SFMT.jl/src/SFMT.jl:9	crates/sfmt19937/src/lib.rs::genrand_real2	Seed override and runner initialization; full624 comparisons exact	executable bounded production mapping; independent scenario replay unverified	C SFMT initialization/state/word conversion/draw count exact; no floating sampling-policy relaxation	Sampling/proposed moves/acceptance must remain exact; numerical comparisons only for computed values; no implicit rejection rollback claim	E0 source/API mapping; candidate contract gate, not executed by this inventory	J=8bb1b9e8ae47b1512c00b321be05664ddcac0fd1; source SHA256 SFMT.jl/src/SFMT.jl=d944001b353df56dd4329d035c72654732721d7539f5a30d4a5c44c8fd17ad37; C=extern/mVMC-1.3.0; independent expectation provenance must be read from named fixtures; no regeneration/run in documentation audit	cargo nextest run --locked --cargo-profile test-fast -p sfmt19937 --test golden_vs_c --no-fail-fast --retries 0	API arguments/overloads at listed source lines; run settings/seeds not applicable to source inspection; candidate gate settings per test; no new reference runtime	UNVERIFIED independent API replay; related local runner records R76/R43/R4/LR/LC do not establish every overload	#177/#184
A231	export	SFMT.gen_rand32	SFMT.jl/src/SFMT.jl:9	crates/sfmt19937/src/lib.rs::gen_rand32	Seed override and runner initialization; full624 comparisons exact	executable bounded production mapping; independent scenario replay unverified	C SFMT initialization/state/word conversion/draw count exact; no floating sampling-policy relaxation	Sampling/proposed moves/acceptance must remain exact; numerical comparisons only for computed values; no implicit rejection rollback claim	E0 source/API mapping; candidate contract gate, not executed by this inventory	J=8bb1b9e8ae47b1512c00b321be05664ddcac0fd1; source SHA256 SFMT.jl/src/SFMT.jl=d944001b353df56dd4329d035c72654732721d7539f5a30d4a5c44c8fd17ad37; C=extern/mVMC-1.3.0; independent expectation provenance must be read from named fixtures; no regeneration/run in documentation audit	cargo nextest run --locked --cargo-profile test-fast -p sfmt19937 --test golden_vs_c --no-fail-fast --retries 0	API arguments/overloads at listed source lines; run settings/seeds not applicable to source inspection; candidate gate settings per test; no new reference runtime	UNVERIFIED independent API replay; related local runner records R76/R43/R4/LR/LC do not establish every overload	#177/#184
A232	export	SFMT.sfmt_dump_rand32	SFMT.jl/src/SFMT.jl:9	crates/sfmt19937/src/lib.rs::dump_rand32	Seed override and runner initialization; full624 comparisons exact	executable bounded production mapping; independent scenario replay unverified	C SFMT initialization/state/word conversion/draw count exact; no floating sampling-policy relaxation	Exact RNG/config/count/status/indices/flags and untouched copy tails; computed normalization/inverse values follow #190; no claimed full trajectory from snapshots	E0 source/API mapping; candidate contract gate, not executed by this inventory	J=8bb1b9e8ae47b1512c00b321be05664ddcac0fd1; source SHA256 SFMT.jl/src/SFMT.jl=d944001b353df56dd4329d035c72654732721d7539f5a30d4a5c44c8fd17ad37; C=extern/mVMC-1.3.0; independent expectation provenance must be read from named fixtures; no regeneration/run in documentation audit	cargo nextest run --locked --cargo-profile test-fast -p sfmt19937 --test golden_vs_c --no-fail-fast --retries 0	API arguments/overloads at listed source lines; run settings/seeds not applicable to source inspection; candidate gate settings per test; no new reference runtime	UNVERIFIED independent API replay; related local runner records R76/R43/R4/LR/LC do not establish every overload	#177/#184
A233	export	SFMT.SFMT19937RNG	SFMT.jl/src/SFMT.jl:9	crates/sfmt19937/src/lib.rs::Sfmt19937Rng	Seed override and runner initialization; full624 comparisons exact	executable bounded production mapping; independent scenario replay unverified	C SFMT initialization/state/word conversion/draw count exact; no floating sampling-policy relaxation	Exact RNG/config/count/status/indices/flags and untouched copy tails; computed normalization/inverse values follow #190; no claimed full trajectory from snapshots	E0 source/API mapping; candidate contract gate, not executed by this inventory	J=8bb1b9e8ae47b1512c00b321be05664ddcac0fd1; source SHA256 SFMT.jl/src/SFMT.jl=d944001b353df56dd4329d035c72654732721d7539f5a30d4a5c44c8fd17ad37; C=extern/mVMC-1.3.0; independent expectation provenance must be read from named fixtures; no regeneration/run in documentation audit	cargo nextest run --locked --cargo-profile test-fast -p sfmt19937 --test golden_vs_c --no-fail-fast --retries 0	API arguments/overloads at listed source lines; run settings/seeds not applicable to source inspection; candidate gate settings per test; no new reference runtime	UNVERIFIED independent API replay; related local runner records R76/R43/R4/LR/LC do not establish every overload	#177/#184
A234	constant	MVMCExpertModeParsers.D_FILENAME_MAX	MVMCExpertModeParsers.jl/src/utils/constants.jl:8	std::fs + crates/mvmc-expert-parsers/src/utils/file.rs::read_def_file/parse_namelist_content; no Julia filename/line-limit constant ABI	Expert namelist is parsed by mvmc CLI; no per-section CLI; strict C completeness before runner/output	executable bounded production mapping; independent scenario replay unverified	C readdef layout/counts/flags authoritative; Julia parser warnings/permissive recovery are not C support	Sampling/proposed moves/acceptance must remain exact; numerical comparisons only for computed values; no implicit rejection rollback claim	E0 source/API mapping; candidate contract gate, not executed by this inventory	J=8bb1b9e8ae47b1512c00b321be05664ddcac0fd1; source SHA256 MVMCExpertModeParsers.jl/src/utils/constants.jl=71bff91265745f6228a118f04f5055c0a9ffd36f87710b27e07f9fb0b4909105; C=extern/mVMC-1.3.0; independent expectation provenance must be read from named fixtures; no regeneration/run in documentation audit	cargo nextest run --locked --cargo-profile test-fast -p mvmc-expert-parsers --no-fail-fast --retries 0	API arguments/overloads at listed source lines; run settings/seeds not applicable to source inspection; candidate gate settings per test; no new reference runtime	UNVERIFIED independent API replay; related local runner records R76/R43/R4/LR/LC do not establish every overload	#184/#178
A235	constant	MVMCExpertModeParsers.MAX_LINE_LENGTH	MVMCExpertModeParsers.jl/src/utils/constants.jl:9	std::fs + crates/mvmc-expert-parsers/src/utils/file.rs::read_def_file/parse_namelist_content; no Julia filename/line-limit constant ABI	Expert namelist is parsed by mvmc CLI; no per-section CLI; strict C completeness before runner/output	executable bounded production mapping; independent scenario replay unverified	C readdef layout/counts/flags authoritative; Julia parser warnings/permissive recovery are not C support	Sampling/proposed moves/acceptance must remain exact; numerical comparisons only for computed values; no implicit rejection rollback claim	E0 source/API mapping; candidate contract gate, not executed by this inventory	J=8bb1b9e8ae47b1512c00b321be05664ddcac0fd1; source SHA256 MVMCExpertModeParsers.jl/src/utils/constants.jl=71bff91265745f6228a118f04f5055c0a9ffd36f87710b27e07f9fb0b4909105; C=extern/mVMC-1.3.0; independent expectation provenance must be read from named fixtures; no regeneration/run in documentation audit	cargo nextest run --locked --cargo-profile test-fast -p mvmc-expert-parsers --no-fail-fast --retries 0	API arguments/overloads at listed source lines; run settings/seeds not applicable to source inspection; candidate gate settings per test; no new reference runtime	UNVERIFIED independent API replay; related local runner records R76/R43/R4/LR/LC do not establish every overload	#184/#178
A236	constant	MVMCExpertModeParsers.C_FLOAT_PRECISION	MVMCExpertModeParsers.jl/src/utils/constants.jl:12	crates/mvmc-core/src/io.rs::format_c_double; C output format authoritative, Julia format constant not promised	Expert namelist is parsed by mvmc CLI; no per-section CLI; strict C completeness before runner/output	executable bounded production mapping; independent scenario replay unverified	C readdef layout/counts/flags authoritative; Julia parser warnings/permissive recovery are not C support	Sampling/proposed moves/acceptance must remain exact; numerical comparisons only for computed values; no implicit rejection rollback claim	E0 source/API mapping; candidate contract gate, not executed by this inventory	J=8bb1b9e8ae47b1512c00b321be05664ddcac0fd1; source SHA256 MVMCExpertModeParsers.jl/src/utils/constants.jl=71bff91265745f6228a118f04f5055c0a9ffd36f87710b27e07f9fb0b4909105; C=extern/mVMC-1.3.0; independent expectation provenance must be read from named fixtures; no regeneration/run in documentation audit	cargo nextest run --locked --cargo-profile test-fast -p mvmc-expert-parsers --no-fail-fast --retries 0	API arguments/overloads at listed source lines; run settings/seeds not applicable to source inspection; candidate gate settings per test; no new reference runtime	UNVERIFIED independent API replay; related local runner records R76/R43/R4/LR/LC do not establish every overload	#184/#178
A237	constant	MVMCExpertModeParsers.C_COMPLEX_FORMAT	MVMCExpertModeParsers.jl/src/utils/constants.jl:13	crates/mvmc-core/src/io.rs::format_c_double; C output format authoritative, Julia format constant not promised	Expert namelist is parsed by mvmc CLI; no per-section CLI; strict C completeness before runner/output	executable bounded production mapping; independent scenario replay unverified	C readdef layout/counts/flags authoritative; Julia parser warnings/permissive recovery are not C support	Sampling/proposed moves/acceptance must remain exact; numerical comparisons only for computed values; no implicit rejection rollback claim	E0 source/API mapping; candidate contract gate, not executed by this inventory	J=8bb1b9e8ae47b1512c00b321be05664ddcac0fd1; source SHA256 MVMCExpertModeParsers.jl/src/utils/constants.jl=71bff91265745f6228a118f04f5055c0a9ffd36f87710b27e07f9fb0b4909105; C=extern/mVMC-1.3.0; independent expectation provenance must be read from named fixtures; no regeneration/run in documentation audit	cargo nextest run --locked --cargo-profile test-fast -p mvmc-expert-parsers --no-fail-fast --retries 0	API arguments/overloads at listed source lines; run settings/seeds not applicable to source inspection; candidate gate settings per test; no new reference runtime	UNVERIFIED independent API replay; related local runner records R76/R43/R4/LR/LC do not establish every overload	#184/#178
A238	constant	MVMCExpertModeParsers.C_INT_FORMAT	MVMCExpertModeParsers.jl/src/utils/constants.jl:14	crates/mvmc-core/src/io.rs::format_c_double; C output format authoritative, Julia format constant not promised	Expert namelist is parsed by mvmc CLI; no per-section CLI; strict C completeness before runner/output	executable bounded production mapping; independent scenario replay unverified	C readdef layout/counts/flags authoritative; Julia parser warnings/permissive recovery are not C support	Sampling/proposed moves/acceptance must remain exact; numerical comparisons only for computed values; no implicit rejection rollback claim	E0 source/API mapping; candidate contract gate, not executed by this inventory	J=8bb1b9e8ae47b1512c00b321be05664ddcac0fd1; source SHA256 MVMCExpertModeParsers.jl/src/utils/constants.jl=71bff91265745f6228a118f04f5055c0a9ffd36f87710b27e07f9fb0b4909105; C=extern/mVMC-1.3.0; independent expectation provenance must be read from named fixtures; no regeneration/run in documentation audit	cargo nextest run --locked --cargo-profile test-fast -p mvmc-expert-parsers --no-fail-fast --retries 0	API arguments/overloads at listed source lines; run settings/seeds not applicable to source inspection; candidate gate settings per test; no new reference runtime	UNVERIFIED independent API replay; related local runner records R76/R43/R4/LR/LC do not establish every overload	#184/#178
A239	constant	MVMCExpertModeParsers.DEF_EXTENSION	MVMCExpertModeParsers.jl/src/utils/constants.jl:17	std::fs + crates/mvmc-expert-parsers/src/utils/file.rs::read_def_file/parse_namelist_content; no Julia filename/line-limit constant ABI	Expert namelist is parsed by mvmc CLI; no per-section CLI; strict C completeness before runner/output	executable bounded production mapping; independent scenario replay unverified	C readdef layout/counts/flags authoritative; Julia parser warnings/permissive recovery are not C support	Sampling/proposed moves/acceptance must remain exact; numerical comparisons only for computed values; no implicit rejection rollback claim	E0 source/API mapping; candidate contract gate, not executed by this inventory	J=8bb1b9e8ae47b1512c00b321be05664ddcac0fd1; source SHA256 MVMCExpertModeParsers.jl/src/utils/constants.jl=71bff91265745f6228a118f04f5055c0a9ffd36f87710b27e07f9fb0b4909105; C=extern/mVMC-1.3.0; independent expectation provenance must be read from named fixtures; no regeneration/run in documentation audit	cargo nextest run --locked --cargo-profile test-fast -p mvmc-expert-parsers --no-fail-fast --retries 0	API arguments/overloads at listed source lines; run settings/seeds not applicable to source inspection; candidate gate settings per test; no new reference runtime	UNVERIFIED independent API replay; related local runner records R76/R43/R4/LR/LC do not establish every overload	#184/#178
A240	constant	MVMCExpertModeParsers.NAMELIST_FILE	MVMCExpertModeParsers.jl/src/utils/constants.jl:18	std::fs + crates/mvmc-expert-parsers/src/utils/file.rs::read_def_file/parse_namelist_content; no Julia filename/line-limit constant ABI	Expert namelist is parsed by mvmc CLI; no per-section CLI; strict C completeness before runner/output	executable bounded production mapping; independent scenario replay unverified	C readdef layout/counts/flags authoritative; Julia parser warnings/permissive recovery are not C support	Sampling/proposed moves/acceptance must remain exact; numerical comparisons only for computed values; no implicit rejection rollback claim	E0 source/API mapping; candidate contract gate, not executed by this inventory	J=8bb1b9e8ae47b1512c00b321be05664ddcac0fd1; source SHA256 MVMCExpertModeParsers.jl/src/utils/constants.jl=71bff91265745f6228a118f04f5055c0a9ffd36f87710b27e07f9fb0b4909105; C=extern/mVMC-1.3.0; independent expectation provenance must be read from named fixtures; no regeneration/run in documentation audit	cargo nextest run --locked --cargo-profile test-fast -p mvmc-expert-parsers --no-fail-fast --retries 0	API arguments/overloads at listed source lines; run settings/seeds not applicable to source inspection; candidate gate settings per test; no new reference runtime	UNVERIFIED independent API replay; related local runner records R76/R43/R4/LR/LC do not establish every overload	#184/#178
A241	constant	MVMCExpertModeParsers.MVMC_KEYWORDS	MVMCExpertModeParsers.jl/src/utils/constants.jl:21	crates/mvmc-expert-parsers/src/lib.rs::parse_expert_mode_files_mode dispatch (no Julia enum ABI)	Expert namelist is parsed by mvmc CLI; no per-section CLI; strict C completeness before runner/output	executable bounded production mapping; independent scenario replay unverified	C readdef layout/counts/flags authoritative; Julia parser warnings/permissive recovery are not C support	Sampling/proposed moves/acceptance must remain exact; numerical comparisons only for computed values; no implicit rejection rollback claim	E0 source/API mapping; candidate contract gate, not executed by this inventory	J=8bb1b9e8ae47b1512c00b321be05664ddcac0fd1; source SHA256 MVMCExpertModeParsers.jl/src/utils/constants.jl=71bff91265745f6228a118f04f5055c0a9ffd36f87710b27e07f9fb0b4909105; C=extern/mVMC-1.3.0; independent expectation provenance must be read from named fixtures; no regeneration/run in documentation audit	cargo nextest run --locked --cargo-profile test-fast -p mvmc-expert-parsers --no-fail-fast --retries 0	API arguments/overloads at listed source lines; run settings/seeds not applicable to source inspection; candidate gate settings per test; no new reference runtime	UNVERIFIED independent API replay; related local runner records R76/R43/R4/LR/LC do not establish every overload	#184/#178
A242	constant	MVMCExpertModeParsers.KW_IDX_INT	MVMCExpertModeParsers.jl/src/utils/constants.jl:66	crates/mvmc-expert-parsers/src/lib.rs::parse_expert_mode_files_mode dispatch (no Julia enum ABI)	Expert namelist is parsed by mvmc CLI; no per-section CLI; strict C completeness before runner/output	executable bounded production mapping; independent scenario replay unverified	C readdef layout/counts/flags authoritative; Julia parser warnings/permissive recovery are not C support	Sampling/proposed moves/acceptance must remain exact; numerical comparisons only for computed values; no implicit rejection rollback claim	E0 source/API mapping; candidate contract gate, not executed by this inventory	J=8bb1b9e8ae47b1512c00b321be05664ddcac0fd1; source SHA256 MVMCExpertModeParsers.jl/src/utils/constants.jl=71bff91265745f6228a118f04f5055c0a9ffd36f87710b27e07f9fb0b4909105; C=extern/mVMC-1.3.0; independent expectation provenance must be read from named fixtures; no regeneration/run in documentation audit	cargo nextest run --locked --cargo-profile test-fast -p mvmc-expert-parsers --no-fail-fast --retries 0	API arguments/overloads at listed source lines; run settings/seeds not applicable to source inspection; candidate gate settings per test; no new reference runtime	UNVERIFIED independent API replay; related local runner records R76/R43/R4/LR/LC do not establish every overload	#184/#178
A243	constant	MVMCExpertModeParsers.SPIN_UP	MVMCExpertModeParsers.jl/src/utils/constants.jl:96	crates/mvmc-expert-parsers/src/types.rs::Spin/ModParaParameters; crates/mvmc-core/src/validation.rs::validate_supported_modpara	Expert namelist is parsed by mvmc CLI; no per-section CLI; strict C completeness before runner/output	executable bounded production mapping; independent scenario replay unverified	C readdef layout/counts/flags authoritative; Julia parser warnings/permissive recovery are not C support	Sampling/proposed moves/acceptance must remain exact; numerical comparisons only for computed values; no implicit rejection rollback claim	E0 source/API mapping; candidate contract gate, not executed by this inventory	J=8bb1b9e8ae47b1512c00b321be05664ddcac0fd1; source SHA256 MVMCExpertModeParsers.jl/src/utils/constants.jl=71bff91265745f6228a118f04f5055c0a9ffd36f87710b27e07f9fb0b4909105; C=extern/mVMC-1.3.0; independent expectation provenance must be read from named fixtures; no regeneration/run in documentation audit	cargo nextest run --locked --cargo-profile test-fast -p mvmc-expert-parsers --no-fail-fast --retries 0	API arguments/overloads at listed source lines; run settings/seeds not applicable to source inspection; candidate gate settings per test; no new reference runtime	UNVERIFIED independent API replay; related local runner records R76/R43/R4/LR/LC do not establish every overload	#184/#178
A244	constant	MVMCExpertModeParsers.SPIN_DOWN	MVMCExpertModeParsers.jl/src/utils/constants.jl:97	crates/mvmc-expert-parsers/src/types.rs::Spin/ModParaParameters; crates/mvmc-core/src/validation.rs::validate_supported_modpara	Expert namelist is parsed by mvmc CLI; no per-section CLI; strict C completeness before runner/output	executable bounded production mapping; independent scenario replay unverified	C readdef layout/counts/flags authoritative; Julia parser warnings/permissive recovery are not C support	Sampling/proposed moves/acceptance must remain exact; numerical comparisons only for computed values; no implicit rejection rollback claim	E0 source/API mapping; candidate contract gate, not executed by this inventory	J=8bb1b9e8ae47b1512c00b321be05664ddcac0fd1; source SHA256 MVMCExpertModeParsers.jl/src/utils/constants.jl=71bff91265745f6228a118f04f5055c0a9ffd36f87710b27e07f9fb0b4909105; C=extern/mVMC-1.3.0; independent expectation provenance must be read from named fixtures; no regeneration/run in documentation audit	cargo nextest run --locked --cargo-profile test-fast -p mvmc-expert-parsers --no-fail-fast --retries 0	API arguments/overloads at listed source lines; run settings/seeds not applicable to source inspection; candidate gate settings per test; no new reference runtime	UNVERIFIED independent API replay; related local runner records R76/R43/R4/LR/LC do not establish every overload	#184/#178
A245	constant	MVMCExpertModeParsers.SPIN_BOTH	MVMCExpertModeParsers.jl/src/utils/constants.jl:98	crates/mvmc-expert-parsers/src/types.rs::Spin/ModParaParameters; crates/mvmc-core/src/validation.rs::validate_supported_modpara	Expert namelist is parsed by mvmc CLI; no per-section CLI; strict C completeness before runner/output	executable bounded production mapping; independent scenario replay unverified	C readdef layout/counts/flags authoritative; Julia parser warnings/permissive recovery are not C support	Sampling/proposed moves/acceptance must remain exact; numerical comparisons only for computed values; no implicit rejection rollback claim	E0 source/API mapping; candidate contract gate, not executed by this inventory	J=8bb1b9e8ae47b1512c00b321be05664ddcac0fd1; source SHA256 MVMCExpertModeParsers.jl/src/utils/constants.jl=71bff91265745f6228a118f04f5055c0a9ffd36f87710b27e07f9fb0b4909105; C=extern/mVMC-1.3.0; independent expectation provenance must be read from named fixtures; no regeneration/run in documentation audit	cargo nextest run --locked --cargo-profile test-fast -p mvmc-expert-parsers --no-fail-fast --retries 0	API arguments/overloads at listed source lines; run settings/seeds not applicable to source inspection; candidate gate settings per test; no new reference runtime	UNVERIFIED independent API replay; related local runner records R76/R43/R4/LR/LC do not establish every overload	#184/#178
A246	constant	MVMCExpertModeParsers.REAL_FLAG	MVMCExpertModeParsers.jl/src/utils/constants.jl:101	crates/mvmc-expert-parsers/src/types.rs::Spin/ModParaParameters; crates/mvmc-core/src/validation.rs::validate_supported_modpara	Expert namelist is parsed by mvmc CLI; no per-section CLI; strict C completeness before runner/output	executable bounded production mapping; independent scenario replay unverified	C readdef layout/counts/flags authoritative; Julia parser warnings/permissive recovery are not C support	Exact RNG/config/count/status/indices/flags and untouched copy tails; computed normalization/inverse values follow #190; no claimed full trajectory from snapshots	E0 source/API mapping; candidate contract gate, not executed by this inventory	J=8bb1b9e8ae47b1512c00b321be05664ddcac0fd1; source SHA256 MVMCExpertModeParsers.jl/src/utils/constants.jl=71bff91265745f6228a118f04f5055c0a9ffd36f87710b27e07f9fb0b4909105; C=extern/mVMC-1.3.0; independent expectation provenance must be read from named fixtures; no regeneration/run in documentation audit	cargo nextest run --locked --cargo-profile test-fast -p mvmc-expert-parsers --no-fail-fast --retries 0	API arguments/overloads at listed source lines; run settings/seeds not applicable to source inspection; candidate gate settings per test; no new reference runtime	UNVERIFIED independent API replay; related local runner records R76/R43/R4/LR/LC do not establish every overload	#184/#178
A247	constant	MVMCExpertModeParsers.COMPLEX_FLAG	MVMCExpertModeParsers.jl/src/utils/constants.jl:102	crates/mvmc-expert-parsers/src/types.rs::Spin/ModParaParameters; crates/mvmc-core/src/validation.rs::validate_supported_modpara	Expert namelist is parsed by mvmc CLI; no per-section CLI; strict C completeness before runner/output	executable bounded production mapping; independent scenario replay unverified	C readdef layout/counts/flags authoritative; Julia parser warnings/permissive recovery are not C support	Exact RNG/config/count/status/indices/flags and untouched copy tails; computed normalization/inverse values follow #190; no claimed full trajectory from snapshots	E0 source/API mapping; candidate contract gate, not executed by this inventory	J=8bb1b9e8ae47b1512c00b321be05664ddcac0fd1; source SHA256 MVMCExpertModeParsers.jl/src/utils/constants.jl=71bff91265745f6228a118f04f5055c0a9ffd36f87710b27e07f9fb0b4909105; C=extern/mVMC-1.3.0; independent expectation provenance must be read from named fixtures; no regeneration/run in documentation audit	cargo nextest run --locked --cargo-profile test-fast -p mvmc-expert-parsers --no-fail-fast --retries 0	API arguments/overloads at listed source lines; run settings/seeds not applicable to source inspection; candidate gate settings per test; no new reference runtime	UNVERIFIED independent API replay; related local runner records R76/R43/R4/LR/LC do not establish every overload	#184/#178
A248	constant	MVMCExpertModeParsers.PARAMETER_OPTIMIZATION	MVMCExpertModeParsers.jl/src/utils/constants.jl:105	crates/mvmc-expert-parsers/src/types.rs::Spin/ModParaParameters; crates/mvmc-core/src/validation.rs::validate_supported_modpara	Expert namelist is parsed by mvmc CLI; no per-section CLI; strict C completeness before runner/output	executable bounded production mapping; independent scenario replay unverified	C readdef layout/counts/flags authoritative; Julia parser warnings/permissive recovery are not C support	Sampling/proposed moves/acceptance must remain exact; numerical comparisons only for computed values; no implicit rejection rollback claim	E0 source/API mapping; candidate contract gate, not executed by this inventory	J=8bb1b9e8ae47b1512c00b321be05664ddcac0fd1; source SHA256 MVMCExpertModeParsers.jl/src/utils/constants.jl=71bff91265745f6228a118f04f5055c0a9ffd36f87710b27e07f9fb0b4909105; C=extern/mVMC-1.3.0; independent expectation provenance must be read from named fixtures; no regeneration/run in documentation audit	cargo nextest run --locked --cargo-profile test-fast -p mvmc-expert-parsers --no-fail-fast --retries 0	API arguments/overloads at listed source lines; run settings/seeds not applicable to source inspection; candidate gate settings per test; no new reference runtime	UNVERIFIED independent API replay; related local runner records R76/R43/R4/LR/LC do not establish every overload	#184/#178
A249	constant	MVMCExpertModeParsers.PHYSICS_CALCULATION	MVMCExpertModeParsers.jl/src/utils/constants.jl:106	crates/mvmc-expert-parsers/src/types.rs::Spin/ModParaParameters; crates/mvmc-core/src/validation.rs::validate_supported_modpara	Expert namelist is parsed by mvmc CLI; no per-section CLI; strict C completeness before runner/output	executable bounded production mapping; independent scenario replay unverified	C readdef layout/counts/flags authoritative; Julia parser warnings/permissive recovery are not C support	Sampling/proposed moves/acceptance must remain exact; numerical comparisons only for computed values; no implicit rejection rollback claim	E0 source/API mapping; candidate contract gate, not executed by this inventory	J=8bb1b9e8ae47b1512c00b321be05664ddcac0fd1; source SHA256 MVMCExpertModeParsers.jl/src/utils/constants.jl=71bff91265745f6228a118f04f5055c0a9ffd36f87710b27e07f9fb0b4909105; C=extern/mVMC-1.3.0; independent expectation provenance must be read from named fixtures; no regeneration/run in documentation audit	cargo nextest run --locked --cargo-profile test-fast -p mvmc-expert-parsers --no-fail-fast --retries 0	API arguments/overloads at listed source lines; run settings/seeds not applicable to source inspection; candidate gate settings per test; no new reference runtime	UNVERIFIED independent API replay; related local runner records R76/R43/R4/LR/LC do not establish every overload	#184/#178
A250	constant	MVMCExpertModeParsers.LANCZOS_NONE	MVMCExpertModeParsers.jl/src/utils/constants.jl:109	crates/mvmc-expert-parsers/src/types.rs::Spin/ModParaParameters; crates/mvmc-core/src/validation.rs::validate_supported_modpara	PhysCal normal mode1/2 only; FSZ/grouped/spin-changing rejected; all InterAll work excluded	executable bounded production mapping; independent scenario replay unverified	C non-InterAll Hamiltonian/QQQQ/QCAQ flattening/output; Julia-deferred para-opt wrapper does not exclude PhysCal	Sampling/proposed moves/acceptance must remain exact; numerical comparisons only for computed values; no implicit rejection rollback claim	E0 source/API mapping; candidate contract gate, not executed by this inventory	J=8bb1b9e8ae47b1512c00b321be05664ddcac0fd1; source SHA256 MVMCExpertModeParsers.jl/src/utils/constants.jl=71bff91265745f6228a118f04f5055c0a9ffd36f87710b27e07f9fb0b4909105; C=extern/mVMC-1.3.0; independent expectation provenance must be read from named fixtures; no regeneration/run in documentation audit	MVMC_RS_LANCZOS_PHYSICAL=1 cargo nextest run --locked --cargo-profile test-fast -p mvmc-core --test lanczos_transfer_physcal --run-ignored only --no-fail-fast --retries 0	API arguments/overloads at listed source lines; run settings/seeds not applicable to source inspection; candidate gate settings per test; no new reference runtime	UNVERIFIED independent API replay; related local runner records R76/R43/R4/LR/LC do not establish every overload	#181/#178
A251	constant	MVMCExpertModeParsers.LANCZOS_ENERGY_ONLY	MVMCExpertModeParsers.jl/src/utils/constants.jl:110	crates/mvmc-expert-parsers/src/types.rs::Spin/ModParaParameters; crates/mvmc-core/src/validation.rs::validate_supported_modpara	PhysCal normal mode1/2 only; FSZ/grouped/spin-changing rejected; all InterAll work excluded	executable bounded production mapping; independent scenario replay unverified	C non-InterAll Hamiltonian/QQQQ/QCAQ flattening/output; Julia-deferred para-opt wrapper does not exclude PhysCal	Sampling/proposed moves/acceptance must remain exact; numerical comparisons only for computed values; no implicit rejection rollback claim	E0 source/API mapping; candidate contract gate, not executed by this inventory	J=8bb1b9e8ae47b1512c00b321be05664ddcac0fd1; source SHA256 MVMCExpertModeParsers.jl/src/utils/constants.jl=71bff91265745f6228a118f04f5055c0a9ffd36f87710b27e07f9fb0b4909105; C=extern/mVMC-1.3.0; independent expectation provenance must be read from named fixtures; no regeneration/run in documentation audit	MVMC_RS_LANCZOS_PHYSICAL=1 cargo nextest run --locked --cargo-profile test-fast -p mvmc-core --test lanczos_transfer_physcal --run-ignored only --no-fail-fast --retries 0	API arguments/overloads at listed source lines; run settings/seeds not applicable to source inspection; candidate gate settings per test; no new reference runtime	UNVERIFIED independent API replay; related local runner records R76/R43/R4/LR/LC do not establish every overload	#181/#178
A252	constant	MVMCExpertModeParsers.LANCZOS_GREEN_FUNCTIONS	MVMCExpertModeParsers.jl/src/utils/constants.jl:111	crates/mvmc-expert-parsers/src/types.rs::Spin/ModParaParameters; crates/mvmc-core/src/validation.rs::validate_supported_modpara	PhysCal normal mode1/2 only; FSZ/grouped/spin-changing rejected; all InterAll work excluded	executable bounded production mapping; independent scenario replay unverified	C non-InterAll Hamiltonian/QQQQ/QCAQ flattening/output; Julia-deferred para-opt wrapper does not exclude PhysCal	Sampling/proposed moves/acceptance must remain exact; numerical comparisons only for computed values; no implicit rejection rollback claim	E0 source/API mapping; candidate contract gate, not executed by this inventory	J=8bb1b9e8ae47b1512c00b321be05664ddcac0fd1; source SHA256 MVMCExpertModeParsers.jl/src/utils/constants.jl=71bff91265745f6228a118f04f5055c0a9ffd36f87710b27e07f9fb0b4909105; C=extern/mVMC-1.3.0; independent expectation provenance must be read from named fixtures; no regeneration/run in documentation audit	MVMC_RS_LANCZOS_PHYSICAL=1 cargo nextest run --locked --cargo-profile test-fast -p mvmc-core --test lanczos_transfer_physcal --run-ignored only --no-fail-fast --retries 0	API arguments/overloads at listed source lines; run settings/seeds not applicable to source inspection; candidate gate settings per test; no new reference runtime	UNVERIFIED independent API replay; related local runner records R76/R43/R4/LR/LC do not establish every overload	#181/#178
A253	constant	MVMCExpertModeParsers.DEFAULT_NSITE	MVMCExpertModeParsers.jl/src/utils/constants.jl:114	crates/mvmc-expert-parsers/src/types.rs::ModParaParameters::default; C defaults are authoritative, not blind Julia constant aliases	Expert namelist is parsed by mvmc CLI; no per-section CLI; strict C completeness before runner/output	executable bounded production mapping; independent scenario replay unverified	C readdef layout/counts/flags authoritative; Julia parser warnings/permissive recovery are not C support	Sampling/proposed moves/acceptance must remain exact; numerical comparisons only for computed values; no implicit rejection rollback claim	E0 source/API mapping; candidate contract gate, not executed by this inventory	J=8bb1b9e8ae47b1512c00b321be05664ddcac0fd1; source SHA256 MVMCExpertModeParsers.jl/src/utils/constants.jl=71bff91265745f6228a118f04f5055c0a9ffd36f87710b27e07f9fb0b4909105; C=extern/mVMC-1.3.0; independent expectation provenance must be read from named fixtures; no regeneration/run in documentation audit	cargo nextest run --locked --cargo-profile test-fast -p mvmc-expert-parsers --no-fail-fast --retries 0	API arguments/overloads at listed source lines; run settings/seeds not applicable to source inspection; candidate gate settings per test; no new reference runtime	UNVERIFIED independent API replay; related local runner records R76/R43/R4/LR/LC do not establish every overload	#184/#178
A254	constant	MVMCExpertModeParsers.DEFAULT_NELEC	MVMCExpertModeParsers.jl/src/utils/constants.jl:115	crates/mvmc-expert-parsers/src/types.rs::ModParaParameters::default; C defaults are authoritative, not blind Julia constant aliases	Expert namelist is parsed by mvmc CLI; no per-section CLI; strict C completeness before runner/output	executable bounded production mapping; independent scenario replay unverified	C readdef layout/counts/flags authoritative; Julia parser warnings/permissive recovery are not C support	Sampling/proposed moves/acceptance must remain exact; numerical comparisons only for computed values; no implicit rejection rollback claim	E0 source/API mapping; candidate contract gate, not executed by this inventory	J=8bb1b9e8ae47b1512c00b321be05664ddcac0fd1; source SHA256 MVMCExpertModeParsers.jl/src/utils/constants.jl=71bff91265745f6228a118f04f5055c0a9ffd36f87710b27e07f9fb0b4909105; C=extern/mVMC-1.3.0; independent expectation provenance must be read from named fixtures; no regeneration/run in documentation audit	cargo nextest run --locked --cargo-profile test-fast -p mvmc-expert-parsers --no-fail-fast --retries 0	API arguments/overloads at listed source lines; run settings/seeds not applicable to source inspection; candidate gate settings per test; no new reference runtime	UNVERIFIED independent API replay; related local runner records R76/R43/R4/LR/LC do not establish every overload	#184/#178
A255	constant	MVMCExpertModeParsers.DEFAULT_NLOCSPIN	MVMCExpertModeParsers.jl/src/utils/constants.jl:116	crates/mvmc-expert-parsers/src/types.rs::ModParaParameters::default; C defaults are authoritative, not blind Julia constant aliases	Expert namelist is parsed by mvmc CLI; no per-section CLI; strict C completeness before runner/output	executable bounded production mapping; independent scenario replay unverified	C readdef layout/counts/flags authoritative; Julia parser warnings/permissive recovery are not C support	Sampling/proposed moves/acceptance must remain exact; numerical comparisons only for computed values; no implicit rejection rollback claim	E0 source/API mapping; candidate contract gate, not executed by this inventory	J=8bb1b9e8ae47b1512c00b321be05664ddcac0fd1; source SHA256 MVMCExpertModeParsers.jl/src/utils/constants.jl=71bff91265745f6228a118f04f5055c0a9ffd36f87710b27e07f9fb0b4909105; C=extern/mVMC-1.3.0; independent expectation provenance must be read from named fixtures; no regeneration/run in documentation audit	cargo nextest run --locked --cargo-profile test-fast -p mvmc-expert-parsers --no-fail-fast --retries 0	API arguments/overloads at listed source lines; run settings/seeds not applicable to source inspection; candidate gate settings per test; no new reference runtime	UNVERIFIED independent API replay; related local runner records R76/R43/R4/LR/LC do not establish every overload	#184/#178
A256	constant	MVMCExpertModeParsers.DEFAULT_VMC_CALC_MODE	MVMCExpertModeParsers.jl/src/utils/constants.jl:117	crates/mvmc-expert-parsers/src/types.rs::ModParaParameters::default; C defaults are authoritative, not blind Julia constant aliases	Expert namelist is parsed by mvmc CLI; no per-section CLI; strict C completeness before runner/output	executable bounded production mapping; independent scenario replay unverified	C readdef layout/counts/flags authoritative; Julia parser warnings/permissive recovery are not C support	Sampling/proposed moves/acceptance must remain exact; numerical comparisons only for computed values; no implicit rejection rollback claim	E0 source/API mapping; candidate contract gate, not executed by this inventory	J=8bb1b9e8ae47b1512c00b321be05664ddcac0fd1; source SHA256 MVMCExpertModeParsers.jl/src/utils/constants.jl=71bff91265745f6228a118f04f5055c0a9ffd36f87710b27e07f9fb0b4909105; C=extern/mVMC-1.3.0; independent expectation provenance must be read from named fixtures; no regeneration/run in documentation audit	cargo nextest run --locked --cargo-profile test-fast -p mvmc-expert-parsers --no-fail-fast --retries 0	API arguments/overloads at listed source lines; run settings/seeds not applicable to source inspection; candidate gate settings per test; no new reference runtime	UNVERIFIED independent API replay; related local runner records R76/R43/R4/LR/LC do not establish every overload	#184/#178
A257	constant	MVMCExpertModeParsers.DEFAULT_LANCZOS_MODE	MVMCExpertModeParsers.jl/src/utils/constants.jl:118	crates/mvmc-expert-parsers/src/types.rs::ModParaParameters::default; C defaults are authoritative, not blind Julia constant aliases	PhysCal normal mode1/2 only; FSZ/grouped/spin-changing rejected; all InterAll work excluded	executable bounded production mapping; independent scenario replay unverified	C non-InterAll Hamiltonian/QQQQ/QCAQ flattening/output; Julia-deferred para-opt wrapper does not exclude PhysCal	Sampling/proposed moves/acceptance must remain exact; numerical comparisons only for computed values; no implicit rejection rollback claim	E0 source/API mapping; candidate contract gate, not executed by this inventory	J=8bb1b9e8ae47b1512c00b321be05664ddcac0fd1; source SHA256 MVMCExpertModeParsers.jl/src/utils/constants.jl=71bff91265745f6228a118f04f5055c0a9ffd36f87710b27e07f9fb0b4909105; C=extern/mVMC-1.3.0; independent expectation provenance must be read from named fixtures; no regeneration/run in documentation audit	MVMC_RS_LANCZOS_PHYSICAL=1 cargo nextest run --locked --cargo-profile test-fast -p mvmc-core --test lanczos_transfer_physcal --run-ignored only --no-fail-fast --retries 0	API arguments/overloads at listed source lines; run settings/seeds not applicable to source inspection; candidate gate settings per test; no new reference runtime	UNVERIFIED independent API replay; related local runner records R76/R43/R4/LR/LC do not establish every overload	#181/#178
A258	constant	MVMCExpertModeParsers.DEFAULT_RND_SEED	MVMCExpertModeParsers.jl/src/utils/constants.jl:119	crates/mvmc-expert-parsers/src/types.rs::ModParaParameters::default; C defaults are authoritative, not blind Julia constant aliases	Expert namelist is parsed by mvmc CLI; no per-section CLI; strict C completeness before runner/output	executable bounded production mapping; independent scenario replay unverified	C readdef layout/counts/flags authoritative; Julia parser warnings/permissive recovery are not C support	Exact RNG/config/count/status/indices/flags and untouched copy tails; computed normalization/inverse values follow #190; no claimed full trajectory from snapshots	E0 source/API mapping; candidate contract gate, not executed by this inventory	J=8bb1b9e8ae47b1512c00b321be05664ddcac0fd1; source SHA256 MVMCExpertModeParsers.jl/src/utils/constants.jl=71bff91265745f6228a118f04f5055c0a9ffd36f87710b27e07f9fb0b4909105; C=extern/mVMC-1.3.0; independent expectation provenance must be read from named fixtures; no regeneration/run in documentation audit	cargo nextest run --locked --cargo-profile test-fast -p mvmc-expert-parsers --no-fail-fast --retries 0	API arguments/overloads at listed source lines; run settings/seeds not applicable to source inspection; candidate gate settings per test; no new reference runtime	UNVERIFIED independent API replay; related local runner records R76/R43/R4/LR/LC do not establish every overload	#184/#178
A259	constant	MVMCExpertModeParsers.DEFAULT_NSR_OPT_ITR_STEP	MVMCExpertModeParsers.jl/src/utils/constants.jl:120	crates/mvmc-expert-parsers/src/types.rs::ModParaParameters::default; C defaults are authoritative, not blind Julia constant aliases	Expert namelist is parsed by mvmc CLI; no per-section CLI; strict C completeness before runner/output	executable bounded production mapping; independent scenario replay unverified	C readdef layout/counts/flags authoritative; Julia parser warnings/permissive recovery are not C support	Sampling/proposed moves/acceptance must remain exact; numerical comparisons only for computed values; no implicit rejection rollback claim	E0 source/API mapping; candidate contract gate, not executed by this inventory	J=8bb1b9e8ae47b1512c00b321be05664ddcac0fd1; source SHA256 MVMCExpertModeParsers.jl/src/utils/constants.jl=71bff91265745f6228a118f04f5055c0a9ffd36f87710b27e07f9fb0b4909105; C=extern/mVMC-1.3.0; independent expectation provenance must be read from named fixtures; no regeneration/run in documentation audit	cargo nextest run --locked --cargo-profile test-fast -p mvmc-expert-parsers --no-fail-fast --retries 0	API arguments/overloads at listed source lines; run settings/seeds not applicable to source inspection; candidate gate settings per test; no new reference runtime	UNVERIFIED independent API replay; related local runner records R76/R43/R4/LR/LC do not establish every overload	#184/#178
A260	constant	MVMCExpertModeParsers.DEFAULT_NSR_OPT_ITR_SMP	MVMCExpertModeParsers.jl/src/utils/constants.jl:121	crates/mvmc-expert-parsers/src/types.rs::ModParaParameters::default; C defaults are authoritative, not blind Julia constant aliases	Expert namelist is parsed by mvmc CLI; no per-section CLI; strict C completeness before runner/output	executable bounded production mapping; independent scenario replay unverified	C readdef layout/counts/flags authoritative; Julia parser warnings/permissive recovery are not C support	Sampling/proposed moves/acceptance must remain exact; numerical comparisons only for computed values; no implicit rejection rollback claim	E0 source/API mapping; candidate contract gate, not executed by this inventory	J=8bb1b9e8ae47b1512c00b321be05664ddcac0fd1; source SHA256 MVMCExpertModeParsers.jl/src/utils/constants.jl=71bff91265745f6228a118f04f5055c0a9ffd36f87710b27e07f9fb0b4909105; C=extern/mVMC-1.3.0; independent expectation provenance must be read from named fixtures; no regeneration/run in documentation audit	cargo nextest run --locked --cargo-profile test-fast -p mvmc-expert-parsers --no-fail-fast --retries 0	API arguments/overloads at listed source lines; run settings/seeds not applicable to source inspection; candidate gate settings per test; no new reference runtime	UNVERIFIED independent API replay; related local runner records R76/R43/R4/LR/LC do not establish every overload	#184/#178
A261	constant	MVMCExpertModeParsers.DEFAULT_NVMC_WARMUP	MVMCExpertModeParsers.jl/src/utils/constants.jl:122	crates/mvmc-expert-parsers/src/types.rs::ModParaParameters::default; C defaults are authoritative, not blind Julia constant aliases	Expert namelist is parsed by mvmc CLI; no per-section CLI; strict C completeness before runner/output	executable bounded production mapping; independent scenario replay unverified	C readdef layout/counts/flags authoritative; Julia parser warnings/permissive recovery are not C support	Sampling/proposed moves/acceptance must remain exact; numerical comparisons only for computed values; no implicit rejection rollback claim	E0 source/API mapping; candidate contract gate, not executed by this inventory	J=8bb1b9e8ae47b1512c00b321be05664ddcac0fd1; source SHA256 MVMCExpertModeParsers.jl/src/utils/constants.jl=71bff91265745f6228a118f04f5055c0a9ffd36f87710b27e07f9fb0b4909105; C=extern/mVMC-1.3.0; independent expectation provenance must be read from named fixtures; no regeneration/run in documentation audit	cargo nextest run --locked --cargo-profile test-fast -p mvmc-expert-parsers --no-fail-fast --retries 0	API arguments/overloads at listed source lines; run settings/seeds not applicable to source inspection; candidate gate settings per test; no new reference runtime	UNVERIFIED independent API replay; related local runner records R76/R43/R4/LR/LC do not establish every overload	#184/#178
A262	constant	MVMCExpertModeParsers.DEFAULT_NVMC_INTERVAL	MVMCExpertModeParsers.jl/src/utils/constants.jl:123	crates/mvmc-expert-parsers/src/types.rs::ModParaParameters::default; C defaults are authoritative, not blind Julia constant aliases	Expert namelist is parsed by mvmc CLI; no per-section CLI; strict C completeness before runner/output	executable bounded production mapping; independent scenario replay unverified	C readdef layout/counts/flags authoritative; Julia parser warnings/permissive recovery are not C support	Sampling/proposed moves/acceptance must remain exact; numerical comparisons only for computed values; no implicit rejection rollback claim	E0 source/API mapping; candidate contract gate, not executed by this inventory	J=8bb1b9e8ae47b1512c00b321be05664ddcac0fd1; source SHA256 MVMCExpertModeParsers.jl/src/utils/constants.jl=71bff91265745f6228a118f04f5055c0a9ffd36f87710b27e07f9fb0b4909105; C=extern/mVMC-1.3.0; independent expectation provenance must be read from named fixtures; no regeneration/run in documentation audit	cargo nextest run --locked --cargo-profile test-fast -p mvmc-expert-parsers --no-fail-fast --retries 0	API arguments/overloads at listed source lines; run settings/seeds not applicable to source inspection; candidate gate settings per test; no new reference runtime	UNVERIFIED independent API replay; related local runner records R76/R43/R4/LR/LC do not establish every overload	#184/#178
A263	constant	MVMCExpertModeParsers.DEFAULT_NVMC_SAMPLE	MVMCExpertModeParsers.jl/src/utils/constants.jl:124	crates/mvmc-expert-parsers/src/types.rs::ModParaParameters::default; C defaults are authoritative, not blind Julia constant aliases	Expert namelist is parsed by mvmc CLI; no per-section CLI; strict C completeness before runner/output	executable bounded production mapping; independent scenario replay unverified	C readdef layout/counts/flags authoritative; Julia parser warnings/permissive recovery are not C support	Sampling/proposed moves/acceptance must remain exact; numerical comparisons only for computed values; no implicit rejection rollback claim	E0 source/API mapping; candidate contract gate, not executed by this inventory	J=8bb1b9e8ae47b1512c00b321be05664ddcac0fd1; source SHA256 MVMCExpertModeParsers.jl/src/utils/constants.jl=71bff91265745f6228a118f04f5055c0a9ffd36f87710b27e07f9fb0b4909105; C=extern/mVMC-1.3.0; independent expectation provenance must be read from named fixtures; no regeneration/run in documentation audit	cargo nextest run --locked --cargo-profile test-fast -p mvmc-expert-parsers --no-fail-fast --retries 0	API arguments/overloads at listed source lines; run settings/seeds not applicable to source inspection; candidate gate settings per test; no new reference runtime	UNVERIFIED independent API replay; related local runner records R76/R43/R4/LR/LC do not establish every overload	#184/#178
A264	constant	MVMCExpertModeParsers.DEFAULT_DSR_OPT_RED_CUT	MVMCExpertModeParsers.jl/src/utils/constants.jl:125	crates/mvmc-expert-parsers/src/types.rs::ModParaParameters::default; C defaults are authoritative, not blind Julia constant aliases	Expert namelist is parsed by mvmc CLI; no per-section CLI; strict C completeness before runner/output	executable bounded production mapping; independent scenario replay unverified	C readdef layout/counts/flags authoritative; Julia parser warnings/permissive recovery are not C support	Sampling/proposed moves/acceptance must remain exact; numerical comparisons only for computed values; no implicit rejection rollback claim	E0 source/API mapping; candidate contract gate, not executed by this inventory	J=8bb1b9e8ae47b1512c00b321be05664ddcac0fd1; source SHA256 MVMCExpertModeParsers.jl/src/utils/constants.jl=71bff91265745f6228a118f04f5055c0a9ffd36f87710b27e07f9fb0b4909105; C=extern/mVMC-1.3.0; independent expectation provenance must be read from named fixtures; no regeneration/run in documentation audit	cargo nextest run --locked --cargo-profile test-fast -p mvmc-expert-parsers --no-fail-fast --retries 0	API arguments/overloads at listed source lines; run settings/seeds not applicable to source inspection; candidate gate settings per test; no new reference runtime	UNVERIFIED independent API replay; related local runner records R76/R43/R4/LR/LC do not establish every overload	#184/#178
A265	constant	MVMCExpertModeParsers.DEFAULT_DSR_OPT_STA_DEL	MVMCExpertModeParsers.jl/src/utils/constants.jl:126	crates/mvmc-expert-parsers/src/types.rs::ModParaParameters::default; C defaults are authoritative, not blind Julia constant aliases	Expert namelist is parsed by mvmc CLI; no per-section CLI; strict C completeness before runner/output	executable bounded production mapping; independent scenario replay unverified	C readdef layout/counts/flags authoritative; Julia parser warnings/permissive recovery are not C support	Sampling/proposed moves/acceptance must remain exact; numerical comparisons only for computed values; no implicit rejection rollback claim	E0 source/API mapping; candidate contract gate, not executed by this inventory	J=8bb1b9e8ae47b1512c00b321be05664ddcac0fd1; source SHA256 MVMCExpertModeParsers.jl/src/utils/constants.jl=71bff91265745f6228a118f04f5055c0a9ffd36f87710b27e07f9fb0b4909105; C=extern/mVMC-1.3.0; independent expectation provenance must be read from named fixtures; no regeneration/run in documentation audit	cargo nextest run --locked --cargo-profile test-fast -p mvmc-expert-parsers --no-fail-fast --retries 0	API arguments/overloads at listed source lines; run settings/seeds not applicable to source inspection; candidate gate settings per test; no new reference runtime	UNVERIFIED independent API replay; related local runner records R76/R43/R4/LR/LC do not establish every overload	#184/#178
A266	constant	MVMCExpertModeParsers.DEFAULT_DSR_OPT_STEP_DT	MVMCExpertModeParsers.jl/src/utils/constants.jl:127	crates/mvmc-expert-parsers/src/types.rs::ModParaParameters::default; C defaults are authoritative, not blind Julia constant aliases	Expert namelist is parsed by mvmc CLI; no per-section CLI; strict C completeness before runner/output	executable bounded production mapping; independent scenario replay unverified	C readdef layout/counts/flags authoritative; Julia parser warnings/permissive recovery are not C support	Sampling/proposed moves/acceptance must remain exact; numerical comparisons only for computed values; no implicit rejection rollback claim	E0 source/API mapping; candidate contract gate, not executed by this inventory	J=8bb1b9e8ae47b1512c00b321be05664ddcac0fd1; source SHA256 MVMCExpertModeParsers.jl/src/utils/constants.jl=71bff91265745f6228a118f04f5055c0a9ffd36f87710b27e07f9fb0b4909105; C=extern/mVMC-1.3.0; independent expectation provenance must be read from named fixtures; no regeneration/run in documentation audit	cargo nextest run --locked --cargo-profile test-fast -p mvmc-expert-parsers --no-fail-fast --retries 0	API arguments/overloads at listed source lines; run settings/seeds not applicable to source inspection; candidate gate settings per test; no new reference runtime	UNVERIFIED independent API replay; related local runner records R76/R43/R4/LR/LC do not establish every overload	#184/#178
A267	constant	MVMCExpertModeParsers.DEFAULT_DSR_OPT_CG_TOL	MVMCExpertModeParsers.jl/src/utils/constants.jl:128	crates/mvmc-expert-parsers/src/types.rs::ModParaParameters::default; C defaults are authoritative, not blind Julia constant aliases	Expert namelist is parsed by mvmc CLI; no per-section CLI; strict C completeness before runner/output	executable bounded production mapping; independent scenario replay unverified	C readdef layout/counts/flags authoritative; Julia parser warnings/permissive recovery are not C support	Sampling/proposed moves/acceptance must remain exact; numerical comparisons only for computed values; no implicit rejection rollback claim	E0 source/API mapping; candidate contract gate, not executed by this inventory	J=8bb1b9e8ae47b1512c00b321be05664ddcac0fd1; source SHA256 MVMCExpertModeParsers.jl/src/utils/constants.jl=71bff91265745f6228a118f04f5055c0a9ffd36f87710b27e07f9fb0b4909105; C=extern/mVMC-1.3.0; independent expectation provenance must be read from named fixtures; no regeneration/run in documentation audit	cargo nextest run --locked --cargo-profile test-fast -p mvmc-expert-parsers --no-fail-fast --retries 0	API arguments/overloads at listed source lines; run settings/seeds not applicable to source inspection; candidate gate settings per test; no new reference runtime	UNVERIFIED independent API replay; related local runner records R76/R43/R4/LR/LC do not establish every overload	#184/#178
A268	constant	MVMCExpertModeParsers.DEFAULT_NSR_OPT_CG_MAX_ITER	MVMCExpertModeParsers.jl/src/utils/constants.jl:129	crates/mvmc-expert-parsers/src/types.rs::ModParaParameters::default; C defaults are authoritative, not blind Julia constant aliases	Expert namelist is parsed by mvmc CLI; no per-section CLI; strict C completeness before runner/output	executable bounded production mapping; independent scenario replay unverified	C readdef layout/counts/flags authoritative; Julia parser warnings/permissive recovery are not C support	Sampling/proposed moves/acceptance must remain exact; numerical comparisons only for computed values; no implicit rejection rollback claim	E0 source/API mapping; candidate contract gate, not executed by this inventory	J=8bb1b9e8ae47b1512c00b321be05664ddcac0fd1; source SHA256 MVMCExpertModeParsers.jl/src/utils/constants.jl=71bff91265745f6228a118f04f5055c0a9ffd36f87710b27e07f9fb0b4909105; C=extern/mVMC-1.3.0; independent expectation provenance must be read from named fixtures; no regeneration/run in documentation audit	cargo nextest run --locked --cargo-profile test-fast -p mvmc-expert-parsers --no-fail-fast --retries 0	API arguments/overloads at listed source lines; run settings/seeds not applicable to source inspection; candidate gate settings per test; no new reference runtime	UNVERIFIED independent API replay; related local runner records R76/R43/R4/LR/LC do not establish every overload	#184/#178
A269	constant	MVMCExpertModeParsers.DEFAULT_NSP_GAUSS_LEG	MVMCExpertModeParsers.jl/src/utils/constants.jl:130	crates/mvmc-expert-parsers/src/types.rs::ModParaParameters::default; C defaults are authoritative, not blind Julia constant aliases	Expert namelist is parsed by mvmc CLI; no per-section CLI; strict C completeness before runner/output	executable bounded production mapping; independent scenario replay unverified	C readdef layout/counts/flags authoritative; Julia parser warnings/permissive recovery are not C support	Sampling/proposed moves/acceptance must remain exact; numerical comparisons only for computed values; no implicit rejection rollback claim	E0 source/API mapping; candidate contract gate, not executed by this inventory	J=8bb1b9e8ae47b1512c00b321be05664ddcac0fd1; source SHA256 MVMCExpertModeParsers.jl/src/utils/constants.jl=71bff91265745f6228a118f04f5055c0a9ffd36f87710b27e07f9fb0b4909105; C=extern/mVMC-1.3.0; independent expectation provenance must be read from named fixtures; no regeneration/run in documentation audit	cargo nextest run --locked --cargo-profile test-fast -p mvmc-expert-parsers --no-fail-fast --retries 0	API arguments/overloads at listed source lines; run settings/seeds not applicable to source inspection; candidate gate settings per test; no new reference runtime	UNVERIFIED independent API replay; related local runner records R76/R43/R4/LR/LC do not establish every overload	#184/#178
A270	constant	MVMCExpertModeParsers.DEFAULT_NSP_STOT	MVMCExpertModeParsers.jl/src/utils/constants.jl:131	crates/mvmc-expert-parsers/src/types.rs::ModParaParameters::default; C defaults are authoritative, not blind Julia constant aliases	Expert namelist is parsed by mvmc CLI; no per-section CLI; strict C completeness before runner/output	executable bounded production mapping; independent scenario replay unverified	C readdef layout/counts/flags authoritative; Julia parser warnings/permissive recovery are not C support	Sampling/proposed moves/acceptance must remain exact; numerical comparisons only for computed values; no implicit rejection rollback claim	E0 source/API mapping; candidate contract gate, not executed by this inventory	J=8bb1b9e8ae47b1512c00b321be05664ddcac0fd1; source SHA256 MVMCExpertModeParsers.jl/src/utils/constants.jl=71bff91265745f6228a118f04f5055c0a9ffd36f87710b27e07f9fb0b4909105; C=extern/mVMC-1.3.0; independent expectation provenance must be read from named fixtures; no regeneration/run in documentation audit	cargo nextest run --locked --cargo-profile test-fast -p mvmc-expert-parsers --no-fail-fast --retries 0	API arguments/overloads at listed source lines; run settings/seeds not applicable to source inspection; candidate gate settings per test; no new reference runtime	UNVERIFIED independent API replay; related local runner records R76/R43/R4/LR/LC do not establish every overload	#184/#178
A271	constant	MVMCExpertModeParsers.DEFAULT_NMP_TRANS	MVMCExpertModeParsers.jl/src/utils/constants.jl:132	crates/mvmc-expert-parsers/src/types.rs::ModParaParameters::default; C defaults are authoritative, not blind Julia constant aliases	Expert namelist is parsed by mvmc CLI; no per-section CLI; strict C completeness before runner/output	executable bounded production mapping; independent scenario replay unverified	C readdef layout/counts/flags authoritative; Julia parser warnings/permissive recovery are not C support	Sampling/proposed moves/acceptance must remain exact; numerical comparisons only for computed values; no implicit rejection rollback claim	E0 source/API mapping; candidate contract gate, not executed by this inventory	J=8bb1b9e8ae47b1512c00b321be05664ddcac0fd1; source SHA256 MVMCExpertModeParsers.jl/src/utils/constants.jl=71bff91265745f6228a118f04f5055c0a9ffd36f87710b27e07f9fb0b4909105; C=extern/mVMC-1.3.0; independent expectation provenance must be read from named fixtures; no regeneration/run in documentation audit	cargo nextest run --locked --cargo-profile test-fast -p mvmc-expert-parsers --no-fail-fast --retries 0	API arguments/overloads at listed source lines; run settings/seeds not applicable to source inspection; candidate gate settings per test; no new reference runtime	UNVERIFIED independent API replay; related local runner records R76/R43/R4/LR/LC do not establish every overload	#184/#178
A272	constant	MVMCExpertModeParsers.DEFAULT_TWO_SZ	MVMCExpertModeParsers.jl/src/utils/constants.jl:133	crates/mvmc-expert-parsers/src/types.rs::ModParaParameters::default; C defaults are authoritative, not blind Julia constant aliases	Expert namelist is parsed by mvmc CLI; no per-section CLI; strict C completeness before runner/output	executable bounded production mapping; independent scenario replay unverified	C readdef layout/counts/flags authoritative; Julia parser warnings/permissive recovery are not C support	Sampling/proposed moves/acceptance must remain exact; numerical comparisons only for computed values; no implicit rejection rollback claim	E0 source/API mapping; candidate contract gate, not executed by this inventory	J=8bb1b9e8ae47b1512c00b321be05664ddcac0fd1; source SHA256 MVMCExpertModeParsers.jl/src/utils/constants.jl=71bff91265745f6228a118f04f5055c0a9ffd36f87710b27e07f9fb0b4909105; C=extern/mVMC-1.3.0; independent expectation provenance must be read from named fixtures; no regeneration/run in documentation audit	cargo nextest run --locked --cargo-profile test-fast -p mvmc-expert-parsers --no-fail-fast --retries 0	API arguments/overloads at listed source lines; run settings/seeds not applicable to source inspection; candidate gate settings per test; no new reference runtime	UNVERIFIED independent API replay; related local runner records R76/R43/R4/LR/LC do not establish every overload	#184/#178
A273	constant	MVMCExpertModeParsers.DEFAULT_N_DATA_IDX_START	MVMCExpertModeParsers.jl/src/utils/constants.jl:134	crates/mvmc-expert-parsers/src/types.rs::ModParaParameters::default; C defaults are authoritative, not blind Julia constant aliases	Expert namelist is parsed by mvmc CLI; no per-section CLI; strict C completeness before runner/output	executable bounded production mapping; independent scenario replay unverified	C readdef layout/counts/flags authoritative; Julia parser warnings/permissive recovery are not C support	Sampling/proposed moves/acceptance must remain exact; numerical comparisons only for computed values; no implicit rejection rollback claim	E0 source/API mapping; candidate contract gate, not executed by this inventory	J=8bb1b9e8ae47b1512c00b321be05664ddcac0fd1; source SHA256 MVMCExpertModeParsers.jl/src/utils/constants.jl=71bff91265745f6228a118f04f5055c0a9ffd36f87710b27e07f9fb0b4909105; C=extern/mVMC-1.3.0; independent expectation provenance must be read from named fixtures; no regeneration/run in documentation audit	cargo nextest run --locked --cargo-profile test-fast -p mvmc-expert-parsers --no-fail-fast --retries 0	API arguments/overloads at listed source lines; run settings/seeds not applicable to source inspection; candidate gate settings per test; no new reference runtime	UNVERIFIED independent API replay; related local runner records R76/R43/R4/LR/LC do not establish every overload	#184/#178
A274	constant	MVMCExpertModeParsers.DEFAULT_N_DATA_QTY_SMP	MVMCExpertModeParsers.jl/src/utils/constants.jl:135	crates/mvmc-expert-parsers/src/types.rs::ModParaParameters::default; C defaults are authoritative, not blind Julia constant aliases	Expert namelist is parsed by mvmc CLI; no per-section CLI; strict C completeness before runner/output	executable bounded production mapping; independent scenario replay unverified	C readdef layout/counts/flags authoritative; Julia parser warnings/permissive recovery are not C support	Sampling/proposed moves/acceptance must remain exact; numerical comparisons only for computed values; no implicit rejection rollback claim	E0 source/API mapping; candidate contract gate, not executed by this inventory	J=8bb1b9e8ae47b1512c00b321be05664ddcac0fd1; source SHA256 MVMCExpertModeParsers.jl/src/utils/constants.jl=71bff91265745f6228a118f04f5055c0a9ffd36f87710b27e07f9fb0b4909105; C=extern/mVMC-1.3.0; independent expectation provenance must be read from named fixtures; no regeneration/run in documentation audit	cargo nextest run --locked --cargo-profile test-fast -p mvmc-expert-parsers --no-fail-fast --retries 0	API arguments/overloads at listed source lines; run settings/seeds not applicable to source inspection; candidate gate settings per test; no new reference runtime	UNVERIFIED independent API replay; related local runner records R76/R43/R4/LR/LC do not establish every overload	#184/#178
A275	constant	MVMCExpertModeParsers.DEFAULT_C_DATA_FILE_HEAD	MVMCExpertModeParsers.jl/src/utils/constants.jl:136	crates/mvmc-expert-parsers/src/types.rs::ModParaParameters::default; C defaults are authoritative, not blind Julia constant aliases	Expert namelist is parsed by mvmc CLI; no per-section CLI; strict C completeness before runner/output	executable bounded production mapping; independent scenario replay unverified	C readdef layout/counts/flags authoritative; Julia parser warnings/permissive recovery are not C support	Sampling/proposed moves/acceptance must remain exact; numerical comparisons only for computed values; no implicit rejection rollback claim	E0 source/API mapping; candidate contract gate, not executed by this inventory	J=8bb1b9e8ae47b1512c00b321be05664ddcac0fd1; source SHA256 MVMCExpertModeParsers.jl/src/utils/constants.jl=71bff91265745f6228a118f04f5055c0a9ffd36f87710b27e07f9fb0b4909105; C=extern/mVMC-1.3.0; independent expectation provenance must be read from named fixtures; no regeneration/run in documentation audit	cargo nextest run --locked --cargo-profile test-fast -p mvmc-expert-parsers --no-fail-fast --retries 0	API arguments/overloads at listed source lines; run settings/seeds not applicable to source inspection; candidate gate settings per test; no new reference runtime	UNVERIFIED independent API replay; related local runner records R76/R43/R4/LR/LC do not establish every overload	#184/#178
A276	constant	MVMCExpertModeParsers.DEFAULT_C_PARA_FILE_HEAD	MVMCExpertModeParsers.jl/src/utils/constants.jl:137	crates/mvmc-expert-parsers/src/types.rs::ModParaParameters::default; C defaults are authoritative, not blind Julia constant aliases	Expert namelist is parsed by mvmc CLI; no per-section CLI; strict C completeness before runner/output	executable bounded production mapping; independent scenario replay unverified	C readdef layout/counts/flags authoritative; Julia parser warnings/permissive recovery are not C support	Sampling/proposed moves/acceptance must remain exact; numerical comparisons only for computed values; no implicit rejection rollback claim	E0 source/API mapping; candidate contract gate, not executed by this inventory	J=8bb1b9e8ae47b1512c00b321be05664ddcac0fd1; source SHA256 MVMCExpertModeParsers.jl/src/utils/constants.jl=71bff91265745f6228a118f04f5055c0a9ffd36f87710b27e07f9fb0b4909105; C=extern/mVMC-1.3.0; independent expectation provenance must be read from named fixtures; no regeneration/run in documentation audit	cargo nextest run --locked --cargo-profile test-fast -p mvmc-expert-parsers --no-fail-fast --retries 0	API arguments/overloads at listed source lines; run settings/seeds not applicable to source inspection; candidate gate settings per test; no new reference runtime	UNVERIFIED independent API replay; related local runner records R76/R43/R4/LR/LC do not establish every overload	#184/#178
A277	constant	MVMCExpertModeParsers.DEFAULT_N_FILE_FLUSH_INTERVAL	MVMCExpertModeParsers.jl/src/utils/constants.jl:138	crates/mvmc-expert-parsers/src/types.rs::ModParaParameters::default; C defaults are authoritative, not blind Julia constant aliases	Expert namelist is parsed by mvmc CLI; no per-section CLI; strict C completeness before runner/output	executable bounded production mapping; independent scenario replay unverified	C readdef layout/counts/flags authoritative; Julia parser warnings/permissive recovery are not C support	Sampling/proposed moves/acceptance must remain exact; numerical comparisons only for computed values; no implicit rejection rollback claim	E0 source/API mapping; candidate contract gate, not executed by this inventory	J=8bb1b9e8ae47b1512c00b321be05664ddcac0fd1; source SHA256 MVMCExpertModeParsers.jl/src/utils/constants.jl=71bff91265745f6228a118f04f5055c0a9ffd36f87710b27e07f9fb0b4909105; C=extern/mVMC-1.3.0; independent expectation provenance must be read from named fixtures; no regeneration/run in documentation audit	cargo nextest run --locked --cargo-profile test-fast -p mvmc-expert-parsers --no-fail-fast --retries 0	API arguments/overloads at listed source lines; run settings/seeds not applicable to source inspection; candidate gate settings per test; no new reference runtime	UNVERIFIED independent API replay; related local runner records R76/R43/R4/LR/LC do not establish every overload	#184/#178
A278	constant	MVMCExpertModeParsers.DEFAULT_COMPLEX_FLAG	MVMCExpertModeParsers.jl/src/utils/constants.jl:139	crates/mvmc-expert-parsers/src/types.rs::ModParaParameters::default; C defaults are authoritative, not blind Julia constant aliases	Expert namelist is parsed by mvmc CLI; no per-section CLI; strict C completeness before runner/output	executable bounded production mapping; independent scenario replay unverified	C readdef layout/counts/flags authoritative; Julia parser warnings/permissive recovery are not C support	Exact RNG/config/count/status/indices/flags and untouched copy tails; computed normalization/inverse values follow #190; no claimed full trajectory from snapshots	E0 source/API mapping; candidate contract gate, not executed by this inventory	J=8bb1b9e8ae47b1512c00b321be05664ddcac0fd1; source SHA256 MVMCExpertModeParsers.jl/src/utils/constants.jl=71bff91265745f6228a118f04f5055c0a9ffd36f87710b27e07f9fb0b4909105; C=extern/mVMC-1.3.0; independent expectation provenance must be read from named fixtures; no regeneration/run in documentation audit	cargo nextest run --locked --cargo-profile test-fast -p mvmc-expert-parsers --no-fail-fast --retries 0	API arguments/overloads at listed source lines; run settings/seeds not applicable to source inspection; candidate gate settings per test; no new reference runtime	UNVERIFIED independent API replay; related local runner records R76/R43/R4/LR/LC do not establish every overload	#184/#178
A279	constant	MVMCExpertModeParsers.DEFAULT_NNEURON	MVMCExpertModeParsers.jl/src/utils/constants.jl:140	crates/mvmc-expert-parsers/src/types.rs::ModParaParameters::default; C defaults are authoritative, not blind Julia constant aliases	Expert namelist is parsed by mvmc CLI; no per-section CLI; strict C completeness before runner/output	executable bounded production mapping; independent scenario replay unverified	C readdef layout/counts/flags authoritative; Julia parser warnings/permissive recovery are not C support	Sampling/proposed moves/acceptance must remain exact; numerical comparisons only for computed values; no implicit rejection rollback claim	E0 source/API mapping; candidate contract gate, not executed by this inventory	J=8bb1b9e8ae47b1512c00b321be05664ddcac0fd1; source SHA256 MVMCExpertModeParsers.jl/src/utils/constants.jl=71bff91265745f6228a118f04f5055c0a9ffd36f87710b27e07f9fb0b4909105; C=extern/mVMC-1.3.0; independent expectation provenance must be read from named fixtures; no regeneration/run in documentation audit	cargo nextest run --locked --cargo-profile test-fast -p mvmc-expert-parsers --no-fail-fast --retries 0	API arguments/overloads at listed source lines; run settings/seeds not applicable to source inspection; candidate gate settings per test; no new reference runtime	UNVERIFIED independent API replay; related local runner records R76/R43/R4/LR/LC do not establish every overload	#184/#178
A280	constant	MVMCExpertModeParsers.DEFAULT_NBLOCK_SIZE_RBM_RATIO	MVMCExpertModeParsers.jl/src/utils/constants.jl:141	crates/mvmc-expert-parsers/src/types.rs::ModParaParameters::default; C defaults are authoritative, not blind Julia constant aliases	Expert namelist is parsed by mvmc CLI; no per-section CLI; strict C completeness before runner/output	executable bounded production mapping; independent scenario replay unverified	C readdef layout/counts/flags authoritative; Julia parser warnings/permissive recovery are not C support; C full site mapping/declared width and signed flags differ from historical permissive Julia examples	Sampling/proposed moves/acceptance must remain exact; numerical comparisons only for computed values; no implicit rejection rollback claim	E0 source/API mapping; candidate contract gate, not executed by this inventory	J=8bb1b9e8ae47b1512c00b321be05664ddcac0fd1; source SHA256 MVMCExpertModeParsers.jl/src/utils/constants.jl=71bff91265745f6228a118f04f5055c0a9ffd36f87710b27e07f9fb0b4909105; C=extern/mVMC-1.3.0; independent expectation provenance must be read from named fixtures; no regeneration/run in documentation audit	cargo nextest run --locked --cargo-profile test-fast -p mvmc-expert-parsers --no-fail-fast --retries 0	API arguments/overloads at listed source lines; run settings/seeds not applicable to source inspection; candidate gate settings per test; no new reference runtime	UNVERIFIED independent API replay; related local runner records R76/R43/R4/LR/LC do not establish every overload	#184/#178
A281	constant	MVMCExpertModeParsers.DEFAULT_N_ONE_BODY_G	MVMCExpertModeParsers.jl/src/utils/constants.jl:142	crates/mvmc-expert-parsers/src/types.rs::ModParaParameters::default; C defaults are authoritative, not blind Julia constant aliases	Expert namelist is parsed by mvmc CLI; no per-section CLI; strict C completeness before runner/output	executable bounded production mapping; independent scenario replay unverified	C readdef layout/counts/flags authoritative; Julia parser warnings/permissive recovery are not C support	Sampling/proposed moves/acceptance must remain exact; numerical comparisons only for computed values; no implicit rejection rollback claim	E0 source/API mapping; candidate contract gate, not executed by this inventory	J=8bb1b9e8ae47b1512c00b321be05664ddcac0fd1; source SHA256 MVMCExpertModeParsers.jl/src/utils/constants.jl=71bff91265745f6228a118f04f5055c0a9ffd36f87710b27e07f9fb0b4909105; C=extern/mVMC-1.3.0; independent expectation provenance must be read from named fixtures; no regeneration/run in documentation audit	cargo nextest run --locked --cargo-profile test-fast -p mvmc-expert-parsers --no-fail-fast --retries 0	API arguments/overloads at listed source lines; run settings/seeds not applicable to source inspection; candidate gate settings per test; no new reference runtime	UNVERIFIED independent API replay; related local runner records R76/R43/R4/LR/LC do not establish every overload	#184/#178
A282	constant	MVMCExpertModeParsers.DEFAULT_N_TWO_BODY_G	MVMCExpertModeParsers.jl/src/utils/constants.jl:143	crates/mvmc-expert-parsers/src/types.rs::ModParaParameters::default; C defaults are authoritative, not blind Julia constant aliases	Expert namelist is parsed by mvmc CLI; no per-section CLI; strict C completeness before runner/output	executable bounded production mapping; independent scenario replay unverified	C readdef layout/counts/flags authoritative; Julia parser warnings/permissive recovery are not C support	Sampling/proposed moves/acceptance must remain exact; numerical comparisons only for computed values; no implicit rejection rollback claim	E0 source/API mapping; candidate contract gate, not executed by this inventory	J=8bb1b9e8ae47b1512c00b321be05664ddcac0fd1; source SHA256 MVMCExpertModeParsers.jl/src/utils/constants.jl=71bff91265745f6228a118f04f5055c0a9ffd36f87710b27e07f9fb0b4909105; C=extern/mVMC-1.3.0; independent expectation provenance must be read from named fixtures; no regeneration/run in documentation audit	cargo nextest run --locked --cargo-profile test-fast -p mvmc-expert-parsers --no-fail-fast --retries 0	API arguments/overloads at listed source lines; run settings/seeds not applicable to source inspection; candidate gate settings per test; no new reference runtime	UNVERIFIED independent API replay; related local runner records R76/R43/R4/LR/LC do not establish every overload	#184/#178
A283	constant	MVMCExpertModeParsers.DEFAULT_N_TWO_BODY_G_EX	MVMCExpertModeParsers.jl/src/utils/constants.jl:144	crates/mvmc-expert-parsers/src/types.rs::ModParaParameters::default; C defaults are authoritative, not blind Julia constant aliases	Expert namelist is parsed by mvmc CLI; no per-section CLI; strict C completeness before runner/output	executable bounded production mapping; independent scenario replay unverified	C readdef layout/counts/flags authoritative; Julia parser warnings/permissive recovery are not C support	Sampling/proposed moves/acceptance must remain exact; numerical comparisons only for computed values; no implicit rejection rollback claim	E0 source/API mapping; candidate contract gate, not executed by this inventory	J=8bb1b9e8ae47b1512c00b321be05664ddcac0fd1; source SHA256 MVMCExpertModeParsers.jl/src/utils/constants.jl=71bff91265745f6228a118f04f5055c0a9ffd36f87710b27e07f9fb0b4909105; C=extern/mVMC-1.3.0; independent expectation provenance must be read from named fixtures; no regeneration/run in documentation audit	cargo nextest run --locked --cargo-profile test-fast -p mvmc-expert-parsers --no-fail-fast --retries 0	API arguments/overloads at listed source lines; run settings/seeds not applicable to source inspection; candidate gate settings per test; no new reference runtime	UNVERIFIED independent API replay; related local runner records R76/R43/R4/LR/LC do not establish every overload	#184/#178
A284	constant	MVMCExpertModeParsers.DEFAULT_NEX_UPDATE_PATH	MVMCExpertModeParsers.jl/src/utils/constants.jl:145	crates/mvmc-expert-parsers/src/types.rs::ModParaParameters::default; C defaults are authoritative, not blind Julia constant aliases	Expert namelist is parsed by mvmc CLI; no per-section CLI; strict C completeness before runner/output	executable bounded production mapping; independent scenario replay unverified	C readdef layout/counts/flags authoritative; Julia parser warnings/permissive recovery are not C support	Sampling/proposed moves/acceptance must remain exact; numerical comparisons only for computed values; no implicit rejection rollback claim	E0 source/API mapping; candidate contract gate, not executed by this inventory	J=8bb1b9e8ae47b1512c00b321be05664ddcac0fd1; source SHA256 MVMCExpertModeParsers.jl/src/utils/constants.jl=71bff91265745f6228a118f04f5055c0a9ffd36f87710b27e07f9fb0b4909105; C=extern/mVMC-1.3.0; independent expectation provenance must be read from named fixtures; no regeneration/run in documentation audit	cargo nextest run --locked --cargo-profile test-fast -p mvmc-expert-parsers --no-fail-fast --retries 0	API arguments/overloads at listed source lines; run settings/seeds not applicable to source inspection; candidate gate settings per test; no new reference runtime	UNVERIFIED independent API replay; related local runner records R76/R43/R4/LR/LC do not establish every overload	#184/#178
A285	constant	MVMCExpertModeParsers.DEFAULT_NSPLIT_SIZE	MVMCExpertModeParsers.jl/src/utils/constants.jl:146	crates/mvmc-expert-parsers/src/types.rs::ModParaParameters::default; C defaults are authoritative, not blind Julia constant aliases	Expert namelist is parsed by mvmc CLI; no per-section CLI; strict C completeness before runner/output	executable bounded production mapping; independent scenario replay unverified	C/Julia NSplitSize=group SIZE; current draft follows width/remainder and full-chain/comm1 measurement semantics; prior chain-length/burn-marker failures require fresh independent state verification; protocol success not parity; support validator distinguishes normal Green positives from FSZ/Lanczos/CG/OptTrans rejections	Sampling/proposed moves/acceptance must remain exact; numerical comparisons only for computed values; no implicit rejection rollback claim	E0 source/API mapping; candidate contract gate, not executed by this inventory	J=8bb1b9e8ae47b1512c00b321be05664ddcac0fd1; source SHA256 MVMCExpertModeParsers.jl/src/utils/constants.jl=71bff91265745f6228a118f04f5055c0a9ffd36f87710b27e07f9fb0b4909105; C=extern/mVMC-1.3.0; independent expectation provenance must be read from named fixtures; no regeneration/run in documentation audit	cargo nextest run --locked --cargo-profile test-fast -p mvmc-expert-parsers --no-fail-fast --retries 0	API arguments/overloads at listed source lines; run settings/seeds not applicable to source inspection; candidate gate settings per test; no new reference runtime	UNVERIFIED independent API replay; related local runner records R76/R43/R4/LR/LC do not establish every overload	#184/#178
A286	constant	MVMCExpertModeParsers.ERROR_FILE_NOT_FOUND	MVMCExpertModeParsers.jl/src/utils/constants.jl:149	crates/mvmc-expert-parsers/src/lib.rs::ParseError + ValidationResult messages; no numeric Julia diagnostic-code ABI	Expert namelist is parsed by mvmc CLI; no per-section CLI; strict C completeness before runner/output	executable bounded production mapping; independent scenario replay unverified	C readdef layout/counts/flags authoritative; Julia parser warnings/permissive recovery are not C support	Validation/load failure before init/output unless title targets callback/output/SR; state/RNG/files boundary must be asserted by candidate gate; current collective callbacks fail after completed sample, not rollback	E0 source/API mapping; candidate contract gate, not executed by this inventory	J=8bb1b9e8ae47b1512c00b321be05664ddcac0fd1; source SHA256 MVMCExpertModeParsers.jl/src/utils/constants.jl=71bff91265745f6228a118f04f5055c0a9ffd36f87710b27e07f9fb0b4909105; C=extern/mVMC-1.3.0; independent expectation provenance must be read from named fixtures; no regeneration/run in documentation audit	cargo nextest run --locked --cargo-profile test-fast -p mvmc-expert-parsers --no-fail-fast --retries 0	API arguments/overloads at listed source lines; run settings/seeds not applicable to source inspection; candidate gate settings per test; no new reference runtime	UNVERIFIED independent API replay; related local runner records R76/R43/R4/LR/LC do not establish every overload	#184/#178
A287	constant	MVMCExpertModeParsers.ERROR_INVALID_FORMAT	MVMCExpertModeParsers.jl/src/utils/constants.jl:150	crates/mvmc-expert-parsers/src/lib.rs::ParseError + ValidationResult messages; no numeric Julia diagnostic-code ABI	Expert namelist is parsed by mvmc CLI; no per-section CLI; strict C completeness before runner/output	executable bounded production mapping; independent scenario replay unverified	C readdef layout/counts/flags authoritative; Julia parser warnings/permissive recovery are not C support	Validation/load failure before init/output unless title targets callback/output/SR; state/RNG/files boundary must be asserted by candidate gate; current collective callbacks fail after completed sample, not rollback	E0 source/API mapping; candidate contract gate, not executed by this inventory	J=8bb1b9e8ae47b1512c00b321be05664ddcac0fd1; source SHA256 MVMCExpertModeParsers.jl/src/utils/constants.jl=71bff91265745f6228a118f04f5055c0a9ffd36f87710b27e07f9fb0b4909105; C=extern/mVMC-1.3.0; independent expectation provenance must be read from named fixtures; no regeneration/run in documentation audit	cargo nextest run --locked --cargo-profile test-fast -p mvmc-expert-parsers --no-fail-fast --retries 0	API arguments/overloads at listed source lines; run settings/seeds not applicable to source inspection; candidate gate settings per test; no new reference runtime	UNVERIFIED independent API replay; related local runner records R76/R43/R4/LR/LC do not establish every overload	#184/#178
A288	constant	MVMCExpertModeParsers.ERROR_PARSE_ERROR	MVMCExpertModeParsers.jl/src/utils/constants.jl:151	crates/mvmc-expert-parsers/src/lib.rs::ParseError + ValidationResult messages; no numeric Julia diagnostic-code ABI	Expert namelist is parsed by mvmc CLI; no per-section CLI; strict C completeness before runner/output	executable bounded production mapping; independent scenario replay unverified	C readdef layout/counts/flags authoritative; Julia parser warnings/permissive recovery are not C support	Validation/load failure before init/output unless title targets callback/output/SR; state/RNG/files boundary must be asserted by candidate gate; current collective callbacks fail after completed sample, not rollback	E0 source/API mapping; candidate contract gate, not executed by this inventory	J=8bb1b9e8ae47b1512c00b321be05664ddcac0fd1; source SHA256 MVMCExpertModeParsers.jl/src/utils/constants.jl=71bff91265745f6228a118f04f5055c0a9ffd36f87710b27e07f9fb0b4909105; C=extern/mVMC-1.3.0; independent expectation provenance must be read from named fixtures; no regeneration/run in documentation audit	cargo nextest run --locked --cargo-profile test-fast -p mvmc-expert-parsers --no-fail-fast --retries 0	API arguments/overloads at listed source lines; run settings/seeds not applicable to source inspection; candidate gate settings per test; no new reference runtime	UNVERIFIED independent API replay; related local runner records R76/R43/R4/LR/LC do not establish every overload	#184/#178
A289	constant	MVMCExpertModeParsers.ERROR_VALIDATION_ERROR	MVMCExpertModeParsers.jl/src/utils/constants.jl:152	crates/mvmc-expert-parsers/src/lib.rs::ParseError + ValidationResult messages; no numeric Julia diagnostic-code ABI	Expert namelist is parsed by mvmc CLI; no per-section CLI; strict C completeness before runner/output	executable bounded production mapping; independent scenario replay unverified	C readdef layout/counts/flags authoritative; Julia parser warnings/permissive recovery are not C support	Validation/load failure before init/output unless title targets callback/output/SR; state/RNG/files boundary must be asserted by candidate gate; current collective callbacks fail after completed sample, not rollback	E0 source/API mapping; candidate contract gate, not executed by this inventory	J=8bb1b9e8ae47b1512c00b321be05664ddcac0fd1; source SHA256 MVMCExpertModeParsers.jl/src/utils/constants.jl=71bff91265745f6228a118f04f5055c0a9ffd36f87710b27e07f9fb0b4909105; C=extern/mVMC-1.3.0; independent expectation provenance must be read from named fixtures; no regeneration/run in documentation audit	cargo nextest run --locked --cargo-profile test-fast -p mvmc-expert-parsers --no-fail-fast --retries 0	API arguments/overloads at listed source lines; run settings/seeds not applicable to source inspection; candidate gate settings per test; no new reference runtime	UNVERIFIED independent API replay; related local runner records R76/R43/R4/LR/LC do not establish every overload	#184/#178
A290	constant	MVMCExpertModeParsers.ERROR_MISSING_PARAMETER	MVMCExpertModeParsers.jl/src/utils/constants.jl:153	crates/mvmc-expert-parsers/src/lib.rs::ParseError + ValidationResult messages; no numeric Julia diagnostic-code ABI	Expert namelist is parsed by mvmc CLI; no per-section CLI; strict C completeness before runner/output	executable bounded production mapping; independent scenario replay unverified	C readdef layout/counts/flags authoritative; Julia parser warnings/permissive recovery are not C support	Validation/load failure before init/output unless title targets callback/output/SR; state/RNG/files boundary must be asserted by candidate gate; current collective callbacks fail after completed sample, not rollback	E0 source/API mapping; candidate contract gate, not executed by this inventory	J=8bb1b9e8ae47b1512c00b321be05664ddcac0fd1; source SHA256 MVMCExpertModeParsers.jl/src/utils/constants.jl=71bff91265745f6228a118f04f5055c0a9ffd36f87710b27e07f9fb0b4909105; C=extern/mVMC-1.3.0; independent expectation provenance must be read from named fixtures; no regeneration/run in documentation audit	cargo nextest run --locked --cargo-profile test-fast -p mvmc-expert-parsers --no-fail-fast --retries 0	API arguments/overloads at listed source lines; run settings/seeds not applicable to source inspection; candidate gate settings per test; no new reference runtime	UNVERIFIED independent API replay; related local runner records R76/R43/R4/LR/LC do not establish every overload	#184/#178
A291	constant	MVMCExpertModeParsers.ERROR_INVALID_VALUE	MVMCExpertModeParsers.jl/src/utils/constants.jl:154	crates/mvmc-expert-parsers/src/lib.rs::ParseError + ValidationResult messages; no numeric Julia diagnostic-code ABI	Expert namelist is parsed by mvmc CLI; no per-section CLI; strict C completeness before runner/output	executable bounded production mapping; independent scenario replay unverified	C readdef layout/counts/flags authoritative; Julia parser warnings/permissive recovery are not C support	Validation/load failure before init/output unless title targets callback/output/SR; state/RNG/files boundary must be asserted by candidate gate; current collective callbacks fail after completed sample, not rollback	E0 source/API mapping; candidate contract gate, not executed by this inventory	J=8bb1b9e8ae47b1512c00b321be05664ddcac0fd1; source SHA256 MVMCExpertModeParsers.jl/src/utils/constants.jl=71bff91265745f6228a118f04f5055c0a9ffd36f87710b27e07f9fb0b4909105; C=extern/mVMC-1.3.0; independent expectation provenance must be read from named fixtures; no regeneration/run in documentation audit	cargo nextest run --locked --cargo-profile test-fast -p mvmc-expert-parsers --no-fail-fast --retries 0	API arguments/overloads at listed source lines; run settings/seeds not applicable to source inspection; candidate gate settings per test; no new reference runtime	UNVERIFIED independent API replay; related local runner records R76/R43/R4/LR/LC do not establish every overload	#184/#178
A292	constant	MVMCExpertModeParsers.ERROR_INCONSISTENT_DATA	MVMCExpertModeParsers.jl/src/utils/constants.jl:155	crates/mvmc-expert-parsers/src/lib.rs::ParseError + ValidationResult messages; no numeric Julia diagnostic-code ABI	Expert namelist is parsed by mvmc CLI; no per-section CLI; strict C completeness before runner/output	executable bounded production mapping; independent scenario replay unverified	C readdef layout/counts/flags authoritative; Julia parser warnings/permissive recovery are not C support	Validation/load failure before init/output unless title targets callback/output/SR; state/RNG/files boundary must be asserted by candidate gate; current collective callbacks fail after completed sample, not rollback	E0 source/API mapping; candidate contract gate, not executed by this inventory	J=8bb1b9e8ae47b1512c00b321be05664ddcac0fd1; source SHA256 MVMCExpertModeParsers.jl/src/utils/constants.jl=71bff91265745f6228a118f04f5055c0a9ffd36f87710b27e07f9fb0b4909105; C=extern/mVMC-1.3.0; independent expectation provenance must be read from named fixtures; no regeneration/run in documentation audit	cargo nextest run --locked --cargo-profile test-fast -p mvmc-expert-parsers --no-fail-fast --retries 0	API arguments/overloads at listed source lines; run settings/seeds not applicable to source inspection; candidate gate settings per test; no new reference runtime	UNVERIFIED independent API replay; related local runner records R76/R43/R4/LR/LC do not establish every overload	#184/#178
A293	constant	MVMCExpertModeParsers.WARNING_DEFAULT_VALUE	MVMCExpertModeParsers.jl/src/utils/constants.jl:158	crates/mvmc-expert-parsers/src/lib.rs::ParseError + ValidationResult messages; no numeric Julia diagnostic-code ABI	Expert namelist is parsed by mvmc CLI; no per-section CLI; strict C completeness before runner/output	executable bounded production mapping; independent scenario replay unverified	C readdef layout/counts/flags authoritative; Julia parser warnings/permissive recovery are not C support	Sampling/proposed moves/acceptance must remain exact; numerical comparisons only for computed values; no implicit rejection rollback claim	E0 source/API mapping; candidate contract gate, not executed by this inventory	J=8bb1b9e8ae47b1512c00b321be05664ddcac0fd1; source SHA256 MVMCExpertModeParsers.jl/src/utils/constants.jl=71bff91265745f6228a118f04f5055c0a9ffd36f87710b27e07f9fb0b4909105; C=extern/mVMC-1.3.0; independent expectation provenance must be read from named fixtures; no regeneration/run in documentation audit	cargo nextest run --locked --cargo-profile test-fast -p mvmc-expert-parsers --no-fail-fast --retries 0	API arguments/overloads at listed source lines; run settings/seeds not applicable to source inspection; candidate gate settings per test; no new reference runtime	UNVERIFIED independent API replay; related local runner records R76/R43/R4/LR/LC do not establish every overload	#184/#178
A294	constant	MVMCExpertModeParsers.WARNING_IGNORED_LINE	MVMCExpertModeParsers.jl/src/utils/constants.jl:159	crates/mvmc-expert-parsers/src/lib.rs::ParseError + ValidationResult messages; no numeric Julia diagnostic-code ABI	Expert namelist is parsed by mvmc CLI; no per-section CLI; strict C completeness before runner/output	executable bounded production mapping; independent scenario replay unverified	C readdef layout/counts/flags authoritative; Julia parser warnings/permissive recovery are not C support	Sampling/proposed moves/acceptance must remain exact; numerical comparisons only for computed values; no implicit rejection rollback claim	E0 source/API mapping; candidate contract gate, not executed by this inventory	J=8bb1b9e8ae47b1512c00b321be05664ddcac0fd1; source SHA256 MVMCExpertModeParsers.jl/src/utils/constants.jl=71bff91265745f6228a118f04f5055c0a9ffd36f87710b27e07f9fb0b4909105; C=extern/mVMC-1.3.0; independent expectation provenance must be read from named fixtures; no regeneration/run in documentation audit	cargo nextest run --locked --cargo-profile test-fast -p mvmc-expert-parsers --no-fail-fast --retries 0	API arguments/overloads at listed source lines; run settings/seeds not applicable to source inspection; candidate gate settings per test; no new reference runtime	UNVERIFIED independent API replay; related local runner records R76/R43/R4/LR/LC do not establish every overload	#184/#178
A295	constant	MVMCExpertModeParsers.WARNING_DEPRECATED_FORMAT	MVMCExpertModeParsers.jl/src/utils/constants.jl:160	crates/mvmc-expert-parsers/src/lib.rs::ParseError + ValidationResult messages; no numeric Julia diagnostic-code ABI	Expert namelist is parsed by mvmc CLI; no per-section CLI; strict C completeness before runner/output	executable bounded production mapping; independent scenario replay unverified	C readdef layout/counts/flags authoritative; Julia parser warnings/permissive recovery are not C support	Sampling/proposed moves/acceptance must remain exact; numerical comparisons only for computed values; no implicit rejection rollback claim	E0 source/API mapping; candidate contract gate, not executed by this inventory	J=8bb1b9e8ae47b1512c00b321be05664ddcac0fd1; source SHA256 MVMCExpertModeParsers.jl/src/utils/constants.jl=71bff91265745f6228a118f04f5055c0a9ffd36f87710b27e07f9fb0b4909105; C=extern/mVMC-1.3.0; independent expectation provenance must be read from named fixtures; no regeneration/run in documentation audit	cargo nextest run --locked --cargo-profile test-fast -p mvmc-expert-parsers --no-fail-fast --retries 0	API arguments/overloads at listed source lines; run settings/seeds not applicable to source inspection; candidate gate settings per test; no new reference runtime	UNVERIFIED independent API replay; related local runner records R76/R43/R4/LR/LC do not establish every overload	#184/#178
A296	constant	MVMCExpertModeParsers.WARNING_APPROXIMATION	MVMCExpertModeParsers.jl/src/utils/constants.jl:161	crates/mvmc-expert-parsers/src/lib.rs::ParseError + ValidationResult messages; no numeric Julia diagnostic-code ABI	Expert namelist is parsed by mvmc CLI; no per-section CLI; strict C completeness before runner/output	executable bounded production mapping; independent scenario replay unverified	C readdef layout/counts/flags authoritative; Julia parser warnings/permissive recovery are not C support	Sampling/proposed moves/acceptance must remain exact; numerical comparisons only for computed values; no implicit rejection rollback claim	E0 source/API mapping; candidate contract gate, not executed by this inventory	J=8bb1b9e8ae47b1512c00b321be05664ddcac0fd1; source SHA256 MVMCExpertModeParsers.jl/src/utils/constants.jl=71bff91265745f6228a118f04f5055c0a9ffd36f87710b27e07f9fb0b4909105; C=extern/mVMC-1.3.0; independent expectation provenance must be read from named fixtures; no regeneration/run in documentation audit	cargo nextest run --locked --cargo-profile test-fast -p mvmc-expert-parsers --no-fail-fast --retries 0	API arguments/overloads at listed source lines; run settings/seeds not applicable to source inspection; candidate gate settings per test; no new reference runtime	UNVERIFIED independent API replay; related local runner records R76/R43/R4/LR/LC do not establish every overload	#184/#178
A297	constant	MVMCExpertModeParsers.D_AMP_MAX	MVMCExpertModeParsers.jl/src/utils/parameter_init.jl:9	crates/mvmc-expert-parsers/src/lib.rs::c_const::D_AMP_MAX = 4.0	Optimization initialization; PhysCal consumes one init block on clone then restores fixed values; seed override optional	executable bounded production mapping; independent scenario replay unverified	Exact C SFMT draw/flag contract; complex mode inferred from enabled family declarations, not Julia-only ModPara override	Sampling/proposed moves/acceptance must remain exact; numerical comparisons only for computed values; no implicit rejection rollback claim	E0 source/API mapping; candidate contract gate, not executed by this inventory	J=8bb1b9e8ae47b1512c00b321be05664ddcac0fd1; source SHA256 MVMCExpertModeParsers.jl/src/utils/parameter_init.jl=a9650915b37d67dad3a6d78b0575ff9a43649fbe71a3812342523ccb5184c990; C=extern/mVMC-1.3.0; independent expectation provenance must be read from named fixtures; no regeneration/run in documentation audit	cargo nextest run --locked --cargo-profile test-fast -p mvmc-expert-parsers --test c_orbital_initialization --test optimization_flags --no-fail-fast --retries 0	API arguments/overloads at listed source lines; run settings/seeds not applicable to source inspection; candidate gate settings per test; no new reference runtime	UNVERIFIED independent API replay; related local runner records R76/R43/R4/LR/LC do not establish every overload	#177/#180/#181
A298	constant	MVMCExpertModeParsers.GAUSSLEG_EPS	MVMCExpertModeParsers.jl/src/utils/qp_weight.jl:10	crates/mvmc-expert-parsers/src/utils/qp_weight.rs::gauss_legendre	Via both runners; --opt-trans opt-in C default; grouped OptTrans multi-sector rejected	executable bounded production mapping; independent scenario replay unverified	C quadrature/sign/momentum and OptTrans activation; numerical #190, discrete sectors exact	Sampling/proposed moves/acceptance must remain exact; numerical comparisons only for computed values; no implicit rejection rollback claim	E0 source/API mapping; candidate contract gate, not executed by this inventory	J=8bb1b9e8ae47b1512c00b321be05664ddcac0fd1; source SHA256 MVMCExpertModeParsers.jl/src/utils/qp_weight.jl=43a2144cc8ec26e1e3f2a1be2447ba7dc76c8cd60882760a5fbec0de53d6ad52; C=extern/mVMC-1.3.0; independent expectation provenance must be read from named fixtures; no regeneration/run in documentation audit	cargo nextest run --locked --cargo-profile test-fast -p mvmc-core --test opttrans --no-fail-fast --retries 0	API arguments/overloads at listed source lines; run settings/seeds not applicable to source inspection; candidate gate settings per test; no new reference runtime	UNVERIFIED independent API replay; related local runner records R76/R43/R4/LR/LC do not establish every overload	#178/#180/#181
A299	typed-short-function	MVMCExpertModeParsers.n_projection_parameters	MVMCExpertModeParsers.jl/src/types/expert_types.jl:904	ExpertModeData::projection_layout().n_proj; tests/issue184_assertion_contracts.rs::projection_count_helper_replacement_preserves_declared_sparse_and_dh_widths	Library helper; runners derive declared projection widths; no standalone CLI	executable structural helper replacement; focused analytical synthetic boundary tests passed; not runtime acceptance of incomplete payloads	Julia convenience function replaced by Rust layout field; C declared widths/offsets authoritative	Read-only layout count with declared unmapped blocks; empty/sparse/DH widths tested; synthetic empty neighbor tables are not supported runnable inputs	analytical Julia helper contract + C declared-width layout; actual Rust exact boundary assertions	J=8bb1b9e8ae47b1512c00b321be05664ddcac0fd1; expert_types.jl SHA256=2ebb3c0dbc95f323b708f21fb5c3222a0dbd90640ed056f856f2838e356acf67	cargo nextest run -p mvmc-core --test issue184_assertion_contracts --cargo-profile test-fast --locked --no-fail-fast --retries 0	(G,J,DH2,DH4)->NProj:(0,0,0,0)->0;(3,4,0,0)->7;(1,0,1,0)->7;(0,0,0,1)->10;(3,4,1,1)->23; declared sparse blocks; fallback G1+DH2->7; no seed/BLAS	PASS inside10/10,0skip,exit0,0.008s; runf7b358aa-df65-40ec-8981-194741c18b66; test SHA05cc9ea14abe0f29d43f3ef7371cf11d25eb9432bc77e1361fc27252e7df4269;Linuxx86_64;current dirty shared-source focused result;no independent runtime/kernel/MPI claim; current checkpoint: PASS owner12/12 0skip exit0 0.009s run=f76e7df8-6863-4106-8d39-daae0856ee74 SHA=e8a6aec2b0a5d3883cf4338df801e3d2cf40e16f7b2b02b02b3b02dec13a856d; parent12/12 0skip exit0 0.008s run=85586b19-d788-417c-9021-dcaf20d29435; parent reviewed analytical expectations; no replay/RNG proof	#184
A300	typed-short-function	MVMCExpertModeParsers.count_opt_trans_parameters	MVMCExpertModeParsers.jl/src/utils/read_input_parameters.jl:161	ExpertModeData::count_opt_trans_parameters -> self.opt_trans.len(); tests/issue184_assertion_contracts.rs::opttrans_count_helper_returns_stored_length_without_mutation	Library helper; OptTrans runner loading/layout; no standalone CLI	executable structural helper replacement; focused analytical synthetic boundary tests passed; not runtime acceptance of incomplete payloads	Both Julia and Rust return stored opt_trans length; no fabricated activation-condition difference	Read-only stored vector length0/1/2/7; exact values and empty optimization flags unchanged; not arbitrary payload runtime support	analytical Julia helper contract + C declared-width layout; actual Rust exact boundary assertions	J=8bb1b9e8ae47b1512c00b321be05664ddcac0fd1; read_input_parameters.jl SHA256=c1855200634cc9418f8bef2f0f20424aafd275377f08dd9fffdd08faf86cd015	cargo nextest run -p mvmc-core --test issue184_assertion_contracts --cargo-profile test-fast --locked --no-fail-fast --retries 0	stored opt_trans lengths0/1/2/7;all coefficients0.5-0.25i;flags remain empty;no seed/BLAS	PASS inside10/10,0skip,exit0,0.008s; runf7b358aa-df65-40ec-8981-194741c18b66; test SHA05cc9ea14abe0f29d43f3ef7371cf11d25eb9432bc77e1361fc27252e7df4269;Linuxx86_64;current dirty shared-source focused result;no independent runtime/kernel/MPI claim; current checkpoint: PASS owner12/12 0skip exit0 0.009s run=f76e7df8-6863-4106-8d39-daae0856ee74 SHA=e8a6aec2b0a5d3883cf4338df801e3d2cf40e16f7b2b02b02b3b02dec13a856d; parent12/12 0skip exit0 0.008s run=85586b19-d788-417c-9021-dcaf20d29435; parent reviewed analytical expectations; no replay/RNG proof	#184
